    prob  log10(PO)   qval  alpha  fst
1  0.00986732 -2.00149 0.983467 -0.0020595 0.0052697 
2  0.0090673 -2.0386 0.98608 -0.0013006 0.0052752 
3  0.010534 -1.9728 0.97887 -0.0066249 0.0052511 
4  0.010601 -1.9700 0.97820 -0.0046491 0.0052553 
5  0.017134 -1.7586 0.93159 0.014821 0.0054554 
6  0.020401 -1.6814 0.91103 0.021073 0.0055476 
7  0.0093340 -2.0259 0.98544 -0.0023032 0.0052642 
8  0.0090673 -2.0386 0.98608 -0.0029320 0.0052645 
9  0.0096673 -2.0105 0.98434 -0.0041120 0.0052559 
10  0.0088006 -2.0516 0.98653 0.0040817 0.0053094 
11  0.0090006 -2.0418 0.98620 0.0017536 0.0052944 
12  0.010334 -1.9812 0.98051 -0.0015475 0.0052746 
13  0.0087339 -2.0550 0.98662 -0.00016649 0.0052854 
14  0.023002 -1.6281 0.89252 0.025723 0.0055881 
15  0.0095340 -2.0166 0.98482 0.00078215 0.0052904 
16  0.0098007 -2.0045 0.98379 -0.0022394 0.0052696 
17  0.011267 -1.9433 0.97107 -0.00076815 0.0052793 
18  0.0098673 -2.0015 0.98347 -0.0035927 0.0052613 
19  0.0076672 -2.1120 0.98734 -0.0040866 0.0052520 
20  0.0086672 -2.0583 0.98670 -0.0025193 0.0052653 
21  0.0094006 -2.0227 0.98526 -2.6973e-05 0.0052831 
22  0.015534 -1.8019 0.94128 0.012129 0.0053996 
23  0.0096006 -2.0135 0.98458 -0.0027876 0.0052628 
24  0.0095340 -2.0166 0.98482 -0.0058268 0.0052495 
25  0.010267 -1.9841 0.98101 -0.0010828 0.0052777 
26  0.010267 -1.9841 0.98101 -0.0047833 0.0052517 
27  0.0094006 -2.0227 0.98526 -0.0044414 0.0052537 
28  0.0099340 -1.9985 0.98312 -0.00068618 0.0052861 
29  0.010067 -1.9927 0.98236 -0.0037105 0.0052616 
30  0.0086006 -2.0617 0.98679 -0.0015930 0.0052689 
31  0.0097340 -2.0075 0.98406 0.0028745 0.0053101 
32  0.0083339 -2.0755 0.98705 -0.0028495 0.0052632 
33  0.0084006 -2.0720 0.98700 -0.0015709 0.0052682 
34  0.0094673 -2.0196 0.98505 0.0046334 0.0053133 
35  0.0099340 -1.9985 0.98312 -0.0036633 0.0052590 
36  0.012334 -1.9035 0.96201 0.0051573 0.0053608 
37  0.0093340 -2.0259 0.98544 -0.0042328 0.0052563 
38  0.0088673 -2.0483 0.98644 0.0042987 0.0053087 
39  0.016001 -1.7888 0.93848 0.014833 0.0054628 
40  0.010267 -1.9841 0.98101 0.00027685 0.0052935 
41  0.0093340 -2.0259 0.98544 -0.0035828 0.0052584 
42  0.0098673 -2.0015 0.98347 -0.0038152 0.0052603 
43  0.0094673 -2.0196 0.98505 -0.0056266 0.0052474 
44  0.010401 -1.9784 0.98000 -0.0049382 0.0052513 
45  0.011001 -1.9538 0.97401 -0.00081530 0.0052867 
46  0.0089339 -2.0451 0.98633 -0.0052686 0.0052512 
47  0.013801 -1.8541 0.95276 0.011516 0.0053995 
48  0.0073338 -2.1315 0.98739 -0.0019101 0.0052618 
49  0.0094006 -2.0227 0.98526 0.00017721 0.0052836 
50  0.0092006 -2.0322 0.98579 -0.0049321 0.0052535 
51  0.0088006 -2.0516 0.98653 -0.0033951 0.0052565 
52  0.011201 -1.9459 0.97182 0.0051593 0.0053224 
53  0.0069338 -2.1560 0.98742 -0.00067776 0.0052703 
54  0.012467 -1.8988 0.96097 0.0069453 0.0053490 
55  0.0086006 -2.0617 0.98679 -0.0042688 0.0052610 
56  0.0096673 -2.0105 0.98434 -0.0030278 0.0052683 
57  0.0092006 -2.0322 0.98579 -0.0016616 0.0052707 
58  0.040603 -1.3734 0.74857 0.055712 0.0060352 
59  0.011467 -1.9355 0.96913 0.0039882 0.0053291 
60  0.0085339 -2.0651 0.98687 -0.00096496 0.0052700 
61  0.010334 -1.9812 0.98051 -0.0021098 0.0052767 
62  0.010201 -1.9869 0.98149 -0.0035654 0.0052608 
63  0.010267 -1.9841 0.98101 -0.0038851 0.0052613 
64  0.0087339 -2.0550 0.98662 -0.0032484 0.0052653 
65  0.0097340 -2.0075 0.98406 -0.0049122 0.0052529 
66  0.0098673 -2.0015 0.98347 -0.0046942 0.0052517 
67  0.0092673 -2.0290 0.98561 0.0029080 0.0053072 
68  0.010267 -1.9841 0.98101 0.0032266 0.0053103 
69  0.010801 -1.9618 0.97621 -0.0054219 0.0052515 
70  0.010534 -1.9728 0.97887 3.5907e-05 0.0052857 
71  0.0080005 -2.0934 0.98723 -0.0041753 0.0052521 
72  0.0094006 -2.0227 0.98526 -0.0031266 0.0052605 
73  0.011001 -1.9538 0.97401 -0.0055848 0.0052534 
74  0.010067 -1.9927 0.98236 -0.0032458 0.0052601 
75  0.011001 -1.9538 0.97401 0.0053485 0.0053331 
76  0.0098673 -2.0015 0.98347 -0.0016571 0.0052689 
77  0.0090006 -2.0418 0.98620 -0.0037695 0.0052578 
78  0.0094673 -2.0196 0.98505 0.0033599 0.0053072 
79  0.0093340 -2.0259 0.98544 -0.0038799 0.0052551 
80  0.0099340 -1.9985 0.98312 -0.0049746 0.0052539 
81  0.0083339 -2.0755 0.98705 -0.0046482 0.0052521 
82  0.010334 -1.9812 0.98051 -0.0015136 0.0052783 
83  0.010401 -1.9784 0.98000 -0.0041119 0.0052583 
84  0.0082672 -2.0790 0.98710 0.0024378 0.0053041 
85  0.0092673 -2.0290 0.98561 0.00022210 0.0052858 
86  0.0097340 -2.0075 0.98406 -0.0017854 0.0052733 
87  0.0094006 -2.0227 0.98526 -0.00029086 0.0052798 
88  0.010467 -1.9756 0.97949 -0.0027071 0.0052672 
89  0.010067 -1.9927 0.98236 -0.0017950 0.0052729 
90  0.0096673 -2.0105 0.98434 -0.0019198 0.0052727 
91  0.0094006 -2.0227 0.98526 -0.0068673 0.0052448 
92  0.011667 -1.9279 0.96712 -0.00047314 0.0052859 
93  0.011601 -1.9304 0.96780 0.0063253 0.0053341 
94  0.0084672 -2.0686 0.98693 0.00035312 0.0052861 
95  0.011534 -1.9330 0.96849 0.0080600 0.0053769 
96  0.010201 -1.9869 0.98149 -0.0036493 0.0052572 
97  0.0083339 -2.0755 0.98705 -0.0023561 0.0052669 
98  0.010267 -1.9841 0.98101 -0.0051635 0.0052508 
99  0.0096673 -2.0105 0.98434 0.0020669 0.0053094 
100  0.0076005 -2.1158 0.98735 -0.0040377 0.0052526 
101  0.0080005 -2.0934 0.98723 0.00019800 0.0052731 
102  0.010334 -1.9812 0.98051 -0.0049212 0.0052537 
103  0.0094673 -2.0196 0.98505 0.0023050 0.0052974 
104  0.011867 -1.9205 0.96531 0.0072127 0.0053525 
105  0.0084672 -2.0686 0.98693 0.0012071 0.0052911 
106  0.0098007 -2.0045 0.98379 -0.0048237 0.0052536 
107  0.0094673 -2.0196 0.98505 -0.0015917 0.0052730 
108  0.014468 -1.8333 0.94777 0.012819 0.0054283 
109  0.011267 -1.9433 0.97107 -0.0065313 0.0052501 
110  0.0087339 -2.0550 0.98662 -0.0036316 0.0052586 
111  0.0091339 -2.0354 0.98595 -0.0045933 0.0052533 
112  0.0085339 -2.0651 0.98687 -0.0042786 0.0052557 
113  0.0079339 -2.0971 0.98726 -0.0026045 0.0052630 
114  0.0089339 -2.0451 0.98633 -0.0032491 0.0052610 
115  0.0093340 -2.0259 0.98544 0.0029458 0.0053082 
116  0.0087339 -2.0550 0.98662 -0.0035711 0.0052550 
117  0.018268 -1.7303 0.92360 0.018003 0.0055451 
118  0.0076005 -2.1158 0.98735 0.0028958 0.0052946 
119  0.0096673 -2.0105 0.98434 -0.0029366 0.0052621 
120  0.0080005 -2.0934 0.98723 -0.0027918 0.0052603 
121  0.010934 -1.9564 0.97473 0.0026353 0.0053114 
122  0.0083339 -2.0755 0.98705 0.00011132 0.0052774 
123  0.0076672 -2.1120 0.98734 -0.0021253 0.0052621 
124  0.0088673 -2.0483 0.98644 -0.0033684 0.0052594 
125  0.011601 -1.9304 0.96780 -0.0056157 0.0052521 
126  0.0094006 -2.0227 0.98526 0.0013664 0.0052975 
127  0.010934 -1.9564 0.97473 -0.0051247 0.0052532 
128  0.0082005 -2.0826 0.98714 -0.0029608 0.0052594 
129  0.011067 -1.9511 0.97336 -0.0020114 0.0052778 
130  0.012467 -1.8988 0.96097 -0.0063797 0.0052556 
131  0.0091339 -2.0354 0.98595 -0.0026204 0.0052597 
132  0.0085339 -2.0651 0.98687 -0.0042556 0.0052549 
133  0.0092006 -2.0322 0.98579 0.0037501 0.0053107 
134  0.012934 -1.8826 0.95843 0.0090423 0.0053838 
135  0.0090673 -2.0386 0.98608 -0.0014018 0.0052724 
136  0.010801 -1.9618 0.97621 0.00055786 0.0052855 
137  0.010667 -1.9673 0.97763 -0.0028810 0.0052660 
138  0.010134 -1.9898 0.98194 -0.0042827 0.0052540 
139  0.0099340 -1.9985 0.98312 0.0029324 0.0053226 
140  0.0089339 -2.0451 0.98633 -0.0038809 0.0052572 
141  0.0094673 -2.0196 0.98505 0.0043859 0.0053146 
142  0.010401 -1.9784 0.98000 0.0034965 0.0053247 
143  0.0083339 -2.0755 0.98705 0.0022272 0.0052921 
144  0.0095340 -2.0166 0.98482 -0.0044652 0.0052547 
145  0.010134 -1.9898 0.98194 -0.0028952 0.0052666 
146  0.0084672 -2.0686 0.98693 -0.00053843 0.0052796 
147  0.010401 -1.9784 0.98000 0.0034602 0.0053122 
148  0.0076672 -2.1120 0.98734 -0.0028438 0.0052607 
149  0.010467 -1.9756 0.97949 -0.0016548 0.0052726 
150  0.011867 -1.9205 0.96531 0.0077279 0.0053494 
151  0.011934 -1.9180 0.96486 0.0080309 0.0053691 
152  0.0094006 -2.0227 0.98526 0.0021740 0.0053085 
153  0.010334 -1.9812 0.98051 0.0037012 0.0053175 
154  0.011334 -1.9407 0.97032 0.0049351 0.0053424 
155  0.015668 -1.7981 0.94017 0.012243 0.0054213 
156  0.010867 -1.9591 0.97545 -0.0073110 0.0052447 
157  0.0091339 -2.0354 0.98595 -0.0030385 0.0052640 
158  0.0098007 -2.0045 0.98379 -0.0033808 0.0052610 
159  0.0098673 -2.0015 0.98347 0.0037857 0.0053223 
160  0.010134 -1.9898 0.98194 -0.0054427 0.0052487 
161  0.010134 -1.9898 0.98194 -0.0062294 0.0052504 
162  0.0093340 -2.0259 0.98544 -0.0029747 0.0052617 
163  0.0079339 -2.0971 0.98726 -0.0022092 0.0052630 
164  0.0098673 -2.0015 0.98347 -0.0044555 0.0052514 
165  0.0099340 -1.9985 0.98312 0.0029065 0.0053122 
166  0.0080005 -2.0934 0.98723 -0.0017680 0.0052623 
167  0.011667 -1.9279 0.96712 0.0084131 0.0053596 
168  0.0082672 -2.0790 0.98710 0.00025804 0.0052830 
169  0.0095340 -2.0166 0.98482 -0.0051128 0.0052487 
170  0.013934 -1.8498 0.95178 0.011377 0.0053973 
171  0.010934 -1.9564 0.97473 -0.0053373 0.0052544 
172  0.0097340 -2.0075 0.98406 -0.0023430 0.0052641 
173  0.014134 -1.8435 0.95036 0.010749 0.0053865 
174  0.0090006 -2.0418 0.98620 -0.0024201 0.0052643 
175  0.010401 -1.9784 0.98000 0.0011846 0.0053019 
176  0.0093340 -2.0259 0.98544 -0.0013851 0.0052741 
177  0.015134 -1.8134 0.94360 0.013221 0.0054290 
178  0.010467 -1.9756 0.97949 -0.0059208 0.0052482 
179  0.0091339 -2.0354 0.98595 -0.0014409 0.0052768 
180  0.010001 -1.9956 0.98275 -0.0019294 0.0052728 
181  0.0094006 -2.0227 0.98526 -0.0040124 0.0052578 
182  0.010067 -1.9927 0.98236 -0.0022740 0.0052701 
183  0.0089339 -2.0451 0.98633 -0.0032427 0.0052608 
184  0.010467 -1.9756 0.97949 -0.0023997 0.0052675 
185  0.011334 -1.9407 0.97032 -0.0022409 0.0052685 
186  0.0093340 -2.0259 0.98544 -0.0045149 0.0052527 
187  0.012067 -1.9131 0.96381 0.0041588 0.0053193 
188  0.010667 -1.9673 0.97763 -0.0039108 0.0052565 
189  0.014734 -1.8252 0.94627 0.012091 0.0054161 
190  0.012534 -1.8964 0.96060 -0.0072413 0.0052455 
191  0.010201 -1.9869 0.98149 -0.0047628 0.0052540 
192  0.010934 -1.9564 0.97473 -0.0023808 0.0052761 
193  0.0097340 -2.0075 0.98406 -0.0024452 0.0052697 
194  0.010267 -1.9841 0.98101 -0.0023967 0.0052708 
195  0.0098673 -2.0015 0.98347 -0.0040231 0.0052571 
196  0.018468 -1.7255 0.92266 0.019301 0.0055019 
197  0.0088673 -2.0483 0.98644 0.00045346 0.0052816 
198  0.0096006 -2.0135 0.98458 -0.0028286 0.0052680 
199  0.014401 -1.8353 0.94842 0.012549 0.0054294 
200  0.0084672 -2.0686 0.98693 -0.0015437 0.0052699 
201  0.0090673 -2.0386 0.98608 -0.0037800 0.0052593 
202  0.010467 -1.9756 0.97949 -0.0041867 0.0052599 
203  0.043803 -1.3390 0.71017 0.061829 0.0061228 
204  0.0087339 -2.0550 0.98662 0.0012174 0.0052847 
205  0.030202 -1.5066 0.82433 0.036884 0.0057458 
206  0.010934 -1.9564 0.97473 0.00089460 0.0053012 
207  0.010534 -1.9728 0.97887 0.0019868 0.0053110 
208  0.0096673 -2.0105 0.98434 0.0027575 0.0053077 
209  0.010001 -1.9956 0.98275 -0.0031919 0.0052601 
210  0.0093340 -2.0259 0.98544 -0.0031807 0.0052621 
211  0.0093340 -2.0259 0.98544 0.0013987 0.0052961 
212  0.0080005 -2.0934 0.98723 -1.2484e-05 0.0052771 
213  0.011601 -1.9304 0.96780 0.0069369 0.0053521 
214  0.0097340 -2.0075 0.98406 -0.0023893 0.0052719 
215  0.010267 -1.9841 0.98101 0.00062126 0.0052891 
216  0.0081339 -2.0862 0.98717 -0.00094512 0.0052664 
217  0.0088006 -2.0516 0.98653 -0.0011339 0.0052796 
218  0.011867 -1.9205 0.96531 0.0052081 0.0053497 
219  0.0095340 -2.0166 0.98482 -0.0037038 0.0052584 
220  0.010001 -1.9956 0.98275 -0.00017794 0.0052863 
221  0.020535 -1.6785 0.90994 0.022940 0.0055670 
222  0.0079339 -2.0971 0.98726 0.00021230 0.0052736 
223  0.011401 -1.9381 0.96972 -0.0073127 0.0052474 
224  0.0094006 -2.0227 0.98526 -0.0019814 0.0052707 
225  0.010467 -1.9756 0.97949 -0.0053115 0.0052523 
226  0.010467 -1.9756 0.97949 -0.0015811 0.0052755 
227  0.0092673 -2.0290 0.98561 0.00029070 0.0052939 
228  0.012467 -1.8988 0.96097 0.0086648 0.0053621 
229  0.010934 -1.9564 0.97473 -0.0013877 0.0052768 
230  0.016868 -1.7656 0.93298 0.016755 0.0054696 
231  0.0094006 -2.0227 0.98526 -0.0016045 0.0052672 
232  0.0087339 -2.0550 0.98662 -0.0036995 0.0052582 
233  0.011134 -1.9485 0.97262 -0.0031366 0.0052665 
234  0.010201 -1.9869 0.98149 -0.0017438 0.0052732 
235  0.0094006 -2.0227 0.98526 -0.0010106 0.0052713 
236  0.010667 -1.9673 0.97763 0.0029595 0.0053187 
237  0.010001 -1.9956 0.98275 -0.0054729 0.0052501 
238  0.0099340 -1.9985 0.98312 0.0025737 0.0053112 
239  0.010534 -1.9728 0.97887 -0.0019788 0.0052725 
240  0.0093340 -2.0259 0.98544 0.0013927 0.0053056 
241  0.011734 -1.9254 0.96634 0.0022545 0.0053145 
242  0.011667 -1.9279 0.96712 0.0090094 0.0053874 
243  0.010601 -1.9700 0.97820 -0.0064482 0.0052467 
244  0.010467 -1.9756 0.97949 0.0032002 0.0053131 
245  0.0086672 -2.0583 0.98670 -0.0029981 0.0052581 
246  0.010267 -1.9841 0.98101 -0.0013372 0.0052875 
247  0.010067 -1.9927 0.98236 -0.0040164 0.0052549 
248  0.0096006 -2.0135 0.98458 -0.0044312 0.0052593 
249  0.0099340 -1.9985 0.98312 0.0033382 0.0053347 
250  0.0094006 -2.0227 0.98526 -0.0030484 0.0052600 
251  0.010734 -1.9645 0.97679 -0.0056948 0.0052500 
252  0.0072672 -2.1355 0.98739 -0.0026298 0.0052618 
253  0.010401 -1.9784 0.98000 -0.0050591 0.0052531 
254  0.024935 -1.5922 0.87480 0.030531 0.0057032 
255  0.012067 -1.9131 0.96381 0.0065718 0.0053603 
256  0.0082005 -2.0826 0.98714 -0.0027957 0.0052597 
257  0.010201 -1.9869 0.98149 -0.0046157 0.0052576 
258  0.014068 -1.8456 0.95099 0.010897 0.0053919 
259  0.010201 -1.9869 0.98149 -0.0031793 0.0052627 
260  0.0066004 -2.1776 0.98743 -0.0017600 0.0052596 
261  0.0094006 -2.0227 0.98526 -0.0014480 0.0052724 
262  0.0094006 -2.0227 0.98526 -0.0015123 0.0052706 
263  0.016534 -1.7744 0.93507 0.013371 0.0054534 
264  0.0091339 -2.0354 0.98595 -0.0031107 0.0052570 
265  0.010334 -1.9812 0.98051 -0.0048961 0.0052540 
266  0.010067 -1.9927 0.98236 -0.0040906 0.0052551 
267  0.011001 -1.9538 0.97401 -0.0051824 0.0052514 
268  0.0093340 -2.0259 0.98544 -0.0023187 0.0052646 
269  0.0098007 -2.0045 0.98379 -0.0031308 0.0052716 
270  0.0092673 -2.0290 0.98561 -5.1633e-06 0.0052805 
271  0.0096673 -2.0105 0.98434 -0.0035559 0.0052622 
272  0.014134 -1.8435 0.95036 0.0097695 0.0053779 
273  0.012401 -1.9011 0.96150 -0.0081651 0.0052436 
274  0.011534 -1.9330 0.96849 -0.0058565 0.0052502 
275  0.010201 -1.9869 0.98149 -0.00079656 0.0052797 
276  0.010534 -1.9728 0.97887 0.0035119 0.0053087 
277  0.0095340 -2.0166 0.98482 -0.0025478 0.0052659 
278  0.011467 -1.9355 0.96913 0.0062542 0.0053541 
279  0.010534 -1.9728 0.97887 0.0033034 0.0053100 
280  0.011467 -1.9355 0.96913 0.0074863 0.0053541 
281  0.011134 -1.9485 0.97262 0.0050641 0.0053200 
282  0.010467 -1.9756 0.97949 0.00098605 0.0052933 
283  0.011534 -1.9330 0.96849 0.0013968 0.0053028 
284  0.0082672 -2.0790 0.98710 0.0010871 0.0052810 
285  0.017268 -1.7552 0.93073 0.017202 0.0054763 
286  0.0084006 -2.0720 0.98700 -0.0018925 0.0052682 
287  0.0090673 -2.0386 0.98608 0.0011421 0.0052869 
288  0.0084006 -2.0720 0.98700 0.0016939 0.0052990 
289  0.0090673 -2.0386 0.98608 0.0021341 0.0053020 
290  0.014668 -1.8272 0.94681 0.012649 0.0054269 
291  0.010067 -1.9927 0.98236 0.00024405 0.0052956 
292  0.010601 -1.9700 0.97820 0.0021476 0.0052977 
293  0.0077338 -2.1082 0.98731 0.00084437 0.0052797 
294  0.0098007 -2.0045 0.98379 -0.0042780 0.0052540 
295  0.0087339 -2.0550 0.98662 -0.0037915 0.0052557 
296  0.0081339 -2.0862 0.98717 -0.00025434 0.0052773 
297  0.0078672 -2.1008 0.98728 -0.0018952 0.0052630 
298  0.0094673 -2.0196 0.98505 -0.0040440 0.0052533 
299  0.0096006 -2.0135 0.98458 -0.0039202 0.0052553 
300  0.0096673 -2.0105 0.98434 -0.0018748 0.0052751 
301  0.010534 -1.9728 0.97887 0.0038483 0.0053142 
302  0.0093340 -2.0259 0.98544 0.00073438 0.0052938 
303  0.0093340 -2.0259 0.98544 -0.0041664 0.0052583 
304  0.0092673 -2.0290 0.98561 -0.0036658 0.0052541 
305  0.0094673 -2.0196 0.98505 0.0032217 0.0053333 
306  0.0085339 -2.0651 0.98687 -0.0011155 0.0052754 
307  0.010201 -1.9869 0.98149 -0.0046657 0.0052542 
308  0.010401 -1.9784 0.98000 -0.0039830 0.0052604 
309  0.024468 -1.6006 0.88000 0.027193 0.0056184 
310  0.010401 -1.9784 0.98000 0.0036013 0.0053196 
311  0.0090006 -2.0418 0.98620 -0.0037657 0.0052590 
312  0.0099340 -1.9985 0.98312 0.0024486 0.0053105 
313  0.0090673 -2.0386 0.98608 -0.0037664 0.0052578 
314  0.0092673 -2.0290 0.98561 -0.0019367 0.0052631 
315  0.0090673 -2.0386 0.98608 -0.0041449 0.0052541 
316  0.011534 -1.9330 0.96849 -0.0061390 0.0052477 
317  0.011067 -1.9511 0.97336 -0.0046448 0.0052573 
318  0.010334 -1.9812 0.98051 -0.0027673 0.0052676 
319  0.010001 -1.9956 0.98275 -0.0024069 0.0052666 
320  0.0090673 -2.0386 0.98608 -0.00095331 0.0052736 
321  0.010067 -1.9927 0.98236 0.0037018 0.0053127 
322  0.010334 -1.9812 0.98051 -0.0037036 0.0052566 
323  0.043403 -1.3432 0.71811 0.060947 0.0061236 
324  0.010934 -1.9564 0.97473 0.0041583 0.0053154 
325  0.014068 -1.8456 0.95099 0.011492 0.0054069 
326  0.0099340 -1.9985 0.98312 -0.0016751 0.0052717 
327  0.010534 -1.9728 0.97887 -0.0024553 0.0052711 
328  0.0096673 -2.0105 0.98434 -0.0023913 0.0052659 
329  0.34789 -0.27288 0.054599 0.67262 0.016747 
330  0.0094673 -2.0196 0.98505 -0.0041801 0.0052520 
331  0.011001 -1.9538 0.97401 -0.0059018 0.0052485 
332  0.0082005 -2.0826 0.98714 -0.00068539 0.0052690 
333  0.010134 -1.9898 0.98194 -0.0016771 0.0052809 
334  0.010734 -1.9645 0.97679 0.0046360 0.0053247 
335  0.0089339 -2.0451 0.98633 0.0023543 0.0053094 
336  0.0088673 -2.0483 0.98644 -0.0020957 0.0052685 
337  0.020468 -1.6799 0.91049 0.021979 0.0055546 
338  0.0078672 -2.1008 0.98728 -0.0027395 0.0052578 
339  0.010267 -1.9841 0.98101 -0.0052183 0.0052498 
340  0.010267 -1.9841 0.98101 -0.0071645 0.0052437 
341  0.012601 -1.8941 0.96017 0.0097776 0.0053876 
342  0.0099340 -1.9985 0.98312 -0.0040870 0.0052549 
343  0.0075338 -2.1197 0.98736 0.0017301 0.0052935 
344  0.0095340 -2.0166 0.98482 -0.0049329 0.0052512 
345  0.0099340 -1.9985 0.98312 -0.0040424 0.0052602 
346  0.0093340 -2.0259 0.98544 -0.0024306 0.0052668 
347  0.0096673 -2.0105 0.98434 -0.0034346 0.0052616 
348  0.010867 -1.9591 0.97545 -0.0036838 0.0052670 
349  0.0090006 -2.0418 0.98620 0.0012021 0.0052982 
350  0.010934 -1.9564 0.97473 -0.0043817 0.0052549 
351  0.010534 -1.9728 0.97887 0.0034086 0.0053078 
352  0.0090673 -2.0386 0.98608 -0.0021544 0.0052653 
353  0.0096006 -2.0135 0.98458 -0.0046936 0.0052512 
354  0.0094673 -2.0196 0.98505 0.0020497 0.0053021 
355  0.046670 -1.3102 0.69267 0.066511 0.0062203 
356  0.010734 -1.9645 0.97679 -0.0052287 0.0052518 
357  0.0086006 -2.0617 0.98679 -0.0024990 0.0052603 
358  0.0086672 -2.0583 0.98670 -0.00091498 0.0052727 
359  0.0083339 -2.0755 0.98705 0.0016548 0.0052868 
360  0.0088673 -2.0483 0.98644 -0.0047414 0.0052531 
361  0.011134 -1.9485 0.97262 0.0049001 0.0053406 
362  0.0078672 -2.1008 0.98728 -0.0038139 0.0052549 
363  0.0091339 -2.0354 0.98595 -0.0016946 0.0052721 
364  0.0092673 -2.0290 0.98561 -0.0026581 0.0052631 
365  0.0090006 -2.0418 0.98620 -0.0011177 0.0052718 
366  0.0088006 -2.0516 0.98653 0.0017287 0.0052897 
367  0.010134 -1.9898 0.98194 -0.0045744 0.0052518 
368  0.0094673 -2.0196 0.98505 0.0027684 0.0053047 
369  0.010734 -1.9645 0.97679 -0.0036287 0.0052649 
370  0.010067 -1.9927 0.98236 0.0027901 0.0053062 
371  0.010201 -1.9869 0.98149 0.0029943 0.0053058 
372  0.0095340 -2.0166 0.98482 0.0038147 0.0053114 
373  0.0093340 -2.0259 0.98544 -0.0044871 0.0052522 
374  0.010534 -1.9728 0.97887 -0.0058577 0.0052450 
375  0.0092006 -2.0322 0.98579 0.00064527 0.0052809 
376  0.034602 -1.4456 0.78600 0.046504 0.0059274 
377  0.0078005 -2.1045 0.98730 -0.0011130 0.0052719 
378  0.0087339 -2.0550 0.98662 0.0021187 0.0052960 
379  0.0082005 -2.0826 0.98714 -8.2787e-05 0.0052769 
380  0.0088006 -2.0516 0.98653 0.00039476 0.0052782 
381  0.010801 -1.9618 0.97621 -0.0021804 0.0052697 
382  0.013401 -1.8670 0.95555 0.0087998 0.0053798 
383  0.0099340 -1.9985 0.98312 -0.00040734 0.0052900 
384  0.0087339 -2.0550 0.98662 0.0011429 0.0052950 
385  0.0097340 -2.0075 0.98406 -0.0010540 0.0052791 
386  0.0090006 -2.0418 0.98620 -0.0026835 0.0052684 
387  0.011401 -1.9381 0.96972 -0.00058404 0.0052882 
388  0.0081339 -2.0862 0.98717 -0.0032547 0.0052584 
389  0.010134 -1.9898 0.98194 -0.0041796 0.0052594 
390  0.010667 -1.9673 0.97763 0.00058655 0.0053001 
391  0.0088006 -2.0516 0.98653 -0.0022192 0.0052628 
392  0.011534 -1.9330 0.96849 0.0037568 0.0053235 
393  0.010267 -1.9841 0.98101 -0.0042731 0.0052555 
394  0.0097340 -2.0075 0.98406 -0.0037418 0.0052642 
395  0.013001 -1.8803 0.95811 0.0097594 0.0053716 
396  0.0092673 -2.0290 0.98561 -0.0022944 0.0052679 
397  0.0090673 -2.0386 0.98608 -0.0027356 0.0052655 
398  0.013001 -1.8803 0.95811 0.0096450 0.0053783 
399  0.011534 -1.9330 0.96849 -0.0059273 0.0052499 
400  0.0093340 -2.0259 0.98544 0.0017124 0.0053066 
401  0.010801 -1.9618 0.97621 0.0053722 0.0053224 
402  0.0094006 -2.0227 0.98526 -0.0032934 0.0052609 
403  0.0088673 -2.0483 0.98644 -0.0022406 0.0052699 
404  0.010534 -1.9728 0.97887 0.0017918 0.0052990 
405  0.011267 -1.9433 0.97107 -0.0063310 0.0052477 
406  0.010667 -1.9673 0.97763 -0.0025005 0.0052718 
407  0.0095340 -2.0166 0.98482 -0.0044216 0.0052573 
408  0.011467 -1.9355 0.96913 0.0028710 0.0053151 
409  0.0089339 -2.0451 0.98633 -0.00056076 0.0052709 
410  0.010201 -1.9869 0.98149 -0.0017144 0.0052707 
411  0.0092006 -2.0322 0.98579 -0.0012654 0.0052767 
412  0.0093340 -2.0259 0.98544 -0.0010477 0.0052719 
413  0.0097340 -2.0075 0.98406 -0.0026817 0.0052655 
414  0.0088673 -2.0483 0.98644 -0.0035726 0.0052592 
415  0.012868 -1.8849 0.95887 0.0089266 0.0053549 
416  0.031335 -1.4901 0.81590 0.040106 0.0058284 
417  0.0097340 -2.0075 0.98406 -0.0030689 0.0052632 
418  0.0092006 -2.0322 0.98579 -0.0025681 0.0052627 
419  0.0092673 -2.0290 0.98561 -0.0038427 0.0052609 
420  0.010534 -1.9728 0.97887 0.0025017 0.0053108 
421  0.0097340 -2.0075 0.98406 -3.8712e-05 0.0052839 
422  0.010867 -1.9591 0.97545 -0.0013301 0.0052726 
423  0.010534 -1.9728 0.97887 -0.0042000 0.0052563 
424  0.0086672 -2.0583 0.98670 0.0025376 0.0052960 
425  0.0098673 -2.0015 0.98347 -0.00050161 0.0052872 
426  0.0081339 -2.0862 0.98717 0.00088415 0.0052855 
427  0.0082672 -2.0790 0.98710 0.0014397 0.0052893 
428  0.022935 -1.6294 0.89377 0.029802 0.0057225 
429  0.0084006 -2.0720 0.98700 -0.0054092 0.0052477 
430  0.0083339 -2.0755 0.98705 -0.00078697 0.0052739 
431  0.010601 -1.9700 0.97820 -0.00086679 0.0052786 
432  0.0088006 -2.0516 0.98653 -0.0028712 0.0052634 
433  0.010401 -1.9784 0.98000 -0.0053030 0.0052504 
434  0.0093340 -2.0259 0.98544 -0.0032892 0.0052604 
435  0.0094673 -2.0196 0.98505 -0.00066656 0.0052748 
436  0.0084672 -2.0686 0.98693 -0.0025507 0.0052629 
437  0.0094006 -2.0227 0.98526 -0.0050421 0.0052548 
438  0.013401 -1.8670 0.95555 0.0079212 0.0053708 
439  0.011201 -1.9459 0.97182 0.0032660 0.0053117 
440  0.010067 -1.9927 0.98236 -0.0028154 0.0052648 
441  0.010801 -1.9618 0.97621 -0.0066575 0.0052451 
442  0.0096006 -2.0135 0.98458 -0.0043833 0.0052532 
443  0.0097340 -2.0075 0.98406 -0.0031556 0.0052576 
444  0.010201 -1.9869 0.98149 0.0067903 0.0053480 
445  0.0086672 -2.0583 0.98670 -1.9290e-05 0.0052776 
446  0.010134 -1.9898 0.98194 -0.0037840 0.0052578 
447  0.0090673 -2.0386 0.98608 -0.0010089 0.0052725 
448  0.0093340 -2.0259 0.98544 -0.0015916 0.0052722 
449  0.010734 -1.9645 0.97679 0.0017256 0.0053008 
450  0.010601 -1.9700 0.97820 0.0044567 0.0053224 
451  0.011067 -1.9511 0.97336 0.0017112 0.0053072 
452  0.012868 -1.8849 0.95887 0.0085079 0.0053648 
453  0.0093340 -2.0259 0.98544 -0.0039772 0.0052564 
454  0.012401 -1.9011 0.96150 0.0066867 0.0053457 
455  0.0097340 -2.0075 0.98406 9.0474e-05 0.0052870 
456  0.010334 -1.9812 0.98051 0.0019199 0.0053007 
457  0.0090673 -2.0386 0.98608 -0.0032558 0.0052583 
458  0.012067 -1.9131 0.96381 -0.0067860 0.0052511 
459  0.0096006 -2.0135 0.98458 -0.0038278 0.0052578 
460  0.0097340 -2.0075 0.98406 -0.0047130 0.0052592 
461  0.0094006 -2.0227 0.98526 -0.0019566 0.0052647 
462  0.0092673 -2.0290 0.98561 -0.0032225 0.0052615 
463  0.010067 -1.9927 0.98236 -0.0048612 0.0052500 
464  0.0090006 -2.0418 0.98620 -0.0023459 0.0052658 
465  0.0094673 -2.0196 0.98505 0.0019966 0.0053013 
466  0.0094673 -2.0196 0.98505 -0.0027023 0.0052627 
467  0.0093340 -2.0259 0.98544 -0.0020507 0.0052715 
468  0.010534 -1.9728 0.97887 -0.0056539 0.0052514 
469  0.011134 -1.9485 0.97262 -0.0054263 0.0052548 
470  0.010067 -1.9927 0.98236 -0.0043192 0.0052548 
471  0.0092006 -2.0322 0.98579 -0.0029930 0.0052577 
472  0.010801 -1.9618 0.97621 -0.0026688 0.0052692 
473  0.010001 -1.9956 0.98275 -0.0035559 0.0052593 
474  0.010667 -1.9673 0.97763 -0.0030121 0.0052619 
475  0.010401 -1.9784 0.98000 -0.0023062 0.0052695 
476  0.010134 -1.9898 0.98194 -0.0038538 0.0052597 
477  0.010067 -1.9927 0.98236 -0.0040151 0.0052591 
478  0.0096006 -2.0135 0.98458 -0.0044488 0.0052552 
479  0.010067 -1.9927 0.98236 -0.0057693 0.0052485 
480  0.010801 -1.9618 0.97621 -0.0033219 0.0052609 
481  0.0095340 -2.0166 0.98482 -0.0032918 0.0052646 
482  0.010467 -1.9756 0.97949 0.0019247 0.0053159 
483  0.0084006 -2.0720 0.98700 0.0010889 0.0052867 
484  0.0082672 -2.0790 0.98710 -0.0026866 0.0052653 
485  0.0095340 -2.0166 0.98482 0.00040738 0.0052998 
486  0.010134 -1.9898 0.98194 0.0030652 0.0053036 
487  0.011601 -1.9304 0.96780 -0.0072537 0.0052494 
488  0.0093340 -2.0259 0.98544 -0.0047287 0.0052525 
489  0.0092006 -2.0322 0.98579 -0.00019731 0.0052791 
490  0.0086672 -2.0583 0.98670 -0.0021896 0.0052637 
491  0.0095340 -2.0166 0.98482 0.0019420 0.0052984 
492  0.013801 -1.8541 0.95276 0.011220 0.0054152 
493  0.0090006 -2.0418 0.98620 0.00052143 0.0052827 
494  0.010067 -1.9927 0.98236 -0.0046858 0.0052549 
495  0.011467 -1.9355 0.96913 -0.0064027 0.0052465 
496  0.011334 -1.9407 0.97032 0.0052919 0.0053395 
497  0.052337 -1.2578 0.66158 0.078623 0.0063925 
498  0.056004 -1.2268 0.60729 0.083473 0.0064530 
499  0.052604 -1.2555 0.65574 0.078820 0.0063997 
500  0.0099340 -1.9985 0.98312 0.00034851 0.0052936 
501  0.049537 -1.2830 0.67268 0.072981 0.0062999 
502  0.052937 -1.2526 0.64333 0.078362 0.0063784 
503  0.0095340 -2.0166 0.98482 -0.0039577 0.0052614 
504  0.010801 -1.9618 0.97621 -0.0038842 0.0052588 
505  0.010934 -1.9564 0.97473 0.0070981 0.0053493 
506  0.0088673 -2.0483 0.98644 -0.0032425 0.0052574 
507  0.010134 -1.9898 0.98194 -0.0049444 0.0052527 
508  0.0098007 -2.0045 0.98379 -0.0041071 0.0052644 
509  0.010467 -1.9756 0.97949 0.0034141 0.0053038 
510  0.010867 -1.9591 0.97545 -0.0012023 0.0052747 
511  0.010467 -1.9756 0.97949 -0.0053544 0.0052505 
512  0.024602 -1.5982 0.87833 0.031277 0.0057201 
513  0.012201 -1.9083 0.96281 0.0054562 0.0053473 
514  0.010067 -1.9927 0.98236 0.00017978 0.0052946 
515  0.010534 -1.9728 0.97887 -0.0018630 0.0052739 
516  0.0084006 -2.0720 0.98700 -0.00096872 0.0052747 
517  0.0090006 -2.0418 0.98620 0.00083492 0.0052886 
518  0.0094673 -2.0196 0.98505 -0.0023049 0.0052652 
519  0.010534 -1.9728 0.97887 -0.0024143 0.0052648 
520  0.0085339 -2.0651 0.98687 0.0015725 0.0052936 
521  0.010534 -1.9728 0.97887 -0.0019446 0.0052751 
522  0.010734 -1.9645 0.97679 -0.0069019 0.0052466 
523  0.010601 -1.9700 0.97820 -0.0068299 0.0052452 
524  0.0090673 -2.0386 0.98608 0.0017021 0.0052965 
525  0.011734 -1.9254 0.96634 0.0067168 0.0053538 
526  0.011534 -1.9330 0.96849 0.0075091 0.0053583 
527  0.013068 -1.8781 0.95774 0.0085295 0.0053639 
528  0.012001 -1.9155 0.96442 0.0083159 0.0053718 
529  0.038403 -1.3986 0.75717 0.062973 0.0063858 
530  0.0076005 -2.1158 0.98735 -0.0028941 0.0052603 
531  0.0092673 -2.0290 0.98561 -0.0022848 0.0052644 
532  0.0092673 -2.0290 0.98561 0.0017638 0.0052960 
533  0.015934 -1.7907 0.93859 0.013588 0.0054166 
534  0.0088006 -2.0516 0.98653 -0.0020757 0.0052688 
535  0.010401 -1.9784 0.98000 -0.0011719 0.0052744 
536  0.0076672 -2.1120 0.98734 0.0019380 0.0052940 
537  0.0088673 -2.0483 0.98644 -0.0017478 0.0052659 
538  0.0098673 -2.0015 0.98347 -0.0032189 0.0052608 
539  0.010801 -1.9618 0.97621 -0.0036282 0.0052619 
540  0.0078672 -2.1008 0.98728 -0.0028219 0.0052606 
541  0.010867 -1.9591 0.97545 -0.0015542 0.0052742 
542  0.035869 -1.4294 0.77953 0.050639 0.0060245 
543  0.0089339 -2.0451 0.98633 -0.0010343 0.0052728 
544  0.0098007 -2.0045 0.98379 -0.0015742 0.0052765 
545  0.030135 -1.5076 0.82695 0.040269 0.0058565 
546  0.012467 -1.8988 0.96097 0.0080164 0.0053557 
547  0.0086672 -2.0583 0.98670 0.00076967 0.0052864 
548  0.026402 -1.5667 0.85529 0.028967 0.0056829 
549  0.0086672 -2.0583 0.98670 -0.0021032 0.0052650 
550  0.011134 -1.9485 0.97262 0.0024473 0.0053115 
551  0.015734 -1.7963 0.93976 0.012530 0.0054232 
552  0.011801 -1.9229 0.96574 -0.0068047 0.0052505 
553  0.010134 -1.9898 0.98194 -0.0027751 0.0052655 
554  0.010801 -1.9618 0.97621 -0.0013130 0.0052801 
555  0.0094673 -2.0196 0.98505 -0.00041022 0.0052826 
556  0.0095340 -2.0166 0.98482 -0.00059656 0.0052820 
557  0.0096673 -2.0105 0.98434 -0.0038779 0.0052565 
558  0.0097340 -2.0075 0.98406 -0.0019927 0.0052752 
559  0.011601 -1.9304 0.96780 0.0087090 0.0053611 
560  0.0090006 -2.0418 0.98620 -0.00099376 0.0052693 
561  0.0093340 -2.0259 0.98544 -0.0054933 0.0052518 
562  0.0090673 -2.0386 0.98608 -0.0035805 0.0052566 
563  0.010201 -1.9869 0.98149 -0.0039442 0.0052609 
564  0.010134 -1.9898 0.98194 -0.00045256 0.0052759 
565  0.0088673 -2.0483 0.98644 -0.0027705 0.0052628 
566  0.010067 -1.9927 0.98236 -0.0036650 0.0052621 
567  0.0085339 -2.0651 0.98687 -0.0014798 0.0052672 
568  0.0086006 -2.0617 0.98679 -0.0024430 0.0052612 
569  0.0095340 -2.0166 0.98482 0.0032424 0.0052997 
570  0.0084006 -2.0720 0.98700 0.00058415 0.0052824 
571  0.0092006 -2.0322 0.98579 -0.0051422 0.0052473 
572  0.0083339 -2.0755 0.98705 -0.0027456 0.0052630 
573  0.0091339 -2.0354 0.98595 -0.0023845 0.0052651 
574  0.0091339 -2.0354 0.98595 0.0031175 0.0053016 
575  0.011334 -1.9407 0.97032 0.0053541 0.0053433 
576  0.0082005 -2.0826 0.98714 -0.0018446 0.0052662 
577  0.011067 -1.9511 0.97336 -0.0050202 0.0052551 
578  0.0094673 -2.0196 0.98505 -0.0029403 0.0052568 
579  0.0076005 -2.1158 0.98735 -0.0010065 0.0052693 
580  0.0092673 -2.0290 0.98561 0.0019723 0.0053016 
581  0.0098007 -2.0045 0.98379 -0.0058162 0.0052457 
582  0.0094673 -2.0196 0.98505 0.0021175 0.0052996 
583  0.0085339 -2.0651 0.98687 -0.0046136 0.0052509 
584  0.0092006 -2.0322 0.98579 -0.00069841 0.0052763 
585  0.010001 -1.9956 0.98275 0.0033286 0.0053143 
586  0.0083339 -2.0755 0.98705 -0.0025368 0.0052594 
587  0.010334 -1.9812 0.98051 0.0038319 0.0053261 
588  0.0087339 -2.0550 0.98662 0.0014692 0.0052906 
589  0.010001 -1.9956 0.98275 0.0034755 0.0053219 
590  0.0094673 -2.0196 0.98505 -0.0034625 0.0052589 
591  0.0087339 -2.0550 0.98662 -0.0052027 0.0052517 
592  0.022735 -1.6333 0.89578 0.023633 0.0055696 
593  0.0085339 -2.0651 0.98687 -0.00096741 0.0052697 
594  0.0091339 -2.0354 0.98595 -0.0044441 0.0052540 
595  0.0092006 -2.0322 0.98579 -0.00016249 0.0052810 
596  0.0096673 -2.0105 0.98434 -0.0010404 0.0052802 
597  0.069471 -1.1269 0.50408 0.13427 0.0077600 
598  0.010201 -1.9869 0.98149 -0.0047994 0.0052552 
599  0.0088006 -2.0516 0.98653 -0.0043104 0.0052536 
600  0.0086672 -2.0583 0.98670 1.0798e-05 0.0052802 
601  0.010067 -1.9927 0.98236 -0.0038658 0.0052650 
602  0.010267 -1.9841 0.98101 -0.0019390 0.0052705 
603  0.0084006 -2.0720 0.98700 -0.0012713 0.0052697 
604  0.0089339 -2.0451 0.98633 -0.0025754 0.0052643 
605  0.010001 -1.9956 0.98275 -0.0025994 0.0052614 
606  0.010601 -1.9700 0.97820 0.0057216 0.0053337 
607  0.0080672 -2.0898 0.98720 -0.0022606 0.0052596 
608  0.010201 -1.9869 0.98149 -0.0049767 0.0052529 
609  0.0092673 -2.0290 0.98561 -0.0022012 0.0052630 
610  0.0063338 -2.1956 0.98743 -0.0013011 0.0052641 
611  0.0091339 -2.0354 0.98595 0.00082275 0.0052892 
612  0.010534 -1.9728 0.97887 0.0025281 0.0053136 
613  0.012334 -1.9035 0.96201 0.0088855 0.0053658 
614  0.0088006 -2.0516 0.98653 -0.0041201 0.0052593 
615  0.0094673 -2.0196 0.98505 -0.0042224 0.0052566 
616  0.010334 -1.9812 0.98051 -0.0053368 0.0052513 
617  0.010867 -1.9591 0.97545 0.00063471 0.0052937 
618  0.0096006 -2.0135 0.98458 -0.00072099 0.0052873 
619  0.010867 -1.9591 0.97545 -0.0019637 0.0052736 
620  0.0092006 -2.0322 0.98579 0.0033044 0.0053049 
621  0.010801 -1.9618 0.97621 -0.0033191 0.0052601 
622  0.0091339 -2.0354 0.98595 -0.00090170 0.0052760 
623  0.010667 -1.9673 0.97763 -0.0035278 0.0052631 
624  0.0095340 -2.0166 0.98482 -0.0019514 0.0052622 
625  0.0082672 -2.0790 0.98710 -0.0026667 0.0052647 
626  0.0090673 -2.0386 0.98608 -0.0018646 0.0052643 
627  0.0091339 -2.0354 0.98595 3.7897e-05 0.0052750 
628  0.010001 -1.9956 0.98275 -0.0020195 0.0052772 
629  0.0099340 -1.9985 0.98312 0.00047155 0.0052923 
630  0.0074672 -2.1236 0.98737 -0.00018141 0.0052749 
631  0.014801 -1.8232 0.94571 0.011922 0.0054097 
632  0.012001 -1.9155 0.96442 0.0076333 0.0053588 
633  0.0096673 -2.0105 0.98434 0.00019309 0.0052881 
634  0.0090006 -2.0418 0.98620 0.0033076 0.0053075 
635  0.0099340 -1.9985 0.98312 -0.0031719 0.0052601 
636  0.015734 -1.7963 0.93976 0.013831 0.0054308 
637  0.010467 -1.9756 0.97949 0.0061709 0.0053408 
638  0.0089339 -2.0451 0.98633 -0.00065215 0.0052703 
639  0.022201 -1.6439 0.89917 0.025803 0.0056998 
640  0.010667 -1.9673 0.97763 0.0058340 0.0053290 
641  0.0096673 -2.0105 0.98434 -0.0065059 0.0052456 
642  0.0099340 -1.9985 0.98312 -0.0035350 0.0052598 
643  0.0094006 -2.0227 0.98526 -0.0018864 0.0052663 
644  0.0096673 -2.0105 0.98434 -0.0054902 0.0052511 
645  0.0092006 -2.0322 0.98579 -0.00077039 0.0052772 
646  0.0095340 -2.0166 0.98482 -0.0030941 0.0052630 
647  0.010267 -1.9841 0.98101 -0.0050780 0.0052508 
648  0.0093340 -2.0259 0.98544 -0.00017687 0.0052798 
649  0.0073338 -2.1315 0.98739 -0.0021499 0.0052619 
650  0.010001 -1.9956 0.98275 -0.0032244 0.0052611 
651  0.010401 -1.9784 0.98000 -0.0041435 0.0052611 
652  0.0084006 -2.0720 0.98700 -0.0020219 0.0052657 
653  0.0091339 -2.0354 0.98595 -0.0036335 0.0052576 
654  0.011134 -1.9485 0.97262 -0.0035875 0.0052601 
655  0.010334 -1.9812 0.98051 0.0032207 0.0053144 
656  0.010534 -1.9728 0.97887 -0.0042336 0.0052618 
657  0.0098673 -2.0015 0.98347 0.0051316 0.0053282 
658  0.0088673 -2.0483 0.98644 -0.00014697 0.0052782 
659  0.013601 -1.8605 0.95395 0.0099170 0.0053775 
660  0.018601 -1.7223 0.92188 0.020343 0.0055694 
661  0.0086672 -2.0583 0.98670 -0.0046400 0.0052536 
662  0.0099340 -1.9985 0.98312 -0.0033213 0.0052626 
663  0.0086006 -2.0617 0.98679 -0.0023016 0.0052639 
664  0.0076672 -2.1120 0.98734 -0.00061552 0.0052719 
665  0.0084672 -2.0686 0.98693 0.00040899 0.0052865 
666  0.0094006 -2.0227 0.98526 -0.0024932 0.0052637 
667  0.0086006 -2.0617 0.98679 -0.0043554 0.0052518 
668  0.0095340 -2.0166 0.98482 0.00044637 0.0052842 
669  0.011534 -1.9330 0.96849 0.0021181 0.0053090 
670  0.0093340 -2.0259 0.98544 0.0024270 0.0053130 
671  0.015668 -1.7981 0.94017 0.012451 0.0054058 
672  0.0086006 -2.0617 0.98679 -0.00027367 0.0052738 
673  0.010134 -1.9898 0.98194 -0.0052948 0.0052498 
674  0.0095340 -2.0166 0.98482 -0.0031112 0.0052632 
675  0.010867 -1.9591 0.97545 0.0013627 0.0053080 
676  0.010134 -1.9898 0.98194 0.0016439 0.0053040 
677  0.0094006 -2.0227 0.98526 -0.0016990 0.0052702 
678  0.013268 -1.8714 0.95634 0.0091831 0.0053722 
679  0.0088006 -2.0516 0.98653 -0.0059983 0.0052475 
680  0.010134 -1.9898 0.98194 0.00097578 0.0052933 
681  0.0093340 -2.0259 0.98544 0.0019560 0.0053128 
682  0.0096006 -2.0135 0.98458 -0.0025387 0.0052646 
683  0.0095340 -2.0166 0.98482 -0.0037435 0.0052582 
684  0.0090006 -2.0418 0.98620 -0.00012248 0.0052797 
685  0.0091339 -2.0354 0.98595 -0.0041110 0.0052584 
686  0.0095340 -2.0166 0.98482 -0.0049514 0.0052537 
687  0.0082672 -2.0790 0.98710 -0.0025547 0.0052643 
688  0.0082005 -2.0826 0.98714 0.0024028 0.0052949 
689  0.0098007 -2.0045 0.98379 -0.0024928 0.0052679 
690  0.010601 -1.9700 0.97820 -0.00020076 0.0052899 
691  0.011067 -1.9511 0.97336 0.0031066 0.0053109 
692  0.0088006 -2.0516 0.98653 0.00043550 0.0052828 
693  0.0098007 -2.0045 0.98379 -0.0023864 0.0052700 
694  0.0097340 -2.0075 0.98406 -0.0015536 0.0052722 
695  0.010401 -1.9784 0.98000 0.0017249 0.0053051 
696  0.0096673 -2.0105 0.98434 -0.0028649 0.0052645 
697  0.0094006 -2.0227 0.98526 -0.0038017 0.0052618 
698  0.010134 -1.9898 0.98194 -0.0043690 0.0052534 
699  0.0094673 -2.0196 0.98505 -0.0030779 0.0052620 
700  0.014401 -1.8353 0.94842 0.0097807 0.0053937 
701  0.0095340 -2.0166 0.98482 -0.0028864 0.0052659 
702  0.0093340 -2.0259 0.98544 -0.0027954 0.0052661 
703  0.010001 -1.9956 0.98275 -0.0037387 0.0052577 
704  0.010201 -1.9869 0.98149 -0.0049814 0.0052555 
705  0.012134 -1.9107 0.96319 0.0060873 0.0053444 
706  0.010401 -1.9784 0.98000 -0.0019238 0.0052698 
707  0.0091339 -2.0354 0.98595 -0.0025436 0.0052617 
708  0.0091339 -2.0354 0.98595 1.4659e-06 0.0052810 
709  0.0095340 -2.0166 0.98482 -0.0024765 0.0052670 
710  0.0094673 -2.0196 0.98505 0.0026848 0.0053017 
711  0.0096673 -2.0105 0.98434 0.00036186 0.0052900 
712  0.014734 -1.8252 0.94627 0.010424 0.0053997 
713  0.014001 -1.8477 0.95130 0.010521 0.0054030 
714  0.0092006 -2.0322 0.98579 -0.0034603 0.0052564 
715  0.0086672 -2.0583 0.98670 -0.0031636 0.0052582 
716  0.015534 -1.8019 0.94128 0.014001 0.0054518 
717  0.010667 -1.9673 0.97763 -0.0049246 0.0052560 
718  0.011401 -1.9381 0.96972 -0.0010405 0.0052820 
719  0.011667 -1.9279 0.96712 0.0011538 0.0053094 
720  0.010467 -1.9756 0.97949 -0.0047666 0.0052541 
721  0.0094006 -2.0227 0.98526 -0.0048542 0.0052518 
722  0.010801 -1.9618 0.97621 0.0075974 0.0053517 
723  0.0098673 -2.0015 0.98347 0.0017518 0.0052933 
724  0.0098673 -2.0015 0.98347 -0.0039013 0.0052583 
725  0.0094006 -2.0227 0.98526 -0.0013612 0.0052736 
726  0.0080672 -2.0898 0.98720 0.0015630 0.0052924 
727  0.010134 -1.9898 0.98194 -0.0029426 0.0052659 
728  0.014668 -1.8272 0.94681 0.012295 0.0054148 
729  0.010067 -1.9927 0.98236 -0.0057837 0.0052482 
730  0.0080672 -2.0898 0.98720 0.0015162 0.0052916 
731  0.010801 -1.9618 0.97621 0.0039317 0.0053288 
732  0.0091339 -2.0354 0.98595 -0.0029869 0.0052584 
733  0.011734 -1.9254 0.96634 0.0065077 0.0053392 
734  0.044336 -1.3335 0.70600 0.069485 0.0063715 
735  0.0094006 -2.0227 0.98526 -0.0040172 0.0052538 
736  0.010134 -1.9898 0.98194 -0.0033853 0.0052603 
737  0.0092006 -2.0322 0.98579 -0.0037036 0.0052605 
738  0.024002 -1.6092 0.88472 0.025650 0.0055914 
739  0.0089339 -2.0451 0.98633 -0.0015685 0.0052661 
740  0.010401 -1.9784 0.98000 -0.0038970 0.0052598 
741  0.0095340 -2.0166 0.98482 0.0027357 0.0053067 
742  0.010134 -1.9898 0.98194 -0.0057473 0.0052505 
743  0.0096673 -2.0105 0.98434 -0.00091853 0.0052782 
744  0.0082005 -2.0826 0.98714 -0.0043775 0.0052494 
745  0.0076672 -2.1120 0.98734 -0.00057995 0.0052736 
746  0.0093340 -2.0259 0.98544 -0.0054086 0.0052487 
747  0.0084006 -2.0720 0.98700 0.0026203 0.0052959 
748  0.011201 -1.9459 0.97182 -0.00074499 0.0052906 
749  0.0087339 -2.0550 0.98662 -0.00033038 0.0052758 
750  0.20855 -0.57922 0.23428 0.39994 0.012029 
751  0.010734 -1.9645 0.97679 -0.0051609 0.0052546 
752  0.0098673 -2.0015 0.98347 -0.0018105 0.0052680 
753  0.010201 -1.9869 0.98149 -0.00073405 0.0052757 
754  0.0092673 -2.0290 0.98561 -0.0035300 0.0052616 
755  0.0086006 -2.0617 0.98679 -0.0024095 0.0052634 
756  0.010667 -1.9673 0.97763 -0.0052975 0.0052574 
757  0.0088006 -2.0516 0.98653 0.0021438 0.0052961 
758  0.010667 -1.9673 0.97763 -0.0038207 0.0052602 
759  0.0076005 -2.1158 0.98735 -0.0033832 0.0052554 
760  0.0098007 -2.0045 0.98379 0.0046103 0.0053156 
761  0.0096006 -2.0135 0.98458 -0.0049479 0.0052540 
762  0.0086006 -2.0617 0.98679 0.00019565 0.0052825 
763  0.0084672 -2.0686 0.98693 -0.0014088 0.0052691 
764  0.013868 -1.8519 0.95230 0.010233 0.0053936 
765  0.010467 -1.9756 0.97949 -0.0055379 0.0052499 
766  0.010467 -1.9756 0.97949 0.0053001 0.0053368 
767  0.0096673 -2.0105 0.98434 -0.0013195 0.0052796 
768  0.0089339 -2.0451 0.98633 -0.0014534 0.0052730 
769  0.011067 -1.9511 0.97336 0.0071124 0.0053586 
770  0.011334 -1.9407 0.97032 0.0059854 0.0053452 
771  0.010201 -1.9869 0.98149 0.0036567 0.0053101 
772  0.011001 -1.9538 0.97401 -0.0066970 0.0052482 
773  0.011134 -1.9485 0.97262 -0.0066595 0.0052498 
774  0.0066671 -2.1732 0.98743 0.00026079 0.0052737 
775  0.0092006 -2.0322 0.98579 -0.0035215 0.0052583 
776  0.015334 -1.8076 0.94205 0.013405 0.0054570 
777  0.0088006 -2.0516 0.98653 -0.0033586 0.0052569 
778  0.025068 -1.5898 0.87231 0.028817 0.0056415 
779  0.0073338 -2.1315 0.98739 -0.0015018 0.0052651 
780  0.010334 -1.9812 0.98051 -0.0047474 0.0052532 
781  0.025202 -1.5875 0.87102 0.029186 0.0056518 
782  0.0097340 -2.0075 0.98406 -0.0049418 0.0052519 
783  0.010667 -1.9673 0.97763 -0.0033090 0.0052614 
784  0.0087339 -2.0550 0.98662 -0.0043880 0.0052500 
785  0.032936 -1.4678 0.80480 0.042609 0.0058715 
786  0.0096673 -2.0105 0.98434 -0.0033881 0.0052599 
787  0.017001 -1.7621 0.93244 0.014814 0.0054421 
788  0.0087339 -2.0550 0.98662 -0.00089532 0.0052727 
789  0.010001 -1.9956 0.98275 -0.0047223 0.0052556 
790  0.0096673 -2.0105 0.98434 -0.0024038 0.0052664 
791  0.018268 -1.7303 0.92360 0.016436 0.0054695 
792  0.0095340 -2.0166 0.98482 0.0023686 0.0052977 
793  0.015601 -1.8000 0.94068 0.013104 0.0054140 
794  0.010267 -1.9841 0.98101 -0.0038837 0.0052586 
795  0.0094673 -2.0196 0.98505 0.0021385 0.0052972 
796  0.014868 -1.8213 0.94531 0.012266 0.0054277 
797  0.011001 -1.9538 0.97401 0.0069662 0.0053509 
798  0.011667 -1.9279 0.96712 0.0075016 0.0053538 
799  0.010267 -1.9841 0.98101 0.0015512 0.0053051 
800  0.0094673 -2.0196 0.98505 -0.0029088 0.0052635 
801  0.0096006 -2.0135 0.98458 0.0030455 0.0053135 
802  0.0093340 -2.0259 0.98544 -0.0027277 0.0052665 
803  0.010667 -1.9673 0.97763 -0.0046417 0.0052619 
804  0.0095340 -2.0166 0.98482 -0.00051206 0.0052790 
805  0.0087339 -2.0550 0.98662 -0.0016020 0.0052732 
806  0.0088006 -2.0516 0.98653 -0.0031054 0.0052597 
807  0.0084672 -2.0686 0.98693 -0.0035036 0.0052566 
808  0.010534 -1.9728 0.97887 0.0011758 0.0052961 
809  0.0094006 -2.0227 0.98526 -0.0043890 0.0052524 
810  0.0093340 -2.0259 0.98544 -0.0027746 0.0052626 
811  0.0091339 -2.0354 0.98595 0.0023737 0.0052962 
812  0.0082672 -2.0790 0.98710 -0.0020736 0.0052684 
813  0.0092006 -2.0322 0.98579 -0.0018549 0.0052631 
814  0.0086006 -2.0617 0.98679 -0.00036687 0.0052797 
815  0.0098673 -2.0015 0.98347 -0.0035208 0.0052634 
816  0.0097340 -2.0075 0.98406 -0.00086010 0.0052791 
817  0.0093340 -2.0259 0.98544 -0.00065124 0.0052799 
818  0.011067 -1.9511 0.97336 -0.0067232 0.0052469 
819  0.0098007 -2.0045 0.98379 -0.0048269 0.0052484 
820  0.0093340 -2.0259 0.98544 -0.0021114 0.0052653 
821  0.0098007 -2.0045 0.98379 0.0018709 0.0053005 
822  0.014934 -1.8193 0.94489 0.015389 0.0054535 
823  0.0086672 -2.0583 0.98670 -0.0018189 0.0052667 
824  0.010334 -1.9812 0.98051 0.0041245 0.0053292 
825  0.0075338 -2.1197 0.98736 0.0018700 0.0052905 
826  0.0095340 -2.0166 0.98482 -0.0035572 0.0052595 
827  0.0084672 -2.0686 0.98693 -3.9801e-05 0.0052821 
828  0.0090673 -2.0386 0.98608 -0.0013377 0.0052736 
829  0.010334 -1.9812 0.98051 -0.0021940 0.0052716 
830  0.0087339 -2.0550 0.98662 0.0023589 0.0052972 
831  0.0086006 -2.0617 0.98679 0.00087928 0.0052826 
832  0.0091339 -2.0354 0.98595 -0.00063554 0.0052803 
833  0.010134 -1.9898 0.98194 -0.0043222 0.0052583 
834  0.0094006 -2.0227 0.98526 -0.00028167 0.0052997 
835  0.0097340 -2.0075 0.98406 -0.0031567 0.0052603 
836  0.0086672 -2.0583 0.98670 -0.0023540 0.0052638 
837  0.0098673 -2.0015 0.98347 -0.0029084 0.0052646 
838  0.0080672 -2.0898 0.98720 -0.00056696 0.0052766 
839  0.0091339 -2.0354 0.98595 -0.0010054 0.0052733 
840  0.0096006 -2.0135 0.98458 -0.0026371 0.0052599 
841  0.0097340 -2.0075 0.98406 0.00053109 0.0052901 
842  0.0096006 -2.0135 0.98458 0.00069105 0.0052907 
843  0.010201 -1.9869 0.98149 -0.0039262 0.0052561 
844  0.0088006 -2.0516 0.98653 0.0028634 0.0052968 
845  0.0082672 -2.0790 0.98710 -0.00099067 0.0052739 
846  0.010467 -1.9756 0.97949 -0.0043482 0.0052590 
847  0.0089339 -2.0451 0.98633 -0.0031315 0.0052626 
848  0.011134 -1.9485 0.97262 -0.0047893 0.0052544 
849  0.010667 -1.9673 0.97763 -0.0055491 0.0052517 
850  0.0085339 -2.0651 0.98687 -0.0015150 0.0052741 
851  0.0091339 -2.0354 0.98595 -0.0052506 0.0052494 
852  0.0080672 -2.0898 0.98720 -0.0039179 0.0052532 
853  0.0098673 -2.0015 0.98347 -0.0043370 0.0052535 
854  0.011401 -1.9381 0.96972 -0.0067429 0.0052500 
855  0.012001 -1.9155 0.96442 0.0077613 0.0053587 
856  0.0092006 -2.0322 0.98579 -0.0023095 0.0052685 
857  0.010267 -1.9841 0.98101 -0.00065376 0.0052808 
858  0.0092006 -2.0322 0.98579 -0.0026548 0.0052648 
859  0.0086672 -2.0583 0.98670 0.0012062 0.0052950 
860  0.0087339 -2.0550 0.98662 0.00020791 0.0052820 
861  0.0093340 -2.0259 0.98544 -0.0023138 0.0052683 
862  0.0093340 -2.0259 0.98544 -0.0043241 0.0052536 
863  0.010667 -1.9673 0.97763 -0.0047557 0.0052582 
864  0.010801 -1.9618 0.97621 -0.0032522 0.0052634 
865  0.011401 -1.9381 0.96972 -0.0073219 0.0052426 
866  0.011201 -1.9459 0.97182 0.0046926 0.0053332 
867  0.011667 -1.9279 0.96712 0.0026948 0.0053303 
868  0.012334 -1.9035 0.96201 0.0098590 0.0053811 
869  0.0089339 -2.0451 0.98633 -0.0042499 0.0052548 
870  0.0085339 -2.0651 0.98687 -0.00052771 0.0052782 
871  0.0094673 -2.0196 0.98505 0.0018036 0.0053043 
872  0.010667 -1.9673 0.97763 0.0046652 0.0053212 
873  0.013068 -1.8781 0.95774 0.0086719 0.0053638 
874  0.0093340 -2.0259 0.98544 -0.00058426 0.0052812 
875  0.0088006 -2.0516 0.98653 0.0015103 0.0052876 
876  0.010601 -1.9700 0.97820 -0.0060742 0.0052467 
877  0.0086672 -2.0583 0.98670 0.0028265 0.0052924 
878  0.0089339 -2.0451 0.98633 -0.0039763 0.0052575 
879  0.0092673 -2.0290 0.98561 -0.0046063 0.0052500 
880  0.0087339 -2.0550 0.98662 -0.0042471 0.0052546 
881  0.014801 -1.8232 0.94571 0.013385 0.0054391 
882  0.0098007 -2.0045 0.98379 -0.0018979 0.0052681 
883  0.0092673 -2.0290 0.98561 -0.0010234 0.0052688 
884  0.0088673 -2.0483 0.98644 -0.0053805 0.0052505 
885  0.0098673 -2.0015 0.98347 -0.0026614 0.0052679 
886  0.010401 -1.9784 0.98000 0.0059192 0.0053378 
887  0.010267 -1.9841 0.98101 -0.0033584 0.0052648 
888  0.0098673 -2.0015 0.98347 0.0016224 0.0052957 
889  0.010801 -1.9618 0.97621 -0.0051273 0.0052509 
890  0.010134 -1.9898 0.98194 -0.0057271 0.0052487 
891  0.0093340 -2.0259 0.98544 -0.0045245 0.0052529 
892  0.0098007 -2.0045 0.98379 -0.0026259 0.0052657 
893  0.011134 -1.9485 0.97262 -0.0039890 0.0052641 
894  0.0079339 -2.0971 0.98726 0.0017963 0.0052946 
895  0.015001 -1.8173 0.94413 0.012715 0.0054247 
896  0.0090006 -2.0418 0.98620 -0.0015184 0.0052701 
897  0.0082005 -2.0826 0.98714 -0.0019990 0.0052652 
898  0.012067 -1.9131 0.96381 0.0038011 0.0053345 
899  0.0083339 -2.0755 0.98705 0.00048446 0.0052822 
900  0.0078005 -2.1045 0.98730 -0.00051226 0.0052775 
901  0.0091339 -2.0354 0.98595 -0.0018073 0.0052686 
902  0.011067 -1.9511 0.97336 -0.0067236 0.0052458 
903  0.0092673 -2.0290 0.98561 -0.00054859 0.0052810 
904  0.010401 -1.9784 0.98000 0.0039807 0.0053145 
905  0.0092673 -2.0290 0.98561 -0.0053116 0.0052554 
906  0.0088673 -2.0483 0.98644 -0.0016551 0.0052730 
907  0.010601 -1.9700 0.97820 -0.0020991 0.0052685 
908  0.010334 -1.9812 0.98051 -0.0031755 0.0052597 
909  0.0096673 -2.0105 0.98434 -0.0013521 0.0052771 
910  0.0094006 -2.0227 0.98526 -0.0026480 0.0052610 
911  0.011001 -1.9538 0.97401 -0.0047472 0.0052562 
912  0.0081339 -2.0862 0.98717 -0.0027434 0.0052620 
913  0.011001 -1.9538 0.97401 -0.0016378 0.0052766 
914  0.0088673 -2.0483 0.98644 0.0015556 0.0052976 
915  0.0096673 -2.0105 0.98434 -0.0027341 0.0052638 
916  0.011001 -1.9538 0.97401 0.0038562 0.0053362 
917  0.010201 -1.9869 0.98149 0.0016246 0.0052994 
918  0.0098673 -2.0015 0.98347 -0.0030981 0.0052623 
919  0.0098673 -2.0015 0.98347 -0.00091776 0.0052768 
920  0.0090673 -2.0386 0.98608 -0.0018993 0.0052673 
921  0.010201 -1.9869 0.98149 -0.0044832 0.0052555 
922  0.010334 -1.9812 0.98051 -0.0037934 0.0052607 
923  0.0096673 -2.0105 0.98434 -0.0035464 0.0052625 
924  0.0092673 -2.0290 0.98561 -0.0031751 0.0052639 
925  0.0098007 -2.0045 0.98379 0.00028893 0.0052772 
926  0.0094673 -2.0196 0.98505 -0.0033210 0.0052606 
927  0.0096006 -2.0135 0.98458 -0.0012680 0.0052780 
928  0.0083339 -2.0755 0.98705 -0.0038893 0.0052556 
929  0.010667 -1.9673 0.97763 -0.0025890 0.0052695 
930  0.010734 -1.9645 0.97679 -0.0036887 0.0052713 
931  0.010067 -1.9927 0.98236 0.0013988 0.0052979 
932  0.0097340 -2.0075 0.98406 0.00023285 0.0052865 
933  0.0090006 -2.0418 0.98620 0.0018080 0.0052943 
934  0.0097340 -2.0075 0.98406 -0.0045055 0.0052549 
935  0.022468 -1.6386 0.89694 0.023173 0.0055823 
936  0.0088673 -2.0483 0.98644 0.0010571 0.0052818 
937  0.010867 -1.9591 0.97545 -0.0054567 0.0052510 
938  0.011401 -1.9381 0.96972 0.0061385 0.0053416 
939  0.010667 -1.9673 0.97763 0.0057101 0.0053343 
940  0.0095340 -2.0166 0.98482 0.0021483 0.0052993 
941  0.0095340 -2.0166 0.98482 -0.0025296 0.0052639 
942  0.0088006 -2.0516 0.98653 -0.0014235 0.0052737 
943  0.0089339 -2.0451 0.98633 0.0013645 0.0052892 
944  0.0092006 -2.0322 0.98579 -0.0016269 0.0052659 
945  0.0092006 -2.0322 0.98579 -0.0015663 0.0052690 
946  0.010467 -1.9756 0.97949 -0.0063166 0.0052482 
947  0.0096006 -2.0135 0.98458 -0.0047443 0.0052513 
948  0.0092006 -2.0322 0.98579 -0.0039175 0.0052593 
949  0.0077338 -2.1082 0.98731 0.00030510 0.0052770 
950  0.0093340 -2.0259 0.98544 -0.0031566 0.0052592 
951  0.0065338 -2.1820 0.98743 0.00029552 0.0052722 
952  0.010001 -1.9956 0.98275 -0.0063281 0.0052458 
953  0.013534 -1.8626 0.95436 0.0094548 0.0053778 
954  0.0094006 -2.0227 0.98526 -0.0038763 0.0052596 
955  0.010667 -1.9673 0.97763 -0.0029210 0.0052644 
956  0.0091339 -2.0354 0.98595 -0.00022847 0.0052792 
957  0.0088673 -2.0483 0.98644 0.0010555 0.0052914 
958  0.0090673 -2.0386 0.98608 -0.0011210 0.0052727 
959  0.014734 -1.8252 0.94627 0.0099053 0.0054021 
960  0.0084006 -2.0720 0.98700 -0.0033266 0.0052541 
961  0.012067 -1.9131 0.96381 0.0095779 0.0053827 
962  0.011734 -1.9254 0.96634 -0.0047565 0.0052577 
963  0.0094006 -2.0227 0.98526 0.0058139 0.0053285 
964  0.0091339 -2.0354 0.98595 -0.0020341 0.0052622 
965  0.010201 -1.9869 0.98149 -0.0051045 0.0052493 
966  0.010667 -1.9673 0.97763 0.0049821 0.0053236 
967  0.0081339 -2.0862 0.98717 -0.0032577 0.0052590 
968  0.0091339 -2.0354 0.98595 -0.0016162 0.0052758 
969  0.011401 -1.9381 0.96972 -0.0068623 0.0052444 
970  0.010334 -1.9812 0.98051 0.0060770 0.0053489 
971  0.0082672 -2.0790 0.98710 0.0021218 0.0052958 
972  0.016401 -1.7779 0.93557 0.017089 0.0054867 
973  0.0093340 -2.0259 0.98544 0.0014214 0.0052915 
974  0.0094006 -2.0227 0.98526 -0.0032491 0.0052584 
975  0.0098007 -2.0045 0.98379 -0.0033738 0.0052611 
976  0.0092673 -2.0290 0.98561 -0.0051447 0.0052511 
977  0.0097340 -2.0075 0.98406 -0.0012014 0.0052795 
978  0.0092673 -2.0290 0.98561 0.0024617 0.0052968 
979  0.0097340 -2.0075 0.98406 -0.0052352 0.0052547 
980  0.0088006 -2.0516 0.98653 -0.0026930 0.0052647 
981  0.0092673 -2.0290 0.98561 -0.0029545 0.0052644 
982  0.0090006 -2.0418 0.98620 0.0034595 0.0053060 
983  0.0092006 -2.0322 0.98579 -0.0036385 0.0052575 
984  0.010334 -1.9812 0.98051 -0.0056971 0.0052478 
985  0.0090006 -2.0418 0.98620 -0.0030710 0.0052542 
986  0.0088006 -2.0516 0.98653 -0.0045231 0.0052513 
987  0.0084006 -2.0720 0.98700 -0.00068189 0.0052739 
988  0.010601 -1.9700 0.97820 0.0031142 0.0053132 
989  0.016268 -1.7815 0.93654 0.014228 0.0054340 
990  0.011601 -1.9304 0.96780 -0.0066177 0.0052463 
991  0.0097340 -2.0075 0.98406 -0.0054802 0.0052475 
992  0.0096006 -2.0135 0.98458 -0.0036411 0.0052619 
993  0.011867 -1.9205 0.96531 0.0039766 0.0053251 
994  0.0098007 -2.0045 0.98379 -0.0024626 0.0052626 
995  0.0089339 -2.0451 0.98633 -0.0037155 0.0052572 
996  0.011401 -1.9381 0.96972 0.0019879 0.0053197 
997  0.0092006 -2.0322 0.98579 -0.0037393 0.0052612 
998  0.0099340 -1.9985 0.98312 -0.00031204 0.0052837 
999  0.0090006 -2.0418 0.98620 -0.0015335 0.0052717 
1000  0.0094673 -2.0196 0.98505 -0.0010276 0.0052762 
1001  0.0095340 -2.0166 0.98482 -0.0047670 0.0052550 
1002  0.0098007 -2.0045 0.98379 -0.0040462 0.0052577 
1003  0.014534 -1.8312 0.94748 0.0090185 0.0054075 
1004  0.0092673 -2.0290 0.98561 -0.0029841 0.0052641 
1005  0.0074672 -2.1236 0.98737 -0.0019605 0.0052645 
1006  0.011334 -1.9407 0.97032 -0.0058196 0.0052488 
1007  0.0090006 -2.0418 0.98620 0.0016993 0.0053105 
1008  0.0094673 -2.0196 0.98505 -0.0012410 0.0052719 
1009  0.010334 -1.9812 0.98051 0.0015355 0.0052992 
1010  0.011067 -1.9511 0.97336 -0.0069345 0.0052476 
1011  0.0098673 -2.0015 0.98347 0.0023076 0.0052995 
1012  0.0082005 -2.0826 0.98714 -0.0028607 0.0052631 
1013  0.017668 -1.7451 0.92875 0.017476 0.0054783 
1014  0.0095340 -2.0166 0.98482 -0.0021447 0.0052707 
1015  0.0099340 -1.9985 0.98312 -0.0032317 0.0052655 
1016  0.011134 -1.9485 0.97262 0.0063269 0.0053437 
1017  0.0080005 -2.0934 0.98723 -0.00060387 0.0052672 
1018  0.010934 -1.9564 0.97473 0.0024768 0.0053156 
1019  0.010067 -1.9927 0.98236 -0.00021198 0.0052858 
1020  0.0086006 -2.0617 0.98679 0.0019741 0.0052923 
1021  0.0089339 -2.0451 0.98633 -0.0038589 0.0052555 
1022  0.0073338 -2.1315 0.98739 -0.00085374 0.0052685 
1023  0.0088006 -2.0516 0.98653 -0.0031540 0.0052619 
1024  0.0098673 -2.0015 0.98347 -0.00098393 0.0052776 
1025  0.010001 -1.9956 0.98275 -0.0022261 0.0052737 
1026  0.012001 -1.9155 0.96442 0.0067344 0.0053535 
1027  0.011067 -1.9511 0.97336 -0.0054197 0.0052523 
1028  0.0079339 -2.0971 0.98726 -0.0035074 0.0052558 
1029  0.0081339 -2.0862 0.98717 -0.0035746 0.0052596 
1030  0.0098673 -2.0015 0.98347 -0.0026111 0.0052640 
1031  0.011401 -1.9381 0.96972 0.0045711 0.0053298 
1032  0.0084672 -2.0686 0.98693 -0.0044381 0.0052532 
1033  0.010667 -1.9673 0.97763 -0.0050731 0.0052601 
1034  0.0098007 -2.0045 0.98379 -0.0014140 0.0052728 
1035  0.010334 -1.9812 0.98051 -0.0061083 0.0052496 
1036  0.010801 -1.9618 0.97621 -0.0018406 0.0052713 
1037  0.0090673 -2.0386 0.98608 0.0022999 0.0052972 
1038  0.0088006 -2.0516 0.98653 0.0015554 0.0052849 
1039  0.011001 -1.9538 0.97401 -0.0028558 0.0052682 
1040  0.0090673 -2.0386 0.98608 -0.0037467 0.0052542 
1041  0.0095340 -2.0166 0.98482 -0.0027002 0.0052654 
1042  0.0087339 -2.0550 0.98662 -0.0011754 0.0052731 
1043  0.018468 -1.7255 0.92266 0.018506 0.0055115 
1044  0.0084672 -2.0686 0.98693 -0.0032731 0.0052578 
1045  0.0089339 -2.0451 0.98633 -0.0035663 0.0052585 
1046  0.010867 -1.9591 0.97545 0.0070067 0.0053499 
1047  0.010467 -1.9756 0.97949 -0.0047622 0.0052583 
1048  0.014268 -1.8394 0.94952 0.011837 0.0054139 
1049  0.0088673 -2.0483 0.98644 -0.0038801 0.0052581 
1050  0.010934 -1.9564 0.97473 -0.0017675 0.0052771 
1051  0.0094006 -2.0227 0.98526 -0.00091516 0.0052724 
1052  0.011934 -1.9180 0.96486 0.0048137 0.0053202 
1053  0.010067 -1.9927 0.98236 -0.0012540 0.0052708 
1054  0.0084672 -2.0686 0.98693 0.0022175 0.0052899 
1055  0.0086006 -2.0617 0.98679 -0.0036159 0.0052544 
1056  0.0098007 -2.0045 0.98379 -0.0048086 0.0052552 
1057  0.0095340 -2.0166 0.98482 -0.0011481 0.0052762 
1058  0.010601 -1.9700 0.97820 0.0028005 0.0053010 
1059  0.0083339 -2.0755 0.98705 -0.0053241 0.0052500 
1060  0.0098007 -2.0045 0.98379 -0.0057670 0.0052477 
1061  0.010067 -1.9927 0.98236 -0.0035693 0.0052615 
1062  0.010467 -1.9756 0.97949 -0.0049907 0.0052548 
1063  0.0078005 -2.1045 0.98730 -0.00099041 0.0052743 
1064  0.0094006 -2.0227 0.98526 -0.0037949 0.0052647 
1065  0.012534 -1.8964 0.96060 0.0085035 0.0053819 
1066  0.0094673 -2.0196 0.98505 -0.0047513 0.0052570 
1067  0.012401 -1.9011 0.96150 0.0085428 0.0053684 
1068  0.010201 -1.9869 0.98149 0.0036434 0.0053178 
1069  0.010801 -1.9618 0.97621 -0.0044142 0.0052596 
1070  0.0081339 -2.0862 0.98717 -0.0031659 0.0052589 
1071  0.0090673 -2.0386 0.98608 -0.0012373 0.0052749 
1072  0.010201 -1.9869 0.98149 -0.0053240 0.0052519 
1073  0.0083339 -2.0755 0.98705 0.0027249 0.0053080 
1074  0.0087339 -2.0550 0.98662 -0.0044595 0.0052517 
1075  0.021668 -1.6547 0.90427 0.023373 0.0055648 
1076  0.011601 -1.9304 0.96780 0.0061765 0.0053645 
1077  0.013001 -1.8803 0.95811 0.0099756 0.0053864 
1078  0.0092006 -2.0322 0.98579 0.0015759 0.0052951 
1079  0.0072672 -2.1355 0.98739 0.00024400 0.0052772 
1080  0.0092006 -2.0322 0.98579 2.9514e-05 0.0052761 
1081  0.011067 -1.9511 0.97336 -0.0036164 0.0052624 
1082  0.0086006 -2.0617 0.98679 0.00044242 0.0052820 
1083  0.010134 -1.9898 0.98194 -0.0036566 0.0052621 
1084  0.0094006 -2.0227 0.98526 0.0025166 0.0053095 
1085  0.0098673 -2.0015 0.98347 0.0028080 0.0053178 
1086  0.0091339 -2.0354 0.98595 0.00026314 0.0052806 
1087  0.010001 -1.9956 0.98275 -0.0039732 0.0052574 
1088  0.015068 -1.8154 0.94395 0.012969 0.0054341 
1089  0.0086006 -2.0617 0.98679 -0.0033485 0.0052569 
1090  0.0092673 -2.0290 0.98561 -0.0043337 0.0052568 
1091  0.0094673 -2.0196 0.98505 0.0017168 0.0052992 
1092  0.011001 -1.9538 0.97401 0.0042607 0.0053175 
1093  0.010201 -1.9869 0.98149 -0.0033026 0.0052705 
1094  0.010001 -1.9956 0.98275 0.0012297 0.0052976 
1095  0.0094006 -2.0227 0.98526 0.0010531 0.0053112 
1096  0.0099340 -1.9985 0.98312 -0.0043255 0.0052560 
1097  0.011734 -1.9254 0.96634 0.0069282 0.0053389 
1098  0.013068 -1.8781 0.95774 0.0091773 0.0053755 
1099  0.0099340 -1.9985 0.98312 -0.0045858 0.0052544 
1100  0.0085339 -2.0651 0.98687 -0.0016508 0.0052637 
1101  0.025802 -1.5770 0.86103 0.030102 0.0056665 
1102  0.010067 -1.9927 0.98236 -0.0026382 0.0052657 
1103  0.0098007 -2.0045 0.98379 -0.0027081 0.0052625 
1104  0.010334 -1.9812 0.98051 -0.0034051 0.0052618 
1105  0.011334 -1.9407 0.97032 -0.0042390 0.0052558 
1106  0.010734 -1.9645 0.97679 0.0034190 0.0053272 
1107  0.012401 -1.9011 0.96150 0.0054997 0.0053431 
1108  0.011801 -1.9229 0.96574 0.0069421 0.0053567 
1109  0.0098007 -2.0045 0.98379 0.0039810 0.0053191 
1110  0.0087339 -2.0550 0.98662 0.0022316 0.0052976 
1111  0.0096673 -2.0105 0.98434 0.0040740 0.0053212 
1112  0.010001 -1.9956 0.98275 -0.0047050 0.0052570 
1113  0.0091339 -2.0354 0.98595 -0.0043171 0.0052560 
1114  0.011067 -1.9511 0.97336 -0.0049996 0.0052530 
1115  0.0091339 -2.0354 0.98595 -0.0014543 0.0052670 
1116  0.010201 -1.9869 0.98149 0.0010822 0.0052902 
1117  0.0088006 -2.0516 0.98653 -0.0052419 0.0052490 
1118  0.0096673 -2.0105 0.98434 -0.0030727 0.0052679 
1119  0.0096673 -2.0105 0.98434 -0.0065010 0.0052448 
1120  0.0076672 -2.1120 0.98734 -0.0028268 0.0052584 
1121  0.0090673 -2.0386 0.98608 0.00084549 0.0052889 
1122  0.0088673 -2.0483 0.98644 -0.0018246 0.0052679 
1123  0.0092006 -2.0322 0.98579 -0.0045940 0.0052548 
1124  0.0087339 -2.0550 0.98662 0.0035070 0.0053072 
1125  0.010134 -1.9898 0.98194 -0.0048489 0.0052550 
1126  0.0097340 -2.0075 0.98406 -0.0010404 0.0052788 
1127  0.010067 -1.9927 0.98236 -0.0043777 0.0052557 
1128  0.0083339 -2.0755 0.98705 -0.0025008 0.0052632 
1129  0.010201 -1.9869 0.98149 -0.0037738 0.0052588 
1130  0.021535 -1.6574 0.90491 0.024856 0.0055891 
1131  0.0092673 -2.0290 0.98561 -0.0049828 0.0052526 
1132  0.011334 -1.9407 0.97032 -0.0068052 0.0052449 
1133  0.0099340 -1.9985 0.98312 0.0025564 0.0052986 
1134  0.0094006 -2.0227 0.98526 -0.0014006 0.0052698 
1135  0.0096006 -2.0135 0.98458 -0.00019918 0.0052807 
1136  0.011001 -1.9538 0.97401 -0.0037180 0.0052663 
1137  0.010667 -1.9673 0.97763 -0.0013901 0.0052775 
1138  0.0082672 -2.0790 0.98710 -0.0033741 0.0052619 
1139  0.0088006 -2.0516 0.98653 -0.0038539 0.0052557 
1140  0.0076672 -2.1120 0.98734 0.00075106 0.0052767 
1141  0.0098007 -2.0045 0.98379 0.0025381 0.0053040 
1142  0.0098007 -2.0045 0.98379 -0.0050727 0.0052532 
1143  0.0084006 -2.0720 0.98700 -0.00074262 0.0052701 
1144  0.010201 -1.9869 0.98149 0.00086302 0.0052915 
1145  0.0090006 -2.0418 0.98620 -0.0021806 0.0052646 
1146  0.010667 -1.9673 0.97763 -0.0050953 0.0052532 
1147  0.019468 -1.7021 0.91559 0.018894 0.0054955 
1148  0.0098007 -2.0045 0.98379 0.0027159 0.0053092 
1149  0.0086672 -2.0583 0.98670 -0.0015552 0.0052676 
1150  0.0073338 -2.1315 0.98739 -0.0032934 0.0052541 
1151  0.0083339 -2.0755 0.98705 -0.0026464 0.0052653 
1152  0.011134 -1.9485 0.97262 0.00019821 0.0052866 
1153  0.013201 -1.8736 0.95675 0.0066174 0.0053441 
1154  0.0096006 -2.0135 0.98458 0.0027417 0.0053053 
1155  0.010734 -1.9645 0.97679 -0.0061987 0.0052541 
1156  0.010267 -1.9841 0.98101 -0.0049876 0.0052543 
1157  0.010867 -1.9591 0.97545 0.0015850 0.0053011 
1158  0.011667 -1.9279 0.96712 0.0082876 0.0053573 
1159  0.0094006 -2.0227 0.98526 -0.0023127 0.0052664 
1160  0.0092673 -2.0290 0.98561 -0.0038042 0.0052621 
1161  0.010201 -1.9869 0.98149 -0.0061620 0.0052480 
1162  0.0086006 -2.0617 0.98679 -0.0039638 0.0052558 
1163  0.014068 -1.8456 0.95099 0.011758 0.0054391 
1164  0.0098673 -2.0015 0.98347 -0.0042102 0.0052513 
1165  0.010534 -1.9728 0.97887 0.0041706 0.0053187 
1166  0.010334 -1.9812 0.98051 -0.0039398 0.0052619 
1167  0.0098673 -2.0015 0.98347 -0.00020358 0.0052867 
1168  0.0091339 -2.0354 0.98595 -0.0024107 0.0052636 
1169  0.0094006 -2.0227 0.98526 0.0016857 0.0052907 
1170  0.0092006 -2.0322 0.98579 0.0023808 0.0052985 
1171  0.010267 -1.9841 0.98101 0.0029989 0.0053032 
1172  0.0099340 -1.9985 0.98312 0.0049512 0.0053148 
1173  0.011667 -1.9279 0.96712 0.00061148 0.0053054 
1174  0.0082672 -2.0790 0.98710 -0.0015260 0.0052696 
1175  0.013668 -1.8583 0.95352 0.011193 0.0054025 
1176  0.0079339 -2.0971 0.98726 -0.0024217 0.0052601 
1177  0.0089339 -2.0451 0.98633 -0.0013218 0.0052772 
1178  0.025868 -1.5758 0.86024 0.034077 0.0057815 
1179  0.010134 -1.9898 0.98194 -0.0044880 0.0052532 
1180  0.0088006 -2.0516 0.98653 0.0021612 0.0053005 
1181  0.010067 -1.9927 0.98236 -0.0064848 0.0052440 
1182  0.012401 -1.9011 0.96150 0.0080113 0.0053493 
1183  0.010467 -1.9756 0.97949 0.0034613 0.0053053 
1184  0.025935 -1.5747 0.85782 0.033104 0.0057274 
1185  0.0098673 -2.0015 0.98347 0.00071084 0.0052858 
1186  0.0096006 -2.0135 0.98458 -0.00069650 0.0052793 
1187  0.010067 -1.9927 0.98236 -0.0024786 0.0052704 
1188  0.010667 -1.9673 0.97763 -0.0051195 0.0052529 
1189  0.0094673 -2.0196 0.98505 -0.0048330 0.0052535 
1190  0.010201 -1.9869 0.98149 -0.0015115 0.0052732 
1191  0.0086006 -2.0617 0.98679 -0.0041083 0.0052527 
1192  0.0088006 -2.0516 0.98653 -0.00057038 0.0052721 
1193  0.011534 -1.9330 0.96849 0.0074618 0.0053395 
1194  0.016068 -1.7870 0.93837 0.014044 0.0054531 
1195  0.0096006 -2.0135 0.98458 0.0020962 0.0052939 
1196  0.0097340 -2.0075 0.98406 0.0050648 0.0053304 
1197  0.010267 -1.9841 0.98101 -0.0047224 0.0052533 
1198  0.0088006 -2.0516 0.98653 -0.0033783 0.0052554 
1199  0.011867 -1.9205 0.96531 0.0076130 0.0053569 
1200  0.017134 -1.7586 0.93159 0.013347 0.0054428 
1201  0.0096006 -2.0135 0.98458 -0.0054155 0.0052525 
1202  0.0092673 -2.0290 0.98561 -0.0053244 0.0052505 
1203  0.0095340 -2.0166 0.98482 -0.0038952 0.0052564 
1204  0.0094673 -2.0196 0.98505 -0.0017302 0.0052690 
1205  0.0076005 -2.1158 0.98735 -0.0022945 0.0052596 
1206  0.0092006 -2.0322 0.98579 -0.0045455 0.0052583 
1207  0.0089339 -2.0451 0.98633 -0.0034604 0.0052617 
1208  0.0084672 -2.0686 0.98693 -9.8580e-05 0.0052786 
1209  0.010467 -1.9756 0.97949 -0.0050335 0.0052522 
1210  0.021735 -1.6533 0.90363 0.026765 0.0057147 
1211  0.0087339 -2.0550 0.98662 -0.0023168 0.0052630 
1212  0.0087339 -2.0550 0.98662 -0.0022670 0.0052623 
1213  0.010267 -1.9841 0.98101 -0.0025105 0.0052635 
1214  0.012134 -1.9107 0.96319 -0.0078961 0.0052413 
1215  0.0088006 -2.0516 0.98653 -0.0040295 0.0052552 
1216  0.0094006 -2.0227 0.98526 -0.0045396 0.0052543 
1217  0.010134 -1.9898 0.98194 0.0016730 0.0052997 
1218  0.010067 -1.9927 0.98236 -0.0032961 0.0052620 
1219  0.0086006 -2.0617 0.98679 0.0021702 0.0053020 
1220  0.0098673 -2.0015 0.98347 -0.0037428 0.0052582 
1221  0.0099340 -1.9985 0.98312 0.00062785 0.0052950 
1222  0.0086672 -2.0583 0.98670 -0.0021179 0.0052653 
1223  0.024602 -1.5982 0.87833 0.026466 0.0055967 
1224  0.0091339 -2.0354 0.98595 -0.0027633 0.0052629 
1225  0.0086006 -2.0617 0.98679 -0.0034606 0.0052565 
1226  0.0090006 -2.0418 0.98620 -0.0029168 0.0052610 
1227  0.0076005 -2.1158 0.98735 -0.0015214 0.0052639 
1228  0.017668 -1.7451 0.92875 0.015017 0.0054666 
1229  0.0076672 -2.1120 0.98734 -0.0020774 0.0052641 
1230  0.010201 -1.9869 0.98149 -0.0035204 0.0052599 
1231  0.015601 -1.8000 0.94068 0.014431 0.0054391 
1232  0.0094006 -2.0227 0.98526 0.0045542 0.0053108 
1233  0.010401 -1.9784 0.98000 -0.0056539 0.0052503 
1234  0.011867 -1.9205 0.96531 -0.0058482 0.0052527 
1235  0.010601 -1.9700 0.97820 -0.0028774 0.0052652 
1236  0.0088673 -2.0483 0.98644 0.00059353 0.0052804 
1237  0.0086672 -2.0583 0.98670 0.0028243 0.0052961 
1238  0.010334 -1.9812 0.98051 -0.0037246 0.0052630 
1239  0.010267 -1.9841 0.98101 -0.0043599 0.0052574 
1240  0.010067 -1.9927 0.98236 -0.0032221 0.0052606 
1241  0.010267 -1.9841 0.98101 -0.0044160 0.0052544 
1242  0.012201 -1.9083 0.96281 0.0078679 0.0053532 
1243  0.0099340 -1.9985 0.98312 -4.4684e-05 0.0052818 
1244  0.0088673 -2.0483 0.98644 -0.0016589 0.0052660 
1245  0.0087339 -2.0550 0.98662 -0.0032547 0.0052573 
1246  0.014534 -1.8312 0.94748 0.013330 0.0054455 
1247  0.0091339 -2.0354 0.98595 -0.0026418 0.0052655 
1248  0.0094006 -2.0227 0.98526 -0.0019700 0.0052681 
1249  0.26648 -0.43974 0.16964 0.49986 0.013558 
1250  0.0095340 -2.0166 0.98482 0.0024814 0.0053030 
1251  0.0081339 -2.0862 0.98717 -0.0037765 0.0052556 
1252  0.0090673 -2.0386 0.98608 0.0019993 0.0052916 
1253  0.0097340 -2.0075 0.98406 -0.0032752 0.0052597 
1254  0.0077338 -2.1082 0.98731 0.00063921 0.0052860 
1255  0.0082005 -2.0826 0.98714 0.0025133 0.0052880 
1256  0.010201 -1.9869 0.98149 -0.00034715 0.0052887 
1257  0.0090673 -2.0386 0.98608 -0.0044309 0.0052537 
1258  0.010601 -1.9700 0.97820 -0.0050075 0.0052542 
1259  0.010934 -1.9564 0.97473 -0.0019094 0.0052821 
1260  0.0090006 -2.0418 0.98620 -0.0026271 0.0052643 
1261  0.011601 -1.9304 0.96780 0.0088662 0.0053753 
1262  0.0097340 -2.0075 0.98406 -0.0055290 0.0052493 
1263  0.0095340 -2.0166 0.98482 -0.0042496 0.0052558 
1264  0.0092006 -2.0322 0.98579 0.0018977 0.0052942 
1265  0.0085339 -2.0651 0.98687 -0.0016131 0.0052741 
1266  0.010401 -1.9784 0.98000 0.0056775 0.0053261 
1267  0.0090673 -2.0386 0.98608 -0.0049395 0.0052519 
1268  0.0090006 -2.0418 0.98620 0.0030851 0.0052961 
1269  0.011467 -1.9355 0.96913 -0.0056059 0.0052514 
1270  0.010934 -1.9564 0.97473 0.0077258 0.0053386 
1271  0.010601 -1.9700 0.97820 0.0031319 0.0053140 
1272  0.0096673 -2.0105 0.98434 -0.00097637 0.0052753 
1273  0.022935 -1.6294 0.89377 0.026238 0.0055927 
1274  0.0089339 -2.0451 0.98633 -0.0015659 0.0052695 
1275  0.0076672 -2.1120 0.98734 0.0018154 0.0052883 
1276  0.0093340 -2.0259 0.98544 -0.0028071 0.0052623 
1277  0.0082672 -2.0790 0.98710 -0.0032052 0.0052570 
1278  0.011401 -1.9381 0.96972 -0.0067311 0.0052479 
1279  0.0064004 -2.1910 0.98743 -0.0025658 0.0052611 
1280  0.0091339 -2.0354 0.98595 0.00029566 0.0052844 
1281  0.0083339 -2.0755 0.98705 -0.0055306 0.0052508 
1282  0.11154 -0.90120 0.34256 0.22926 0.0097106 
1283  0.0092673 -2.0290 0.98561 0.0047022 0.0053173 
1284  0.010267 -1.9841 0.98101 -0.0044036 0.0052521 
1285  0.014401 -1.8353 0.94842 0.011908 0.0054079 
1286  0.011334 -1.9407 0.97032 0.0056697 0.0053298 
1287  0.0096006 -2.0135 0.98458 -0.0032889 0.0052595 
1288  0.0086006 -2.0617 0.98679 -0.0010710 0.0052728 
1289  0.0098007 -2.0045 0.98379 -0.0058644 0.0052478 
1290  0.0089339 -2.0451 0.98633 -0.0042059 0.0052578 
1291  0.010667 -1.9673 0.97763 -0.0049605 0.0052542 
1292  0.0092006 -2.0322 0.98579 0.0036697 0.0053040 
1293  0.0086006 -2.0617 0.98679 -0.0018094 0.0052691 
1294  0.0095340 -2.0166 0.98482 -0.0033316 0.0052596 
1295  0.0093340 -2.0259 0.98544 -0.00066171 0.0052845 
1296  0.020535 -1.6785 0.90994 0.020916 0.0055251 
1297  0.0099340 -1.9985 0.98312 0.0014175 0.0052955 
1298  0.010734 -1.9645 0.97679 -0.0030733 0.0052621 
1299  0.010267 -1.9841 0.98101 0.0022805 0.0053015 
1300  0.010267 -1.9841 0.98101 -0.0048411 0.0052533 
1301  0.0098007 -2.0045 0.98379 -0.0013114 0.0052767 
1302  0.0096673 -2.0105 0.98434 -0.0046480 0.0052528 
1303  0.0084672 -2.0686 0.98693 0.0020478 0.0052952 
1304  0.0099340 -1.9985 0.98312 -0.0052530 0.0052503 
1305  0.014601 -1.8292 0.94718 0.011000 0.0053986 
1306  0.016401 -1.7779 0.93557 0.014807 0.0054330 
1307  0.011067 -1.9511 0.97336 -0.0033597 0.0052624 
1308  0.010667 -1.9673 0.97763 -0.0021177 0.0052732 
1309  0.0091339 -2.0354 0.98595 -0.0028488 0.0052641 
1310  0.0096673 -2.0105 0.98434 -0.0034262 0.0052568 
1311  0.0084672 -2.0686 0.98693 -0.0032156 0.0052585 
1312  0.0089339 -2.0451 0.98633 0.0026984 0.0053043 
1313  0.0094673 -2.0196 0.98505 -0.0048858 0.0052519 
1314  0.010001 -1.9956 0.98275 0.0045753 0.0053348 
1315  0.011067 -1.9511 0.97336 -0.0059756 0.0052486 
1316  0.033202 -1.4642 0.80309 0.043575 0.0058538 
1317  0.0088673 -2.0483 0.98644 -0.0036238 0.0052616 
1318  0.010601 -1.9700 0.97820 -0.0024813 0.0052728 
1319  0.0089339 -2.0451 0.98633 -0.0034010 0.0052664 
1320  0.0092006 -2.0322 0.98579 -0.0016034 0.0052741 
1321  0.0089339 -2.0451 0.98633 -0.0021195 0.0052681 
1322  0.010534 -1.9728 0.97887 -0.0051449 0.0052527 
1323  0.011001 -1.9538 0.97401 -0.0052906 0.0052543 
1324  0.010534 -1.9728 0.97887 -0.0052624 0.0052538 
1325  0.0098673 -2.0015 0.98347 -0.0049204 0.0052528 
1326  0.010801 -1.9618 0.97621 -0.0055062 0.0052514 
1327  0.0096673 -2.0105 0.98434 -0.0030499 0.0052658 
1328  0.011867 -1.9205 0.96531 0.0053850 0.0053381 
1329  0.0083339 -2.0755 0.98705 -0.00076662 0.0052726 
1330  0.0072672 -2.1355 0.98739 0.00012920 0.0052744 
1331  0.011801 -1.9229 0.96574 -0.0068813 0.0052477 
1332  0.019468 -1.7021 0.91559 0.019935 0.0055271 
1333  0.0083339 -2.0755 0.98705 -0.0026816 0.0052627 
1334  0.0084672 -2.0686 0.98693 -0.0024572 0.0052626 
1335  0.010134 -1.9898 0.98194 -0.0014055 0.0052717 
1336  0.016868 -1.7656 0.93298 0.016545 0.0054798 
1337  0.014068 -1.8456 0.95099 0.0083600 0.0053698 
1338  0.0091339 -2.0354 0.98595 -0.0047476 0.0052516 
1339  0.017735 -1.7434 0.92763 0.018431 0.0055162 
1340  0.0088673 -2.0483 0.98644 0.0015985 0.0052885 
1341  0.025202 -1.5875 0.87102 0.028154 0.0056109 
1342  0.011067 -1.9511 0.97336 0.0018021 0.0053115 
1343  0.0088673 -2.0483 0.98644 -0.0025495 0.0052641 
1344  0.011001 -1.9538 0.97401 -0.0048751 0.0052595 
1345  0.0096006 -2.0135 0.98458 4.4268e-06 0.0052907 
1346  0.010934 -1.9564 0.97473 -0.00038684 0.0052885 
1347  0.0098007 -2.0045 0.98379 -0.0039524 0.0052558 
1348  0.0090006 -2.0418 0.98620 -0.0039305 0.0052545 
1349  0.0084672 -2.0686 0.98693 -0.0020638 0.0052692 
1350  0.0094673 -2.0196 0.98505 -0.0034688 0.0052622 
1351  0.010201 -1.9869 0.98149 1.7031e-05 0.0052836 
1352  0.010801 -1.9618 0.97621 -0.0057822 0.0052551 
1353  0.0086672 -2.0583 0.98670 0.00042029 0.0052894 
1354  0.0092006 -2.0322 0.98579 -0.0051103 0.0052519 
1355  0.010267 -1.9841 0.98101 -0.0028952 0.0052629 
1356  0.010867 -1.9591 0.97545 0.0048398 0.0053293 
1357  0.0080672 -2.0898 0.98720 0.00023000 0.0052753 
1358  0.0090673 -2.0386 0.98608 -0.0034353 0.0052600 
1359  0.0093340 -2.0259 0.98544 -0.0032161 0.0052592 
1360  0.0097340 -2.0075 0.98406 -0.0031555 0.0052615 
1361  0.0080672 -2.0898 0.98720 -0.0024151 0.0052621 
1362  0.0098673 -2.0015 0.98347 -0.0054591 0.0052501 
1363  0.0096673 -2.0105 0.98434 -0.00075329 0.0052766 
1364  0.011134 -1.9485 0.97262 0.0047857 0.0053502 
1365  0.016534 -1.7744 0.93507 0.014122 0.0054434 
1366  0.0086006 -2.0617 0.98679 -0.00052800 0.0052727 
1367  0.010001 -1.9956 0.98275 0.0018858 0.0052938 
1368  0.010667 -1.9673 0.97763 -0.0029351 0.0052631 
1369  0.0091339 -2.0354 0.98595 -0.0017086 0.0052726 
1370  0.012067 -1.9131 0.96381 0.0089988 0.0053614 
1371  0.010201 -1.9869 0.98149 0.0016958 0.0052932 
1372  0.0088006 -2.0516 0.98653 -0.0045575 0.0052564 
1373  0.0082005 -2.0826 0.98714 0.00081887 0.0052835 
1374  0.029802 -1.5126 0.82949 0.038182 0.0057733 
1375  0.010401 -1.9784 0.98000 -0.0030737 0.0052676 
1376  0.014734 -1.8252 0.94627 0.011927 0.0053914 
1377  0.017134 -1.7586 0.93159 0.017069 0.0055085 
1378  0.0097340 -2.0075 0.98406 -0.0038061 0.0052574 
1379  0.010001 -1.9956 0.98275 0.00016827 0.0052804 
1380  0.011201 -1.9459 0.97182 0.0076717 0.0053637 
1381  0.0096006 -2.0135 0.98458 0.0027081 0.0053067 
1382  0.0096006 -2.0135 0.98458 0.0032602 0.0053115 
1383  0.0089339 -2.0451 0.98633 -0.0055841 0.0052476 
1384  0.013668 -1.8583 0.95352 0.010724 0.0053933 
1385  0.0087339 -2.0550 0.98662 0.0015700 0.0052936 
1386  0.0095340 -2.0166 0.98482 -0.0022775 0.0052622 
1387  0.0084006 -2.0720 0.98700 -0.0026331 0.0052618 
1388  0.011667 -1.9279 0.96712 -0.0072194 0.0052425 
1389  0.013334 -1.8692 0.95612 0.0084000 0.0053645 
1390  0.0085339 -2.0651 0.98687 -0.00029444 0.0052843 
1391  0.010334 -1.9812 0.98051 0.00082385 0.0052921 
1392  0.0098673 -2.0015 0.98347 -0.00088021 0.0052794 
1393  0.0092673 -2.0290 0.98561 0.0014283 0.0053049 
1394  0.010801 -1.9618 0.97621 0.0028798 0.0053017 
1395  0.011267 -1.9433 0.97107 -0.0058935 0.0052495 
1396  0.0092673 -2.0290 0.98561 -0.0019238 0.0052656 
1397  0.010067 -1.9927 0.98236 0.0058667 0.0053227 
1398  0.010067 -1.9927 0.98236 -0.00048485 0.0052765 
1399  0.0096006 -2.0135 0.98458 0.0011927 0.0052909 
1400  0.010067 -1.9927 0.98236 -0.0024651 0.0052689 
1401  0.0089339 -2.0451 0.98633 -0.0040345 0.0052584 
1402  0.011267 -1.9433 0.97107 0.0057850 0.0053394 
1403  0.013401 -1.8670 0.95555 0.0098486 0.0054185 
1404  0.0083339 -2.0755 0.98705 -0.0018225 0.0052645 
1405  0.0092673 -2.0290 0.98561 -0.00026404 0.0052782 
1406  0.0082005 -2.0826 0.98714 0.00033603 0.0052806 
1407  0.0088006 -2.0516 0.98653 -0.0025157 0.0052677 
1408  0.010667 -1.9673 0.97763 -0.0041277 0.0052573 
1409  0.010667 -1.9673 0.97763 -0.0051003 0.0052507 
1410  0.0092006 -2.0322 0.98579 -0.0031331 0.0052610 
1411  0.0098007 -2.0045 0.98379 -0.0033371 0.0052608 
1412  0.0094673 -2.0196 0.98505 0.00088270 0.0052945 
1413  0.0080005 -2.0934 0.98723 -0.00077478 0.0052725 
1414  0.0090006 -2.0418 0.98620 -0.0019276 0.0052638 
1415  0.0083339 -2.0755 0.98705 0.00012105 0.0052766 
1416  0.0088006 -2.0516 0.98653 -0.00039154 0.0052746 
1417  0.0094673 -2.0196 0.98505 -0.0040351 0.0052582 
1418  0.010134 -1.9898 0.98194 0.0067834 0.0053378 
1419  0.010201 -1.9869 0.98149 -0.0052211 0.0052541 
1420  0.0090006 -2.0418 0.98620 -0.0046800 0.0052533 
1421  0.0094006 -2.0227 0.98526 -0.0030175 0.0052624 
1422  0.0094673 -2.0196 0.98505 0.00012054 0.0052809 
1423  0.012067 -1.9131 0.96381 0.0039185 0.0053201 
1424  0.010201 -1.9869 0.98149 -0.0042733 0.0052590 
1425  0.0090006 -2.0418 0.98620 -0.0037891 0.0052596 
1426  0.0072672 -2.1355 0.98739 -0.0028950 0.0052572 
1427  0.010601 -1.9700 0.97820 -0.0031864 0.0052667 
1428  0.0094673 -2.0196 0.98505 -0.0033443 0.0052588 
1429  0.010734 -1.9645 0.97679 -0.0033080 0.0052628 
1430  0.022268 -1.6425 0.89844 0.025891 0.0055993 
1431  0.010401 -1.9784 0.98000 -0.0045690 0.0052547 
1432  0.010201 -1.9869 0.98149 -0.0027761 0.0052613 
1433  0.010401 -1.9784 0.98000 -0.0015054 0.0052765 
1434  0.010334 -1.9812 0.98051 -0.0049151 0.0052541 
1435  0.010867 -1.9591 0.97545 -0.0043686 0.0052596 
1436  0.0088006 -2.0516 0.98653 -0.0012387 0.0052658 
1437  0.0074005 -2.1275 0.98738 -0.0012962 0.0052672 
1438  0.0098673 -2.0015 0.98347 -0.0059108 0.0052478 
1439  0.010667 -1.9673 0.97763 -0.0034094 0.0052768 
1440  0.013068 -1.8781 0.95774 0.010782 0.0053973 
1441  0.011267 -1.9433 0.97107 -0.0034403 0.0052643 
1442  0.041336 -1.3653 0.73928 0.056122 0.0060392 
1443  0.0098673 -2.0015 0.98347 -0.0033223 0.0052570 
1444  0.010334 -1.9812 0.98051 -0.0028060 0.0052640 
1445  0.0090673 -2.0386 0.98608 -0.0011309 0.0052731 
1446  0.010334 -1.9812 0.98051 -0.0020001 0.0052724 
1447  0.012401 -1.9011 0.96150 0.0094577 0.0053901 
1448  0.0089339 -2.0451 0.98633 -0.0029036 0.0052674 
1449  0.0088673 -2.0483 0.98644 -0.0027628 0.0052597 
1450  0.0084672 -2.0686 0.98693 -0.0018358 0.0052696 
1451  0.011467 -1.9355 0.96913 -0.0057651 0.0052480 
1452  0.0098007 -2.0045 0.98379 -0.0031610 0.0052602 
1453  0.010067 -1.9927 0.98236 -0.0048740 0.0052542 
1454  0.0083339 -2.0755 0.98705 0.00074999 0.0052816 
1455  0.0086672 -2.0583 0.98670 -0.0022948 0.0052615 
1456  0.0085339 -2.0651 0.98687 -0.0040401 0.0052538 
1457  0.011267 -1.9433 0.97107 -0.0063536 0.0052483 
1458  0.010334 -1.9812 0.98051 -0.0028298 0.0052622 
1459  0.0089339 -2.0451 0.98633 -0.0035455 0.0052566 
1460  0.022135 -1.6452 0.90129 0.025291 0.0055961 
1461  0.0098673 -2.0015 0.98347 0.0033768 0.0053138 
1462  0.016534 -1.7744 0.93507 0.014170 0.0054525 
1463  0.0086006 -2.0617 0.98679 -0.0019206 0.0052691 
1464  0.010001 -1.9956 0.98275 -0.0042009 0.0052572 
1465  0.010867 -1.9591 0.97545 -0.0013451 0.0052783 
1466  0.0074005 -2.1275 0.98738 -0.0015518 0.0052645 
1467  0.013001 -1.8803 0.95811 0.0089585 0.0053644 
1468  0.0086006 -2.0617 0.98679 -0.0037572 0.0052553 
1469  0.012401 -1.9011 0.96150 0.0091713 0.0053804 
1470  0.010334 -1.9812 0.98051 0.0027014 0.0053180 
1471  0.0094006 -2.0227 0.98526 -0.0029188 0.0052644 
1472  0.0098673 -2.0015 0.98347 -0.0016993 0.0052727 
1473  0.0096673 -2.0105 0.98434 -0.0040180 0.0052617 
1474  0.0098673 -2.0015 0.98347 -0.0034688 0.0052725 
1475  0.0096006 -2.0135 0.98458 0.0012555 0.0052997 
1476  0.020001 -1.6902 0.91209 0.022650 0.0055537 
1477  0.0094006 -2.0227 0.98526 -0.0015907 0.0052703 
1478  0.0092006 -2.0322 0.98579 0.0021342 0.0053053 
1479  0.010134 -1.9898 0.98194 -0.0053610 0.0052495 
1480  0.0094006 -2.0227 0.98526 -0.0016948 0.0052743 
1481  0.0090006 -2.0418 0.98620 -0.0011813 0.0052690 
1482  0.010067 -1.9927 0.98236 -0.0046408 0.0052576 
1483  0.0094006 -2.0227 0.98526 -0.0026942 0.0052718 
1484  0.0095340 -2.0166 0.98482 -0.0047081 0.0052553 
1485  0.0092673 -2.0290 0.98561 0.00025648 0.0052879 
1486  0.0084006 -2.0720 0.98700 -0.0016569 0.0052659 
1487  0.018868 -1.7160 0.91984 0.017743 0.0054976 
1488  0.0090006 -2.0418 0.98620 -0.0034914 0.0052581 
1489  0.011134 -1.9485 0.97262 -0.0040321 0.0052627 
1490  0.0095340 -2.0166 0.98482 -0.0054538 0.0052491 
1491  0.0094006 -2.0227 0.98526 -0.0024748 0.0052633 
1492  0.0094673 -2.0196 0.98505 -0.0042925 0.0052548 
1493  0.0093340 -2.0259 0.98544 -0.0036401 0.0052609 
1494  0.010867 -1.9591 0.97545 0.0021317 0.0053031 
1495  0.0091339 -2.0354 0.98595 0.0014668 0.0052908 
1496  0.020868 -1.6714 0.90706 0.024656 0.0055964 
1497  0.0092006 -2.0322 0.98579 0.0015607 0.0052981 
1498  0.011267 -1.9433 0.97107 0.0066467 0.0053443 
1499  0.010334 -1.9812 0.98051 -0.0026464 0.0052660 
1500  0.010534 -1.9728 0.97887 -0.0052230 0.0052532 
1501  0.010801 -1.9618 0.97621 -0.0057962 0.0052497 
1502  0.0080672 -2.0898 0.98720 -0.0012330 0.0052674 
1503  0.013801 -1.8541 0.95276 0.010728 0.0054066 
1504  0.0099340 -1.9985 0.98312 -0.0027853 0.0052631 
1505  0.0090006 -2.0418 0.98620 -0.0029864 0.0052617 
1506  0.021735 -1.6533 0.90363 0.021765 0.0055587 
1507  0.0088673 -2.0483 0.98644 -0.0011748 0.0052673 
1508  0.012201 -1.9083 0.96281 0.0066074 0.0053467 
1509  0.010001 -1.9956 0.98275 0.0036937 0.0053303 
1510  0.0092006 -2.0322 0.98579 -0.0028776 0.0052636 
1511  0.0086006 -2.0617 0.98679 -0.0019853 0.0052678 
1512  0.010267 -1.9841 0.98101 -0.00035082 0.0052875 
1513  0.0094006 -2.0227 0.98526 -0.0047967 0.0052577 
1514  0.024202 -1.6055 0.88268 0.030161 0.0056615 
1515  0.0092673 -2.0290 0.98561 0.00058247 0.0052912 
1516  0.010201 -1.9869 0.98149 0.0022881 0.0053052 
1517  0.010201 -1.9869 0.98149 -0.0026457 0.0052676 
1518  0.0096006 -2.0135 0.98458 -0.0033149 0.0052618 
1519  0.0082672 -2.0790 0.98710 -0.0043937 0.0052511 
1520  0.0080005 -2.0934 0.98723 0.0013529 0.0052984 
1521  0.013668 -1.8583 0.95352 0.010462 0.0054064 
1522  0.010201 -1.9869 0.98149 0.00051420 0.0052830 
1523  0.0088673 -2.0483 0.98644 0.0020421 0.0052935 
1524  0.0086006 -2.0617 0.98679 -0.0029566 0.0052626 
1525  0.0090006 -2.0418 0.98620 -0.0025545 0.0052643 
1526  0.0080005 -2.0934 0.98723 -0.00060169 0.0052692 
1527  0.0085339 -2.0651 0.98687 -0.00064767 0.0052775 
1528  0.0097340 -2.0075 0.98406 -0.0028814 0.0052686 
1529  0.0099340 -1.9985 0.98312 0.00026607 0.0052808 
1530  0.0098673 -2.0015 0.98347 0.0016893 0.0052941 
1531  0.0086006 -2.0617 0.98679 -0.0035965 0.0052565 
1532  0.015868 -1.7925 0.93923 0.0082037 0.0053938 
1533  0.010467 -1.9756 0.97949 -0.0032456 0.0052631 
1534  0.0088006 -2.0516 0.98653 -0.0044960 0.0052537 
1535  0.010467 -1.9756 0.97949 -0.0051665 0.0052498 
1536  0.0092673 -2.0290 0.98561 -0.0030460 0.0052610 
1537  0.010201 -1.9869 0.98149 -0.0046137 0.0052553 
1538  0.0090673 -2.0386 0.98608 -0.00048670 0.0052698 
1539  0.0084006 -2.0720 0.98700 -0.00061256 0.0052695 
1540  0.0083339 -2.0755 0.98705 -0.0027389 0.0052620 
1541  0.010734 -1.9645 0.97679 -0.00054332 0.0052824 
1542  0.010334 -1.9812 0.98051 -0.0014180 0.0052721 
1543  0.0092006 -2.0322 0.98579 -7.3339e-06 0.0052865 
1544  0.0078672 -2.1008 0.98728 0.00057226 0.0052791 
1545  0.010201 -1.9869 0.98149 -0.0053367 0.0052518 
1546  0.010001 -1.9956 0.98275 0.0028872 0.0053028 
1547  0.010267 -1.9841 0.98101 -0.0056391 0.0052502 
1548  0.0090006 -2.0418 0.98620 -0.0031609 0.0052602 
1549  0.0094006 -2.0227 0.98526 -0.0040454 0.0052613 
1550  0.0092673 -2.0290 0.98561 -0.0020526 0.0052632 
1551  0.0097340 -2.0075 0.98406 0.00024842 0.0052794 
1552  0.018735 -1.7191 0.92087 0.018532 0.0055076 
1553  0.0084672 -2.0686 0.98693 0.0021358 0.0052961 
1554  0.0096673 -2.0105 0.98434 -0.0036820 0.0052629 
1555  0.012001 -1.9155 0.96442 -0.0037086 0.0052662 
1556  0.0097340 -2.0075 0.98406 -0.0047073 0.0052573 
1557  0.012201 -1.9083 0.96281 0.0093760 0.0053746 
1558  0.010201 -1.9869 0.98149 -0.0016261 0.0052733 
1559  0.0078005 -2.1045 0.98730 -0.0025328 0.0052608 
1560  0.010467 -1.9756 0.97949 0.0023146 0.0053144 
1561  0.012801 -1.8872 0.95918 0.0092426 0.0053883 
1562  0.0098007 -2.0045 0.98379 -0.0060327 0.0052461 
1563  0.018535 -1.7239 0.92227 0.018488 0.0054905 
1564  0.0090673 -2.0386 0.98608 0.00029390 0.0052853 
1565  0.0097340 -2.0075 0.98406 0.0025655 0.0053057 
1566  0.011801 -1.9229 0.96574 0.0075606 0.0053469 
1567  0.0094006 -2.0227 0.98526 -0.0041387 0.0052580 
1568  0.0097340 -2.0075 0.98406 -0.0028275 0.0052629 
1569  0.0084006 -2.0720 0.98700 -0.0014305 0.0052713 
1570  0.010401 -1.9784 0.98000 0.0043586 0.0053278 
1571  0.010067 -1.9927 0.98236 -0.0025454 0.0052688 
1572  0.0094673 -2.0196 0.98505 0.0019066 0.0053034 
1573  0.0088006 -2.0516 0.98653 -0.0028248 0.0052599 
1574  0.010134 -1.9898 0.98194 -0.0033593 0.0052605 
1575  0.013134 -1.8759 0.95719 0.0088733 0.0053932 
1576  0.0094006 -2.0227 0.98526 -0.0022233 0.0052640 
1577  0.0096006 -2.0135 0.98458 -0.0032676 0.0052605 
1578  0.0092673 -2.0290 0.98561 0.0037935 0.0053227 
1579  0.011201 -1.9459 0.97182 0.0057893 0.0053417 
1580  0.010401 -1.9784 0.98000 -0.0063403 0.0052449 
1581  0.0083339 -2.0755 0.98705 -0.00021417 0.0052821 
1582  0.0098673 -2.0015 0.98347 -0.0045763 0.0052537 
1583  0.010667 -1.9673 0.97763 -0.0066236 0.0052457 
1584  0.0088673 -2.0483 0.98644 -8.9579e-05 0.0052761 
1585  0.010267 -1.9841 0.98101 -0.0043681 0.0052574 
1586  0.0090673 -2.0386 0.98608 -0.00094469 0.0052694 
1587  0.0089339 -2.0451 0.98633 -0.0045101 0.0052537 
1588  0.0098673 -2.0015 0.98347 -0.0040284 0.0052565 
1589  0.010601 -1.9700 0.97820 -0.0058708 0.0052476 
1590  0.017535 -1.7484 0.92998 0.015238 0.0054684 
1591  0.010534 -1.9728 0.97887 0.0063544 0.0053291 
1592  0.024268 -1.6043 0.88162 0.027821 0.0056268 
1593  0.0093340 -2.0259 0.98544 -0.0058765 0.0052503 
1594  0.0086006 -2.0617 0.98679 -0.0030134 0.0052630 
1595  0.0086006 -2.0617 0.98679 0.00011894 0.0052826 
1596  0.0088006 -2.0516 0.98653 -0.0018656 0.0052701 
1597  0.0087339 -2.0550 0.98662 -0.0017075 0.0052631 
1598  0.0098007 -2.0045 0.98379 -0.0034828 0.0052615 
1599  0.0081339 -2.0862 0.98717 0.0037981 0.0052984 
1600  0.0084006 -2.0720 0.98700 0.0015563 0.0052911 
1601  0.0085339 -2.0651 0.98687 0.0010474 0.0053011 
1602  0.010001 -1.9956 0.98275 0.0021262 0.0053176 
1603  0.010134 -1.9898 0.98194 -0.0033454 0.0052621 
1604  0.011467 -1.9355 0.96913 -0.0070026 0.0052477 
1605  0.0085339 -2.0651 0.98687 -0.00014027 0.0052778 
1606  0.0081339 -2.0862 0.98717 0.00098109 0.0052812 
1607  0.0095340 -2.0166 0.98482 -0.0030795 0.0052606 
1608  0.0084006 -2.0720 0.98700 -0.0027032 0.0052582 
1609  0.010201 -1.9869 0.98149 0.0036617 0.0053149 
1610  0.0095340 -2.0166 0.98482 -0.0029895 0.0052640 
1611  0.0089339 -2.0451 0.98633 -0.0028077 0.0052629 
1612  0.0081339 -2.0862 0.98717 -0.00095782 0.0052728 
1613  0.0097340 -2.0075 0.98406 -0.0033345 0.0052679 
1614  0.010534 -1.9728 0.97887 0.0023024 0.0053078 
1615  0.010401 -1.9784 0.98000 -0.0034639 0.0052601 
1616  0.0098007 -2.0045 0.98379 0.0022260 0.0053054 
1617  0.015068 -1.8154 0.94395 0.011524 0.0054377 
1618  0.014401 -1.8353 0.94842 0.012923 0.0054071 
1619  0.010934 -1.9564 0.97473 -0.0019764 0.0052786 
1620  0.0092006 -2.0322 0.98579 -0.0033878 0.0052589 
1621  0.013001 -1.8803 0.95811 0.0076665 0.0053646 
1622  0.0090006 -2.0418 0.98620 -0.0054735 0.0052499 
1623  0.0088673 -2.0483 0.98644 0.00023732 0.0052821 
1624  0.0090673 -2.0386 0.98608 -0.0020179 0.0052673 
1625  0.0094006 -2.0227 0.98526 0.0035785 0.0053283 
1626  0.014934 -1.8193 0.94489 0.013023 0.0054341 
1627  0.012734 -1.8895 0.95955 0.0074661 0.0053774 
1628  0.022735 -1.6333 0.89578 0.027515 0.0056548 
1629  0.22408 -0.53941 0.20332 0.39828 0.011452 
1630  0.010401 -1.9784 0.98000 -0.0032623 0.0052619 
1631  0.0090006 -2.0418 0.98620 -0.0038244 0.0052554 
1632  0.010534 -1.9728 0.97887 0.0034293 0.0053254 
1633  0.0090006 -2.0418 0.98620 0.0034414 0.0053085 
1634  0.011534 -1.9330 0.96849 0.0036768 0.0053216 
1635  0.0097340 -2.0075 0.98406 -0.0047489 0.0052563 
1636  0.011601 -1.9304 0.96780 0.0069351 0.0053455 
1637  0.0099340 -1.9985 0.98312 -0.00080933 0.0052723 
1638  0.0097340 -2.0075 0.98406 -0.0054500 0.0052484 
1639  0.010934 -1.9564 0.97473 -0.0039182 0.0052563 
1640  0.0086672 -2.0583 0.98670 -0.0028146 0.0052597 
1641  0.010201 -1.9869 0.98149 -0.0048054 0.0052534 
1642  0.0085339 -2.0651 0.98687 -0.00041153 0.0052774 
1643  0.0086006 -2.0617 0.98679 -0.0010957 0.0052694 
1644  0.011867 -1.9205 0.96531 -0.0055814 0.0052567 
1645  0.011801 -1.9229 0.96574 0.0030884 0.0053210 
1646  0.0084672 -2.0686 0.98693 0.00037570 0.0052754 
1647  0.0097340 -2.0075 0.98406 0.0013249 0.0052917 
1648  0.010201 -1.9869 0.98149 0.0033801 0.0053089 
1649  0.010667 -1.9673 0.97763 -0.0045648 0.0052561 
1650  0.011134 -1.9485 0.97262 -0.0051663 0.0052547 
1651  0.0084006 -2.0720 0.98700 0.00050545 0.0052855 
1652  0.010067 -1.9927 0.98236 -0.0049367 0.0052514 
1653  0.010934 -1.9564 0.97473 -0.0042727 0.0052596 
1654  0.011001 -1.9538 0.97401 -0.0064483 0.0052528 
1655  0.0095340 -2.0166 0.98482 -0.0030839 0.0052622 
1656  0.0098007 -2.0045 0.98379 -0.0057633 0.0052505 
1657  0.0089339 -2.0451 0.98633 -0.0038449 0.0052632 
1658  0.010001 -1.9956 0.98275 -0.0012018 0.0052746 
1659  0.011534 -1.9330 0.96849 0.0082943 0.0053688 
1660  0.013934 -1.8498 0.95178 0.010126 0.0053971 
1661  0.0082672 -2.0790 0.98710 0.0013147 0.0052889 
1662  0.0092673 -2.0290 0.98561 0.00018458 0.0052829 
1663  0.0096006 -2.0135 0.98458 0.0031920 0.0053140 
1664  0.0089339 -2.0451 0.98633 -0.0017206 0.0052659 
1665  0.033536 -1.4597 0.79775 0.042073 0.0058455 
1666  0.0086006 -2.0617 0.98679 -0.0024078 0.0052678 
1667  0.0095340 -2.0166 0.98482 -0.0042648 0.0052570 
1668  0.010267 -1.9841 0.98101 -0.0040503 0.0052635 
1669  0.0092006 -2.0322 0.98579 -0.0051890 0.0052535 
1670  0.015534 -1.8019 0.94128 0.014490 0.0054491 
1671  0.010001 -1.9956 0.98275 0.0054461 0.0053330 
1672  0.0094673 -2.0196 0.98505 -0.0030598 0.0052648 
1673  0.012134 -1.9107 0.96319 0.0070136 0.0053552 
1674  0.0090673 -2.0386 0.98608 0.0023107 0.0053072 
1675  0.010667 -1.9673 0.97763 0.0039547 0.0053232 
1676  0.010334 -1.9812 0.98051 0.0044067 0.0053174 
1677  0.011667 -1.9279 0.96712 -0.0076197 0.0052452 
1678  0.0089339 -2.0451 0.98633 -0.0044189 0.0052537 
1679  0.0085339 -2.0651 0.98687 -0.0040826 0.0052556 
1680  0.029269 -1.5207 0.83660 0.036842 0.0057548 
1681  0.010534 -1.9728 0.97887 0.0066753 0.0053553 
1682  0.010267 -1.9841 0.98101 -0.0043196 0.0052563 
1683  0.010067 -1.9927 0.98236 0.0022690 0.0053098 
1684  0.0095340 -2.0166 0.98482 -0.0048046 0.0052519 
1685  0.0086006 -2.0617 0.98679 -0.00089498 0.0052669 
1686  0.010934 -1.9564 0.97473 0.0022633 0.0053218 
1687  0.010134 -1.9898 0.98194 -0.0034748 0.0052585 
1688  0.0092006 -2.0322 0.98579 0.0036145 0.0053104 
1689  0.0087339 -2.0550 0.98662 -0.0013703 0.0052694 
1690  0.010667 -1.9673 0.97763 0.0063202 0.0053422 
1691  0.017001 -1.7621 0.93244 0.015564 0.0054543 
1692  0.010001 -1.9956 0.98275 -0.0035553 0.0052625 
1693  0.0088673 -2.0483 0.98644 -0.0022937 0.0052614 
1694  0.020401 -1.6814 0.91103 0.021837 0.0055441 
1695  0.0090673 -2.0386 0.98608 0.0022476 0.0053082 
1696  0.0082005 -2.0826 0.98714 -0.0019277 0.0052656 
1697  0.0098007 -2.0045 0.98379 -0.0019174 0.0052689 
1698  0.014268 -1.8394 0.94952 0.011433 0.0054069 
1699  0.015401 -1.8057 0.94157 0.015353 0.0054744 
1700  0.0096673 -2.0105 0.98434 0.0027916 0.0053081 
1701  0.011267 -1.9433 0.97107 0.0020936 0.0053245 
1702  0.010134 -1.9898 0.98194 0.0059148 0.0053291 
1703  0.011001 -1.9538 0.97401 0.0044089 0.0053334 
1704  0.0096673 -2.0105 0.98434 0.0061091 0.0053397 
1705  0.0096673 -2.0105 0.98434 -0.0059242 0.0052491 
1706  0.014601 -1.8292 0.94718 0.012422 0.0054035 
1707  0.0098673 -2.0015 0.98347 0.0018731 0.0053032 
1708  0.0098673 -2.0015 0.98347 -0.0038867 0.0052581 
1709  0.010534 -1.9728 0.97887 -0.0061466 0.0052524 
1710  0.0085339 -2.0651 0.98687 -0.0025254 0.0052675 
1711  0.010334 -1.9812 0.98051 -0.0047454 0.0052541 
1712  0.010334 -1.9812 0.98051 -0.0060170 0.0052538 
1713  0.0094673 -2.0196 0.98505 -0.0040294 0.0052551 
1714  0.0096006 -2.0135 0.98458 -0.0051363 0.0052527 
1715  0.0085339 -2.0651 0.98687 -0.0043677 0.0052525 
1716  0.011534 -1.9330 0.96849 0.0076302 0.0053568 
1717  0.0089339 -2.0451 0.98633 -0.0015692 0.0052711 
1718  0.010067 -1.9927 0.98236 -0.0028214 0.0052622 
1719  0.0085339 -2.0651 0.98687 -0.0029486 0.0052657 
1720  0.0085339 -2.0651 0.98687 -0.0037869 0.0052576 
1721  0.010334 -1.9812 0.98051 0.0037385 0.0053237 
1722  0.010534 -1.9728 0.97887 0.0016355 0.0053032 
1723  0.010934 -1.9564 0.97473 -0.0034638 0.0052606 
1724  0.010667 -1.9673 0.97763 0.0066494 0.0053454 
1725  0.0096006 -2.0135 0.98458 -0.0053464 0.0052488 
1726  0.0097340 -2.0075 0.98406 -0.00068328 0.0052838 
1727  0.0095340 -2.0166 0.98482 -0.0040768 0.0052555 
1728  0.0094006 -2.0227 0.98526 -0.00088111 0.0052839 
1729  0.010867 -1.9591 0.97545 -0.0042513 0.0052571 
1730  0.0071338 -2.1436 0.98741 0.00087068 0.0052818 
1731  0.0087339 -2.0550 0.98662 -0.00028956 0.0052708 
1732  0.0098007 -2.0045 0.98379 0.0012909 0.0052841 
1733  0.010467 -1.9756 0.97949 -0.0043079 0.0052552 
1734  0.010001 -1.9956 0.98275 -0.0030122 0.0052609 
1735  0.010067 -1.9927 0.98236 -0.0049023 0.0052532 
1736  0.0091339 -2.0354 0.98595 -0.0021612 0.0052662 
1737  0.0095340 -2.0166 0.98482 0.0048694 0.0053166 
1738  0.0099340 -1.9985 0.98312 7.9138e-05 0.0052842 
1739  0.0095340 -2.0166 0.98482 0.0048087 0.0053226 
1740  0.010001 -1.9956 0.98275 -0.0036580 0.0052640 
1741  0.011267 -1.9433 0.97107 0.0027959 0.0053101 
1742  0.0091339 -2.0354 0.98595 -0.0053520 0.0052501 
1743  0.013068 -1.8781 0.95774 0.010243 0.0053885 
1744  0.010534 -1.9728 0.97887 0.0041167 0.0053237 
1745  0.0099340 -1.9985 0.98312 -0.0045513 0.0052538 
1746  0.0098007 -2.0045 0.98379 -0.0046056 0.0052540 
1747  0.019601 -1.6991 0.91463 0.021039 0.0055230 
1748  0.0090673 -2.0386 0.98608 0.00098782 0.0052802 
1749  0.0094006 -2.0227 0.98526 -0.0012903 0.0052718 
1750  0.0098673 -2.0015 0.98347 -0.0052832 0.0052529 
1751  0.010801 -1.9618 0.97621 -0.0056165 0.0052480 
1752  0.010601 -1.9700 0.97820 -0.0064183 0.0052487 
1753  0.012467 -1.8988 0.96097 0.0064965 0.0053487 
1754  0.0096006 -2.0135 0.98458 -0.0047419 0.0052543 
1755  0.010667 -1.9673 0.97763 -0.0062992 0.0052487 
1756  0.010067 -1.9927 0.98236 -0.0034332 0.0052632 
1757  0.0096006 -2.0135 0.98458 0.0020550 0.0053027 
1758  0.0094673 -2.0196 0.98505 -0.0033086 0.0052648 
1759  0.0095340 -2.0166 0.98482 -0.0012887 0.0052745 
1760  0.0088006 -2.0516 0.98653 -0.0025571 0.0052632 
1761  0.010067 -1.9927 0.98236 0.0033510 0.0053060 
1762  0.0098673 -2.0015 0.98347 -0.0053850 0.0052537 
1763  0.0096006 -2.0135 0.98458 -0.0063004 0.0052473 
1764  0.0076672 -2.1120 0.98734 -0.0037160 0.0052543 
1765  0.010667 -1.9673 0.97763 -0.0024635 0.0052737 
1766  0.0091339 -2.0354 0.98595 -0.0019759 0.0052693 
1767  0.0093340 -2.0259 0.98544 -0.0040770 0.0052572 
1768  0.011334 -1.9407 0.97032 -0.0013106 0.0052839 
1769  0.010867 -1.9591 0.97545 -0.0048043 0.0052557 
1770  0.026668 -1.5623 0.85267 0.031392 0.0056783 
1771  0.010001 -1.9956 0.98275 -0.0055558 0.0052488 
1772  0.0083339 -2.0755 0.98705 -0.0040500 0.0052561 
1773  0.0096006 -2.0135 0.98458 -0.00041321 0.0052852 
1774  0.0079339 -2.0971 0.98726 -0.0018488 0.0052677 
1775  0.0092006 -2.0322 0.98579 -0.00032155 0.0052800 
1776  0.0093340 -2.0259 0.98544 0.0024809 0.0052984 
1777  0.0094006 -2.0227 0.98526 -0.00093709 0.0052724 
1778  0.0091339 -2.0354 0.98595 -0.0025295 0.0052621 
1779  0.0087339 -2.0550 0.98662 -0.0022056 0.0052655 
1780  0.0091339 -2.0354 0.98595 -0.0028327 0.0052650 
1781  0.0090006 -2.0418 0.98620 -0.0037271 0.0052554 
1782  0.0081339 -2.0862 0.98717 -0.0039797 0.0052589 
1783  0.0086672 -2.0583 0.98670 -0.0014748 0.0052672 
1784  0.011734 -1.9254 0.96634 0.0065784 0.0053420 
1785  0.010801 -1.9618 0.97621 -0.0065359 0.0052492 
1786  0.0086006 -2.0617 0.98679 0.0010047 0.0052836 
1787  0.011534 -1.9330 0.96849 0.0072059 0.0053517 
1788  0.0084672 -2.0686 0.98693 -0.0017241 0.0052673 
1789  0.010801 -1.9618 0.97621 0.0067995 0.0053423 
1790  0.0098007 -2.0045 0.98379 -0.0034849 0.0052597 
1791  0.0092006 -2.0322 0.98579 -0.0026755 0.0052620 
1792  0.010734 -1.9645 0.97679 -0.0022612 0.0052667 
1793  0.010134 -1.9898 0.98194 -0.0042772 0.0052580 
1794  0.064538 -1.1612 0.55182 0.10432 0.0068513 
1795  0.011067 -1.9511 0.97336 -0.0036456 0.0052642 
1796  0.0099340 -1.9985 0.98312 0.0039188 0.0053104 
1797  0.0096006 -2.0135 0.98458 -0.00045096 0.0052807 
1798  0.012001 -1.9155 0.96442 0.0078007 0.0053501 
1799  0.0086006 -2.0617 0.98679 -7.5290e-05 0.0052743 
1800  0.0092673 -2.0290 0.98561 -0.0060967 0.0052480 
1801  0.0090673 -2.0386 0.98608 -0.0019678 0.0052625 
1802  0.0098673 -2.0015 0.98347 -0.00093139 0.0052718 
1803  0.0092673 -2.0290 0.98561 -0.0029834 0.0052612 
1804  0.023935 -1.6104 0.88570 0.027980 0.0056369 
1805  0.010134 -1.9898 0.98194 -0.0030429 0.0052617 
1806  0.0098007 -2.0045 0.98379 0.0014763 0.0052961 
1807  0.024068 -1.6080 0.88371 0.027315 0.0056033 
1808  0.0097340 -2.0075 0.98406 -0.0028890 0.0052701 
1809  0.010134 -1.9898 0.98194 0.0040128 0.0053198 
1810  0.0078005 -2.1045 0.98730 -0.0016371 0.0052684 
1811  0.010867 -1.9591 0.97545 -0.00071757 0.0052838 
1812  0.0088673 -2.0483 0.98644 -0.0042058 0.0052557 
1813  0.010001 -1.9956 0.98275 0.0022813 0.0053010 
1814  0.010001 -1.9956 0.98275 -0.0043322 0.0052546 
1815  0.0077338 -2.1082 0.98731 -0.0011570 0.0052682 
1816  0.010067 -1.9927 0.98236 -0.0044455 0.0052524 
1817  0.0099340 -1.9985 0.98312 -0.0038642 0.0052656 
1818  0.0075338 -2.1197 0.98736 0.0010062 0.0052812 
1819  0.0088673 -2.0483 0.98644 -0.0024896 0.0052629 
1820  0.0088006 -2.0516 0.98653 -0.0014245 0.0052773 
1821  0.0086672 -2.0583 0.98670 -0.0050167 0.0052513 
1822  0.0095340 -2.0166 0.98482 -0.0041391 0.0052611 
1823  0.0098673 -2.0015 0.98347 -0.0036639 0.0052574 
1824  0.010867 -1.9591 0.97545 -0.0051550 0.0052550 
1825  0.0090673 -2.0386 0.98608 -0.0021033 0.0052669 
1826  0.010001 -1.9956 0.98275 -0.0043173 0.0052545 
1827  0.012734 -1.8895 0.95955 0.0065919 0.0053522 
1828  0.0089339 -2.0451 0.98633 0.00099429 0.0052917 
1829  0.0079339 -2.0971 0.98726 -0.0015222 0.0052684 
1830  0.010067 -1.9927 0.98236 -0.0012650 0.0052747 
1831  0.010001 -1.9956 0.98275 -0.0012654 0.0052752 
1832  0.010001 -1.9956 0.98275 -0.0037767 0.0052643 
1833  0.0080005 -2.0934 0.98723 -0.0020361 0.0052663 
1834  0.010534 -1.9728 0.97887 0.0016551 0.0053107 
1835  0.0086006 -2.0617 0.98679 -0.0036376 0.0052580 
1836  0.0092006 -2.0322 0.98579 -0.00039069 0.0052897 
1837  0.010134 -1.9898 0.98194 -0.0042158 0.0052584 
1838  0.021935 -1.6492 0.90197 0.024347 0.0055994 
1839  0.012934 -1.8826 0.95843 0.010860 0.0053874 
1840  0.0083339 -2.0755 0.98705 -0.0027825 0.0052589 
1841  0.013534 -1.8626 0.95436 0.010416 0.0053946 
1842  1.0000 1000.0 0.0000 3.3628 0.11895 
1843  1.0000 1000.0 0.0000 3.3691 0.11953 
1844  0.010467 -1.9756 0.97949 -0.0049045 0.0052562 
1845  0.0097340 -2.0075 0.98406 -0.00041293 0.0052779 
1846  0.0086006 -2.0617 0.98679 0.00069595 0.0052828 
1847  0.0092006 -2.0322 0.98579 -0.0030512 0.0052593 
1848  0.012067 -1.9131 0.96381 0.0040448 0.0053417 
1849  0.0086672 -2.0583 0.98670 0.00054721 0.0052823 
1850  0.0096673 -2.0105 0.98434 -0.0047398 0.0052563 
1851  0.0098673 -2.0015 0.98347 -0.0038933 0.0052614 
1852  0.010001 -1.9956 0.98275 0.0023030 0.0053176 
1853  0.0086672 -2.0583 0.98670 0.0037363 0.0053159 
1854  0.011667 -1.9279 0.96712 -0.0063069 0.0052497 
1855  0.010667 -1.9673 0.97763 -0.0073810 0.0052441 
1856  0.0094673 -2.0196 0.98505 -0.0020012 0.0052665 
1857  0.0087339 -2.0550 0.98662 -0.0032789 0.0052609 
1858  0.0088006 -2.0516 0.98653 0.00050919 0.0052811 
1859  0.0098673 -2.0015 0.98347 -0.0038418 0.0052592 
1860  0.0096006 -2.0135 0.98458 -0.0033490 0.0052645 
1861  0.016601 -1.7726 0.93457 0.014174 0.0054507 
1862  0.0099340 -1.9985 0.98312 0.0013675 0.0053056 
1863  0.010401 -1.9784 0.98000 0.0050014 0.0053226 
1864  0.011067 -1.9511 0.97336 0.0044539 0.0053275 
1865  0.013401 -1.8670 0.95555 0.010634 0.0053853 
1866  0.010467 -1.9756 0.97949 -0.0010852 0.0052871 
1867  0.0092006 -2.0322 0.98579 -0.0056143 0.0052458 
1868  0.0084006 -2.0720 0.98700 -0.0013025 0.0052728 
1869  0.0070671 -2.1477 0.98741 0.00036076 0.0052771 
1870  0.0096673 -2.0105 0.98434 -0.0035732 0.0052660 
1871  0.0099340 -1.9985 0.98312 -0.0044076 0.0052547 
1872  0.0086006 -2.0617 0.98679 0.00033859 0.0052863 
1873  0.010534 -1.9728 0.97887 -0.0053248 0.0052527 
1874  0.0096673 -2.0105 0.98434 -0.0057067 0.0052488 
1875  0.010267 -1.9841 0.98101 0.0059186 0.0053436 
1876  0.010801 -1.9618 0.97621 0.0012182 0.0052962 
1877  0.0096673 -2.0105 0.98434 -0.0033633 0.0052590 
1878  0.0092673 -2.0290 0.98561 -0.0029025 0.0052639 
1879  0.018201 -1.7319 0.92453 0.017582 0.0054960 
1880  0.014068 -1.8456 0.95099 0.0089654 0.0053947 
1881  0.0091339 -2.0354 0.98595 -0.0053678 0.0052526 
1882  0.0086006 -2.0617 0.98679 -0.0044255 0.0052528 
1883  0.0087339 -2.0550 0.98662 -0.00098077 0.0052764 
1884  0.0095340 -2.0166 0.98482 -0.00011185 0.0052805 
1885  0.010201 -1.9869 0.98149 -0.0060019 0.0052500 
1886  0.040936 -1.3697 0.74556 0.057411 0.0060819 
1887  0.0099340 -1.9985 0.98312 -0.0049302 0.0052510 
1888  0.010601 -1.9700 0.97820 0.0042567 0.0053153 
1889  0.010401 -1.9784 0.98000 -0.0065587 0.0052470 
1890  0.025402 -1.5840 0.86765 0.032303 0.0057449 
1891  0.0094673 -2.0196 0.98505 0.0022287 0.0053058 
1892  0.0098007 -2.0045 0.98379 -0.0031418 0.0052604 
1893  0.0098007 -2.0045 0.98379 -0.0024718 0.0052644 
1894  0.010334 -1.9812 0.98051 -0.0037595 0.0052605 
1895  0.010667 -1.9673 0.97763 -0.0011119 0.0052849 
1896  0.0098007 -2.0045 0.98379 -0.0038785 0.0052527 
1897  0.0095340 -2.0166 0.98482 -0.0030112 0.0052678 
1898  0.0080672 -2.0898 0.98720 -0.0029838 0.0052612 
1899  0.014668 -1.8272 0.94681 0.013542 0.0054382 
1900  0.0083339 -2.0755 0.98705 -0.0015973 0.0052721 
1901  0.0097340 -2.0075 0.98406 -0.0037459 0.0052585 
1902  0.0095340 -2.0166 0.98482 -0.0041024 0.0052584 
1903  0.0091339 -2.0354 0.98595 -0.0010249 0.0052714 
1904  0.0096006 -2.0135 0.98458 -0.00039914 0.0052781 
1905  0.0099340 -1.9985 0.98312 -0.0031532 0.0052638 
1906  0.011201 -1.9459 0.97182 -0.0046965 0.0052572 
1907  0.011534 -1.9330 0.96849 0.0065406 0.0053440 
1908  0.010201 -1.9869 0.98149 0.00037042 0.0052847 
1909  0.010067 -1.9927 0.98236 0.0030928 0.0053068 
1910  0.010067 -1.9927 0.98236 0.0030239 0.0053103 
1911  0.0096006 -2.0135 0.98458 -0.0051408 0.0052494 
1912  0.010001 -1.9956 0.98275 -0.0049005 0.0052550 
1913  0.0071338 -2.1436 0.98741 0.00017933 0.0052713 
1914  0.0083339 -2.0755 0.98705 -0.0045154 0.0052523 
1915  0.012868 -1.8849 0.95887 0.0093178 0.0053891 
1916  0.026268 -1.5690 0.85615 0.031160 0.0056740 
1917  0.0087339 -2.0550 0.98662 0.0018438 0.0052995 
1918  0.0088673 -2.0483 0.98644 0.0031508 0.0053037 
1919  0.010201 -1.9869 0.98149 -0.0038473 0.0052558 
1920  0.0097340 -2.0075 0.98406 0.0040955 0.0053209 
1921  0.0088673 -2.0483 0.98644 -0.00075410 0.0052690 
1922  0.0098673 -2.0015 0.98347 0.0029689 0.0053066 
1923  0.0082005 -2.0826 0.98714 -0.0016633 0.0052697 
1924  0.0086672 -2.0583 0.98670 -0.00099900 0.0052772 
1925  0.010334 -1.9812 0.98051 0.00028670 0.0052869 
1926  0.025002 -1.5910 0.87357 0.027439 0.0055979 
1927  0.0098673 -2.0015 0.98347 -0.00033046 0.0052842 
1928  0.0086672 -2.0583 0.98670 -0.0037934 0.0052597 
1929  0.0088673 -2.0483 0.98644 0.0010540 0.0052883 
1930  0.0071338 -2.1436 0.98741 -0.00044592 0.0052718 
1931  0.0096006 -2.0135 0.98458 -0.0039448 0.0052566 
1932  0.010867 -1.9591 0.97545 0.0012484 0.0052944 
1933  0.0089339 -2.0451 0.98633 -0.0023833 0.0052643 
1934  0.010134 -1.9898 0.98194 -0.0034883 0.0052637 
1935  0.0092673 -2.0290 0.98561 -0.00071541 0.0052887 
1936  0.010467 -1.9756 0.97949 -0.0025590 0.0052688 
1937  0.0080672 -2.0898 0.98720 0.00059633 0.0052764 
1938  0.0082672 -2.0790 0.98710 -0.00059084 0.0052746 
1939  0.0072005 -2.1395 0.98740 3.2424e-05 0.0052742 
1940  0.010867 -1.9591 0.97545 0.0049576 0.0053460 
1941  0.0098007 -2.0045 0.98379 0.0048890 0.0053268 
1942  0.0078672 -2.1008 0.98728 0.00042768 0.0052885 
1943  0.0090006 -2.0418 0.98620 -0.0019588 0.0052651 
1944  0.010067 -1.9927 0.98236 -0.0062367 0.0052473 
1945  0.010001 -1.9956 0.98275 0.00082483 0.0052854 
1946  0.0096673 -2.0105 0.98434 -0.0042790 0.0052555 
1947  0.0087339 -2.0550 0.98662 -0.0030543 0.0052624 
1948  0.0090673 -2.0386 0.98608 -0.0019309 0.0052705 
1949  0.0079339 -2.0971 0.98726 -0.0016169 0.0052668 
1950  0.019935 -1.6916 0.91287 0.023886 0.0056046 
1951  0.010534 -1.9728 0.97887 -0.0034288 0.0052609 
1952  0.013201 -1.8736 0.95675 0.0090443 0.0053924 
1953  0.0078672 -2.1008 0.98728 -0.0013907 0.0052686 
1954  0.0093340 -2.0259 0.98544 -0.0031132 0.0052595 
1955  0.0095340 -2.0166 0.98482 -0.0014468 0.0052729 
1956  0.0098673 -2.0015 0.98347 0.00096442 0.0053040 
1957  0.0079339 -2.0971 0.98726 -0.0020856 0.0052642 
1958  0.0087339 -2.0550 0.98662 -0.0022153 0.0052659 
1959  0.0082005 -2.0826 0.98714 -0.0050168 0.0052500 
1960  0.0096006 -2.0135 0.98458 -0.00076660 0.0052732 
1961  0.010667 -1.9673 0.97763 -0.0066198 0.0052484 
1962  0.010067 -1.9927 0.98236 -0.00089033 0.0052792 
1963  0.0092006 -2.0322 0.98579 0.0025618 0.0052968 
1964  0.010201 -1.9869 0.98149 -0.0051181 0.0052509 
1965  0.0095340 -2.0166 0.98482 -0.0040718 0.0052534 
1966  0.018268 -1.7303 0.92360 0.018118 0.0054889 
1967  0.010134 -1.9898 0.98194 0.00079916 0.0053069 
1968  0.0096006 -2.0135 0.98458 0.0018711 0.0053107 
1969  0.010134 -1.9898 0.98194 -0.00010096 0.0052949 
1970  0.017668 -1.7451 0.92875 0.016652 0.0054823 
1971  0.017535 -1.7484 0.92998 0.016777 0.0054649 
1972  0.010201 -1.9869 0.98149 -0.0048037 0.0052509 
1973  0.010067 -1.9927 0.98236 -0.0054464 0.0052493 
1974  0.0098007 -2.0045 0.98379 -0.0031024 0.0052666 
1975  0.0080672 -2.0898 0.98720 -0.0017965 0.0052652 
1976  0.0086672 -2.0583 0.98670 -0.0022490 0.0052642 
1977  0.011601 -1.9304 0.96780 -0.0078133 0.0052447 
1978  0.0082005 -2.0826 0.98714 -0.0029860 0.0052569 
1979  0.012868 -1.8849 0.95887 0.010508 0.0053927 
1980  0.011934 -1.9180 0.96486 0.0068801 0.0053381 
1981  0.0094006 -2.0227 0.98526 -0.0030228 0.0052608 
1982  0.011001 -1.9538 0.97401 0.0046986 0.0053278 
1983  0.010467 -1.9756 0.97949 0.0035012 0.0053177 
1984  0.0092673 -2.0290 0.98561 -9.0853e-05 0.0052838 
1985  0.0090006 -2.0418 0.98620 -0.0036610 0.0052550 
1986  0.013468 -1.8648 0.95462 0.0073657 0.0053669 
1987  0.010734 -1.9645 0.97679 0.0038935 0.0053165 
1988  0.0094006 -2.0227 0.98526 -0.0027077 0.0052619 
1989  0.0090673 -2.0386 0.98608 -0.0042049 0.0052550 
1990  0.0083339 -2.0755 0.98705 -0.0043909 0.0052528 
1991  0.0098007 -2.0045 0.98379 0.0024284 0.0052956 
1992  0.010134 -1.9898 0.98194 0.00068104 0.0052944 
1993  0.0096006 -2.0135 0.98458 -0.0025621 0.0052674 
1994  0.0072672 -2.1355 0.98739 -0.00012769 0.0052727 
1995  0.0096006 -2.0135 0.98458 0.0017865 0.0053020 
1996  0.020535 -1.6785 0.90994 0.018863 0.0055123 
1997  0.020735 -1.6742 0.90794 0.022052 0.0055409 
1998  0.010467 -1.9756 0.97949 -0.0029188 0.0052727 
1999  0.010067 -1.9927 0.98236 -0.0059557 0.0052506 
2000  0.0082005 -2.0826 0.98714 -0.0012494 0.0052683 
2001  0.0098007 -2.0045 0.98379 -0.0045186 0.0052571 
2002  0.0099340 -1.9985 0.98312 -0.00053251 0.0052752 
2003  0.012134 -1.9107 0.96319 0.0077821 0.0053676 
2004  0.0091339 -2.0354 0.98595 0.00052400 0.0052884 
2005  0.0098007 -2.0045 0.98379 -0.0036004 0.0052609 
2006  0.0096673 -2.0105 0.98434 -0.0036992 0.0052570 
2007  0.0086672 -2.0583 0.98670 -0.0027040 0.0052625 
2008  0.010267 -1.9841 0.98101 -0.0029317 0.0052632 
2009  0.0090673 -2.0386 0.98608 -0.0021751 0.0052663 
2010  0.011601 -1.9304 0.96780 0.0076681 0.0053620 
2011  0.011201 -1.9459 0.97182 -0.0054956 0.0052536 
2012  0.011534 -1.9330 0.96849 0.0045124 0.0053391 
2013  0.010467 -1.9756 0.97949 -0.0044897 0.0052578 
2014  0.0090673 -2.0386 0.98608 -0.0018771 0.0052750 
2015  0.010134 -1.9898 0.98194 -0.0038387 0.0052577 
2016  0.0092673 -2.0290 0.98561 -0.0015228 0.0052750 
2017  0.0096006 -2.0135 0.98458 -0.0045273 0.0052556 
2018  0.0091339 -2.0354 0.98595 -0.0022893 0.0052698 
2019  0.010734 -1.9645 0.97679 0.0050822 0.0053219 
2020  0.010667 -1.9673 0.97763 -0.0042016 0.0052653 
2021  0.0092006 -2.0322 0.98579 -0.0047184 0.0052565 
2022  0.020268 -1.6843 0.91130 0.018887 0.0054811 
2023  0.010334 -1.9812 0.98051 -0.0044118 0.0052567 
2024  0.0089339 -2.0451 0.98633 -0.0045761 0.0052562 
2025  0.014134 -1.8435 0.95036 0.012203 0.0054237 
2026  0.010401 -1.9784 0.98000 -0.0067916 0.0052461 
2027  0.0085339 -2.0651 0.98687 3.3411e-05 0.0052769 
2028  0.010067 -1.9927 0.98236 -0.0032996 0.0052629 
2029  0.0080005 -2.0934 0.98723 -0.0026237 0.0052578 
2030  0.0094673 -2.0196 0.98505 -0.0027827 0.0052635 
2031  0.0094006 -2.0227 0.98526 0.0028553 0.0053008 
2032  0.012334 -1.9035 0.96201 0.011604 0.0054019 
2033  0.010401 -1.9784 0.98000 -0.0025670 0.0052642 
2034  0.0094673 -2.0196 0.98505 -0.0017572 0.0052701 
2035  0.0098673 -2.0015 0.98347 -0.0063160 0.0052488 
2036  0.0096006 -2.0135 0.98458 -0.0047328 0.0052518 
2037  0.010467 -1.9756 0.97949 0.0020392 0.0053066 
2038  0.0092673 -2.0290 0.98561 -0.0014837 0.0052717 
2039  0.0087339 -2.0550 0.98662 0.00064643 0.0052949 
2040  0.010067 -1.9927 0.98236 -0.0051545 0.0052531 
2041  0.0082005 -2.0826 0.98714 -0.0033873 0.0052597 
2042  0.010201 -1.9869 0.98149 -0.0030729 0.0052634 
2043  0.0090006 -2.0418 0.98620 -0.0013537 0.0052764 
2044  0.0079339 -2.0971 0.98726 -0.00080514 0.0052682 
2045  0.0089339 -2.0451 0.98633 -0.0027409 0.0052638 
2046  0.0096673 -2.0105 0.98434 -0.0028914 0.0052656 
2047  0.0084672 -2.0686 0.98693 -0.0030442 0.0052588 
2048  0.010534 -1.9728 0.97887 -0.0026444 0.0052644 
2049  0.0090673 -2.0386 0.98608 0.00058341 0.0052951 
2050  0.010067 -1.9927 0.98236 -0.0023398 0.0052758 
2051  0.010534 -1.9728 0.97887 0.00024229 0.0052849 
2052  0.0080005 -2.0934 0.98723 -0.00098150 0.0052703 
2053  0.010534 -1.9728 0.97887 0.0024792 0.0053077 
2054  0.013868 -1.8519 0.95230 0.0093155 0.0054110 
2055  0.010001 -1.9956 0.98275 -0.0047254 0.0052567 
2056  0.010401 -1.9784 0.98000 -0.0013994 0.0052729 
2057  0.066071 -1.1503 0.52929 0.10603 0.0069409 
2058  0.0094673 -2.0196 0.98505 -0.0023639 0.0052657 
2059  0.0099340 -1.9985 0.98312 -0.0040299 0.0052608 
2060  0.0098007 -2.0045 0.98379 -0.0035208 0.0052590 
2061  0.011001 -1.9538 0.97401 -0.0013358 0.0052795 
2062  0.0095340 -2.0166 0.98482 -0.0020024 0.0052718 
2063  0.0082005 -2.0826 0.98714 -0.00065123 0.0052716 
2064  0.0083339 -2.0755 0.98705 -0.00090151 0.0052673 
2065  0.0079339 -2.0971 0.98726 -0.0025572 0.0052618 
2066  0.0070005 -2.1518 0.98742 -0.0018381 0.0052618 
2067  0.010201 -1.9869 0.98149 -0.0048103 0.0052547 
2068  0.011134 -1.9485 0.97262 -0.0060463 0.0052490 
2069  0.010801 -1.9618 0.97621 -0.0019442 0.0052702 
2070  0.0092673 -2.0290 0.98561 0.0021211 0.0052958 
2071  0.010801 -1.9618 0.97621 -0.0039694 0.0052613 
2072  0.010001 -1.9956 0.98275 -0.0050692 0.0052526 
2073  0.0096673 -2.0105 0.98434 -0.0023659 0.0052716 
2074  0.0096673 -2.0105 0.98434 0.0043315 0.0053173 
2075  0.011134 -1.9485 0.97262 0.0040194 0.0053421 
2076  0.011067 -1.9511 0.97336 0.0053253 0.0053361 
2077  0.011401 -1.9381 0.96972 -0.0062744 0.0052499 
2078  0.0095340 -2.0166 0.98482 -0.0039901 0.0052551 
2079  0.012534 -1.8964 0.96060 0.0095856 0.0054047 
2080  0.0081339 -2.0862 0.98717 -0.0035579 0.0052585 
2081  0.0093340 -2.0259 0.98544 -0.0041288 0.0052572 
2082  0.011534 -1.9330 0.96849 -0.0072752 0.0052451 
2083  0.010067 -1.9927 0.98236 -0.0045036 0.0052554 
2084  0.0092006 -2.0322 0.98579 -0.0053311 0.0052505 
2085  0.0097340 -2.0075 0.98406 -0.0012002 0.0052842 
2086  0.0095340 -2.0166 0.98482 0.0010277 0.0052854 
2087  0.0090673 -2.0386 0.98608 -0.0038155 0.0052555 
2088  0.0098007 -2.0045 0.98379 -0.0014394 0.0052724 
2089  0.0098007 -2.0045 0.98379 -0.00028381 0.0052853 
2090  0.0092673 -2.0290 0.98561 0.0015799 0.0052986 
2091  0.0090673 -2.0386 0.98608 -0.00095621 0.0052748 
2092  0.0089339 -2.0451 0.98633 -0.0028219 0.0052589 
2093  0.0084006 -2.0720 0.98700 -0.0029729 0.0052594 
2094  0.0088006 -2.0516 0.98653 -0.0026377 0.0052675 
2095  0.0089339 -2.0451 0.98633 -0.0019901 0.0052695 
2096  0.010001 -1.9956 0.98275 -0.00053995 0.0052807 
2097  0.0097340 -2.0075 0.98406 -0.0053371 0.0052498 
2098  0.0081339 -2.0862 0.98717 0.0028407 0.0052959 
2099  0.011201 -1.9459 0.97182 0.0053449 0.0053329 
2100  0.0096673 -2.0105 0.98434 -0.00041393 0.0052850 
2101  0.0099340 -1.9985 0.98312 0.0021549 0.0053172 
2102  0.0094673 -2.0196 0.98505 -0.0044256 0.0052558 
2103  0.0099340 -1.9985 0.98312 0.0024291 0.0053127 
2104  0.0092673 -2.0290 0.98561 -0.0035652 0.0052589 
2105  0.0090673 -2.0386 0.98608 -0.0017198 0.0052703 
2106  0.0090673 -2.0386 0.98608 0.0022410 0.0053016 
2107  0.0094006 -2.0227 0.98526 0.00058364 0.0052852 
2108  0.014468 -1.8333 0.94777 0.011106 0.0054104 
2109  0.011401 -1.9381 0.96972 0.0034875 0.0053045 
2110  0.010201 -1.9869 0.98149 -0.0015355 0.0052771 
2111  0.010134 -1.9898 0.98194 -0.0026417 0.0052670 
2112  0.0096673 -2.0105 0.98434 -0.0044697 0.0052532 
2113  0.0092673 -2.0290 0.98561 0.00015923 0.0052787 
2114  0.011201 -1.9459 0.97182 -0.0063601 0.0052469 
2115  0.0089339 -2.0451 0.98633 -0.0018928 0.0052672 
2116  0.0093340 -2.0259 0.98544 0.00020299 0.0052904 
2117  0.011267 -1.9433 0.97107 -0.0050972 0.0052560 
2118  0.015201 -1.8115 0.94288 0.013635 0.0054431 
2119  0.010067 -1.9927 0.98236 -0.0018201 0.0052669 
2120  0.010667 -1.9673 0.97763 -0.0046116 0.0052592 
2121  0.011001 -1.9538 0.97401 -0.0048235 0.0052545 
2122  0.018201 -1.7319 0.92453 0.019691 0.0055379 
2123  0.010134 -1.9898 0.98194 -0.0030443 0.0052645 
2124  0.0090006 -2.0418 0.98620 -0.0023109 0.0052625 
2125  0.0097340 -2.0075 0.98406 -0.00075904 0.0052789 
2126  0.0091339 -2.0354 0.98595 -0.0032073 0.0052637 
2127  0.0083339 -2.0755 0.98705 -0.0012574 0.0052672 
2128  0.010801 -1.9618 0.97621 -0.0067160 0.0052534 
2129  0.013134 -1.8759 0.95719 0.0092950 0.0053821 
2130  0.0096673 -2.0105 0.98434 -0.0028816 0.0052596 
2131  0.010201 -1.9869 0.98149 -0.0060011 0.0052469 
2132  0.010667 -1.9673 0.97763 0.0045649 0.0053150 
2133  0.0093340 -2.0259 0.98544 -0.0016253 0.0052702 
2134  0.0088673 -2.0483 0.98644 -0.00035067 0.0052764 
2135  0.0072005 -2.1395 0.98740 -0.0010653 0.0052666 
2136  0.0088673 -2.0483 0.98644 -0.0037204 0.0052586 
2137  0.0094006 -2.0227 0.98526 0.0027171 0.0053040 
2138  0.0097340 -2.0075 0.98406 -0.0045255 0.0052559 
2139  0.012334 -1.9035 0.96201 0.0059407 0.0053457 
2140  0.0086672 -2.0583 0.98670 -0.0030978 0.0052593 
2141  0.0084006 -2.0720 0.98700 -0.0047900 0.0052533 
2142  0.0093340 -2.0259 0.98544 -0.0049765 0.0052519 
2143  0.0090673 -2.0386 0.98608 -0.0018348 0.0052724 
2144  0.0074672 -2.1236 0.98737 0.00055487 0.0052780 
2145  0.0093340 -2.0259 0.98544 0.0031999 0.0053191 
2146  0.0092006 -2.0322 0.98579 0.0036073 0.0053021 
2147  0.0095340 -2.0166 0.98482 -0.0040347 0.0052554 
2148  0.010001 -1.9956 0.98275 -0.0030560 0.0052646 
2149  0.0090006 -2.0418 0.98620 -0.0035304 0.0052605 
2150  0.025535 -1.5816 0.86625 0.030455 0.0056866 
2151  0.0091339 -2.0354 0.98595 -0.0023487 0.0052674 
2152  0.0088673 -2.0483 0.98644 -2.7957e-05 0.0052826 
2153  0.0091339 -2.0354 0.98595 -0.00044130 0.0052770 
2154  0.0098007 -2.0045 0.98379 0.0017517 0.0053028 
2155  0.0094006 -2.0227 0.98526 -0.0042479 0.0052595 
2156  0.0097340 -2.0075 0.98406 -0.0015841 0.0052744 
2157  0.0094006 -2.0227 0.98526 -0.0049671 0.0052512 
2158  0.010334 -1.9812 0.98051 -0.0049452 0.0052535 
2159  0.0099340 -1.9985 0.98312 -0.0021293 0.0052731 
2160  0.010801 -1.9618 0.97621 0.0045150 0.0053443 
2161  0.0098673 -2.0015 0.98347 -0.0047728 0.0052539 
2162  0.010401 -1.9784 0.98000 -0.0057962 0.0052485 
2163  0.0096006 -2.0135 0.98458 -0.0035861 0.0052602 
2164  0.0097340 -2.0075 0.98406 -0.0044990 0.0052535 
2165  0.0093340 -2.0259 0.98544 -0.0020217 0.0052696 
2166  0.0096006 -2.0135 0.98458 -0.0025625 0.0052662 
2167  0.0094673 -2.0196 0.98505 -0.0025918 0.0052692 
2168  0.0096673 -2.0105 0.98434 0.0039006 0.0053089 
2169  0.011334 -1.9407 0.97032 0.00035917 0.0053076 
2170  0.0090673 -2.0386 0.98608 -0.0036033 0.0052583 
2171  0.025335 -1.5851 0.86834 0.032126 0.0057115 
2172  0.0078672 -2.1008 0.98728 -0.0017584 0.0052657 
2173  0.011134 -1.9485 0.97262 -0.0070392 0.0052464 
2174  0.0076672 -2.1120 0.98734 -0.0035095 0.0052558 
2175  0.0099340 -1.9985 0.98312 -0.0028578 0.0052677 
2176  0.011801 -1.9229 0.96574 0.0079579 0.0053633 
2177  0.0085339 -2.0651 0.98687 -0.0025669 0.0052612 
2178  0.0081339 -2.0862 0.98717 -0.00092627 0.0052695 
2179  0.0093340 -2.0259 0.98544 -0.0023873 0.0052629 
2180  0.010934 -1.9564 0.97473 0.0049695 0.0053264 
2181  0.0093340 -2.0259 0.98544 3.8869e-05 0.0052813 
2182  0.010934 -1.9564 0.97473 -0.0061057 0.0052503 
2183  0.0096006 -2.0135 0.98458 -0.0044256 0.0052541 
2184  0.0071338 -2.1436 0.98741 0.00036924 0.0052734 
2185  0.010734 -1.9645 0.97679 0.0025817 0.0053095 
2186  0.015268 -1.8095 0.94279 0.013656 0.0054123 
2187  0.0086006 -2.0617 0.98679 -0.0028631 0.0052610 
2188  0.0084672 -2.0686 0.98693 -0.0031452 0.0052543 
2189  0.0084006 -2.0720 0.98700 -0.0029138 0.0052610 
2190  0.0093340 -2.0259 0.98544 0.0023980 0.0052924 
2191  0.0092006 -2.0322 0.98579 -0.0044114 0.0052564 
2192  0.022535 -1.6372 0.89655 0.024853 0.0055854 
2193  0.016601 -1.7726 0.93457 0.014786 0.0054510 
2194  0.0095340 -2.0166 0.98482 0.0026991 0.0053076 
2195  0.0084006 -2.0720 0.98700 0.00035934 0.0052836 
2196  0.017068 -1.7603 0.93202 0.016234 0.0054705 
2197  0.0098673 -2.0015 0.98347 -0.0042042 0.0052544 
2198  0.012067 -1.9131 0.96381 -0.0060583 0.0052533 
2199  0.0078672 -2.1008 0.98728 -0.0028845 0.0052581 
2200  0.0098673 -2.0015 0.98347 -0.0028023 0.0052625 
2201  0.0086672 -2.0583 0.98670 -0.0050513 0.0052483 
2202  0.0091339 -2.0354 0.98595 -0.0042431 0.0052572 
2203  0.0094673 -2.0196 0.98505 -0.0055729 0.0052512 
2204  0.0082005 -2.0826 0.98714 -0.0031353 0.0052538 
2205  0.010734 -1.9645 0.97679 -0.0061656 0.0052462 
2206  0.0095340 -2.0166 0.98482 -0.00030589 0.0052830 
2207  0.0092006 -2.0322 0.98579 -0.0013001 0.0052785 
2208  0.0091339 -2.0354 0.98595 0.0015048 0.0052938 
2209  0.010867 -1.9591 0.97545 0.0045814 0.0053227 
2210  0.0094673 -2.0196 0.98505 -0.0028970 0.0052664 
2211  0.0098007 -2.0045 0.98379 -0.0010641 0.0052728 
2212  0.010934 -1.9564 0.97473 -0.0047430 0.0052558 
2213  0.0089339 -2.0451 0.98633 -0.0050222 0.0052530 
2214  0.0092673 -2.0290 0.98561 0.00067739 0.0052904 
2215  0.0099340 -1.9985 0.98312 0.0035361 0.0053115 
2216  0.0092673 -2.0290 0.98561 0.00094137 0.0052877 
2217  0.010001 -1.9956 0.98275 -0.0053352 0.0052497 
2218  0.012067 -1.9131 0.96381 0.0079219 0.0053630 
2219  0.0083339 -2.0755 0.98705 -0.0041674 0.0052517 
2220  0.0092006 -2.0322 0.98579 -0.0036287 0.0052567 
2221  0.010134 -1.9898 0.98194 -0.0053152 0.0052539 
2222  0.010201 -1.9869 0.98149 -0.0031179 0.0052639 
2223  0.0094006 -2.0227 0.98526 -9.1655e-05 0.0052837 
2224  1.0000 1000.0 0.0000 2.9702 0.087407 
2225  0.0083339 -2.0755 0.98705 0.0036154 0.0053015 
2226  0.0089339 -2.0451 0.98633 -0.0026271 0.0052714 
2227  0.0094673 -2.0196 0.98505 -0.0021578 0.0052688 
2228  0.0096006 -2.0135 0.98458 -0.00019660 0.0052755 
2229  0.025868 -1.5758 0.86024 0.029455 0.0056368 
2230  0.010934 -1.9564 0.97473 -0.0061369 0.0052500 
2231  0.036602 -1.4203 0.76770 0.058135 0.0062878 
2232  0.010534 -1.9728 0.97887 -0.0036235 0.0052627 
2233  0.0086006 -2.0617 0.98679 -0.0048980 0.0052523 
2234  0.010867 -1.9591 0.97545 -0.0047150 0.0052556 
2235  0.0090673 -2.0386 0.98608 -0.00041235 0.0052807 
2236  0.023135 -1.6256 0.89123 0.022519 0.0055137 
2237  0.010401 -1.9784 0.98000 -0.0025214 0.0052632 
2238  0.010067 -1.9927 0.98236 0.00010920 0.0052829 
2239  0.011201 -1.9459 0.97182 -0.0066825 0.0052493 
2240  0.0084006 -2.0720 0.98700 -0.0012915 0.0052666 
2241  0.0090006 -2.0418 0.98620 -0.00096533 0.0052729 
2242  0.027602 -1.5469 0.84708 0.039073 0.0059433 
2243  0.0089339 -2.0451 0.98633 0.0033429 0.0053104 
2244  0.014134 -1.8435 0.95036 0.011125 0.0054077 
2245  0.0098007 -2.0045 0.98379 0.0014040 0.0053145 
2246  0.0084672 -2.0686 0.98693 -0.0040367 0.0052516 
2247  0.0091339 -2.0354 0.98595 -0.0052904 0.0052508 
2248  0.0083339 -2.0755 0.98705 -0.00058484 0.0052773 
2249  0.0087339 -2.0550 0.98662 -0.0042264 0.0052547 
2250  0.010067 -1.9927 0.98236 0.00080531 0.0053060 
2251  0.0088673 -2.0483 0.98644 -0.0032537 0.0052547 
2252  0.0085339 -2.0651 0.98687 -0.0019147 0.0052671 
2253  0.010067 -1.9927 0.98236 -0.0028125 0.0052607 
2254  0.011267 -1.9433 0.97107 -0.0024269 0.0052687 
2255  0.0099340 -1.9985 0.98312 0.0016773 0.0052976 
2256  0.0093340 -2.0259 0.98544 -0.0029509 0.0052643 
2257  0.031802 -1.4835 0.81132 0.040082 0.0058231 
2258  0.019001 -1.7129 0.91920 0.019017 0.0055165 
2259  0.014201 -1.8415 0.94991 0.011587 0.0054147 
2260  0.010334 -1.9812 0.98051 -0.0013959 0.0052793 
2261  0.010067 -1.9927 0.98236 0.00039717 0.0052934 
2262  0.015334 -1.8076 0.94205 0.014758 0.0054387 
2263  0.010067 -1.9927 0.98236 -0.0033340 0.0052600 
2264  0.0090673 -2.0386 0.98608 -0.0010344 0.0052808 
2265  0.0088006 -2.0516 0.98653 -0.0014251 0.0052723 
2266  0.017868 -1.7401 0.92646 0.018344 0.0054837 
2267  0.012134 -1.9107 0.96319 0.0071339 0.0053594 
2268  0.010801 -1.9618 0.97621 -0.0048873 0.0052558 
2269  0.0091339 -2.0354 0.98595 0.00080993 0.0052951 
2270  0.0089339 -2.0451 0.98633 0.00078614 0.0052834 
2271  0.0080005 -2.0934 0.98723 0.0013707 0.0052906 
2272  0.010801 -1.9618 0.97621 -0.0045336 0.0052536 
2273  0.013801 -1.8541 0.95276 0.010010 0.0053913 
2274  0.0094006 -2.0227 0.98526 0.0017147 0.0053009 
2275  0.0089339 -2.0451 0.98633 -0.0025884 0.0052602 
2276  0.011934 -1.9180 0.96486 0.0080087 0.0053648 
2277  0.0088006 -2.0516 0.98653 -0.0038189 0.0052555 
2278  0.0093340 -2.0259 0.98544 -0.0029280 0.0052631 
2279  0.0091339 -2.0354 0.98595 -0.0022168 0.0052636 
2280  1.0000 1000.0 0.0000 3.0638 0.093638 
2281  0.017868 -1.7401 0.92646 0.016008 0.0054552 
2282  0.98427 1.7963 0.0028062 2.2363 0.050525 
2283  0.96366 1.4236 0.0056004 2.1452 0.047686 
2284  0.018868 -1.7160 0.91984 0.019227 0.0055146 
2285  0.0077338 -2.1082 0.98731 0.0013049 0.0052911 
2286  0.95493 1.3261 0.0086365 2.1740 0.049157 
2287  0.0082005 -2.0826 0.98714 -0.0011904 0.0052689 
2288  0.99500 2.2988 0.00064449 2.5029 0.062577 
2289  0.030869 -1.4969 0.82298 0.039606 0.0057947 
2290  0.011267 -1.9433 0.97107 0.0042176 0.0053276 
2291  0.0091339 -2.0354 0.98595 -0.0021059 0.0052668 
2292  0.010667 -1.9673 0.97763 -0.0029267 0.0052675 
2293  0.010667 -1.9673 0.97763 -0.0052788 0.0052567 
2294  0.011067 -1.9511 0.97336 0.0069467 0.0053384 
2295  0.011867 -1.9205 0.96531 -0.0059568 0.0052569 
2296  0.0079339 -2.0971 0.98726 0.00081079 0.0052856 
2297  0.014468 -1.8333 0.94777 0.010765 0.0053877 
2298  0.0087339 -2.0550 0.98662 0.00012073 0.0052837 
2299  0.0093340 -2.0259 0.98544 -0.0028333 0.0052622 
2300  0.019335 -1.7052 0.91630 0.019282 0.0055053 
2301  0.010001 -1.9956 0.98275 -0.0024450 0.0052657 
2302  0.0090006 -2.0418 0.98620 0.00033146 0.0052897 
2303  0.0088006 -2.0516 0.98653 0.0017618 0.0052918 
2304  0.0086006 -2.0617 0.98679 -0.0021102 0.0052677 
2305  0.010001 -1.9956 0.98275 -0.0059919 0.0052475 
2306  0.010334 -1.9812 0.98051 0.0056310 0.0053330 
2307  0.018001 -1.7368 0.92542 0.017595 0.0054901 
2308  0.0078672 -2.1008 0.98728 -0.0016907 0.0052606 
2309  0.0090673 -2.0386 0.98608 -0.0045741 0.0052519 
2310  0.0088006 -2.0516 0.98653 -0.0035652 0.0052589 
2311  0.0092006 -2.0322 0.98579 -0.0043665 0.0052534 
2312  0.0083339 -2.0755 0.98705 -0.0047095 0.0052492 
2313  0.0090006 -2.0418 0.98620 -0.0019918 0.0052685 
2314  0.010067 -1.9927 0.98236 -0.0023117 0.0052699 
2315  0.010201 -1.9869 0.98149 -0.0061349 0.0052464 
2316  0.010067 -1.9927 0.98236 -0.0045794 0.0052585 
2317  0.011667 -1.9279 0.96712 -0.0047106 0.0052555 
2318  0.0090673 -2.0386 0.98608 -0.0014148 0.0052697 
2319  0.0096673 -2.0105 0.98434 -0.0016211 0.0052699 
2320  0.0084006 -2.0720 0.98700 -0.0023104 0.0052644 
2321  0.010001 -1.9956 0.98275 -0.0021079 0.0052713 
2322  0.0084672 -2.0686 0.98693 -0.0020269 0.0052695 
2323  0.011201 -1.9459 0.97182 -0.0066138 0.0052463 
2324  0.010601 -1.9700 0.97820 0.00067024 0.0053039 
2325  0.010934 -1.9564 0.97473 -0.0060298 0.0052487 
2326  0.0097340 -2.0075 0.98406 -0.0044903 0.0052548 
2327  0.0088006 -2.0516 0.98653 -0.0034130 0.0052613 
2328  0.010667 -1.9673 0.97763 0.0030032 0.0053105 
2329  0.0096673 -2.0105 0.98434 0.0021624 0.0053019 
2330  0.0092006 -2.0322 0.98579 -0.0035978 0.0052576 
2331  0.010401 -1.9784 0.98000 0.00090546 0.0052943 
2332  0.0083339 -2.0755 0.98705 0.0012377 0.0052849 
2333  0.0093340 -2.0259 0.98544 -0.0033828 0.0052580 
2334  0.0098673 -2.0015 0.98347 6.0257e-05 0.0052889 
2335  0.0098673 -2.0015 0.98347 -0.00066873 0.0052836 
2336  0.011667 -1.9279 0.96712 0.0058011 0.0053442 
2337  0.016334 -1.7797 0.93606 0.016194 0.0054664 
2338  0.010734 -1.9645 0.97679 -0.0044149 0.0052576 
2339  0.0096673 -2.0105 0.98434 0.0037065 0.0053062 
2340  0.0086006 -2.0617 0.98679 -0.0035024 0.0052569 
2341  0.011334 -1.9407 0.97032 -0.0057915 0.0052548 
2342  0.0096673 -2.0105 0.98434 -0.0041401 0.0052564 
2343  0.010601 -1.9700 0.97820 -0.0019909 0.0052755 
2344  0.0095340 -2.0166 0.98482 -0.0037602 0.0052551 
2345  0.0089339 -2.0451 0.98633 -0.0045542 0.0052542 
2346  0.010401 -1.9784 0.98000 -0.0035736 0.0052594 
2347  0.014268 -1.8394 0.94952 0.010308 0.0053840 
2348  0.010334 -1.9812 0.98051 -0.0036119 0.0052594 
2349  0.0087339 -2.0550 0.98662 -0.0023212 0.0052609 
2350  0.011267 -1.9433 0.97107 -0.0045379 0.0052581 
2351  0.019668 -1.6976 0.91413 0.018602 0.0054695 
2352  0.0093340 -2.0259 0.98544 0.0035188 0.0053057 
2353  0.011067 -1.9511 0.97336 -0.0050972 0.0052567 
2354  0.0079339 -2.0971 0.98726 0.00034483 0.0052755 
2355  0.0089339 -2.0451 0.98633 0.00065449 0.0052818 
2356  0.010001 -1.9956 0.98275 -0.0021472 0.0052736 
2357  0.010201 -1.9869 0.98149 -0.0026530 0.0052706 
2358  0.0085339 -2.0651 0.98687 -0.0023003 0.0052628 
2359  0.0083339 -2.0755 0.98705 -0.0026557 0.0052660 
2360  0.010601 -1.9700 0.97820 -0.0031971 0.0052709 
2361  0.010734 -1.9645 0.97679 0.0055135 0.0053356 
2362  0.0094673 -2.0196 0.98505 -0.0036960 0.0052572 
2363  0.0091339 -2.0354 0.98595 -0.0014174 0.0052680 
2364  0.0099340 -1.9985 0.98312 -0.0019647 0.0052733 
2365  0.0086006 -2.0617 0.98679 -0.0024295 0.0052619 
2366  0.0091339 -2.0354 0.98595 -0.0039983 0.0052551 
2367  0.010801 -1.9618 0.97621 0.0029079 0.0053217 
2368  0.0086672 -2.0583 0.98670 0.0022746 0.0052946 
2369  0.0098007 -2.0045 0.98379 0.0026671 0.0052978 
2370  0.014868 -1.8213 0.94531 0.011740 0.0054000 
2371  0.010801 -1.9618 0.97621 -0.0038718 0.0052609 
2372  0.0078672 -2.1008 0.98728 -0.00038742 0.0052740 
2373  0.0093340 -2.0259 0.98544 -0.0044983 0.0052536 
2374  0.0099340 -1.9985 0.98312 0.0034959 0.0053124 
2375  0.0097340 -2.0075 0.98406 -0.0042019 0.0052558 
2376  0.014801 -1.8232 0.94571 0.0098962 0.0054103 
2377  0.0086006 -2.0617 0.98679 -0.0018783 0.0052652 
2378  0.010001 -1.9956 0.98275 -0.0040507 0.0052602 
2379  0.015268 -1.8095 0.94279 0.012708 0.0054198 
2380  0.0088006 -2.0516 0.98653 -0.0041892 0.0052569 
2381  0.011201 -1.9459 0.97182 0.0074993 0.0053582 
2382  0.0094006 -2.0227 0.98526 0.00021196 0.0052864 
2383  0.010467 -1.9756 0.97949 0.0067064 0.0053520 
2384  0.0091339 -2.0354 0.98595 -0.0052182 0.0052482 
2385  0.010334 -1.9812 0.98051 0.0015276 0.0053053 
2386  0.0078005 -2.1045 0.98730 0.0031699 0.0053038 
2387  0.011067 -1.9511 0.97336 0.00077329 0.0052917 
2388  0.0098007 -2.0045 0.98379 0.00044214 0.0052856 
2389  0.010334 -1.9812 0.98051 0.0041692 0.0053232 
2390  0.030135 -1.5076 0.82695 0.040936 0.0059106 
2391  0.0094673 -2.0196 0.98505 -0.0013703 0.0052726 
2392  0.0090673 -2.0386 0.98608 -0.0038106 0.0052573 
2393  0.0080005 -2.0934 0.98723 0.0010789 0.0052926 
2394  0.080339 -1.0587 0.44389 0.14295 0.0077035 
2395  0.0076005 -2.1158 0.98735 -0.0024551 0.0052589 
2396  0.0095340 -2.0166 0.98482 -0.0033277 0.0052653 
2397  0.0087339 -2.0550 0.98662 -0.0042911 0.0052548 
2398  0.011134 -1.9485 0.97262 -0.0078213 0.0052445 
2399  0.0078672 -2.1008 0.98728 -0.00023391 0.0052749 
2400  0.010201 -1.9869 0.98149 -0.0047527 0.0052545 
2401  0.010801 -1.9618 0.97621 -0.0056915 0.0052517 
2402  0.010201 -1.9869 0.98149 -0.0066206 0.0052459 
2403  0.010201 -1.9869 0.98149 0.0046915 0.0053256 
2404  0.0084672 -2.0686 0.98693 0.0010112 0.0052861 
2405  0.0097340 -2.0075 0.98406 -0.0038158 0.0052606 
2406  0.0093340 -2.0259 0.98544 -0.0044610 0.0052524 
2407  0.0084672 -2.0686 0.98693 0.0025820 0.0052974 
2408  0.0094006 -2.0227 0.98526 0.0048452 0.0053233 
2409  0.010134 -1.9898 0.98194 0.0021936 0.0053009 
2410  0.015068 -1.8154 0.94395 0.013382 0.0054227 
2411  0.0087339 -2.0550 0.98662 -0.0041033 0.0052544 
2412  0.0089339 -2.0451 0.98633 -0.0026136 0.0052607 
2413  0.0092673 -2.0290 0.98561 0.0049577 0.0053155 
2414  0.012334 -1.9035 0.96201 0.0065494 0.0053390 
2415  0.055604 -1.2301 0.61513 0.089511 0.0066924 
2416  0.0088006 -2.0516 0.98653 -0.0021092 0.0052651 
2417  0.0092673 -2.0290 0.98561 -5.6705e-05 0.0052812 
2418  0.0078005 -2.1045 0.98730 -0.0025317 0.0052617 
2419  0.0093340 -2.0259 0.98544 -0.00049385 0.0052737 
2420  0.0092673 -2.0290 0.98561 -0.0029819 0.0052634 
2421  0.0096673 -2.0105 0.98434 -0.0031540 0.0052611 
2422  0.011467 -1.9355 0.96913 0.0045446 0.0053273 
2423  0.0086672 -2.0583 0.98670 0.00089897 0.0052876 
2424  0.0092673 -2.0290 0.98561 -0.00015347 0.0052787 
2425  0.0096006 -2.0135 0.98458 -0.0021688 0.0052707 
2426  0.010067 -1.9927 0.98236 -0.0034079 0.0052604 
2427  0.0096673 -2.0105 0.98434 -0.0043095 0.0052560 
2428  0.0098673 -2.0015 0.98347 -0.0026034 0.0052668 
2429  0.012267 -1.9059 0.96242 0.0050522 0.0053419 
2430  0.0088006 -2.0516 0.98653 -0.0037258 0.0052556 
2431  0.010134 -1.9898 0.98194 -0.0067562 0.0052459 
2432  0.0093340 -2.0259 0.98544 -0.0041372 0.0052538 
2433  0.010134 -1.9898 0.98194 0.0028088 0.0053005 
2434  0.010067 -1.9927 0.98236 -0.0015176 0.0052687 
2435  0.011467 -1.9355 0.96913 0.0054612 0.0053328 
2436  0.010201 -1.9869 0.98149 0.0023318 0.0053029 
2437  0.012267 -1.9059 0.96242 0.0096205 0.0053760 
2438  0.0088006 -2.0516 0.98653 -0.0049477 0.0052499 
2439  0.0092673 -2.0290 0.98561 -0.0038536 0.0052555 
2440  0.010467 -1.9756 0.97949 0.0059081 0.0053387 
2441  0.0086672 -2.0583 0.98670 -0.0022601 0.0052610 
2442  0.010067 -1.9927 0.98236 -0.0011909 0.0052757 
2443  0.0096006 -2.0135 0.98458 -0.0035264 0.0052615 
2444  0.010267 -1.9841 0.98101 -0.0040007 0.0052596 
2445  0.0099340 -1.9985 0.98312 -0.0031655 0.0052603 
2446  0.0081339 -2.0862 0.98717 0.0011679 0.0052829 
2447  0.011734 -1.9254 0.96634 0.0059790 0.0053265 
2448  0.019935 -1.6916 0.91287 0.021931 0.0055479 
2449  0.0099340 -1.9985 0.98312 -0.0029363 0.0052616 
2450  0.0088673 -2.0483 0.98644 0.00079642 0.0052797 
2451  0.011401 -1.9381 0.96972 -0.0052827 0.0052513 
2452  0.0091339 -2.0354 0.98595 -0.0032892 0.0052577 
2453  0.0091339 -2.0354 0.98595 -0.0018722 0.0052699 
2454  0.010067 -1.9927 0.98236 -0.0035611 0.0052601 
2455  0.0094673 -2.0196 0.98505 -0.0024973 0.0052618 
2456  0.0085339 -2.0651 0.98687 -0.0031545 0.0052596 
2457  0.0069338 -2.1560 0.98742 0.00063651 0.0052808 
2458  0.011267 -1.9433 0.97107 0.0027699 0.0053034 
2459  0.0085339 -2.0651 0.98687 -0.0023467 0.0052624 
2460  0.010867 -1.9591 0.97545 -0.0056855 0.0052513 
2461  0.0094006 -2.0227 0.98526 0.0024405 0.0053024 
2462  0.0094006 -2.0227 0.98526 -0.0043955 0.0052554 
2463  0.010734 -1.9645 0.97679 0.0044745 0.0053205 
2464  0.010334 -1.9812 0.98051 -0.0017151 0.0052861 
2465  0.0095340 -2.0166 0.98482 -0.0054631 0.0052511 
2466  0.0086672 -2.0583 0.98670 -0.00090816 0.0052742 
2467  0.014134 -1.8435 0.95036 0.011279 0.0053984 
2468  0.024535 -1.5994 0.87889 0.027817 0.0056283 
2469  0.0096006 -2.0135 0.98458 0.0013512 0.0052870 
2470  0.013468 -1.8648 0.95462 0.010236 0.0053860 
2471  0.010601 -1.9700 0.97820 -0.0061422 0.0052471 
2472  0.010201 -1.9869 0.98149 -0.0057041 0.0052546 
2473  0.0082005 -2.0826 0.98714 -0.0032803 0.0052592 
2474  0.010467 -1.9756 0.97949 -0.0045611 0.0052561 
2475  0.0097340 -2.0075 0.98406 -0.0044272 0.0052542 
2476  0.010934 -1.9564 0.97473 0.0015235 0.0052923 
2477  0.049403 -1.2842 0.67792 0.074557 0.0063462 
2478  0.010534 -1.9728 0.97887 -0.0025678 0.0052714 
2479  0.0088673 -2.0483 0.98644 -0.0042203 0.0052528 
2480  0.0092673 -2.0290 0.98561 -0.0032172 0.0052671 
2481  0.010801 -1.9618 0.97621 -0.0065184 0.0052483 
2482  0.013668 -1.8583 0.95352 0.0096426 0.0053989 
2483  0.015734 -1.7963 0.93976 0.014348 0.0054440 
2484  0.0087339 -2.0550 0.98662 -0.0010665 0.0052688 
2485  0.0096006 -2.0135 0.98458 -0.0029871 0.0052673 
2486  0.0088673 -2.0483 0.98644 -0.0041506 0.0052555 
2487  0.011401 -1.9381 0.96972 -0.0060051 0.0052466 
2488  0.010201 -1.9869 0.98149 -0.0052691 0.0052576 
2489  0.010867 -1.9591 0.97545 -0.0040841 0.0052628 
2490  0.0078005 -2.1045 0.98730 -0.0013722 0.0052777 
2491  0.0096673 -2.0105 0.98434 -0.0016999 0.0052725 
2492  0.0092006 -2.0322 0.98579 -0.0040593 0.0052644 
2493  0.011134 -1.9485 0.97262 0.0061566 0.0053298 
2494  0.0083339 -2.0755 0.98705 -0.0022640 0.0052623 
2495  0.010534 -1.9728 0.97887 -0.0019959 0.0052775 
2496  0.021068 -1.6671 0.90615 0.024335 0.0056021 
2497  0.012201 -1.9083 0.96281 0.0077270 0.0053764 
2498  0.0086006 -2.0617 0.98679 -0.0019945 0.0052682 
2499  0.0092673 -2.0290 0.98561 -0.0035896 0.0052577 
2500  0.0094006 -2.0227 0.98526 0.0030368 0.0053021 
2501  0.010134 -1.9898 0.98194 -0.0034724 0.0052661 
2502  0.010467 -1.9756 0.97949 -0.0050026 0.0052606 
2503  0.010534 -1.9728 0.97887 -0.00013965 0.0052832 
2504  0.020935 -1.6699 0.90676 0.023710 0.0055962 
2505  0.0086006 -2.0617 0.98679 -0.0036770 0.0052548 
2506  0.010867 -1.9591 0.97545 0.0077772 0.0053688 
2507  0.015468 -1.8038 0.94137 0.013283 0.0054274 
2508  0.0079339 -2.0971 0.98726 -0.0033038 0.0052591 
2509  0.010867 -1.9591 0.97545 -0.0053503 0.0052508 
2510  0.0096673 -2.0105 0.98434 -0.0018055 0.0052737 
2511  0.010601 -1.9700 0.97820 -0.0035462 0.0052615 
2512  0.010867 -1.9591 0.97545 -0.0048513 0.0052608 
2513  0.0088673 -2.0483 0.98644 0.00075011 0.0052876 
2514  0.0090673 -2.0386 0.98608 -0.00041133 0.0052762 
2515  0.0099340 -1.9985 0.98312 0.0034561 0.0053176 
2516  0.010334 -1.9812 0.98051 0.0044466 0.0053212 
2517  0.010801 -1.9618 0.97621 -0.0039196 0.0052603 
2518  0.0086672 -2.0583 0.98670 -0.0045738 0.0052536 
2519  0.011534 -1.9330 0.96849 0.0059710 0.0053399 
2520  0.0095340 -2.0166 0.98482 -0.0025450 0.0052626 
2521  0.0099340 -1.9985 0.98312 -0.0016795 0.0052721 
2522  0.0062671 -2.2002 0.98743 0.00039513 0.0052753 
2523  0.010001 -1.9956 0.98275 -0.0058377 0.0052521 
2524  0.017801 -1.7418 0.92697 0.017373 0.0054778 
2525  0.010001 -1.9956 0.98275 -0.0061968 0.0052503 
2526  0.011001 -1.9538 0.97401 -0.0053523 0.0052514 
2527  0.012334 -1.9035 0.96201 0.0060478 0.0053314 
2528  0.0092673 -2.0290 0.98561 -0.0038718 0.0052600 
2529  0.0089339 -2.0451 0.98633 -0.0044112 0.0052564 
2530  0.0087339 -2.0550 0.98662 -0.00016995 0.0052750 
2531  0.0098007 -2.0045 0.98379 -0.0041761 0.0052543 
2532  0.010734 -1.9645 0.97679 -0.0052782 0.0052539 
2533  0.0090673 -2.0386 0.98608 -0.0041599 0.0052530 
2534  0.010534 -1.9728 0.97887 -0.0053618 0.0052516 
2535  0.0092006 -2.0322 0.98579 0.0027895 0.0052945 
2536  0.010134 -1.9898 0.98194 -0.0049494 0.0052518 
2537  0.0099340 -1.9985 0.98312 0.0047967 0.0053274 
2538  0.011134 -1.9485 0.97262 -0.00053654 0.0052859 
2539  0.010201 -1.9869 0.98149 -0.0060882 0.0052527 
2540  0.010001 -1.9956 0.98275 0.0031910 0.0053109 
2541  0.0081339 -2.0862 0.98717 -0.0020728 0.0052711 
2542  0.0092006 -2.0322 0.98579 -0.0027818 0.0052624 
2543  0.0095340 -2.0166 0.98482 7.1306e-05 0.0052882 
2544  0.0077338 -2.1082 0.98731 0.0022334 0.0052921 
2545  0.0085339 -2.0651 0.98687 0.0027897 0.0053103 
2546  0.0089339 -2.0451 0.98633 -0.0020464 0.0052683 
2547  0.010267 -1.9841 0.98101 0.0039840 0.0053209 
2548  0.016668 -1.7708 0.93405 0.013092 0.0054343 
2549  0.011001 -1.9538 0.97401 0.0060596 0.0053343 
2550  0.0096673 -2.0105 0.98434 -0.0028304 0.0052644 
2551  0.0079339 -2.0971 0.98726 -0.0020042 0.0052669 
2552  0.010867 -1.9591 0.97545 0.0024013 0.0052957 
2553  0.0096673 -2.0105 0.98434 -0.0020368 0.0052787 
2554  0.0097340 -2.0075 0.98406 -0.0035260 0.0052588 
2555  0.0086006 -2.0617 0.98679 -0.0037895 0.0052527 
2556  0.012401 -1.9011 0.96150 0.0099264 0.0053865 
2557  0.0091339 -2.0354 0.98595 -0.0030344 0.0052598 
2558  0.010334 -1.9812 0.98051 -0.0063221 0.0052506 
2559  0.0088673 -2.0483 0.98644 -0.0050036 0.0052558 
2560  0.0090673 -2.0386 0.98608 -1.3684e-05 0.0052780 
2561  0.010801 -1.9618 0.97621 0.0056118 0.0053371 
2562  0.0071338 -2.1436 0.98741 -0.0012567 0.0052693 
2563  0.0087339 -2.0550 0.98662 -0.0022454 0.0052722 
2564  0.010001 -1.9956 0.98275 -0.0042140 0.0052574 
2565  0.016401 -1.7779 0.93557 0.017107 0.0055137 
2566  0.012201 -1.9083 0.96281 0.0080818 0.0053794 
2567  0.0095340 -2.0166 0.98482 -0.0026187 0.0052648 
2568  0.0096673 -2.0105 0.98434 -0.0049456 0.0052523 
2569  0.0080672 -2.0898 0.98720 0.0015133 0.0052906 
2570  0.011734 -1.9254 0.96634 -0.0048069 0.0052574 
2571  0.0098007 -2.0045 0.98379 -0.0040757 0.0052615 
2572  0.0098673 -2.0015 0.98347 -0.0053040 0.0052505 
2573  0.010001 -1.9956 0.98275 -0.0027950 0.0052687 
2574  0.0082672 -2.0790 0.98710 -0.0037071 0.0052544 
2575  0.010134 -1.9898 0.98194 -0.0037338 0.0052563 
2576  0.010801 -1.9618 0.97621 0.0046279 0.0053250 
2577  0.010601 -1.9700 0.97820 -0.0035925 0.0052591 
2578  0.0098007 -2.0045 0.98379 0.0017750 0.0052907 
2579  0.0090673 -2.0386 0.98608 -0.00080208 0.0052746 
2580  0.0095340 -2.0166 0.98482 -0.0044690 0.0052566 
2581  0.0097340 -2.0075 0.98406 -0.0013622 0.0052699 
2582  0.010801 -1.9618 0.97621 0.0010727 0.0052889 
2583  0.0088006 -2.0516 0.98653 -0.0043572 0.0052524 
2584  0.0082672 -2.0790 0.98710 -0.00066494 0.0052709 
2585  0.010401 -1.9784 0.98000 -0.0044288 0.0052567 
2586  0.010001 -1.9956 0.98275 -0.0010425 0.0052818 
2587  0.0097340 -2.0075 0.98406 0.0016846 0.0052990 
2588  0.0095340 -2.0166 0.98482 -0.0028997 0.0052600 
2589  0.010201 -1.9869 0.98149 -0.0036817 0.0052588 
2590  0.010001 -1.9956 0.98275 0.0028941 0.0053037 
2591  0.0095340 -2.0166 0.98482 -0.0037283 0.0052568 
2592  0.0085339 -2.0651 0.98687 5.1787e-05 0.0052788 
2593  0.0076005 -2.1158 0.98735 -0.0014690 0.0052675 
2594  0.0099340 -1.9985 0.98312 -0.0037154 0.0052568 
2595  0.0089339 -2.0451 0.98633 -0.0049205 0.0052541 
2596  0.0092006 -2.0322 0.98579 -0.0015198 0.0052734 
2597  0.0084006 -2.0720 0.98700 -0.0024814 0.0052630 
2598  0.010467 -1.9756 0.97949 -0.0038242 0.0052608 
2599  0.0087339 -2.0550 0.98662 -0.0035133 0.0052569 
2600  0.010601 -1.9700 0.97820 -0.0038359 0.0052613 
2601  0.0087339 -2.0550 0.98662 0.0022047 0.0052927 
2602  0.0072005 -2.1395 0.98740 -7.9877e-05 0.0052721 
2603  0.0072672 -2.1355 0.98739 -0.00012482 0.0052820 
2604  0.010534 -1.9728 0.97887 0.0021794 0.0053054 
2605  0.0095340 -2.0166 0.98482 0.00067288 0.0052858 
2606  0.010001 -1.9956 0.98275 -0.0019721 0.0052691 
2607  0.0094006 -2.0227 0.98526 -0.0050099 0.0052524 
2608  0.010934 -1.9564 0.97473 -0.0064021 0.0052517 
2609  0.0086672 -2.0583 0.98670 -0.0033628 0.0052598 
2610  0.0098673 -2.0015 0.98347 -0.00098803 0.0052764 
2611  0.0092673 -2.0290 0.98561 -0.0046662 0.0052563 
2612  0.0096673 -2.0105 0.98434 0.00075371 0.0052903 
2613  0.0090673 -2.0386 0.98608 -0.0041458 0.0052542 
2614  0.0094006 -2.0227 0.98526 -0.0023935 0.0052630 
2615  0.0094006 -2.0227 0.98526 -0.0041147 0.0052566 
2616  0.013534 -1.8626 0.95436 0.0093998 0.0053794 
2617  0.0085339 -2.0651 0.98687 -0.0024112 0.0052655 
2618  0.010201 -1.9869 0.98149 -0.0028872 0.0052658 
2619  0.0090006 -2.0418 0.98620 -0.0020050 0.0052755 
2620  0.010734 -1.9645 0.97679 -0.00028444 0.0052874 
2621  0.014068 -1.8456 0.95099 0.012535 0.0054163 
2622  0.010534 -1.9728 0.97887 0.0028279 0.0053157 
2623  0.010401 -1.9784 0.98000 -0.0054523 0.0052487 
2624  0.010801 -1.9618 0.97621 -0.0053735 0.0052519 
2625  0.0095340 -2.0166 0.98482 0.0036287 0.0053137 
2626  0.0096006 -2.0135 0.98458 -0.0035894 0.0052600 
2627  0.0096673 -2.0105 0.98434 -0.0037063 0.0052607 
2628  0.010467 -1.9756 0.97949 -0.0030839 0.0052619 
2629  0.0090006 -2.0418 0.98620 -0.0015032 0.0052746 
2630  0.010001 -1.9956 0.98275 0.0011986 0.0052914 
2631  0.010867 -1.9591 0.97545 -0.0053019 0.0052548 
2632  0.0090006 -2.0418 0.98620 -0.0033937 0.0052575 
2633  0.011267 -1.9433 0.97107 0.0032967 0.0053180 
2634  0.010134 -1.9898 0.98194 -0.0024611 0.0052668 
2635  0.0081339 -2.0862 0.98717 -0.0017652 0.0052693 
2636  0.010734 -1.9645 0.97679 0.0028173 0.0053105 
2637  0.010067 -1.9927 0.98236 -0.0024897 0.0052621 
2638  0.0098007 -2.0045 0.98379 0.0029564 0.0052972 
2639  0.010201 -1.9869 0.98149 0.0060107 0.0053296 
2640  0.0084006 -2.0720 0.98700 -0.0046602 0.0052491 
2641  0.011467 -1.9355 0.96913 0.0035888 0.0053372 
2642  0.0093340 -2.0259 0.98544 0.00058766 0.0052821 
2643  0.010601 -1.9700 0.97820 0.00023325 0.0052883 
2644  0.0088673 -2.0483 0.98644 -0.0046496 0.0052514 
2645  0.010201 -1.9869 0.98149 -0.0044021 0.0052520 
2646  0.0091339 -2.0354 0.98595 -0.0028914 0.0052662 
2647  0.0090673 -2.0386 0.98608 -0.0046942 0.0052516 
2648  0.0099340 -1.9985 0.98312 -0.0038920 0.0052598 
2649  0.010334 -1.9812 0.98051 -0.0020000 0.0052701 
2650  0.0088673 -2.0483 0.98644 0.00047552 0.0052857 
2651  0.010134 -1.9898 0.98194 -0.0030644 0.0052610 
2652  0.0074005 -2.1275 0.98738 0.00051031 0.0052861 
2653  0.0095340 -2.0166 0.98482 -0.0039358 0.0052589 
2654  0.0080672 -2.0898 0.98720 -0.0011584 0.0052794 
2655  0.0092006 -2.0322 0.98579 -0.0036894 0.0052619 
2656  0.011267 -1.9433 0.97107 -0.0049041 0.0052569 
2657  0.010934 -1.9564 0.97473 0.0013671 0.0053032 
2658  0.0090673 -2.0386 0.98608 -0.0019386 0.0052731 
2659  0.0091339 -2.0354 0.98595 -0.0020766 0.0052659 
2660  0.0092673 -2.0290 0.98561 0.0019428 0.0052979 
2661  0.0092006 -2.0322 0.98579 -0.0014158 0.0052724 
2662  0.0096673 -2.0105 0.98434 -0.0045483 0.0052572 
2663  0.0098007 -2.0045 0.98379 -0.0051838 0.0052504 
2664  0.010134 -1.9898 0.98194 0.0057290 0.0053441 
2665  0.011534 -1.9330 0.96849 0.0040101 0.0053261 
2666  0.058404 -1.2074 0.59908 0.096914 0.0068594 
2667  0.0099340 -1.9985 0.98312 0.0013513 0.0052958 
2668  0.0097340 -2.0075 0.98406 -0.0039901 0.0052615 
2669  0.0087339 -2.0550 0.98662 -0.0015788 0.0052683 
2670  0.010067 -1.9927 0.98236 -0.0036317 0.0052568 
2671  0.0085339 -2.0651 0.98687 0.0048874 0.0053154 
2672  0.013801 -1.8541 0.95276 0.011087 0.0054073 
2673  0.011867 -1.9205 0.96531 0.0078904 0.0053499 
2674  0.0091339 -2.0354 0.98595 -0.00039975 0.0052791 
2675  0.0078005 -2.1045 0.98730 -0.0031373 0.0052548 
2676  0.010401 -1.9784 0.98000 -0.0043850 0.0052547 
2677  0.0097340 -2.0075 0.98406 -0.0035326 0.0052599 
2678  0.0099340 -1.9985 0.98312 -0.0017984 0.0052726 
2679  0.010067 -1.9927 0.98236 -0.0040337 0.0052609 
2680  0.0082005 -2.0826 0.98714 -0.0013687 0.0052728 
2681  0.011467 -1.9355 0.96913 0.0075083 0.0053453 
2682  0.011067 -1.9511 0.97336 0.0041223 0.0053428 
2683  0.0090006 -2.0418 0.98620 -0.0035378 0.0052604 
2684  0.0086672 -2.0583 0.98670 -0.0011888 0.0052738 
2685  0.010534 -1.9728 0.97887 -0.0056879 0.0052530 
2686  0.012334 -1.9035 0.96201 0.0069156 0.0053506 
2687  0.0098673 -2.0015 0.98347 -0.0026535 0.0052668 
2688  0.0086672 -2.0583 0.98670 0.0037937 0.0053053 
2689  0.010001 -1.9956 0.98275 -0.0033242 0.0052696 
2690  0.0090006 -2.0418 0.98620 -0.0032889 0.0052575 
2691  0.0090673 -2.0386 0.98608 -0.0037184 0.0052612 
2692  0.0098673 -2.0015 0.98347 -0.0043002 0.0052576 
2693  0.010534 -1.9728 0.97887 -0.0049126 0.0052521 
2694  0.0092673 -2.0290 0.98561 -0.0017631 0.0052670 
2695  0.0098673 -2.0015 0.98347 0.0032828 0.0053082 
2696  0.010201 -1.9869 0.98149 -0.0015424 0.0052746 
2697  0.0086006 -2.0617 0.98679 -0.0039665 0.0052535 
2698  0.0092006 -2.0322 0.98579 -0.0037238 0.0052559 
2699  0.017601 -1.7467 0.92953 0.015501 0.0054408 
2700  0.0087339 -2.0550 0.98662 -0.00010892 0.0052775 
2701  0.010801 -1.9618 0.97621 -0.0080779 0.0052417 
2702  0.015134 -1.8134 0.94360 0.014912 0.0054298 
2703  0.011134 -1.9485 0.97262 -0.0044392 0.0052553 
2704  0.0098673 -2.0015 0.98347 -0.0031095 0.0052639 
2705  0.012001 -1.9155 0.96442 -0.0043988 0.0052600 
2706  0.0098007 -2.0045 0.98379 -0.00051097 0.0052776 
2707  0.010534 -1.9728 0.97887 0.0030856 0.0053032 
2708  0.0090673 -2.0386 0.98608 -0.0027783 0.0052651 
2709  0.0086672 -2.0583 0.98670 -0.0017857 0.0052687 
2710  0.0091339 -2.0354 0.98595 -0.0036802 0.0052604 
2711  0.0094673 -2.0196 0.98505 -0.0034031 0.0052580 
2712  0.0084672 -2.0686 0.98693 -0.0026713 0.0052604 
2713  0.010067 -1.9927 0.98236 -0.0026700 0.0052650 
2714  0.0093340 -2.0259 0.98544 -0.0025915 0.0052645 
2715  0.0096006 -2.0135 0.98458 -0.0012542 0.0052673 
2716  0.015268 -1.8095 0.94279 0.011648 0.0054194 
2717  0.0086672 -2.0583 0.98670 0.0047981 0.0053145 
2718  0.010001 -1.9956 0.98275 -0.0049919 0.0052544 
2719  0.012067 -1.9131 0.96381 0.0048447 0.0053357 
2720  0.0098673 -2.0015 0.98347 -0.0067243 0.0052440 
2721  0.010267 -1.9841 0.98101 0.0035769 0.0053169 
2722  0.0097340 -2.0075 0.98406 -0.0048018 0.0052504 
2723  0.010001 -1.9956 0.98275 -0.0067300 0.0052467 
2724  0.0088006 -2.0516 0.98653 -0.0022375 0.0052615 
2725  0.0090673 -2.0386 0.98608 -0.0047731 0.0052525 
2726  0.0099340 -1.9985 0.98312 -0.0053772 0.0052529 
2727  0.0085339 -2.0651 0.98687 -0.0050942 0.0052508 
2728  0.0096673 -2.0105 0.98434 -0.0025139 0.0052722 
2729  0.0098007 -2.0045 0.98379 -0.0036742 0.0052568 
2730  0.010467 -1.9756 0.97949 -0.0052533 0.0052517 
2731  0.0098007 -2.0045 0.98379 -0.0029625 0.0052649 
2732  0.0080672 -2.0898 0.98720 -0.0024968 0.0052596 
2733  0.084606 -1.0342 0.42627 0.13772 0.0073276 
2734  0.0072005 -2.1395 0.98740 -0.0017732 0.0052644 
2735  0.010334 -1.9812 0.98051 -0.0050118 0.0052503 
2736  0.0097340 -2.0075 0.98406 -0.0061471 0.0052490 
2737  0.0094673 -2.0196 0.98505 -0.0056394 0.0052503 
2738  0.0093340 -2.0259 0.98544 -0.0052425 0.0052510 
2739  0.010534 -1.9728 0.97887 0.0049473 0.0053268 
2740  0.0091339 -2.0354 0.98595 0.0017843 0.0052922 
2741  0.010734 -1.9645 0.97679 0.0061852 0.0053371 
2742  0.010934 -1.9564 0.97473 -0.0038355 0.0052621 
2743  0.013734 -1.8562 0.95303 0.010071 0.0053966 
2744  0.0089339 -2.0451 0.98633 -0.0035072 0.0052587 
2745  0.010067 -1.9927 0.98236 -0.0024015 0.0052647 
2746  0.0089339 -2.0451 0.98633 -0.0049601 0.0052516 
2747  0.0089339 -2.0451 0.98633 -0.0045628 0.0052517 
2748  0.0095340 -2.0166 0.98482 -0.0034017 0.0052590 
2749  0.0099340 -1.9985 0.98312 -0.0031728 0.0052661 
2750  0.0089339 -2.0451 0.98633 -0.0021687 0.0052676 
2751  0.010267 -1.9841 0.98101 -0.0029203 0.0052685 
2752  0.046070 -1.3161 0.69726 0.069165 0.0062612 
2753  0.0090673 -2.0386 0.98608 -0.0037276 0.0052590 
2754  0.0078672 -2.1008 0.98728 0.00070389 0.0052840 
2755  0.0078005 -2.1045 0.98730 0.0014114 0.0052830 
2756  0.0093340 -2.0259 0.98544 0.0019855 0.0052988 
2757  0.011534 -1.9330 0.96849 0.0072279 0.0053598 
2758  0.012001 -1.9155 0.96442 0.0042122 0.0053266 
2759  0.010934 -1.9564 0.97473 -0.0064376 0.0052431 
2760  0.010401 -1.9784 0.98000 -0.0041060 0.0052585 
2761  0.010134 -1.9898 0.98194 -0.0063690 0.0052470 
2762  0.013134 -1.8759 0.95719 0.0094738 0.0053841 
2763  0.0078005 -2.1045 0.98730 -0.0034958 0.0052602 
2764  0.0098007 -2.0045 0.98379 0.0080162 0.0053583 
2765  0.010067 -1.9927 0.98236 -0.0040514 0.0052588 
2766  0.010001 -1.9956 0.98275 -0.0038978 0.0052582 
2767  0.010201 -1.9869 0.98149 -0.0037829 0.0052578 
2768  0.0099340 -1.9985 0.98312 0.0049598 0.0053204 
2769  0.0091339 -2.0354 0.98595 -0.0028451 0.0052657 
2770  0.0090673 -2.0386 0.98608 0.0026333 0.0052964 
2771  0.010601 -1.9700 0.97820 -0.0046507 0.0052544 
2772  0.0098007 -2.0045 0.98379 -0.0044633 0.0052542 
2773  0.026535 -1.5645 0.85355 0.032364 0.0057456 
2774  0.010134 -1.9898 0.98194 -0.0054898 0.0052506 
2775  0.028469 -1.5331 0.83991 0.039336 0.0058516 
2776  0.0096006 -2.0135 0.98458 -0.0038891 0.0052567 
2777  0.0082672 -2.0790 0.98710 7.8221e-05 0.0052770 
2778  0.011067 -1.9511 0.97336 0.0071029 0.0053639 
2779  0.0088006 -2.0516 0.98653 0.0022071 0.0053020 
2780  0.034736 -1.4439 0.78389 0.050561 0.0061186 
2781  0.012934 -1.8826 0.95843 0.0098063 0.0053872 
2782  0.0079339 -2.0971 0.98726 -2.0489e-05 0.0052726 
2783  0.0090006 -2.0418 0.98620 -0.0029996 0.0052637 
2784  0.010467 -1.9756 0.97949 -0.0037239 0.0052617 
2785  0.012001 -1.9155 0.96442 -0.0038178 0.0052688 
2786  0.0094006 -2.0227 0.98526 -0.0046215 0.0052544 
2787  0.0095340 -2.0166 0.98482 -0.0044497 0.0052595 
2788  0.012334 -1.9035 0.96201 0.0084603 0.0053728 
2789  0.0086672 -2.0583 0.98670 -0.0017988 0.0052636 
2790  0.010134 -1.9898 0.98194 -0.0034279 0.0052600 
2791  0.0082672 -2.0790 0.98710 -0.0035605 0.0052573 
2792  0.010601 -1.9700 0.97820 -0.0062214 0.0052488 
2793  0.0091339 -2.0354 0.98595 -0.0030349 0.0052667 
2794  0.0099340 -1.9985 0.98312 -0.0043799 0.0052559 
2795  0.0094006 -2.0227 0.98526 -0.0030122 0.0052628 
2796  0.0084672 -2.0686 0.98693 -0.00033025 0.0052739 
2797  0.010067 -1.9927 0.98236 0.0028335 0.0053074 
2798  0.0080672 -2.0898 0.98720 -0.00011485 0.0052756 
2799  0.0086672 -2.0583 0.98670 -0.0020838 0.0052697 
2800  0.042803 -1.3495 0.72558 0.063155 0.0062055 
2801  0.0096673 -2.0105 0.98434 -0.0054950 0.0052483 
2802  0.0092006 -2.0322 0.98579 -0.0035373 0.0052565 
2803  0.0094006 -2.0227 0.98526 0.0016535 0.0052900 
2804  0.013001 -1.8803 0.95811 0.0086771 0.0053622 
2805  0.010067 -1.9927 0.98236 -0.0010663 0.0052798 
2806  0.0094006 -2.0227 0.98526 -0.0029678 0.0052651 
2807  0.0090673 -2.0386 0.98608 0.0010372 0.0052860 
2808  0.010467 -1.9756 0.97949 -0.0047522 0.0052521 
2809  0.0090673 -2.0386 0.98608 -0.0032982 0.0052579 
2810  0.012401 -1.9011 0.96150 0.0062571 0.0053507 
2811  0.017068 -1.7603 0.93202 0.016082 0.0054653 
2812  0.011267 -1.9433 0.97107 0.0051678 0.0053422 
2813  0.010801 -1.9618 0.97621 -0.0044747 0.0052537 
2814  0.010001 -1.9956 0.98275 0.0046391 0.0053226 
2815  0.010801 -1.9618 0.97621 -0.0043689 0.0052543 
2816  0.010001 -1.9956 0.98275 -0.0038520 0.0052590 
2817  0.010934 -1.9564 0.97473 0.0035563 0.0053151 
2818  0.0086006 -2.0617 0.98679 0.0011155 0.0052852 
2819  0.010067 -1.9927 0.98236 -0.0035491 0.0052664 
2820  0.013934 -1.8498 0.95178 0.0084943 0.0053891 
2821  0.010201 -1.9869 0.98149 -0.0042345 0.0052533 
2822  0.011001 -1.9538 0.97401 -0.0049974 0.0052536 
2823  0.0096006 -2.0135 0.98458 0.0029108 0.0053009 
2824  0.0097340 -2.0075 0.98406 0.0013940 0.0052888 
2825  0.0093340 -2.0259 0.98544 -0.0030176 0.0052639 
2826  0.0091339 -2.0354 0.98595 -0.0014317 0.0052762 
2827  0.0094673 -2.0196 0.98505 0.0017165 0.0052926 
2828  0.0092006 -2.0322 0.98579 -0.0014290 0.0052679 
2829  0.0094006 -2.0227 0.98526 0.0037180 0.0053112 
2830  0.010534 -1.9728 0.97887 0.0026053 0.0053099 
2831  0.010067 -1.9927 0.98236 5.7460e-05 0.0052857 
2832  0.0096673 -2.0105 0.98434 -0.0035565 0.0052602 
2833  0.010534 -1.9728 0.97887 -0.0057609 0.0052486 
2834  0.011734 -1.9254 0.96634 0.0055553 0.0053475 
2835  0.0087339 -2.0550 0.98662 0.0023037 0.0053018 
2836  0.010601 -1.9700 0.97820 0.0025866 0.0053052 
2837  0.0093340 -2.0259 0.98544 0.0018345 0.0052934 
2838  0.020801 -1.6728 0.90735 0.021552 0.0055490 
2839  0.0098007 -2.0045 0.98379 -0.0025996 0.0052670 
2840  0.0078672 -2.1008 0.98728 0.00050678 0.0052813 
2841  0.010867 -1.9591 0.97545 0.0048086 0.0053171 
2842  0.0082672 -2.0790 0.98710 -0.00033056 0.0052735 
2843  0.011334 -1.9407 0.97032 0.0060275 0.0053331 
2844  0.0080672 -2.0898 0.98720 -0.0014158 0.0052652 
2845  0.0091339 -2.0354 0.98595 0.00086819 0.0052827 
2846  0.015268 -1.8095 0.94279 0.012753 0.0054230 
2847  0.010601 -1.9700 0.97820 0.0035125 0.0053117 
2848  0.0099340 -1.9985 0.98312 -0.0013041 0.0052728 
2849  0.022868 -1.6307 0.89458 0.024537 0.0056092 
2850  0.0068671 -2.1602 0.98742 -0.00011595 0.0052744 
2851  0.011934 -1.9180 0.96486 0.0082880 0.0053677 
2852  0.0082672 -2.0790 0.98710 0.0010991 0.0052806 
2853  0.0094673 -2.0196 0.98505 -0.0033400 0.0052610 
2854  0.0087339 -2.0550 0.98662 -0.0026364 0.0052618 
2855  0.010467 -1.9756 0.97949 -0.0046275 0.0052523 
2856  0.010401 -1.9784 0.98000 -0.0020994 0.0052675 
2857  0.0098007 -2.0045 0.98379 -0.0059803 0.0052475 
2858  0.011267 -1.9433 0.97107 -0.0067469 0.0052445 
2859  0.013201 -1.8736 0.95675 0.0081995 0.0053523 
2860  0.0090673 -2.0386 0.98608 -0.00045962 0.0052891 
2861  0.010134 -1.9898 0.98194 -0.0045005 0.0052625 
2862  0.0097340 -2.0075 0.98406 -0.0045732 0.0052538 
2863  0.0092673 -2.0290 0.98561 -0.0027327 0.0052647 
2864  0.010001 -1.9956 0.98275 -0.0032177 0.0052645 
2865  0.0089339 -2.0451 0.98633 -0.0038675 0.0052560 
2866  0.0092006 -2.0322 0.98579 -0.0056837 0.0052503 
2867  0.0096673 -2.0105 0.98434 0.0034439 0.0053071 
2868  0.0094673 -2.0196 0.98505 0.0043151 0.0053120 
2869  0.010534 -1.9728 0.97887 -0.0014656 0.0052727 
2870  0.0094006 -2.0227 0.98526 -0.00010308 0.0052797 
2871  0.011201 -1.9459 0.97182 -0.0066814 0.0052450 
2872  0.0094673 -2.0196 0.98505 0.00012196 0.0052816 
2873  0.0076672 -2.1120 0.98734 -0.0040779 0.0052519 
2874  0.010601 -1.9700 0.97820 0.00038087 0.0052953 
2875  0.0098007 -2.0045 0.98379 -0.0024139 0.0052647 
2876  0.0094006 -2.0227 0.98526 -0.0019820 0.0052667 
2877  0.010934 -1.9564 0.97473 -0.0010944 0.0052828 
2878  0.0080672 -2.0898 0.98720 -0.00096846 0.0052707 
2879  0.0087339 -2.0550 0.98662 8.1579e-05 0.0052817 
2880  0.0098673 -2.0015 0.98347 -0.0046509 0.0052520 
2881  0.0090673 -2.0386 0.98608 -0.0021819 0.0052638 
2882  0.0098007 -2.0045 0.98379 -0.0018625 0.0052663 
2883  0.010934 -1.9564 0.97473 -0.0044390 0.0052584 
2884  0.010734 -1.9645 0.97679 -0.0044275 0.0052621 
2885  0.0094673 -2.0196 0.98505 -0.0043966 0.0052527 
2886  0.0089339 -2.0451 0.98633 -0.0019116 0.0052668 
2887  0.0095340 -2.0166 0.98482 -0.0019228 0.0052688 
2888  0.0089339 -2.0451 0.98633 -0.0036026 0.0052577 
2889  0.0082672 -2.0790 0.98710 0.0010170 0.0052864 
2890  0.0095340 -2.0166 0.98482 -0.0015657 0.0052725 
2891  0.0089339 -2.0451 0.98633 -0.0019580 0.0052715 
2892  0.011201 -1.9459 0.97182 -0.0040790 0.0052615 
2893  0.0096673 -2.0105 0.98434 -0.0040520 0.0052574 
2894  0.0097340 -2.0075 0.98406 -0.0034044 0.0052599 
2895  0.0097340 -2.0075 0.98406 -0.0034221 0.0052628 
2896  0.0092673 -2.0290 0.98561 -0.00095029 0.0052768 
2897  0.011134 -1.9485 0.97262 0.0011212 0.0052995 
2898  0.0089339 -2.0451 0.98633 -0.0036366 0.0052562 
2899  0.041069 -1.3683 0.74246 0.059888 0.0061839 
2900  0.0094673 -2.0196 0.98505 -0.0036963 0.0052562 
2901  0.0076672 -2.1120 0.98734 0.0013242 0.0052866 
2902  0.0096673 -2.0105 0.98434 -0.0017175 0.0052719 
2903  0.0089339 -2.0451 0.98633 -0.0013151 0.0052663 
2904  0.010001 -1.9956 0.98275 -0.0048424 0.0052504 
2905  0.0089339 -2.0451 0.98633 0.0034426 0.0053191 
2906  0.011734 -1.9254 0.96634 0.0088441 0.0053836 
2907  0.0095340 -2.0166 0.98482 -0.0032656 0.0052591 
2908  0.0083339 -2.0755 0.98705 -0.0014942 0.0052692 
2909  0.0088673 -2.0483 0.98644 -0.0030039 0.0052625 
2910  0.011201 -1.9459 0.97182 -0.0060210 0.0052507 
2911  0.0098673 -2.0015 0.98347 -0.0018289 0.0052712 
2912  0.0085339 -2.0651 0.98687 -0.00019937 0.0052757 
2913  0.016668 -1.7708 0.93405 0.013761 0.0054399 
2914  0.0096006 -2.0135 0.98458 -0.0033403 0.0052609 
2915  0.0082672 -2.0790 0.98710 -0.0037173 0.0052538 
2916  0.010201 -1.9869 0.98149 -0.0048277 0.0052566 
2917  0.010467 -1.9756 0.97949 -0.0045736 0.0052547 
2918  0.0094673 -2.0196 0.98505 -0.0046502 0.0052539 
2919  0.0090673 -2.0386 0.98608 -0.0032250 0.0052602 
2920  0.0090673 -2.0386 0.98608 -0.0040629 0.0052539 
2921  0.0091339 -2.0354 0.98595 -0.0021647 0.0052645 
2922  0.0088673 -2.0483 0.98644 -0.00040623 0.0052754 
2923  0.013801 -1.8541 0.95276 0.0090964 0.0053664 
2924  0.0094673 -2.0196 0.98505 0.0032153 0.0053089 
2925  0.0091339 -2.0354 0.98595 -0.0031633 0.0052590 
2926  0.011534 -1.9330 0.96849 -0.0053896 0.0052544 
2927  0.0096673 -2.0105 0.98434 0.0010897 0.0052960 
2928  0.0091339 -2.0354 0.98595 -0.0019233 0.0052714 
2929  0.0090673 -2.0386 0.98608 -0.0049194 0.0052514 
2930  0.011267 -1.9433 0.97107 0.0075921 0.0053574 
2931  0.0095340 -2.0166 0.98482 -0.00081197 0.0052788 
2932  0.0086006 -2.0617 0.98679 -0.0023273 0.0052621 
2933  0.014268 -1.8394 0.94952 0.0086685 0.0053791 
2934  0.0095340 -2.0166 0.98482 -0.0047530 0.0052568 
2935  0.022135 -1.6452 0.90129 0.022848 0.0055518 
2936  0.012801 -1.8872 0.95918 0.0079761 0.0053660 
2937  0.0078672 -2.1008 0.98728 0.0012284 0.0052871 
2938  0.010534 -1.9728 0.97887 -0.0045115 0.0052544 
2939  0.0084672 -2.0686 0.98693 -0.0024178 0.0052616 
2940  0.0094673 -2.0196 0.98505 -0.0039283 0.0052566 
2941  0.0092673 -2.0290 0.98561 -0.0033497 0.0052562 
2942  0.015268 -1.8095 0.94279 0.012937 0.0054147 
2943  0.0090006 -2.0418 0.98620 -0.0044598 0.0052542 
2944  0.010867 -1.9591 0.97545 -0.0038583 0.0052616 
2945  0.0096673 -2.0105 0.98434 -0.0034251 0.0052595 
2946  0.0094006 -2.0227 0.98526 -0.0028456 0.0052631 
2947  0.010334 -1.9812 0.98051 -0.0034312 0.0052646 
2948  0.0096006 -2.0135 0.98458 -0.0037470 0.0052569 
2949  0.0080672 -2.0898 0.98720 -0.0015227 0.0052678 
2950  0.0089339 -2.0451 0.98633 0.00066304 0.0052834 
2951  0.0080005 -2.0934 0.98723 -7.9865e-05 0.0052802 
2952  0.0089339 -2.0451 0.98633 -0.0029441 0.0052611 
2953  0.010534 -1.9728 0.97887 -0.0048302 0.0052544 
2954  0.0087339 -2.0550 0.98662 -0.0031628 0.0052566 
2955  0.0097340 -2.0075 0.98406 -0.0027888 0.0052624 
2956  0.010467 -1.9756 0.97949 0.0044192 0.0053324 
2957  0.0098007 -2.0045 0.98379 -0.0022459 0.0052691 
2958  0.013934 -1.8498 0.95178 0.011831 0.0054102 
2959  0.010601 -1.9700 0.97820 -0.0032590 0.0052624 
2960  0.018535 -1.7239 0.92227 0.017228 0.0054952 
2961  0.0092006 -2.0322 0.98579 -0.0033752 0.0052611 
2962  0.0099340 -1.9985 0.98312 -0.0018174 0.0052699 
2963  0.0094673 -2.0196 0.98505 -0.0029138 0.0052598 
2964  0.010267 -1.9841 0.98101 -0.0053647 0.0052487 
2965  0.0097340 -2.0075 0.98406 0.0015583 0.0052974 
2966  0.0094673 -2.0196 0.98505 0.0011477 0.0052999 
2967  0.0099340 -1.9985 0.98312 0.0031390 0.0053131 
2968  0.010067 -1.9927 0.98236 0.0040445 0.0053165 
2969  0.0088006 -2.0516 0.98653 -0.00059507 0.0052766 
2970  0.0088006 -2.0516 0.98653 0.00062646 0.0052841 
2971  0.0090673 -2.0386 0.98608 -0.0032336 0.0052596 
2972  0.023002 -1.6281 0.89252 0.025110 0.0055984 
2973  0.0098007 -2.0045 0.98379 -0.0053043 0.0052506 
2974  0.0082672 -2.0790 0.98710 -0.0021948 0.0052671 
2975  0.016801 -1.7673 0.93339 0.014577 0.0054437 
2976  0.0085339 -2.0651 0.98687 0.0017582 0.0052929 
2977  0.015868 -1.7925 0.93923 0.014278 0.0054414 
2978  0.0088673 -2.0483 0.98644 -0.0043557 0.0052526 
2979  0.0093340 -2.0259 0.98544 -0.0033102 0.0052592 
2980  0.0080672 -2.0898 0.98720 -0.0022243 0.0052626 
2981  0.011067 -1.9511 0.97336 0.0019166 0.0053202 
2982  0.0094006 -2.0227 0.98526 0.00075880 0.0052988 
2983  0.0098673 -2.0015 0.98347 0.0011925 0.0052932 
2984  0.0088673 -2.0483 0.98644 -0.00036964 0.0052758 
2985  0.0082672 -2.0790 0.98710 -0.0032586 0.0052588 
2986  0.0092006 -2.0322 0.98579 -0.0040491 0.0052588 
2987  0.0080672 -2.0898 0.98720 -0.0034258 0.0052556 
2988  0.010601 -1.9700 0.97820 -0.0025314 0.0052716 
2989  0.0094673 -2.0196 0.98505 -0.0059869 0.0052460 
2990  0.0092673 -2.0290 0.98561 -0.0029793 0.0052605 
2991  0.0088006 -2.0516 0.98653 -0.0046653 0.0052493 
2992  0.010867 -1.9591 0.97545 0.0021211 0.0053117 
2993  0.010734 -1.9645 0.97679 -0.00064761 0.0052873 
2994  0.010334 -1.9812 0.98051 -0.0063882 0.0052495 
2995  0.022935 -1.6294 0.89377 0.025564 0.0055866 
2996  0.011134 -1.9485 0.97262 -0.0053128 0.0052533 
2997  0.0094673 -2.0196 0.98505 -0.00056657 0.0052821 
2998  0.010534 -1.9728 0.97887 -0.0041040 0.0052661 
2999  0.012401 -1.9011 0.96150 0.0050962 0.0053457 
3000  0.010001 -1.9956 0.98275 -0.0025088 0.0052654 
3001  0.0085339 -2.0651 0.98687 -0.0026414 0.0052620 
3002  0.0084006 -2.0720 0.98700 -0.0021636 0.0052648 
3003  0.010334 -1.9812 0.98051 0.0036078 0.0053155 
3004  0.011401 -1.9381 0.96972 0.00077413 0.0052961 
3005  0.0078005 -2.1045 0.98730 -0.0016104 0.0052735 
3006  0.010601 -1.9700 0.97820 -7.2933e-05 0.0052856 
3007  0.0081339 -2.0862 0.98717 -0.0031850 0.0052590 
3008  0.0092673 -2.0290 0.98561 0.0014792 0.0052925 
3009  0.0080672 -2.0898 0.98720 -0.0013262 0.0052626 
3010  0.0094006 -2.0227 0.98526 -0.0045950 0.0052529 
3011  0.0085339 -2.0651 0.98687 -0.0019306 0.0052680 
3012  0.0082672 -2.0790 0.98710 -0.0020077 0.0052645 
3013  0.010534 -1.9728 0.97887 -0.0063843 0.0052485 
3014  0.010067 -1.9927 0.98236 0.0021721 0.0053036 
3015  0.0084006 -2.0720 0.98700 -0.00037862 0.0052786 
3016  0.010334 -1.9812 0.98051 -0.00065224 0.0052826 
3017  0.0086006 -2.0617 0.98679 -0.0017070 0.0052719 
3018  0.0088006 -2.0516 0.98653 -0.0036914 0.0052549 
3019  0.0090006 -2.0418 0.98620 -0.0019081 0.0052672 
3020  0.010801 -1.9618 0.97621 -0.0024121 0.0052689 
3021  0.0081339 -2.0862 0.98717 -0.00099784 0.0052699 
3022  0.010001 -1.9956 0.98275 -0.00045463 0.0052881 
3023  0.0097340 -2.0075 0.98406 -0.0027408 0.0052650 
3024  0.010401 -1.9784 0.98000 0.00036903 0.0052861 
3025  0.018135 -1.7335 0.92506 0.016817 0.0054724 
3026  0.0094673 -2.0196 0.98505 -0.0014931 0.0052781 
3027  0.011534 -1.9330 0.96849 0.0070828 0.0053564 
3028  0.010534 -1.9728 0.97887 0.0058969 0.0053467 
3029  0.0091339 -2.0354 0.98595 -0.0040448 0.0052569 
3030  0.0078672 -2.1008 0.98728 -0.00089977 0.0052687 
3031  0.0092673 -2.0290 0.98561 -0.0021483 0.0052633 
3032  0.0092006 -2.0322 0.98579 0.0015903 0.0053029 
3033  0.0087339 -2.0550 0.98662 -0.0034903 0.0052572 
3034  0.0095340 -2.0166 0.98482 -0.0025795 0.0052657 
3035  0.0085339 -2.0651 0.98687 -0.0030439 0.0052594 
3036  0.0094006 -2.0227 0.98526 -0.0021845 0.0052665 
3037  0.0080005 -2.0934 0.98723 -0.00012652 0.0052730 
3038  0.0087339 -2.0550 0.98662 -0.0023213 0.0052638 
3039  0.0099340 -1.9985 0.98312 -0.0033918 0.0052587 
3040  0.011667 -1.9279 0.96712 0.0077368 0.0053596 
3041  0.0094673 -2.0196 0.98505 0.0028029 0.0053049 
3042  0.0086006 -2.0617 0.98679 -0.0042405 0.0052526 
3043  0.0097340 -2.0075 0.98406 -0.00027222 0.0052779 
3044  0.010201 -1.9869 0.98149 -0.0039547 0.0052614 
3045  0.0092006 -2.0322 0.98579 -0.0029805 0.0052583 
3046  0.011934 -1.9180 0.96486 0.0053980 0.0053338 
3047  0.0091339 -2.0354 0.98595 0.0023690 0.0052989 
3048  0.0088006 -2.0516 0.98653 -0.0031478 0.0052602 
3049  0.0095340 -2.0166 0.98482 -0.0026850 0.0052628 
3050  0.011134 -1.9485 0.97262 -0.0042523 0.0052548 
3051  0.011667 -1.9279 0.96712 0.0061422 0.0053424 
3052  0.010467 -1.9756 0.97949 0.0014373 0.0052974 
3053  0.0074005 -2.1275 0.98738 -0.0014796 0.0052732 
3054  0.010801 -1.9618 0.97621 0.0020520 0.0053045 
3055  0.0090673 -2.0386 0.98608 -0.0031579 0.0052614 
3056  0.0095340 -2.0166 0.98482 0.0034356 0.0053218 
3057  0.010267 -1.9841 0.98101 0.0013478 0.0053108 
3058  0.0090006 -2.0418 0.98620 -0.0036126 0.0052582 
3059  0.0099340 -1.9985 0.98312 -0.0027650 0.0052624 
3060  0.0084672 -2.0686 0.98693 -0.0044415 0.0052545 
3061  0.0097340 -2.0075 0.98406 -0.0048021 0.0052541 
3062  0.016268 -1.7815 0.93654 0.014733 0.0054622 
3063  0.0090673 -2.0386 0.98608 -0.0035991 0.0052574 
3064  0.0081339 -2.0862 0.98717 0.0014565 0.0052859 
3065  0.010467 -1.9756 0.97949 -0.0040817 0.0052591 
3066  0.010467 -1.9756 0.97949 -0.0058574 0.0052464 
3067  0.0069338 -2.1560 0.98742 -0.00071923 0.0052683 
3068  0.010401 -1.9784 0.98000 -0.0030775 0.0052653 
3069  0.0097340 -2.0075 0.98406 0.0031540 0.0053050 
3070  0.0086672 -2.0583 0.98670 0.0032390 0.0053114 
3071  0.010667 -1.9673 0.97763 -0.0062983 0.0052543 
3072  0.010001 -1.9956 0.98275 0.0012484 0.0052906 
3073  0.0086006 -2.0617 0.98679 -0.0014235 0.0052764 
3074  0.0081339 -2.0862 0.98717 -0.00036493 0.0052726 
3075  0.010067 -1.9927 0.98236 -0.0044589 0.0052532 
3076  0.011001 -1.9538 0.97401 -0.0041131 0.0052544 
3077  0.010201 -1.9869 0.98149 -0.0050579 0.0052505 
3078  0.0091339 -2.0354 0.98595 -0.0022698 0.0052673 
3079  0.0083339 -2.0755 0.98705 -0.0025558 0.0052629 
3080  0.010334 -1.9812 0.98051 -0.0033037 0.0052628 
3081  0.025268 -1.5863 0.86970 0.028272 0.0056278 
3082  0.0092006 -2.0322 0.98579 -0.0044721 0.0052558 
3083  0.0090006 -2.0418 0.98620 0.0032711 0.0053065 
3084  0.0086006 -2.0617 0.98679 -0.00040541 0.0052712 
3085  0.0095340 -2.0166 0.98482 0.0018322 0.0052947 
3086  0.0098673 -2.0015 0.98347 -0.0034161 0.0052614 
3087  0.0090006 -2.0418 0.98620 -0.0011695 0.0052708 
3088  0.010067 -1.9927 0.98236 -0.0044653 0.0052561 
3089  0.010601 -1.9700 0.97820 -0.0050886 0.0052542 
3090  0.0096006 -2.0135 0.98458 -0.0049545 0.0052492 
3091  0.013134 -1.8759 0.95719 0.010075 0.0053846 
3092  0.010001 -1.9956 0.98275 -0.0025227 0.0052632 
3093  0.010334 -1.9812 0.98051 -0.0037121 0.0052617 
3094  0.013334 -1.8692 0.95612 0.0078075 0.0053536 
3095  0.0093340 -2.0259 0.98544 -0.0048837 0.0052511 
3096  0.029469 -1.5176 0.83546 0.037664 0.0057649 
3097  0.0098673 -2.0015 0.98347 0.0021976 0.0053017 
3098  0.0074672 -2.1236 0.98737 -0.0016028 0.0052650 
3099  0.0093340 -2.0259 0.98544 0.0011795 0.0052869 
3100  0.0096673 -2.0105 0.98434 0.0052402 0.0053343 
3101  0.0096673 -2.0105 0.98434 -0.0035020 0.0052588 
3102  0.0093340 -2.0259 0.98544 -0.00020585 0.0052774 
3103  0.0092673 -2.0290 0.98561 -0.0035808 0.0052605 
3104  0.0091339 -2.0354 0.98595 -0.0040900 0.0052556 
3105  0.0078005 -2.1045 0.98730 5.9518e-05 0.0052723 
3106  0.0087339 -2.0550 0.98662 -0.0028865 0.0052623 
3107  0.011401 -1.9381 0.96972 -0.0073582 0.0052466 
3108  0.0092673 -2.0290 0.98561 -0.0038703 0.0052582 
3109  0.010534 -1.9728 0.97887 -0.0018465 0.0052771 
3110  0.0095340 -2.0166 0.98482 -0.0022271 0.0052640 
3111  0.0096006 -2.0135 0.98458 -0.0040714 0.0052564 
3112  0.0090006 -2.0418 0.98620 0.0013956 0.0052860 
3113  0.012401 -1.9011 0.96150 0.0068728 0.0053379 
3114  0.010934 -1.9564 0.97473 -0.0048257 0.0052537 
3115  0.0095340 -2.0166 0.98482 -0.0048877 0.0052521 
3116  0.013068 -1.8781 0.95774 0.0054033 0.0053343 
3117  0.0084672 -2.0686 0.98693 0.00082974 0.0052850 
3118  0.0088673 -2.0483 0.98644 -9.7763e-05 0.0052765 
3119  0.010867 -1.9591 0.97545 -0.0027126 0.0052679 
3120  0.0096673 -2.0105 0.98434 0.0020690 0.0053029 
3121  0.0093340 -2.0259 0.98544 -0.0027810 0.0052624 
3122  0.010401 -1.9784 0.98000 -0.00082386 0.0052796 
3123  0.0084672 -2.0686 0.98693 0.00031217 0.0052907 
3124  0.0082672 -2.0790 0.98710 0.00060857 0.0052919 
3125  0.0082005 -2.0826 0.98714 -0.00036860 0.0052747 
3126  0.0084672 -2.0686 0.98693 -0.0029104 0.0052578 
3127  0.0089339 -2.0451 0.98633 -0.0032832 0.0052631 
3128  0.010201 -1.9869 0.98149 -0.0041639 0.0052558 
3129  0.010601 -1.9700 0.97820 -0.0051326 0.0052525 
3130  0.0098673 -2.0015 0.98347 -0.0034813 0.0052586 
3131  0.0085339 -2.0651 0.98687 -0.0029950 0.0052586 
3132  0.0094673 -2.0196 0.98505 -0.00083881 0.0052797 
3133  0.010134 -1.9898 0.98194 -0.0044169 0.0052524 
3134  0.0091339 -2.0354 0.98595 -0.0039828 0.0052578 
3135  0.0096673 -2.0105 0.98434 -0.0034618 0.0052634 
3136  0.013401 -1.8670 0.95555 0.011736 0.0054048 
3137  0.0096006 -2.0135 0.98458 -0.0036716 0.0052572 
3138  0.0082005 -2.0826 0.98714 -0.0023424 0.0052648 
3139  0.0083339 -2.0755 0.98705 -0.0028759 0.0052618 
3140  0.010001 -1.9956 0.98275 -0.0035673 0.0052612 
3141  0.0099340 -1.9985 0.98312 0.0026412 0.0053016 
3142  0.0090006 -2.0418 0.98620 -0.0037546 0.0052561 
3143  0.0085339 -2.0651 0.98687 -0.0049897 0.0052498 
3144  0.012668 -1.8918 0.95981 0.0092007 0.0053645 
3145  0.0093340 -2.0259 0.98544 -0.0034472 0.0052571 
3146  0.019735 -1.6961 0.91363 0.021734 0.0055766 
3147  0.0088673 -2.0483 0.98644 -0.0013146 0.0052727 
3148  0.0088006 -2.0516 0.98653 -0.0014278 0.0052674 
3149  0.0089339 -2.0451 0.98633 -0.00039198 0.0052751 
3150  0.023535 -1.6179 0.88901 0.026611 0.0056121 
3151  0.0090006 -2.0418 0.98620 0.00098615 0.0052861 
3152  0.0093340 -2.0259 0.98544 0.0021153 0.0052977 
3153  0.012668 -1.8918 0.95981 0.0065287 0.0053520 
3154  0.0091339 -2.0354 0.98595 0.0043457 0.0053210 
3155  0.0097340 -2.0075 0.98406 2.3114e-05 0.0052804 
3156  0.0094673 -2.0196 0.98505 -7.5103e-05 0.0052888 
3157  0.0097340 -2.0075 0.98406 -0.00096058 0.0052774 
3158  0.0083339 -2.0755 0.98705 -0.00084931 0.0052785 
3159  0.010801 -1.9618 0.97621 0.00069865 0.0052948 
3160  0.010134 -1.9898 0.98194 -0.0016072 0.0052697 
3161  0.013401 -1.8670 0.95555 0.0096661 0.0053778 
3162  0.0082005 -2.0826 0.98714 -0.0045525 0.0052519 
3163  0.0099340 -1.9985 0.98312 -0.0042251 0.0052579 
3164  0.010401 -1.9784 0.98000 0.0016101 0.0053042 
3165  0.0080672 -2.0898 0.98720 -0.0011042 0.0052701 
3166  0.013468 -1.8648 0.95462 0.011453 0.0054313 
3167  0.0090006 -2.0418 0.98620 -0.0014556 0.0052747 
3168  0.010334 -1.9812 0.98051 -0.0045246 0.0052582 
3169  0.0095340 -2.0166 0.98482 -0.0038168 0.0052564 
3170  0.0078672 -2.1008 0.98728 0.0022822 0.0052917 
3171  0.0089339 -2.0451 0.98633 0.0030902 0.0053023 
3172  0.019068 -1.7113 0.91767 0.017020 0.0054934 
3173  0.0095340 -2.0166 0.98482 0.0042478 0.0053108 
3174  0.0092006 -2.0322 0.98579 0.0038545 0.0053158 
3175  0.010067 -1.9927 0.98236 -0.0039151 0.0052601 
3176  0.013334 -1.8692 0.95612 0.0099667 0.0053818 
3177  0.012267 -1.9059 0.96242 0.0093449 0.0054011 
3178  0.0085339 -2.0651 0.98687 -0.00039892 0.0052765 
3179  0.0084672 -2.0686 0.98693 -0.0032612 0.0052603 
3180  0.011734 -1.9254 0.96634 -0.0050313 0.0052607 
3181  0.0098007 -2.0045 0.98379 -0.0052190 0.0052539 
3182  0.010134 -1.9898 0.98194 -0.0050690 0.0052536 
3183  0.0094673 -2.0196 0.98505 -0.0023501 0.0052616 
3184  0.0073338 -2.1315 0.98739 -4.3095e-05 0.0052815 
3185  0.013401 -1.8670 0.95555 0.0087305 0.0054005 
3186  0.0092673 -2.0290 0.98561 -0.0030467 0.0052649 
3187  0.011067 -1.9511 0.97336 -0.0056912 0.0052542 
3188  0.0079339 -2.0971 0.98726 -0.0026140 0.0052617 
3189  0.0097340 -2.0075 0.98406 0.0026051 0.0053009 
3190  0.0078672 -2.1008 0.98728 -0.0034008 0.0052629 
3191  0.0085339 -2.0651 0.98687 -0.0031683 0.0052560 
3192  0.99973 3.5739 3.8098e-05 2.3547 0.054635 
3193  0.010067 -1.9927 0.98236 -0.0028027 0.0052685 
3194  0.0086672 -2.0583 0.98670 -0.0028910 0.0052597 
3195  0.012934 -1.8826 0.95843 0.0046042 0.0053366 
3196  0.012868 -1.8849 0.95887 0.0095712 0.0053837 
3197  0.0095340 -2.0166 0.98482 -0.0037240 0.0052574 
3198  0.99067 2.0259 0.0015134 2.3400 0.054854 
3199  0.010201 -1.9869 0.98149 -0.0031757 0.0052614 
3200  0.0091339 -2.0354 0.98595 0.00011651 0.0052791 
3201  0.0088673 -2.0483 0.98644 -0.0022682 0.0052663 
3202  0.010201 -1.9869 0.98149 -0.0034359 0.0052734 
3203  0.0085339 -2.0651 0.98687 -0.0013378 0.0052684 
3204  0.0094006 -2.0227 0.98526 0.0035746 0.0053150 
3205  0.0084672 -2.0686 0.98693 -0.0038685 0.0052621 
3206  0.010934 -1.9564 0.97473 -0.0038750 0.0052601 
3207  0.0092006 -2.0322 0.98579 -0.00084737 0.0052750 
3208  0.0079339 -2.0971 0.98726 -0.0044559 0.0052521 
3209  0.011267 -1.9433 0.97107 0.0015831 0.0053025 
3210  0.0086006 -2.0617 0.98679 -0.0038195 0.0052565 
3211  0.015001 -1.8173 0.94413 0.013115 0.0054509 
3212  0.010334 -1.9812 0.98051 -0.0018245 0.0052681 
3213  0.0098007 -2.0045 0.98379 -0.0057121 0.0052473 
3214  0.0097340 -2.0075 0.98406 1.6289e-05 0.0052773 
3215  0.010201 -1.9869 0.98149 -0.0027120 0.0052730 
3216  0.0097340 -2.0075 0.98406 0.0021103 0.0053183 
3217  0.010601 -1.9700 0.97820 -0.0068589 0.0052443 
3218  0.012001 -1.9155 0.96442 0.0064700 0.0053407 
3219  0.0094006 -2.0227 0.98526 0.0024208 0.0052965 
3220  0.010467 -1.9756 0.97949 -0.00071831 0.0052957 
3221  0.0098007 -2.0045 0.98379 0.0025968 0.0053052 
3222  0.0084672 -2.0686 0.98693 0.0022394 0.0052983 
3223  0.0086006 -2.0617 0.98679 0.0011305 0.0052854 
3224  0.0086672 -2.0583 0.98670 3.2196e-05 0.0052736 
3225  0.013201 -1.8736 0.95675 0.0088201 0.0053671 
3226  0.010001 -1.9956 0.98275 -0.0016430 0.0052706 
3227  0.010601 -1.9700 0.97820 -0.0053424 0.0052510 
3228  0.0086672 -2.0583 0.98670 -0.0028861 0.0052638 
3229  0.0089339 -2.0451 0.98633 -0.0037300 0.0052551 
3230  0.0090673 -2.0386 0.98608 -0.0015964 0.0052705 
3231  0.010534 -1.9728 0.97887 -0.0066837 0.0052451 
3232  0.0096673 -2.0105 0.98434 -0.0070749 0.0052415 
3233  0.0094006 -2.0227 0.98526 -0.0043176 0.0052550 
3234  0.010201 -1.9869 0.98149 -0.0049068 0.0052592 
3235  0.010134 -1.9898 0.98194 -0.0062937 0.0052481 
3236  0.019001 -1.7129 0.91920 0.019915 0.0055421 
3237  0.0092006 -2.0322 0.98579 0.0010132 0.0052855 
3238  0.010401 -1.9784 0.98000 -0.0011028 0.0052715 
3239  0.010201 -1.9869 0.98149 -0.0014654 0.0052733 
3240  0.011134 -1.9485 0.97262 -0.0041555 0.0052611 
3241  0.0097340 -2.0075 0.98406 -0.0030136 0.0052616 
3242  0.0099340 -1.9985 0.98312 -0.0041621 0.0052593 
3243  0.010401 -1.9784 0.98000 -0.0047272 0.0052539 
3244  0.015134 -1.8134 0.94360 0.010441 0.0053920 
3245  0.0088673 -2.0483 0.98644 -0.0048840 0.0052528 
3246  0.010001 -1.9956 0.98275 -0.0051570 0.0052535 
3247  0.011001 -1.9538 0.97401 -0.00049880 0.0053046 
3248  0.010867 -1.9591 0.97545 -0.0053978 0.0052508 
3249  0.010601 -1.9700 0.97820 -0.0041149 0.0052576 
3250  0.0097340 -2.0075 0.98406 -0.0030892 0.0052651 
3251  0.010201 -1.9869 0.98149 -0.0047062 0.0052532 
3252  0.0094006 -2.0227 0.98526 -0.0040865 0.0052583 
3253  0.0075338 -2.1197 0.98736 -0.0019051 0.0052613 
3254  0.010001 -1.9956 0.98275 -0.0043520 0.0052532 
3255  0.015068 -1.8154 0.94395 0.011306 0.0053826 
3256  0.0084006 -2.0720 0.98700 0.00035760 0.0052932 
3257  0.011334 -1.9407 0.97032 -0.0048043 0.0052561 
3258  0.0091339 -2.0354 0.98595 -0.0026338 0.0052606 
3259  0.010134 -1.9898 0.98194 -0.00096544 0.0052712 
3260  0.011734 -1.9254 0.96634 0.0060939 0.0053368 
3261  0.0099340 -1.9985 0.98312 -0.0034851 0.0052668 
3262  0.0077338 -2.1082 0.98731 -0.00041347 0.0052714 
3263  0.0092006 -2.0322 0.98579 -0.0042443 0.0052575 
3264  0.010067 -1.9927 0.98236 -0.0048246 0.0052576 
3265  0.010267 -1.9841 0.98101 -0.00023558 0.0052887 
3266  0.014068 -1.8456 0.95099 0.0097879 0.0053900 
3267  0.014001 -1.8477 0.95130 0.010492 0.0054002 
3268  0.010067 -1.9927 0.98236 0.0031424 0.0053136 
3269  0.0095340 -2.0166 0.98482 0.0038498 0.0053108 
3270  0.0091339 -2.0354 0.98595 -0.0024244 0.0052670 
3271  0.010334 -1.9812 0.98051 -0.0062750 0.0052456 
3272  0.0088006 -2.0516 0.98653 -0.0010317 0.0052740 
3273  0.0087339 -2.0550 0.98662 -0.0039320 0.0052553 
3274  0.0096673 -2.0105 0.98434 -0.00032455 0.0052778 
3275  0.20388 -0.59160 0.26237 0.41763 0.012947 
3276  0.0098673 -2.0015 0.98347 -0.0037483 0.0052592 
3277  0.0098007 -2.0045 0.98379 0.0011406 0.0052866 
3278  0.0089339 -2.0451 0.98633 -0.00052937 0.0052752 
3279  0.014734 -1.8252 0.94627 0.012763 0.0054168 
3280  0.010467 -1.9756 0.97949 0.0029972 0.0053145 
3281  0.0092673 -2.0290 0.98561 -0.0039415 0.0052563 
3282  0.0090006 -2.0418 0.98620 -0.0035027 0.0052561 
3283  0.024468 -1.6006 0.88000 0.028518 0.0056348 
3284  0.011134 -1.9485 0.97262 0.0083014 0.0053612 
3285  0.011201 -1.9459 0.97182 -0.0054484 0.0052534 
3286  0.0089339 -2.0451 0.98633 -0.0019735 0.0052649 
3287  0.0094006 -2.0227 0.98526 -0.0033629 0.0052613 
3288  0.0098673 -2.0015 0.98347 -0.0026276 0.0052674 
3289  0.0095340 -2.0166 0.98482 -0.00059464 0.0052784 
3290  0.010734 -1.9645 0.97679 -0.0047644 0.0052560 
3291  0.0092006 -2.0322 0.98579 -0.0030365 0.0052606 
3292  0.011467 -1.9355 0.96913 -0.0023894 0.0052777 
3293  0.0096673 -2.0105 0.98434 2.2429e-05 0.0052828 
3294  0.0095340 -2.0166 0.98482 -0.0040005 0.0052558 
3295  0.010067 -1.9927 0.98236 -0.0048877 0.0052528 
3296  0.0087339 -2.0550 0.98662 -0.0014888 0.0052670 
3297  0.010401 -1.9784 0.98000 -0.0034999 0.0052658 
3298  0.0084006 -2.0720 0.98700 -0.0024262 0.0052668 
3299  0.023068 -1.6269 0.89167 0.023340 0.0055568 
3300  0.0086672 -2.0583 0.98670 0.0014019 0.0052878 
3301  0.010001 -1.9956 0.98275 -0.0043370 0.0052597 
3302  0.0098673 -2.0015 0.98347 0.0029590 0.0053032 
3303  0.0098007 -2.0045 0.98379 0.00055074 0.0052831 
3304  0.011401 -1.9381 0.96972 -0.0052285 0.0052557 
3305  0.0084672 -2.0686 0.98693 -0.0039826 0.0052551 
3306  0.011267 -1.9433 0.97107 -0.0054066 0.0052532 
3307  0.0081339 -2.0862 0.98717 0.0015037 0.0052886 
3308  0.0091339 -2.0354 0.98595 -0.0020599 0.0052633 
3309  0.010534 -1.9728 0.97887 -0.0030578 0.0052631 
3310  0.0094006 -2.0227 0.98526 -0.0021181 0.0052666 
3311  0.0082672 -2.0790 0.98710 -0.0023959 0.0052626 
3312  0.010667 -1.9673 0.97763 8.1327e-05 0.0052861 
3313  0.011134 -1.9485 0.97262 -0.0010088 0.0052876 
3314  0.010601 -1.9700 0.97820 -0.0024441 0.0052732 
3315  0.010201 -1.9869 0.98149 -0.0038899 0.0052613 
3316  0.0092006 -2.0322 0.98579 -0.0022478 0.0052644 
3317  0.010534 -1.9728 0.97887 -0.0030382 0.0052623 
3318  0.010334 -1.9812 0.98051 -0.0063858 0.0052491 
3319  0.0088673 -2.0483 0.98644 -0.0038210 0.0052560 
3320  0.0096673 -2.0105 0.98434 -0.0034776 0.0052579 
3321  0.016134 -1.7852 0.93735 0.013283 0.0054003 
3322  0.0092006 -2.0322 0.98579 -0.0033455 0.0052572 
3323  0.0087339 -2.0550 0.98662 -0.00054264 0.0052750 
3324  0.0098673 -2.0015 0.98347 -0.0044080 0.0052544 
3325  0.010267 -1.9841 0.98101 -0.0042756 0.0052621 
3326  0.011667 -1.9279 0.96712 -0.0048311 0.0052580 
3327  0.0092006 -2.0322 0.98579 0.0011778 0.0052850 
3328  0.0093340 -2.0259 0.98544 -0.0033770 0.0052584 
3329  0.0095340 -2.0166 0.98482 -0.0020064 0.0052719 
3330  0.011134 -1.9485 0.97262 -0.0062682 0.0052485 
3331  0.0096673 -2.0105 0.98434 0.0021179 0.0052960 
3332  0.010134 -1.9898 0.98194 -0.0044045 0.0052561 
3333  0.0093340 -2.0259 0.98544 -0.0047390 0.0052536 
3334  0.010134 -1.9898 0.98194 -0.0059614 0.0052487 
3335  0.014734 -1.8252 0.94627 0.012517 0.0054357 
3336  0.015534 -1.8019 0.94128 0.012959 0.0054324 
3337  0.016068 -1.7870 0.93837 0.013569 0.0054396 
3338  0.011067 -1.9511 0.97336 -0.0071699 0.0052468 
3339  0.011734 -1.9254 0.96634 0.0065536 0.0053618 
3340  0.0092006 -2.0322 0.98579 -0.0023353 0.0052637 
3341  0.012801 -1.8872 0.95918 0.0087247 0.0053700 
3342  0.0094673 -2.0196 0.98505 -0.0055605 0.0052517 
3343  0.010201 -1.9869 0.98149 -0.0032502 0.0052637 
3344  0.0080672 -2.0898 0.98720 -0.0037425 0.0052558 
3345  0.012534 -1.8964 0.96060 0.0071374 0.0053557 
3346  0.0086672 -2.0583 0.98670 -0.00037867 0.0052824 
3347  0.010401 -1.9784 0.98000 -0.0044036 0.0052597 
3348  0.012067 -1.9131 0.96381 0.0063445 0.0053617 
3349  0.0087339 -2.0550 0.98662 -0.0014441 0.0052686 
3350  0.0096673 -2.0105 0.98434 0.0029118 0.0053172 
3351  0.010734 -1.9645 0.97679 0.0038022 0.0053217 
3352  0.0084006 -2.0720 0.98700 0.00070434 0.0052830 
3353  0.010134 -1.9898 0.98194 -0.0057344 0.0052482 
3354  0.0094673 -2.0196 0.98505 0.0020058 0.0053131 
3355  0.0090006 -2.0418 0.98620 -0.0029903 0.0052603 
3356  0.010201 -1.9869 0.98149 -0.0040688 0.0052556 
3357  0.019068 -1.7113 0.91767 0.018618 0.0055317 
3358  0.0075338 -2.1197 0.98736 0.00044855 0.0052801 
3359  0.0085339 -2.0651 0.98687 -0.0049084 0.0052530 
3360  0.0076672 -2.1120 0.98734 -0.00016486 0.0052758 
3361  0.010067 -1.9927 0.98236 -0.0052254 0.0052526 
3362  0.010467 -1.9756 0.97949 0.0034123 0.0053162 
3363  0.011401 -1.9381 0.96972 0.0088451 0.0053736 
3364  0.0085339 -2.0651 0.98687 0.0014349 0.0052841 
3365  0.0097340 -2.0075 0.98406 -0.0027404 0.0052633 
3366  0.0086672 -2.0583 0.98670 -0.0015479 0.0052666 
3367  0.0094673 -2.0196 0.98505 0.0028184 0.0053055 
3368  0.0092673 -2.0290 0.98561 -0.00013938 0.0052833 
3369  0.010401 -1.9784 0.98000 -0.0043881 0.0052567 
3370  0.0080672 -2.0898 0.98720 -0.0012139 0.0052724 
3371  0.010067 -1.9927 0.98236 -0.0018242 0.0052707 
3372  0.013534 -1.8626 0.95436 0.0092406 0.0053768 
3373  0.0080672 -2.0898 0.98720 -0.0022744 0.0052640 
3374  0.0080672 -2.0898 0.98720 -0.0032214 0.0052581 
3375  0.010534 -1.9728 0.97887 0.00079494 0.0053030 
3376  0.0090006 -2.0418 0.98620 -0.0044905 0.0052527 
3377  0.0098007 -2.0045 0.98379 -0.00023954 0.0052868 
3378  0.010467 -1.9756 0.97949 0.0015782 0.0053013 
3379  0.054604 -1.2384 0.62264 0.088153 0.0066585 
3380  0.0093340 -2.0259 0.98544 -0.0027026 0.0052608 
3381  0.0074672 -2.1236 0.98737 -0.00098870 0.0052706 
3382  0.0096673 -2.0105 0.98434 -0.0034749 0.0052617 
3383  0.010067 -1.9927 0.98236 -0.0041472 0.0052594 
3384  0.010267 -1.9841 0.98101 -0.0049316 0.0052562 
3385  0.0092006 -2.0322 0.98579 0.00075312 0.0052831 
3386  0.023202 -1.6243 0.89036 0.028669 0.0056768 
3387  0.010867 -1.9591 0.97545 -0.0029168 0.0052746 
3388  0.010467 -1.9756 0.97949 -0.0049811 0.0052543 
3389  0.0092673 -2.0290 0.98561 -0.0043617 0.0052558 
3390  0.0094673 -2.0196 0.98505 -0.0051508 0.0052504 
3391  0.0090006 -2.0418 0.98620 -0.0025054 0.0052614 
3392  0.010201 -1.9869 0.98149 -0.0052235 0.0052531 
3393  0.0081339 -2.0862 0.98717 0.0021698 0.0052940 
3394  0.0095340 -2.0166 0.98482 -0.0016078 0.0052727 
3395  0.010334 -1.9812 0.98051 0.0034174 0.0053120 
3396  0.0074005 -2.1275 0.98738 -0.00019340 0.0052778 
3397  0.019001 -1.7129 0.91920 0.020263 0.0055259 
3398  0.0085339 -2.0651 0.98687 -0.0015370 0.0052649 
3399  0.0092006 -2.0322 0.98579 -0.0021699 0.0052659 
3400  0.0098007 -2.0045 0.98379 0.0013619 0.0052887 
3401  0.012401 -1.9011 0.96150 0.0073906 0.0053592 
3402  0.0098673 -2.0015 0.98347 -0.0014122 0.0052759 
3403  0.0096006 -2.0135 0.98458 0.0021483 0.0053105 
3404  0.0094673 -2.0196 0.98505 -0.0046713 0.0052510 
3405  0.0091339 -2.0354 0.98595 -0.0041228 0.0052549 
3406  0.0092006 -2.0322 0.98579 -0.0051174 0.0052523 
3407  0.011801 -1.9229 0.96574 -0.0062965 0.0052529 
3408  0.018801 -1.7176 0.92026 0.017739 0.0054856 
3409  0.041869 -1.3595 0.72916 0.058233 0.0060686 
3410  0.010267 -1.9841 0.98101 -0.0033189 0.0052584 
3411  0.0088673 -2.0483 0.98644 -0.00046356 0.0052776 
3412  0.010001 -1.9956 0.98275 -0.00096023 0.0052774 
3413  0.010067 -1.9927 0.98236 0.0048720 0.0053159 
3414  0.010734 -1.9645 0.97679 -0.0034538 0.0052585 
3415  0.010801 -1.9618 0.97621 -0.0033851 0.0052598 
3416  0.0095340 -2.0166 0.98482 -0.0048527 0.0052519 
3417  0.0092673 -2.0290 0.98561 -0.0053677 0.0052501 
3418  0.0084672 -2.0686 0.98693 -0.0029460 0.0052606 
3419  0.014668 -1.8272 0.94681 0.012972 0.0054293 
3420  0.011334 -1.9407 0.97032 -0.0055471 0.0052520 
3421  0.0099340 -1.9985 0.98312 -0.0030328 0.0052662 
3422  0.0094673 -2.0196 0.98505 -0.0034946 0.0052569 
3423  0.011734 -1.9254 0.96634 -0.0070037 0.0052456 
3424  0.0097340 -2.0075 0.98406 -0.0022940 0.0052666 
3425  0.0094006 -2.0227 0.98526 -0.0030359 0.0052581 
3426  0.010401 -1.9784 0.98000 0.0012321 0.0052905 
3427  0.011067 -1.9511 0.97336 0.0073375 0.0053652 
3428  0.010267 -1.9841 0.98101 0.0032825 0.0053224 
3429  0.0089339 -2.0451 0.98633 -0.0013871 0.0052665 
3430  0.012534 -1.8964 0.96060 0.0082241 0.0053897 
3431  0.0084006 -2.0720 0.98700 -0.0021236 0.0052665 
3432  0.011734 -1.9254 0.96634 -0.0047896 0.0052613 
3433  0.0080005 -2.0934 0.98723 -0.0029776 0.0052571 
3434  0.011334 -1.9407 0.97032 -0.0048293 0.0052539 
3435  0.011134 -1.9485 0.97262 -0.0051579 0.0052539 
3436  0.010601 -1.9700 0.97820 0.0041998 0.0053155 
3437  0.0094006 -2.0227 0.98526 -0.0048776 0.0052519 
3438  0.012601 -1.8941 0.96017 0.0091771 0.0053886 
3439  0.011067 -1.9511 0.97336 -0.0060888 0.0052484 
3440  0.011467 -1.9355 0.96913 0.0065258 0.0053492 
3441  0.010667 -1.9673 0.97763 -0.0027624 0.0052690 
3442  0.010934 -1.9564 0.97473 -0.0058286 0.0052541 
3443  0.013601 -1.8605 0.95395 0.0090263 0.0053675 
3444  0.0083339 -2.0755 0.98705 -0.0022756 0.0052627 
3445  0.0094673 -2.0196 0.98505 -0.00023199 0.0052790 
3446  0.0075338 -2.1197 0.98736 -0.0011547 0.0052637 
3447  0.0099340 -1.9985 0.98312 -0.0059861 0.0052473 
3448  0.015734 -1.7963 0.93976 0.012933 0.0054487 
3449  0.010334 -1.9812 0.98051 -0.0052002 0.0052512 
3450  0.0094673 -2.0196 0.98505 -0.0025460 0.0052703 
3451  0.010067 -1.9927 0.98236 -0.0057521 0.0052495 
3452  0.0085339 -2.0651 0.98687 -0.00065279 0.0052733 
3453  0.0083339 -2.0755 0.98705 -0.0032558 0.0052577 
3454  0.0082672 -2.0790 0.98710 -0.0024411 0.0052655 
3455  0.011201 -1.9459 0.97182 -0.00027658 0.0052927 
3456  0.027335 -1.5512 0.85085 0.036602 0.0058014 
3457  0.0094673 -2.0196 0.98505 -0.0018571 0.0052681 
3458  0.011334 -1.9407 0.97032 0.0065780 0.0053529 
3459  0.010934 -1.9564 0.97473 -0.0052060 0.0052528 
3460  0.0083339 -2.0755 0.98705 -0.00055662 0.0052711 
3461  0.0094673 -2.0196 0.98505 -0.00033276 0.0052853 
3462  0.012201 -1.9083 0.96281 0.0075596 0.0053664 
3463  0.0072005 -2.1395 0.98740 -0.00097228 0.0052690 
3464  0.010667 -1.9673 0.97763 -0.00063338 0.0052821 
3465  0.0090673 -2.0386 0.98608 -0.0037101 0.0052591 
3466  0.0088006 -2.0516 0.98653 -0.0044867 0.0052550 
3467  0.0085339 -2.0651 0.98687 0.00075908 0.0052824 
3468  0.0094006 -2.0227 0.98526 -0.0035483 0.0052613 
3469  0.0086006 -2.0617 0.98679 0.0013004 0.0052957 
3470  0.011734 -1.9254 0.96634 0.0067503 0.0053523 
3471  0.010467 -1.9756 0.97949 -0.0049884 0.0052569 
3472  0.010801 -1.9618 0.97621 0.0076501 0.0053575 
3473  0.0092673 -2.0290 0.98561 -0.0026751 0.0052694 
3474  0.0089339 -2.0451 0.98633 -0.0045578 0.0052544 
3475  0.0076005 -2.1158 0.98735 0.00084556 0.0052801 
3476  0.016068 -1.7870 0.93837 0.011355 0.0054119 
3477  0.0090006 -2.0418 0.98620 -0.0019498 0.0052656 
3478  0.010401 -1.9784 0.98000 0.0059357 0.0053287 
3479  0.0091339 -2.0354 0.98595 -0.0027953 0.0052621 
3480  0.0094006 -2.0227 0.98526 -0.0039845 0.0052578 
3481  0.010667 -1.9673 0.97763 0.0047610 0.0053290 
3482  0.010134 -1.9898 0.98194 0.0011612 0.0052922 
3483  0.0095340 -2.0166 0.98482 -0.0031911 0.0052598 
3484  0.0078005 -2.1045 0.98730 -0.00070582 0.0052670 
3485  0.023802 -1.6129 0.88667 0.027717 0.0056199 
3486  0.010201 -1.9869 0.98149 -0.0026622 0.0052694 
3487  0.0093340 -2.0259 0.98544 -0.0045937 0.0052539 
3488  0.011067 -1.9511 0.97336 0.0061621 0.0053380 
3489  0.0095340 -2.0166 0.98482 -0.0022776 0.0052618 
3490  0.010867 -1.9591 0.97545 -0.0050600 0.0052573 
3491  0.011334 -1.9407 0.97032 -0.0045202 0.0052536 
3492  0.0096673 -2.0105 0.98434 0.0046318 0.0053120 
3493  0.016068 -1.7870 0.93837 0.015172 0.0054852 
3494  0.0096006 -2.0135 0.98458 0.00041926 0.0052834 
3495  0.0092006 -2.0322 0.98579 -0.0033294 0.0052586 
3496  0.010067 -1.9927 0.98236 -0.0027783 0.0052645 
3497  0.010267 -1.9841 0.98101 -0.0046972 0.0052542 
3498  0.0099340 -1.9985 0.98312 -0.0038303 0.0052573 
3499  0.0082005 -2.0826 0.98714 -0.0026334 0.0052601 
3500  0.0087339 -2.0550 0.98662 -0.0029459 0.0052594 
3501  0.0098007 -2.0045 0.98379 -0.0037072 0.0052590 
3502  0.0096673 -2.0105 0.98434 -0.0043453 0.0052537 
3503  0.0092006 -2.0322 0.98579 -0.0025443 0.0052633 
3504  0.031135 -1.4930 0.82023 0.039817 0.0058318 
3505  0.011667 -1.9279 0.96712 0.0059981 0.0053549 
3506  0.0084672 -2.0686 0.98693 0.0016209 0.0052924 
3507  0.0084006 -2.0720 0.98700 0.0022855 0.0052924 
3508  0.010001 -1.9956 0.98275 -0.00059198 0.0052869 
3509  0.0090673 -2.0386 0.98608 -0.00071528 0.0052740 
3510  0.0092673 -2.0290 0.98561 -0.0017554 0.0052755 
3511  0.010201 -1.9869 0.98149 -0.0052584 0.0052566 
3512  0.0094006 -2.0227 0.98526 -0.0050269 0.0052515 
3513  0.0095340 -2.0166 0.98482 -0.0020522 0.0052654 
3514  0.011334 -1.9407 0.97032 0.0024561 0.0053087 
3515  0.0094673 -2.0196 0.98505 -0.0026909 0.0052668 
3516  0.0086006 -2.0617 0.98679 -0.0043637 0.0052510 
3517  0.0092006 -2.0322 0.98579 -0.0027887 0.0052619 
3518  0.0082672 -2.0790 0.98710 0.00038847 0.0052850 
3519  0.0098007 -2.0045 0.98379 -0.0063150 0.0052496 
3520  0.0086006 -2.0617 0.98679 -0.0021632 0.0052626 
3521  0.010601 -1.9700 0.97820 0.0043329 0.0053247 
3522  0.011001 -1.9538 0.97401 -0.00061235 0.0052876 
3523  0.010534 -1.9728 0.97887 -0.0030172 0.0052630 
3524  0.010467 -1.9756 0.97949 0.0032275 0.0053123 
3525  0.0099340 -1.9985 0.98312 -0.0038118 0.0052539 
3526  0.0098673 -2.0015 0.98347 -0.00047230 0.0052745 
3527  0.0079339 -2.0971 0.98726 -0.00084988 0.0052692 
3528  0.0088006 -2.0516 0.98653 -0.0047012 0.0052532 
3529  0.011267 -1.9433 0.97107 0.0040421 0.0053217 
3530  0.011467 -1.9355 0.96913 -0.0069192 0.0052492 
3531  0.011201 -1.9459 0.97182 -0.0050571 0.0052569 
3532  0.010401 -1.9784 0.98000 -0.0013428 0.0052864 
3533  0.011267 -1.9433 0.97107 -0.0058332 0.0052512 
3534  0.017468 -1.7501 0.93028 0.017673 0.0054880 
3535  0.010801 -1.9618 0.97621 -0.0059514 0.0052475 
3536  0.0097340 -2.0075 0.98406 -0.00077588 0.0052768 
3537  0.0088673 -2.0483 0.98644 -0.00084136 0.0052721 
3538  0.0094006 -2.0227 0.98526 0.00024455 0.0052817 
3539  0.0090673 -2.0386 0.98608 -0.0015101 0.0052709 
3540  0.010201 -1.9869 0.98149 -0.0035481 0.0052570 
3541  0.010067 -1.9927 0.98236 -0.0038135 0.0052602 
3542  0.0082005 -2.0826 0.98714 -0.0024026 0.0052632 
3543  0.0088673 -2.0483 0.98644 -0.0023406 0.0052603 
3544  0.012734 -1.8895 0.95955 0.0082102 0.0053758 
3545  0.010601 -1.9700 0.97820 -0.0042246 0.0052550 
3546  0.011001 -1.9538 0.97401 0.0054455 0.0053260 
3547  0.0084672 -2.0686 0.98693 -0.0032564 0.0052594 
3548  0.0092006 -2.0322 0.98579 -0.0057191 0.0052471 
3549  0.0096673 -2.0105 0.98434 -0.0024358 0.0052644 
3550  0.0096673 -2.0105 0.98434 -0.0055437 0.0052548 
3551  0.010934 -1.9564 0.97473 0.0011209 0.0052926 
3552  0.010801 -1.9618 0.97621 -0.0041860 0.0052571 
3553  0.0096006 -2.0135 0.98458 -0.0054720 0.0052508 
3554  0.0088006 -2.0516 0.98653 0.0011615 0.0052844 
3555  0.017801 -1.7418 0.92697 0.017345 0.0054743 
3556  0.0087339 -2.0550 0.98662 -0.00053271 0.0052769 
3557  0.010734 -1.9645 0.97679 0.0047410 0.0053297 
3558  0.0080005 -2.0934 0.98723 0.00033626 0.0052792 
3559  0.012334 -1.9035 0.96201 0.0057848 0.0053389 
3560  0.013468 -1.8648 0.95462 0.0093178 0.0053725 
3561  0.0092673 -2.0290 0.98561 -0.0021349 0.0052634 
3562  0.010267 -1.9841 0.98101 -0.0017660 0.0052690 
3563  0.011067 -1.9511 0.97336 0.0044284 0.0053293 
3564  0.0096006 -2.0135 0.98458 -0.0031952 0.0052656 
3565  0.0094673 -2.0196 0.98505 -0.0043833 0.0052563 
3566  0.0084672 -2.0686 0.98693 -0.0038209 0.0052584 
3567  0.0084672 -2.0686 0.98693 -0.0020038 0.0052604 
3568  0.011267 -1.9433 0.97107 -0.0061853 0.0052518 
3569  0.010667 -1.9673 0.97763 -0.0061289 0.0052475 
3570  0.0088006 -2.0516 0.98653 0.0013952 0.0052875 
3571  0.0092006 -2.0322 0.98579 0.00048527 0.0052836 
3572  0.0085339 -2.0651 0.98687 -0.0026797 0.0052593 
3573  0.0092673 -2.0290 0.98561 -0.0048162 0.0052520 
3574  0.0096673 -2.0105 0.98434 2.8553e-05 0.0052870 
3575  0.0096673 -2.0105 0.98434 0.0038740 0.0053159 
3576  0.0084006 -2.0720 0.98700 -0.0013471 0.0052678 
3577  0.010801 -1.9618 0.97621 0.00078930 0.0052910 
3578  0.0084006 -2.0720 0.98700 -0.0018192 0.0052673 
3579  0.0094673 -2.0196 0.98505 -0.0037800 0.0052591 
3580  0.0097340 -2.0075 0.98406 -0.0033113 0.0052668 
3581  0.011534 -1.9330 0.96849 0.0056569 0.0053436 
3582  0.010467 -1.9756 0.97949 0.0033468 0.0053124 
3583  0.0096006 -2.0135 0.98458 -0.0022495 0.0052651 
3584  0.0092006 -2.0322 0.98579 -0.0043733 0.0052561 
3585  0.0083339 -2.0755 0.98705 -0.0018228 0.0052646 
3586  0.0084006 -2.0720 0.98700 -0.00032751 0.0052758 
3587  0.010667 -1.9673 0.97763 0.0046933 0.0053370 
3588  0.0096673 -2.0105 0.98434 0.00047809 0.0052896 
3589  0.0091339 -2.0354 0.98595 0.00020047 0.0052817 
3590  0.0096673 -2.0105 0.98434 0.00054512 0.0052962 
3591  0.0089339 -2.0451 0.98633 -0.0017013 0.0052698 
3592  0.0075338 -2.1197 0.98736 -0.0025661 0.0052571 
3593  0.0098007 -2.0045 0.98379 -0.0029386 0.0052617 
3594  0.010667 -1.9673 0.97763 -0.0053406 0.0052616 
3595  0.0084672 -2.0686 0.98693 -0.0034154 0.0052566 
3596  0.017735 -1.7434 0.92763 0.017658 0.0055161 
3597  0.0087339 -2.0550 0.98662 -0.0033425 0.0052598 
3598  0.0086006 -2.0617 0.98679 -0.00092120 0.0052683 
3599  0.029869 -1.5116 0.82823 0.039852 0.0058539 
3600  0.010001 -1.9956 0.98275 0.0041528 0.0053240 
3601  0.0096006 -2.0135 0.98458 0.0048803 0.0053214 
3602  0.0092006 -2.0322 0.98579 -0.0039906 0.0052577 
3603  0.010267 -1.9841 0.98101 -0.0040400 0.0052552 
3604  0.010067 -1.9927 0.98236 -0.0057019 0.0052496 
3605  0.0092006 -2.0322 0.98579 -0.0012270 0.0052671 
3606  0.0096006 -2.0135 0.98458 0.0027773 0.0053053 
3607  0.0077338 -2.1082 0.98731 -0.0014744 0.0052672 
3608  0.0092006 -2.0322 0.98579 -0.0029004 0.0052704 
3609  0.0074672 -2.1236 0.98737 -1.1183e-05 0.0052731 
3610  0.0099340 -1.9985 0.98312 -0.0031365 0.0052681 
3611  0.0095340 -2.0166 0.98482 -0.0017429 0.0052715 
3612  0.0092006 -2.0322 0.98579 0.0052317 0.0053190 
3613  0.021135 -1.6657 0.90584 0.022702 0.0055464 
3614  0.010667 -1.9673 0.97763 -0.0027299 0.0052683 
3615  0.010601 -1.9700 0.97820 -0.00014660 0.0052878 
3616  0.013334 -1.8692 0.95612 0.0091600 0.0053650 
3617  0.011334 -1.9407 0.97032 0.0078930 0.0053527 
3618  0.010734 -1.9645 0.97679 0.0047590 0.0053316 
3619  0.0089339 -2.0451 0.98633 -0.0050263 0.0052502 
3620  0.0086006 -2.0617 0.98679 0.0012090 0.0052919 
3621  0.023735 -1.6142 0.88762 0.028724 0.0056493 
3622  0.010334 -1.9812 0.98051 -0.0033276 0.0052605 
3623  0.018668 -1.7207 0.92148 0.018092 0.0054712 
3624  0.0080005 -2.0934 0.98723 -0.0046402 0.0052522 
3625  0.0084006 -2.0720 0.98700 -0.0040791 0.0052564 
3626  0.0094006 -2.0227 0.98526 0.0017566 0.0052896 
3627  0.010534 -1.9728 0.97887 -0.00084691 0.0052828 
3628  0.0091339 -2.0354 0.98595 -0.0021872 0.0052675 
3629  0.010067 -1.9927 0.98236 -0.0053756 0.0052485 
3630  0.0090006 -2.0418 0.98620 -0.0014064 0.0052782 
3631  0.0094673 -2.0196 0.98505 -0.0032562 0.0052618 
3632  0.0095340 -2.0166 0.98482 0.0023148 0.0053033 
3633  0.010067 -1.9927 0.98236 -0.0055299 0.0052497 
3634  0.0084672 -2.0686 0.98693 -0.0051176 0.0052520 
3635  0.010534 -1.9728 0.97887 -0.0051061 0.0052529 
3636  0.0092673 -2.0290 0.98561 0.0022590 0.0053004 
3637  0.0088673 -2.0483 0.98644 -0.0038281 0.0052545 
3638  0.0080005 -2.0934 0.98723 -0.00075465 0.0052742 
3639  0.0091339 -2.0354 0.98595 -0.0045479 0.0052518 
3640  0.0075338 -2.1197 0.98736 -0.00059244 0.0052720 
3641  0.0097340 -2.0075 0.98406 0.0025302 0.0053212 
3642  0.0095340 -2.0166 0.98482 -0.0039451 0.0052559 
3643  0.012201 -1.9083 0.96281 0.0073964 0.0053712 
3644  0.0090673 -2.0386 0.98608 -0.0033034 0.0052600 
3645  0.010334 -1.9812 0.98051 0.0022114 0.0052986 
3646  0.020135 -1.6872 0.91183 0.022547 0.0055419 
3647  0.0096006 -2.0135 0.98458 -0.0035248 0.0052590 
3648  0.0085339 -2.0651 0.98687 -0.0030965 0.0052588 
3649  0.0086006 -2.0617 0.98679 -0.0033512 0.0052580 
3650  0.0074672 -2.1236 0.98737 -0.00035926 0.0052685 
3651  0.0095340 -2.0166 0.98482 -0.0023812 0.0052663 
3652  0.0084672 -2.0686 0.98693 -0.0033925 0.0052537 
3653  0.011867 -1.9205 0.96531 -0.0050276 0.0052530 
3654  0.0094673 -2.0196 0.98505 0.0024138 0.0053045 
3655  0.010134 -1.9898 0.98194 -0.0061916 0.0052479 
3656  0.010001 -1.9956 0.98275 -0.0044664 0.0052559 
3657  0.0098673 -2.0015 0.98347 -0.0035767 0.0052619 
3658  0.0090673 -2.0386 0.98608 -0.0038834 0.0052562 
3659  0.010001 -1.9956 0.98275 -0.0030962 0.0052632 
3660  0.0086672 -2.0583 0.98670 -0.0031304 0.0052616 
3661  0.0098007 -2.0045 0.98379 -0.0043749 0.0052593 
3662  0.0096006 -2.0135 0.98458 0.0018201 0.0052859 
3663  0.010067 -1.9927 0.98236 -0.0031166 0.0052626 
3664  0.0091339 -2.0354 0.98595 -0.0034881 0.0052599 
3665  0.011601 -1.9304 0.96780 -0.0037099 0.0052581 
3666  0.0093340 -2.0259 0.98544 -0.0034886 0.0052579 
3667  0.012467 -1.8988 0.96097 0.0086743 0.0053667 
3668  0.0092006 -2.0322 0.98579 -0.0045078 0.0052557 
3669  0.0092673 -2.0290 0.98561 0.00057638 0.0052906 
3670  0.0094006 -2.0227 0.98526 -0.0033620 0.0052635 
3671  0.010534 -1.9728 0.97887 -0.0044647 0.0052579 
3672  0.0089339 -2.0451 0.98633 -0.0031638 0.0052596 
3673  0.0097340 -2.0075 0.98406 0.0011887 0.0053022 
3674  0.0097340 -2.0075 0.98406 -0.0023140 0.0052685 
3675  0.0088006 -2.0516 0.98653 -0.0027160 0.0052656 
3676  0.0090006 -2.0418 0.98620 -4.6627e-06 0.0052795 
3677  0.014201 -1.8415 0.94991 0.0099811 0.0053957 
3678  0.0079339 -2.0971 0.98726 0.00054061 0.0052837 
3679  0.034136 -1.4517 0.78806 0.045972 0.0059116 
3680  0.010734 -1.9645 0.97679 -0.0049828 0.0052531 
3681  0.0098673 -2.0015 0.98347 0.0026459 0.0053061 
3682  0.011067 -1.9511 0.97336 0.0055692 0.0053343 
3683  0.0096006 -2.0135 0.98458 -0.0033928 0.0052585 
3684  0.0089339 -2.0451 0.98633 0.0026989 0.0053116 
3685  0.0098007 -2.0045 0.98379 0.0028948 0.0053054 
3686  0.0088006 -2.0516 0.98653 -0.0028368 0.0052634 
3687  0.0091339 -2.0354 0.98595 0.0034733 0.0053073 
3688  0.011201 -1.9459 0.97182 -0.0043877 0.0052630 
3689  0.0099340 -1.9985 0.98312 -0.0058110 0.0052484 
3690  0.010667 -1.9673 0.97763 0.0059192 0.0053297 
3691  0.012934 -1.8826 0.95843 0.0088109 0.0053743 
3692  0.0089339 -2.0451 0.98633 -0.0011186 0.0052736 
3693  0.010201 -1.9869 0.98149 -0.0053364 0.0052529 
3694  0.010067 -1.9927 0.98236 -0.0048433 0.0052576 
3695  0.0090673 -2.0386 0.98608 -0.0039222 0.0052592 
3696  0.0078672 -2.1008 0.98728 0.00051497 0.0052809 
3697  0.0095340 -2.0166 0.98482 0.0045443 0.0053232 
3698  0.0093340 -2.0259 0.98544 -0.00087181 0.0052750 
3699  0.0094006 -2.0227 0.98526 0.0014155 0.0052904 
3700  0.0097340 -2.0075 0.98406 0.0036601 0.0053086 
3701  0.0096673 -2.0105 0.98434 -0.0043545 0.0052555 
3702  0.010067 -1.9927 0.98236 -0.0033977 0.0052588 
3703  0.010201 -1.9869 0.98149 -0.0054701 0.0052491 
3704  0.012134 -1.9107 0.96319 0.0088124 0.0053816 
3705  0.0086006 -2.0617 0.98679 -0.0010063 0.0052682 
3706  0.010134 -1.9898 0.98194 -0.0047168 0.0052566 
3707  0.011067 -1.9511 0.97336 -0.0060727 0.0052510 
3708  0.0092673 -2.0290 0.98561 -0.0057647 0.0052489 
3709  0.010467 -1.9756 0.97949 -0.0040624 0.0052602 
3710  0.037536 -1.4089 0.76256 0.053083 0.0060719 
3711  0.0091339 -2.0354 0.98595 -0.00058480 0.0052794 
3712  0.011201 -1.9459 0.97182 -0.0064234 0.0052459 
3713  0.010067 -1.9927 0.98236 0.0042208 0.0053342 
3714  0.0099340 -1.9985 0.98312 0.0026971 0.0053086 
3715  0.0094006 -2.0227 0.98526 -0.0040974 0.0052604 
3716  0.0077338 -2.1082 0.98731 -0.0021869 0.0052635 
3717  0.0092006 -2.0322 0.98579 -0.0021499 0.0052639 
3718  0.0088006 -2.0516 0.98653 -0.0015785 0.0052700 
3719  0.010201 -1.9869 0.98149 0.0021715 0.0053092 
3720  0.0088006 -2.0516 0.98653 0.0011404 0.0052881 
3721  0.0093340 -2.0259 0.98544 -0.0032482 0.0052625 
3722  0.010734 -1.9645 0.97679 -0.0034784 0.0052608 
3723  0.010267 -1.9841 0.98101 -0.0051439 0.0052527 
3724  0.0099340 -1.9985 0.98312 -0.0043736 0.0052565 
3725  0.0096673 -2.0105 0.98434 -0.0038233 0.0052618 
3726  0.0093340 -2.0259 0.98544 -0.0031278 0.0052600 
3727  0.0091339 -2.0354 0.98595 -0.0013066 0.0052745 
3728  0.0097340 -2.0075 0.98406 -0.0052003 0.0052497 
3729  0.010401 -1.9784 0.98000 -0.0052806 0.0052525 
3730  0.0086006 -2.0617 0.98679 -0.00064783 0.0052745 
3731  0.0098673 -2.0015 0.98347 -0.0023626 0.0052645 
3732  0.033269 -1.4633 0.80135 0.045733 0.0059270 
3733  0.0083339 -2.0755 0.98705 -0.00055390 0.0052741 
3734  0.0084006 -2.0720 0.98700 -0.0011632 0.0052645 
3735  0.010334 -1.9812 0.98051 -0.0035372 0.0052616 
3736  0.010934 -1.9564 0.97473 -0.0060884 0.0052509 
3737  0.0092006 -2.0322 0.98579 0.0020191 0.0053065 
3738  0.0088673 -2.0483 0.98644 0.0025919 0.0053029 
3739  0.0088006 -2.0516 0.98653 -0.0017133 0.0052664 
3740  0.0092673 -2.0290 0.98561 -0.0035026 0.0052588 
3741  0.011467 -1.9355 0.96913 -0.0072620 0.0052478 
3742  0.010334 -1.9812 0.98051 -0.0038942 0.0052591 
3743  0.010934 -1.9564 0.97473 -0.0035689 0.0052648 
3744  0.010667 -1.9673 0.97763 0.0032628 0.0053100 
3745  0.016801 -1.7673 0.93339 0.015831 0.0054625 
3746  0.0096673 -2.0105 0.98434 -0.0031240 0.0052602 
3747  0.0098007 -2.0045 0.98379 -0.00062452 0.0052843 
3748  0.010534 -1.9728 0.97887 0.0011135 0.0052832 
3749  0.0099340 -1.9985 0.98312 -0.00080736 0.0052792 
3750  0.0094006 -2.0227 0.98526 -0.0034851 0.0052601 
3751  0.021601 -1.6560 0.90459 0.021807 0.0055409 
3752  0.010001 -1.9956 0.98275 0.0029335 0.0053062 
3753  0.0084006 -2.0720 0.98700 -0.0023988 0.0052632 
3754  0.010534 -1.9728 0.97887 -0.0054442 0.0052533 
3755  0.0093340 -2.0259 0.98544 -0.0029623 0.0052594 
3756  0.0091339 -2.0354 0.98595 -0.0046456 0.0052512 
3757  0.0086006 -2.0617 0.98679 -0.0048213 0.0052531 
3758  0.0092006 -2.0322 0.98579 -0.0034520 0.0052617 
3759  0.010934 -1.9564 0.97473 0.0069338 0.0053607 
3760  0.0080672 -2.0898 0.98720 0.0014469 0.0052915 
3761  0.020735 -1.6742 0.90794 0.022976 0.0055821 
3762  0.013401 -1.8670 0.95555 0.011513 0.0053945 
3763  0.0085339 -2.0651 0.98687 -0.0039221 0.0052555 
3764  0.0095340 -2.0166 0.98482 -0.0048683 0.0052525 
3765  0.0075338 -2.1197 0.98736 -0.0023798 0.0052600 
3766  0.010867 -1.9591 0.97545 0.0053314 0.0053480 
3767  0.0094006 -2.0227 0.98526 0.0019833 0.0052905 
3768  0.0099340 -1.9985 0.98312 -0.0035403 0.0052641 
3769  0.0080005 -2.0934 0.98723 -0.0026863 0.0052600 
3770  0.012668 -1.8918 0.95981 0.011441 0.0054032 
3771  0.0097340 -2.0075 0.98406 -0.0050210 0.0052497 
3772  0.0095340 -2.0166 0.98482 -0.0038605 0.0052588 
3773  0.010667 -1.9673 0.97763 0.0032769 0.0053044 
3774  0.011801 -1.9229 0.96574 0.0061850 0.0053492 
3775  0.0090673 -2.0386 0.98608 -0.0035203 0.0052593 
3776  0.0088673 -2.0483 0.98644 -0.0037204 0.0052557 
3777  0.010334 -1.9812 0.98051 -0.0044126 0.0052598 
3778  0.010867 -1.9591 0.97545 -0.0047061 0.0052591 
3779  0.0098007 -2.0045 0.98379 -0.0027444 0.0052595 
3780  0.0098673 -2.0015 0.98347 -0.0031099 0.0052611 
3781  0.0094006 -2.0227 0.98526 -0.0034118 0.0052627 
3782  0.010401 -1.9784 0.98000 -0.0054291 0.0052525 
3783  0.0083339 -2.0755 0.98705 -0.0040536 0.0052536 
3784  0.010667 -1.9673 0.97763 -0.0066206 0.0052445 
3785  0.0085339 -2.0651 0.98687 0.0033068 0.0053081 
3786  0.0096673 -2.0105 0.98434 -0.00095738 0.0052750 
3787  0.0081339 -2.0862 0.98717 -0.0022188 0.0052606 
3788  0.010267 -1.9841 0.98101 -0.0059869 0.0052489 
3789  0.0079339 -2.0971 0.98726 -0.0017829 0.0052664 
3790  0.010134 -1.9898 0.98194 -0.0011227 0.0052754 
3791  0.013734 -1.8562 0.95303 0.011853 0.0054123 
3792  0.0078005 -2.1045 0.98730 -0.0016719 0.0052633 
3793  0.0096006 -2.0135 0.98458 -0.0040887 0.0052544 
3794  0.021201 -1.6643 0.90553 0.023639 0.0055758 
3795  0.0088006 -2.0516 0.98653 -0.0027262 0.0052639 
3796  0.0092673 -2.0290 0.98561 0.0024765 0.0052953 
3797  0.0090006 -2.0418 0.98620 -0.0032429 0.0052601 
3798  0.0092006 -2.0322 0.98579 -0.0022717 0.0052674 
3799  0.0088673 -2.0483 0.98644 -0.0037264 0.0052549 
3800  0.010267 -1.9841 0.98101 -0.0049667 0.0052503 
3801  0.010534 -1.9728 0.97887 0.0056502 0.0053252 
3802  0.010067 -1.9927 0.98236 -0.0011451 0.0052754 
3803  0.0082005 -2.0826 0.98714 -0.00046244 0.0052756 
3804  0.010467 -1.9756 0.97949 -0.0034009 0.0052619 
3805  0.0076672 -2.1120 0.98734 -0.0029111 0.0052599 
3806  0.0094006 -2.0227 0.98526 0.00064932 0.0052826 
3807  0.0092673 -2.0290 0.98561 0.0038858 0.0053124 
3808  0.010334 -1.9812 0.98051 -0.0034178 0.0052653 
3809  0.0086672 -2.0583 0.98670 -0.0045186 0.0052533 
3810  0.010267 -1.9841 0.98101 -0.0050259 0.0052603 
3811  0.0096006 -2.0135 0.98458 0.0018436 0.0052913 
3812  0.010734 -1.9645 0.97679 -0.0050138 0.0052606 
3813  0.059337 -1.2001 0.58152 0.096098 0.0068066 
3814  0.010334 -1.9812 0.98051 -0.0054938 0.0052475 
3815  0.010334 -1.9812 0.98051 -0.0053126 0.0052517 
3816  0.0086006 -2.0617 0.98679 -0.0034327 0.0052578 
3817  0.011201 -1.9459 0.97182 -0.00071880 0.0052883 
3818  0.010001 -1.9956 0.98275 -0.0044687 0.0052561 
3819  0.0096673 -2.0105 0.98434 0.0013780 0.0052953 
3820  0.0091339 -2.0354 0.98595 -0.0032947 0.0052621 
3821  0.0083339 -2.0755 0.98705 -0.0014526 0.0052689 
3822  0.011067 -1.9511 0.97336 0.0038744 0.0053198 
3823  0.016601 -1.7726 0.93457 0.013024 0.0054360 
3824  0.0089339 -2.0451 0.98633 -0.0030383 0.0052605 
3825  0.010801 -1.9618 0.97621 -0.0018702 0.0052734 
3826  0.0071338 -2.1436 0.98741 -0.0012613 0.0052660 
3827  0.0088006 -2.0516 0.98653 0.0017531 0.0052908 
3828  0.0099340 -1.9985 0.98312 -0.0022336 0.0052664 
3829  0.010201 -1.9869 0.98149 0.0049427 0.0053234 
3830  0.0083339 -2.0755 0.98705 0.00091525 0.0052914 
3831  0.0093340 -2.0259 0.98544 0.0027711 0.0052952 
3832  0.010201 -1.9869 0.98149 -0.0040644 0.0052559 
3833  0.0091339 -2.0354 0.98595 -0.0028451 0.0052561 
3834  0.0093340 -2.0259 0.98544 -0.0021896 0.0052691 
3835  0.010134 -1.9898 0.98194 -0.0023844 0.0052661 
3836  0.0093340 -2.0259 0.98544 -0.00085650 0.0052728 
3837  0.0096673 -2.0105 0.98434 -0.0030877 0.0052643 
3838  0.012001 -1.9155 0.96442 0.00034617 0.0053071 
3839  0.017668 -1.7451 0.92875 0.017376 0.0054813 
3840  0.013334 -1.8692 0.95612 0.010937 0.0053981 
3841  0.0096006 -2.0135 0.98458 -0.0035209 0.0052620 
3842  0.0086672 -2.0583 0.98670 -0.0048642 0.0052516 
3843  0.011134 -1.9485 0.97262 0.0075120 0.0053547 
3844  0.010001 -1.9956 0.98275 0.00044086 0.0052917 
3845  0.0088006 -2.0516 0.98653 -0.00068916 0.0052766 
3846  0.0080005 -2.0934 0.98723 0.00091478 0.0052773 
3847  0.0089339 -2.0451 0.98633 -0.0013037 0.0052679 
3848  0.0082672 -2.0790 0.98710 -0.0020344 0.0052648 
3849  0.023268 -1.6230 0.88991 0.027601 0.0056564 
3850  0.0098673 -2.0015 0.98347 -0.0055910 0.0052507 
3851  0.0094006 -2.0227 0.98526 -0.0030020 0.0052642 
3852  0.0096006 -2.0135 0.98458 -0.0048527 0.0052504 
3853  0.0098007 -2.0045 0.98379 -0.0027429 0.0052632 
3854  0.010334 -1.9812 0.98051 0.0033865 0.0053105 
3855  0.0099340 -1.9985 0.98312 -0.0024336 0.0052678 
3856  0.010067 -1.9927 0.98236 -0.0027855 0.0052640 
3857  0.0092006 -2.0322 0.98579 -0.00067727 0.0052735 
3858  0.019468 -1.7021 0.91559 0.020454 0.0055149 
3859  0.0090673 -2.0386 0.98608 -0.0043146 0.0052532 
3860  0.011001 -1.9538 0.97401 0.0038248 0.0053230 
3861  0.0091339 -2.0354 0.98595 -0.0019756 0.0052734 
3862  0.019535 -1.7006 0.91487 0.020122 0.0055293 
3863  0.0089339 -2.0451 0.98633 -0.0029009 0.0052585 
3864  0.0093340 -2.0259 0.98544 -0.0037960 0.0052548 
3865  0.010801 -1.9618 0.97621 0.0053596 0.0053337 
3866  0.0092006 -2.0322 0.98579 -0.0033917 0.0052614 
3867  0.018735 -1.7191 0.92087 0.018611 0.0054987 
3868  0.0087339 -2.0550 0.98662 -0.0026735 0.0052704 
3869  0.010934 -1.9564 0.97473 0.0035645 0.0053119 
3870  0.0077338 -2.1082 0.98731 -0.00018395 0.0052728 
3871  0.0082005 -2.0826 0.98714 -0.0034998 0.0052564 
3872  0.010001 -1.9956 0.98275 -0.0041511 0.0052597 
3873  0.0078005 -2.1045 0.98730 0.0021098 0.0052882 
3874  0.010801 -1.9618 0.97621 -0.0051921 0.0052553 
3875  0.0097340 -2.0075 0.98406 -0.0036901 0.0052572 
3876  0.0086672 -2.0583 0.98670 -0.0021617 0.0052596 
3877  0.0085339 -2.0651 0.98687 -0.0021000 0.0052653 
3878  0.0088006 -2.0516 0.98653 -0.00037153 0.0052747 
3879  0.010801 -1.9618 0.97621 -0.0047348 0.0052573 
3880  0.0090673 -2.0386 0.98608 -0.0023742 0.0052662 
3881  0.0094006 -2.0227 0.98526 -0.0016894 0.0052673 
3882  0.0073338 -2.1315 0.98739 -0.00076339 0.0052730 
3883  0.0090006 -2.0418 0.98620 -0.0027123 0.0052637 
3884  0.0099340 -1.9985 0.98312 -0.0037479 0.0052599 
3885  0.010067 -1.9927 0.98236 0.0023206 0.0052951 
3886  0.0091339 -2.0354 0.98595 -0.0043563 0.0052538 
3887  0.0084006 -2.0720 0.98700 -0.0028494 0.0052637 
3888  0.0098673 -2.0015 0.98347 -0.0059837 0.0052520 
3889  0.010801 -1.9618 0.97621 0.0048535 0.0053240 
3890  0.0086006 -2.0617 0.98679 -0.0029852 0.0052629 
3891  0.0098673 -2.0015 0.98347 -0.0042528 0.0052566 
3892  0.0090006 -2.0418 0.98620 -0.0021434 0.0052676 
3893  0.0088006 -2.0516 0.98653 -0.0010428 0.0052705 
3894  0.010934 -1.9564 0.97473 -0.0047688 0.0052563 
3895  0.0088006 -2.0516 0.98653 0.00079147 0.0052832 
3896  0.0098007 -2.0045 0.98379 -0.0052472 0.0052513 
3897  0.013534 -1.8626 0.95436 0.0095064 0.0053859 
3898  0.0090006 -2.0418 0.98620 0.0025599 0.0053036 
3899  0.023735 -1.6142 0.88762 0.024595 0.0055950 
3900  0.012801 -1.8872 0.95918 0.0074502 0.0053850 
3901  0.0097340 -2.0075 0.98406 -0.0030175 0.0052632 
3902  0.010401 -1.9784 0.98000 0.00058370 0.0052908 
3903  0.0084006 -2.0720 0.98700 -0.0028995 0.0052608 
3904  0.0089339 -2.0451 0.98633 -0.0041296 0.0052589 
3905  0.0084006 -2.0720 0.98700 0.00090344 0.0052839 
3906  0.0094006 -2.0227 0.98526 -0.0018830 0.0052723 
3907  0.011601 -1.9304 0.96780 -0.0052073 0.0052577 
3908  0.010534 -1.9728 0.97887 -0.0034046 0.0052642 
3909  0.0082005 -2.0826 0.98714 -0.0031586 0.0052615 
3910  0.0086006 -2.0617 0.98679 -0.0034133 0.0052601 
3911  0.010534 -1.9728 0.97887 0.0019230 0.0053021 
3912  0.0093340 -2.0259 0.98544 -0.0031844 0.0052608 
3913  0.0091339 -2.0354 0.98595 0.0038874 0.0053059 
3914  0.0098673 -2.0015 0.98347 -0.0025277 0.0052681 
3915  0.0088006 -2.0516 0.98653 -0.0042152 0.0052540 
3916  0.0082005 -2.0826 0.98714 -0.0014812 0.0052708 
3917  0.0092673 -2.0290 0.98561 -0.0039096 0.0052571 
3918  0.010067 -1.9927 0.98236 -0.0060680 0.0052502 
3919  0.010201 -1.9869 0.98149 0.0053456 0.0053249 
3920  0.0084006 -2.0720 0.98700 0.0020061 0.0052967 
3921  0.012134 -1.9107 0.96319 0.0064724 0.0053444 
3922  0.011267 -1.9433 0.97107 -0.0065568 0.0052531 
3923  0.011067 -1.9511 0.97336 -0.0058159 0.0052504 
3924  0.010601 -1.9700 0.97820 -0.0052284 0.0052521 
3925  0.0096673 -2.0105 0.98434 -0.0039937 0.0052547 
3926  0.0093340 -2.0259 0.98544 -0.0045880 0.0052561 
3927  0.010934 -1.9564 0.97473 -0.0041971 0.0052535 
3928  0.0091339 -2.0354 0.98595 -0.0022301 0.0052722 
3929  0.0083339 -2.0755 0.98705 -0.00047098 0.0052719 
3930  0.0092006 -2.0322 0.98579 -0.0033537 0.0052588 
3931  0.0095340 -2.0166 0.98482 -0.00039249 0.0052778 
3932  0.0093340 -2.0259 0.98544 -0.0026312 0.0052600 
3933  0.010734 -1.9645 0.97679 -0.0034578 0.0052633 
3934  0.0093340 -2.0259 0.98544 -0.0013470 0.0052721 
3935  0.0076672 -2.1120 0.98734 -0.0031377 0.0052536 
3936  0.010067 -1.9927 0.98236 -0.0057789 0.0052495 
3937  0.0084672 -2.0686 0.98693 0.00022820 0.0052750 
3938  0.011134 -1.9485 0.97262 0.0065847 0.0053375 
3939  0.022135 -1.6452 0.90129 0.026831 0.0056430 
3940  0.0086006 -2.0617 0.98679 -0.0026235 0.0052611 
3941  0.0099340 -1.9985 0.98312 -0.0060152 0.0052505 
3942  0.0092006 -2.0322 0.98579 0.0017010 0.0052914 
3943  0.0092006 -2.0322 0.98579 -0.0032593 0.0052609 
3944  0.014001 -1.8477 0.95130 0.011570 0.0054102 
3945  0.0093340 -2.0259 0.98544 -0.0036575 0.0052588 
3946  0.010001 -1.9956 0.98275 -0.0045254 0.0052532 
3947  0.010934 -1.9564 0.97473 -0.0064739 0.0052474 
3948  0.010201 -1.9869 0.98149 0.0044547 0.0053121 
3949  0.0098007 -2.0045 0.98379 -0.0029493 0.0052634 
3950  0.0098673 -2.0015 0.98347 -0.0037502 0.0052604 
3951  0.052670 -1.2549 0.64966 0.076290 0.0063344 
3952  0.0082672 -2.0790 0.98710 0.00089780 0.0052842 
3953  0.0084006 -2.0720 0.98700 -0.0026086 0.0052615 
3954  0.010401 -1.9784 0.98000 0.0046987 0.0053235 
3955  0.0085339 -2.0651 0.98687 -0.0032554 0.0052545 
3956  0.080139 -1.0599 0.46030 0.13883 0.0075460 
3957  0.0097340 -2.0075 0.98406 -0.0053749 0.0052550 
3958  0.019735 -1.6961 0.91363 0.020267 0.0055065 
3959  0.010134 -1.9898 0.98194 -0.0019848 0.0052716 
3960  0.010134 -1.9898 0.98194 -0.0043260 0.0052547 
3961  0.010267 -1.9841 0.98101 -0.0050423 0.0052524 
3962  0.0087339 -2.0550 0.98662 -0.0010189 0.0052722 
3963  0.0080672 -2.0898 0.98720 -0.0043275 0.0052518 
3964  0.0086672 -2.0583 0.98670 -0.0053640 0.0052514 
3965  0.016268 -1.7815 0.93654 0.015422 0.0054540 
3966  0.010134 -1.9898 0.98194 -0.0050211 0.0052513 
3967  0.0091339 -2.0354 0.98595 0.0043488 0.0053163 
3968  0.0098007 -2.0045 0.98379 -0.0039632 0.0052544 
3969  0.010334 -1.9812 0.98051 -0.0031738 0.0052641 
3970  0.0093340 -2.0259 0.98544 0.00025080 0.0052826 
3971  0.0092006 -2.0322 0.98579 -0.0015286 0.0052718 
3972  0.010467 -1.9756 0.97949 -0.0024597 0.0052721 
3973  0.0096673 -2.0105 0.98434 0.0020748 0.0053026 
3974  0.0076672 -2.1120 0.98734 -0.0012210 0.0052730 
3975  0.0086006 -2.0617 0.98679 -9.3112e-06 0.0052808 
3976  0.0087339 -2.0550 0.98662 0.0015200 0.0052985 
3977  0.0088673 -2.0483 0.98644 0.00052403 0.0052834 
3978  0.0095340 -2.0166 0.98482 -0.0051924 0.0052499 
3979  0.010467 -1.9756 0.97949 -0.0019027 0.0052709 
3980  0.0095340 -2.0166 0.98482 -0.0018108 0.0052723 
3981  0.0072005 -2.1395 0.98740 -0.0024417 0.0052583 
3982  0.0082005 -2.0826 0.98714 -0.00071292 0.0052755 
3983  0.010001 -1.9956 0.98275 -0.0045501 0.0052567 
3984  0.0090006 -2.0418 0.98620 -0.0028035 0.0052602 
3985  0.0078005 -2.1045 0.98730 -0.0019641 0.0052622 
3986  0.010534 -1.9728 0.97887 -0.0014424 0.0052722 
3987  0.0086672 -2.0583 0.98670 -0.0023781 0.0052630 
3988  0.013201 -1.8736 0.95675 0.010884 0.0053913 
3989  0.0092673 -2.0290 0.98561 -0.0043465 0.0052576 
3990  0.0080005 -2.0934 0.98723 -0.0015662 0.0052634 
3991  0.0098673 -2.0015 0.98347 0.00015444 0.0052889 
3992  0.0093340 -2.0259 0.98544 -0.0044818 0.0052572 
3993  0.012334 -1.9035 0.96201 -0.0067287 0.0052490 
3994  0.010801 -1.9618 0.97621 0.0058051 0.0053337 
3995  0.0080005 -2.0934 0.98723 0.00089557 0.0052880 
3996  0.010201 -1.9869 0.98149 -0.0025163 0.0052703 
3997  0.0090006 -2.0418 0.98620 -0.0042548 0.0052526 
3998  0.0079339 -2.0971 0.98726 -0.0040080 0.0052515 
3999  0.0093340 -2.0259 0.98544 -0.0024802 0.0052602 
4000  0.0086006 -2.0617 0.98679 -0.0030916 0.0052635 
4001  0.0099340 -1.9985 0.98312 -0.0028171 0.0052658 
4002  0.0092673 -2.0290 0.98561 -3.1569e-06 0.0052872 
4003  0.010467 -1.9756 0.97949 -8.9247e-05 0.0052842 
4004  0.010801 -1.9618 0.97621 0.0070248 0.0053359 
4005  0.010867 -1.9591 0.97545 -0.0045576 0.0052600 
4006  0.010534 -1.9728 0.97887 -0.0058032 0.0052479 
4007  0.010801 -1.9618 0.97621 -0.0072761 0.0052438 
4008  0.010201 -1.9869 0.98149 -0.0048555 0.0052519 
4009  0.012001 -1.9155 0.96442 0.0077240 0.0053671 
4010  0.010934 -1.9564 0.97473 -0.0079013 0.0052404 
4011  0.013401 -1.8670 0.95555 0.0096071 0.0053913 
4012  0.0088673 -2.0483 0.98644 -0.0046230 0.0052569 
4013  0.010001 -1.9956 0.98275 -0.0043335 0.0052574 
4014  0.0095340 -2.0166 0.98482 -0.00087748 0.0052748 
4015  0.0086672 -2.0583 0.98670 -0.0018273 0.0052692 
4016  0.012534 -1.8964 0.96060 0.0081049 0.0053679 
4017  0.010667 -1.9673 0.97763 0.0050494 0.0053238 
4018  0.011334 -1.9407 0.97032 0.0076440 0.0053588 
4019  0.0080005 -2.0934 0.98723 -0.0044314 0.0052505 
4020  0.0078672 -2.1008 0.98728 0.00016045 0.0052742 
4021  0.0096673 -2.0105 0.98434 -0.0043140 0.0052586 
4022  0.010601 -1.9700 0.97820 -0.0045199 0.0052577 
4023  0.010401 -1.9784 0.98000 -0.0041178 0.0052613 
4024  0.010134 -1.9898 0.98194 -0.0061153 0.0052460 
4025  0.0088673 -2.0483 0.98644 0.00069477 0.0052958 
4026  0.011734 -1.9254 0.96634 -0.0060774 0.0052506 
4027  0.0084672 -2.0686 0.98693 3.3754e-05 0.0052816 
4028  0.024668 -1.5970 0.87659 0.028174 0.0056231 
4029  0.0087339 -2.0550 0.98662 -0.0026354 0.0052601 
4030  0.0096006 -2.0135 0.98458 -0.0067629 0.0052426 
4031  0.015801 -1.7944 0.93934 0.014506 0.0054269 
4032  0.010001 -1.9956 0.98275 0.0018938 0.0052949 
4033  0.014934 -1.8193 0.94489 0.012652 0.0054333 
4034  0.0088673 -2.0483 0.98644 0.0022139 0.0053001 
4035  0.0090006 -2.0418 0.98620 0.0022249 0.0053030 
4036  0.010934 -1.9564 0.97473 -0.0063046 0.0052504 
4037  0.0094006 -2.0227 0.98526 0.0044640 0.0053226 
4038  0.014934 -1.8193 0.94489 0.013641 0.0054299 
4039  0.0095340 -2.0166 0.98482 -0.0037340 0.0052603 
4040  0.011267 -1.9433 0.97107 0.0094423 0.0053875 
4041  0.010067 -1.9927 0.98236 -0.0031621 0.0052626 
4042  0.0091339 -2.0354 0.98595 -0.0039857 0.0052580 
4043  0.0096673 -2.0105 0.98434 -0.0047828 0.0052507 
4044  0.0094673 -2.0196 0.98505 -0.0048239 0.0052549 
4045  0.0078672 -2.1008 0.98728 -0.0014058 0.0052701 
4046  0.022401 -1.6399 0.89769 0.026180 0.0056143 
4047  0.010667 -1.9673 0.97763 -0.0020928 0.0052704 
4048  0.0096673 -2.0105 0.98434 -0.0019775 0.0052682 
4049  0.0094673 -2.0196 0.98505 6.1524e-05 0.0052784 
4050  0.0098673 -2.0015 0.98347 0.00052012 0.0052894 
4051  0.0088006 -2.0516 0.98653 0.00023673 0.0052772 
4052  0.010667 -1.9673 0.97763 0.0042419 0.0053181 
4053  0.013268 -1.8714 0.95634 0.0087275 0.0053711 
4054  0.0088673 -2.0483 0.98644 0.0026534 0.0052978 
4055  0.0086006 -2.0617 0.98679 -0.0053702 0.0052476 
4056  0.0087339 -2.0550 0.98662 0.00071097 0.0052878 
4057  0.010334 -1.9812 0.98051 0.00062211 0.0052930 
4058  0.011134 -1.9485 0.97262 -0.0044645 0.0052535 
4059  0.011001 -1.9538 0.97401 -0.0045443 0.0052598 
4060  0.010267 -1.9841 0.98101 -0.0061916 0.0052493 
4061  0.0093340 -2.0259 0.98544 -0.0030504 0.0052584 
4062  0.012601 -1.8941 0.96017 0.0065595 0.0053731 
4063  0.010667 -1.9673 0.97763 -0.0065068 0.0052483 
4064  0.0099340 -1.9985 0.98312 0.0032319 0.0053069 
4065  0.010734 -1.9645 0.97679 0.0026418 0.0053115 
4066  0.010334 -1.9812 0.98051 0.00038128 0.0052889 
4067  0.0084672 -2.0686 0.98693 -0.0024101 0.0052661 
4068  0.011201 -1.9459 0.97182 -0.0049163 0.0052537 
4069  0.0092673 -2.0290 0.98561 0.0035752 0.0053183 
4070  0.0098007 -2.0045 0.98379 0.00086025 0.0052890 
4071  0.010734 -1.9645 0.97679 0.0039683 0.0053231 
4072  0.0086006 -2.0617 0.98679 -0.0034598 0.0052553 
4073  0.0089339 -2.0451 0.98633 -0.0031278 0.0052610 
4074  0.0094673 -2.0196 0.98505 -0.0023981 0.0052690 
4075  0.0080672 -2.0898 0.98720 -0.0018463 0.0052692 
4076  0.010467 -1.9756 0.97949 -0.0037904 0.0052643 
4077  0.0085339 -2.0651 0.98687 -0.0031251 0.0052624 
4078  0.011467 -1.9355 0.96913 0.0051836 0.0053339 
4079  0.010801 -1.9618 0.97621 -0.0035824 0.0052647 
4080  0.010334 -1.9812 0.98051 -0.0051197 0.0052533 
4081  0.010134 -1.9898 0.98194 -0.0020745 0.0052714 
4082  0.010867 -1.9591 0.97545 -0.0047439 0.0052560 
4083  0.0083339 -2.0755 0.98705 -0.0028018 0.0052602 
4084  0.0098007 -2.0045 0.98379 -0.0034999 0.0052584 
4085  0.0094006 -2.0227 0.98526 -0.0027570 0.0052629 
4086  0.014268 -1.8394 0.94952 0.012108 0.0054024 
4087  0.0084006 -2.0720 0.98700 -0.0011091 0.0052764 
4088  0.0099340 -1.9985 0.98312 -0.0041513 0.0052576 
4089  0.010134 -1.9898 0.98194 -0.0038138 0.0052630 
4090  0.0091339 -2.0354 0.98595 -0.00047624 0.0052760 
4091  0.010134 -1.9898 0.98194 -0.0047583 0.0052532 
4092  0.011067 -1.9511 0.97336 0.0058892 0.0053307 
4093  0.010001 -1.9956 0.98275 -0.0049271 0.0052515 
4094  0.0090006 -2.0418 0.98620 -0.0036479 0.0052585 
4095  0.0092006 -2.0322 0.98579 -0.0025483 0.0052687 
4096  0.010801 -1.9618 0.97621 -0.0055281 0.0052529 
4097  0.0093340 -2.0259 0.98544 -0.0037141 0.0052594 
4098  0.0087339 -2.0550 0.98662 -0.0045233 0.0052534 
4099  0.010801 -1.9618 0.97621 -0.0061166 0.0052480 
4100  0.0091339 -2.0354 0.98595 -0.0020636 0.0052691 
4101  0.010267 -1.9841 0.98101 -0.0036775 0.0052574 
4102  0.011001 -1.9538 0.97401 -0.0026163 0.0052653 
4103  0.0088673 -2.0483 0.98644 -0.0021122 0.0052661 
4104  0.0096673 -2.0105 0.98434 -0.0036089 0.0052580 
4105  0.0074672 -2.1236 0.98737 -0.0038781 0.0052546 
4106  0.010734 -1.9645 0.97679 -0.0030662 0.0052687 
4107  0.010734 -1.9645 0.97679 -0.0048855 0.0052549 
4108  0.010201 -1.9869 0.98149 -0.0053141 0.0052504 
4109  0.0090006 -2.0418 0.98620 -0.0026011 0.0052639 
4110  0.0098007 -2.0045 0.98379 -0.0035159 0.0052596 
4111  0.010801 -1.9618 0.97621 -0.0035080 0.0052650 
4112  0.010067 -1.9927 0.98236 -0.0048612 0.0052510 
4113  0.0097340 -2.0075 0.98406 -0.00089900 0.0052824 
4114  0.028269 -1.5362 0.84204 0.038250 0.0058345 
4115  0.010201 -1.9869 0.98149 -0.0054672 0.0052490 
4116  0.0075338 -2.1197 0.98736 0.0010109 0.0052895 
4117  0.0089339 -2.0451 0.98633 -0.0012820 0.0052687 
4118  0.0098007 -2.0045 0.98379 -0.0050063 0.0052533 
4119  0.0086006 -2.0617 0.98679 0.0015705 0.0052898 
4120  0.0088673 -2.0483 0.98644 0.0020398 0.0052947 
4121  0.011201 -1.9459 0.97182 0.0051029 0.0053409 
4122  0.0098007 -2.0045 0.98379 -0.00094482 0.0052730 
4123  0.010001 -1.9956 0.98275 -0.0054238 0.0052483 
4124  0.0085339 -2.0651 0.98687 0.0021219 0.0052961 
4125  0.0096006 -2.0135 0.98458 -0.0035943 0.0052555 
4126  0.0092673 -2.0290 0.98561 -0.0018930 0.0052658 
4127  0.010134 -1.9898 0.98194 -0.0025897 0.0052623 
4128  0.0086672 -2.0583 0.98670 -0.0043334 0.0052526 
4129  0.0085339 -2.0651 0.98687 -0.0038458 0.0052541 
4130  0.014868 -1.8213 0.94531 0.012169 0.0054504 
4131  0.0094673 -2.0196 0.98505 -0.00084249 0.0052774 
4132  0.0087339 -2.0550 0.98662 -0.0031061 0.0052577 
4133  0.010867 -1.9591 0.97545 7.7438e-05 0.0052930 
4134  0.011601 -1.9304 0.96780 0.0018193 0.0053170 
4135  0.0084672 -2.0686 0.98693 0.00047451 0.0052801 
4136  0.0083339 -2.0755 0.98705 -0.0035082 0.0052597 
4137  0.0098673 -2.0015 0.98347 -0.00096906 0.0052738 
4138  0.0094006 -2.0227 0.98526 0.00012072 0.0052819 
4139  0.010467 -1.9756 0.97949 -0.0035894 0.0052640 
4140  0.0097340 -2.0075 0.98406 -0.0057419 0.0052479 
4141  0.0084672 -2.0686 0.98693 -0.0022616 0.0052652 
4142  0.0094006 -2.0227 0.98526 -0.0034617 0.0052610 
4143  0.012601 -1.8941 0.96017 0.0080585 0.0053717 
4144  0.0082005 -2.0826 0.98714 -0.0036080 0.0052577 
4145  0.0092006 -2.0322 0.98579 -0.0056559 0.0052498 
4146  0.0096006 -2.0135 0.98458 -0.0039734 0.0052580 
4147  0.0098007 -2.0045 0.98379 -0.0040253 0.0052574 
4148  0.0086006 -2.0617 0.98679 -0.0033029 0.0052555 
4149  0.025668 -1.5793 0.86480 0.030140 0.0056946 
4150  0.0090006 -2.0418 0.98620 -0.0035794 0.0052595 
4151  0.0094673 -2.0196 0.98505 -0.0032531 0.0052590 
4152  0.010467 -1.9756 0.97949 -0.0047304 0.0052560 
4153  0.027468 -1.5491 0.84899 0.033573 0.0057337 
4154  0.0087339 -2.0550 0.98662 -0.0020663 0.0052658 
4155  0.0083339 -2.0755 0.98705 -0.0026841 0.0052594 
4156  0.0084672 -2.0686 0.98693 0.0014882 0.0052930 
4157  0.043670 -1.3404 0.71420 0.066087 0.0062783 
4158  0.0091339 -2.0354 0.98595 -0.00044337 0.0052806 
4159  0.0090673 -2.0386 0.98608 0.0025110 0.0053118 
4160  0.010867 -1.9591 0.97545 -0.0034302 0.0052657 
4161  0.0091339 -2.0354 0.98595 -0.0042295 0.0052526 
4162  0.0087339 -2.0550 0.98662 -0.0034492 0.0052571 
4163  0.010001 -1.9956 0.98275 -0.0047151 0.0052582 
4164  0.010134 -1.9898 0.98194 -0.0055789 0.0052504 
4165  0.0083339 -2.0755 0.98705 -0.00094325 0.0052688 
4166  0.0093340 -2.0259 0.98544 0.0042225 0.0053132 
4167  0.0099340 -1.9985 0.98312 -0.0057358 0.0052498 
4168  0.0092673 -2.0290 0.98561 0.0012822 0.0052958 
4169  0.010067 -1.9927 0.98236 0.00016243 0.0052824 
4170  0.0082005 -2.0826 0.98714 0.00030213 0.0052785 
4171  0.010534 -1.9728 0.97887 -0.0042204 0.0052589 
4172  0.0099340 -1.9985 0.98312 0.0029915 0.0053078 
4173  0.0092006 -2.0322 0.98579 -0.0014869 0.0052741 
4174  0.010267 -1.9841 0.98101 -0.0045056 0.0052562 
4175  0.0076005 -2.1158 0.98735 -0.0026175 0.0052600 
4176  0.011134 -1.9485 0.97262 -0.0038423 0.0052609 
4177  0.014668 -1.8272 0.94681 0.0078322 0.0053844 
4178  0.0097340 -2.0075 0.98406 -0.0014609 0.0052734 
4179  0.0098673 -2.0015 0.98347 0.00087146 0.0052996 
4180  0.0092673 -2.0290 0.98561 -0.0022048 0.0052610 
4181  0.023935 -1.6104 0.88570 0.026777 0.0056585 
4182  0.0096673 -2.0105 0.98434 -0.0040686 0.0052561 
4183  0.011601 -1.9304 0.96780 -0.0039843 0.0052623 
4184  0.012801 -1.8872 0.95918 0.0083987 0.0053592 
4185  0.0075338 -2.1197 0.98736 -0.0014120 0.0052667 
4186  0.0096006 -2.0135 0.98458 -0.0016725 0.0052775 
4187  0.010201 -1.9869 0.98149 -0.0031133 0.0052595 
4188  0.010801 -1.9618 0.97621 0.00036532 0.0052945 
4189  0.0076005 -2.1158 0.98735 -0.00064680 0.0052761 
4190  0.0098673 -2.0015 0.98347 0.00041725 0.0052894 
4191  0.0090673 -2.0386 0.98608 0.00060764 0.0052917 
4192  0.0090006 -2.0418 0.98620 -0.0045976 0.0052568 
4193  0.0096006 -2.0135 0.98458 -0.0043392 0.0052551 
4194  0.0079339 -2.0971 0.98726 -0.0028948 0.0052566 
4195  0.0094006 -2.0227 0.98526 -0.00016903 0.0052885 
4196  0.0094673 -2.0196 0.98505 -0.0019800 0.0052690 
4197  0.0097340 -2.0075 0.98406 -0.0041245 0.0052569 
4198  0.0087339 -2.0550 0.98662 0.00013618 0.0052849 
4199  0.0078672 -2.1008 0.98728 0.00082294 0.0052870 
4200  0.0080672 -2.0898 0.98720 0.0013262 0.0052875 
4201  0.0094006 -2.0227 0.98526 -0.0028793 0.0052632 
4202  0.015134 -1.8134 0.94360 0.012420 0.0054101 
4203  0.0096673 -2.0105 0.98434 -0.0023018 0.0052690 
4204  0.010067 -1.9927 0.98236 -0.0022355 0.0052697 
4205  0.010401 -1.9784 0.98000 -0.0060634 0.0052485 
4206  0.0084672 -2.0686 0.98693 -0.0024890 0.0052613 
4207  0.064071 -1.1646 0.56220 0.10886 0.0070386 
4208  0.025068 -1.5898 0.87231 0.029253 0.0056376 
4209  0.0076672 -2.1120 0.98734 -0.0019916 0.0052620 
4210  0.0094673 -2.0196 0.98505 -0.0028451 0.0052672 
4211  0.010334 -1.9812 0.98051 -0.0032047 0.0052666 
4212  0.0081339 -2.0862 0.98717 -0.0024405 0.0052642 
4213  0.0093340 -2.0259 0.98544 -0.00051743 0.0052730 
4214  0.012601 -1.8941 0.96017 -0.0076949 0.0052418 
4215  0.010934 -1.9564 0.97473 -0.0059174 0.0052528 
4216  0.015868 -1.7925 0.93923 0.014236 0.0054542 
4217  0.010134 -1.9898 0.98194 -0.0060477 0.0052465 
4218  0.0091339 -2.0354 0.98595 -0.0020816 0.0052653 
4219  0.0084672 -2.0686 0.98693 -0.0047252 0.0052506 
4220  0.039469 -1.3863 0.75437 0.053422 0.0060167 
4221  0.010134 -1.9898 0.98194 -0.00083150 0.0052775 
4222  0.010001 -1.9956 0.98275 -0.0044486 0.0052566 
4223  0.010734 -1.9645 0.97679 -0.0031467 0.0052656 
4224  0.010134 -1.9898 0.98194 0.0032047 0.0053104 
4225  0.0097340 -2.0075 0.98406 -0.0028344 0.0052603 
4226  0.0072005 -2.1395 0.98740 -0.0012984 0.0052630 
4227  0.010334 -1.9812 0.98051 0.0022450 0.0053128 
4228  0.0084006 -2.0720 0.98700 -0.0019196 0.0052663 
4229  0.011267 -1.9433 0.97107 -0.0012532 0.0052778 
4230  0.0097340 -2.0075 0.98406 -0.0032755 0.0052588 
4231  0.010134 -1.9898 0.98194 -0.0032947 0.0052626 
4232  0.0096673 -2.0105 0.98434 0.0015419 0.0052988 
4233  0.0099340 -1.9985 0.98312 -0.0058809 0.0052492 
4234  0.010667 -1.9673 0.97763 -0.0050560 0.0052611 
4235  0.0095340 -2.0166 0.98482 -0.00071397 0.0052716 
4236  0.010134 -1.9898 0.98194 -0.0039701 0.0052599 
4237  0.0086006 -2.0617 0.98679 -0.00077544 0.0052689 
4238  0.0084672 -2.0686 0.98693 -0.0043475 0.0052539 
4239  0.0088006 -2.0516 0.98653 -0.0039779 0.0052546 
4240  0.014268 -1.8394 0.94952 0.011344 0.0054177 
4241  0.013868 -1.8519 0.95230 0.011565 0.0054321 
4242  0.010401 -1.9784 0.98000 -0.0064254 0.0052459 
4243  0.011201 -1.9459 0.97182 -0.0034240 0.0052674 
4244  0.010201 -1.9869 0.98149 -0.0027141 0.0052635 
4245  0.011934 -1.9180 0.96486 0.0067925 0.0053610 
4246  0.012334 -1.9035 0.96201 0.0067874 0.0053564 
4247  0.019268 -1.7067 0.91653 0.019835 0.0055170 
4248  0.010267 -1.9841 0.98101 -0.0017630 0.0052722 
4249  0.0090006 -2.0418 0.98620 0.0010000 0.0052854 
4250  0.013468 -1.8648 0.95462 0.0092142 0.0053945 
4251  0.0094006 -2.0227 0.98526 -0.0056344 0.0052471 
4252  0.016601 -1.7726 0.93457 0.017051 0.0055102 
4253  0.0091339 -2.0354 0.98595 -0.0030512 0.0052599 
4254  0.014134 -1.8435 0.95036 0.012243 0.0054026 
4255  0.010001 -1.9956 0.98275 -0.0043455 0.0052578 
4256  0.0089339 -2.0451 0.98633 -0.0038957 0.0052571 
4257  0.0082672 -2.0790 0.98710 -0.0025247 0.0052606 
4258  0.013134 -1.8759 0.95719 0.0071431 0.0053570 
4259  0.0086006 -2.0617 0.98679 -0.0044397 0.0052566 
4260  0.013934 -1.8498 0.95178 0.010225 0.0054310 
4261  0.0090673 -2.0386 0.98608 -0.0027772 0.0052652 
4262  0.0078005 -2.1045 0.98730 -0.00056412 0.0052713 
4263  0.0086672 -2.0583 0.98670 -0.0034554 0.0052551 
4264  0.010334 -1.9812 0.98051 -0.0063588 0.0052503 
4265  0.0086006 -2.0617 0.98679 -0.0010320 0.0052731 
4266  0.010534 -1.9728 0.97887 -0.0023630 0.0052742 
4267  0.0084672 -2.0686 0.98693 0.0010748 0.0052887 
4268  0.0083339 -2.0755 0.98705 -0.0021042 0.0052631 
4269  0.0096673 -2.0105 0.98434 0.0052924 0.0053214 
4270  0.0096006 -2.0135 0.98458 -0.0032336 0.0052614 
4271  0.0096006 -2.0135 0.98458 -0.0038212 0.0052617 
4272  0.0094006 -2.0227 0.98526 0.0021545 0.0053119 
4273  0.0092006 -2.0322 0.98579 -0.0016253 0.0052655 
4274  0.011134 -1.9485 0.97262 0.0076302 0.0053578 
4275  0.0098007 -2.0045 0.98379 -0.0030448 0.0052620 
4276  0.013934 -1.8498 0.95178 0.012726 0.0054057 
4277  0.0097340 -2.0075 0.98406 -0.0037448 0.0052575 
4278  0.010267 -1.9841 0.98101 -0.0054702 0.0052505 
4279  0.0098007 -2.0045 0.98379 0.0027085 0.0053094 
4280  0.012668 -1.8918 0.95981 0.0080438 0.0053566 
4281  0.0095340 -2.0166 0.98482 -0.0035898 0.0052603 
4282  0.010601 -1.9700 0.97820 -0.0042986 0.0052595 
4283  0.0084006 -2.0720 0.98700 -0.0039307 0.0052546 
4284  0.0090673 -2.0386 0.98608 -0.00024699 0.0052764 
4285  0.012267 -1.9059 0.96242 0.0065328 0.0053678 
4286  0.0082672 -2.0790 0.98710 0.00044206 0.0052792 
4287  0.010801 -1.9618 0.97621 -0.0054777 0.0052583 
4288  0.0092006 -2.0322 0.98579 0.00091993 0.0053018 
4289  0.0088673 -2.0483 0.98644 -0.0036585 0.0052580 
4290  0.011334 -1.9407 0.97032 -0.0012714 0.0052860 
4291  0.010201 -1.9869 0.98149 -0.0014511 0.0052792 
4292  0.0082005 -2.0826 0.98714 -0.00051259 0.0052760 
4293  0.010534 -1.9728 0.97887 -0.0012881 0.0052844 
4294  0.016068 -1.7870 0.93837 0.015650 0.0054735 
4295  0.014401 -1.8353 0.94842 0.012058 0.0054203 
4296  0.0082672 -2.0790 0.98710 0.00071149 0.0052813 
4297  0.010667 -1.9673 0.97763 -0.0042723 0.0052560 
4298  0.011667 -1.9279 0.96712 0.0061558 0.0053458 
4299  0.0091339 -2.0354 0.98595 0.0018928 0.0053119 
4300  0.0096673 -2.0105 0.98434 -0.00098624 0.0052882 
4301  0.010801 -1.9618 0.97621 -0.0049737 0.0052555 
4302  0.0082672 -2.0790 0.98710 0.00068303 0.0052801 
4303  0.010534 -1.9728 0.97887 0.0039412 0.0053165 
4304  0.0090673 -2.0386 0.98608 -0.00080803 0.0052803 
4305  0.010267 -1.9841 0.98101 -0.0060063 0.0052510 
4306  0.010267 -1.9841 0.98101 -0.0042985 0.0052574 
4307  0.020535 -1.6785 0.90994 0.021801 0.0055656 
4308  0.0089339 -2.0451 0.98633 -0.0042253 0.0052555 
4309  0.012134 -1.9107 0.96319 0.0095721 0.0053724 
4310  0.011867 -1.9205 0.96531 0.0074941 0.0053583 
4311  0.010267 -1.9841 0.98101 -0.0040272 0.0052575 
4312  0.0093340 -2.0259 0.98544 -0.0051858 0.0052508 
4313  0.011134 -1.9485 0.97262 -0.0040454 0.0052582 
4314  0.0076005 -2.1158 0.98735 -0.0028072 0.0052568 
4315  0.0096673 -2.0105 0.98434 -0.0050004 0.0052511 
4316  0.0092006 -2.0322 0.98579 -0.0053192 0.0052498 
4317  0.010801 -1.9618 0.97621 -0.0026687 0.0052699 
4318  0.0093340 -2.0259 0.98544 -0.0031997 0.0052577 
4319  0.0098007 -2.0045 0.98379 -0.0030026 0.0052672 
4320  0.010134 -1.9898 0.98194 -0.0043387 0.0052551 
4321  0.0096673 -2.0105 0.98434 0.0042337 0.0053113 
4322  0.0090006 -2.0418 0.98620 -0.0015537 0.0052653 
4323  0.010134 -1.9898 0.98194 -0.0054969 0.0052536 
4324  0.0084006 -2.0720 0.98700 -0.0027252 0.0052629 
4325  0.010134 -1.9898 0.98194 -0.0041319 0.0052577 
4326  0.0094006 -2.0227 0.98526 0.0013893 0.0052927 
4327  0.010467 -1.9756 0.97949 3.9394e-06 0.0052899 
4328  0.0088673 -2.0483 0.98644 -0.0025663 0.0052649 
4329  0.0091339 -2.0354 0.98595 -0.0018702 0.0052681 
4330  0.013401 -1.8670 0.95555 0.010969 0.0053881 
4331  0.0088673 -2.0483 0.98644 -0.0018495 0.0052687 
4332  0.0092006 -2.0322 0.98579 -0.0034340 0.0052607 
4333  0.0088006 -2.0516 0.98653 -0.0047402 0.0052533 
4334  0.0093340 -2.0259 0.98544 -0.0046638 0.0052511 
4335  0.010401 -1.9784 0.98000 -0.0044920 0.0052581 
4336  0.010134 -1.9898 0.98194 -0.0046230 0.0052553 
4337  0.0095340 -2.0166 0.98482 -0.0039483 0.0052613 
4338  0.010467 -1.9756 0.97949 -0.0045820 0.0052572 
4339  0.027802 -1.5437 0.84511 0.032803 0.0056817 
4340  0.012467 -1.8988 0.96097 0.0089533 0.0053818 
4341  0.0096673 -2.0105 0.98434 -0.0052848 0.0052505 
4342  0.0082005 -2.0826 0.98714 -0.0025265 0.0052601 
4343  0.010467 -1.9756 0.97949 -0.0048095 0.0052496 
4344  0.011734 -1.9254 0.96634 0.0070755 0.0053555 
4345  0.010401 -1.9784 0.98000 -0.0035901 0.0052646 
4346  0.0091339 -2.0354 0.98595 -0.0039835 0.0052553 
4347  0.0094673 -2.0196 0.98505 -0.0042899 0.0052556 
4348  0.014068 -1.8456 0.95099 0.010662 0.0053963 
4349  0.0099340 -1.9985 0.98312 -0.0023732 0.0052726 
4350  0.0089339 -2.0451 0.98633 0.00080827 0.0052837 
4351  0.012401 -1.9011 0.96150 0.0080913 0.0054030 
4352  0.0072005 -2.1395 0.98740 -0.0025993 0.0052588 
4353  0.0070005 -2.1518 0.98742 -0.0015320 0.0052661 
4354  0.011201 -1.9459 0.97182 -0.0067766 0.0052440 
4355  0.0094673 -2.0196 0.98505 -0.0013742 0.0052748 
4356  0.013601 -1.8605 0.95395 0.011520 0.0054047 
4357  0.012734 -1.8895 0.95955 0.0088092 0.0053645 
4358  0.010534 -1.9728 0.97887 0.00039275 0.0052991 
4359  0.0096006 -2.0135 0.98458 -0.0036088 0.0052585 
4360  0.0090006 -2.0418 0.98620 -0.00050761 0.0052800 
4361  0.011001 -1.9538 0.97401 -0.0045036 0.0052551 
4362  0.010001 -1.9956 0.98275 -0.0041580 0.0052587 
4363  0.0094673 -2.0196 0.98505 0.0042791 0.0053266 
4364  0.0096673 -2.0105 0.98434 -0.0036637 0.0052578 
4365  0.0087339 -2.0550 0.98662 -0.00029610 0.0052766 
4366  0.012668 -1.8918 0.95981 0.0065242 0.0053562 
4367  0.017201 -1.7569 0.93102 0.015408 0.0054566 
4368  0.0097340 -2.0075 0.98406 -0.00012722 0.0052763 
4369  0.010867 -1.9591 0.97545 -0.0030054 0.0052620 
4370  0.011401 -1.9381 0.96972 0.0034686 0.0053274 
4371  0.0088673 -2.0483 0.98644 -0.0024368 0.0052600 
4372  0.0088673 -2.0483 0.98644 -0.0018564 0.0052668 
4373  0.015334 -1.8076 0.94205 0.010851 0.0054247 
4374  0.010667 -1.9673 0.97763 -0.0036185 0.0052651 
4375  0.018268 -1.7303 0.92360 0.017907 0.0054783 
4376  0.0087339 -2.0550 0.98662 -0.0030561 0.0052591 
4377  0.0094673 -2.0196 0.98505 -0.0052366 0.0052508 
4378  0.0091339 -2.0354 0.98595 -0.0037444 0.0052580 
4379  0.010467 -1.9756 0.97949 -0.0047434 0.0052564 
4380  0.0088006 -2.0516 0.98653 -0.0029539 0.0052626 
4381  0.0091339 -2.0354 0.98595 -0.0015158 0.0052727 
4382  0.0097340 -2.0075 0.98406 0.0044756 0.0053138 
4383  0.010267 -1.9841 0.98101 0.0041791 0.0053124 
4384  0.010534 -1.9728 0.97887 -0.0043812 0.0052538 
4385  0.0090673 -2.0386 0.98608 -0.0037328 0.0052584 
4386  0.0096006 -2.0135 0.98458 -0.0034328 0.0052591 
4387  0.010534 -1.9728 0.97887 -0.0034248 0.0052646 
4388  0.010267 -1.9841 0.98101 -0.0020666 0.0052732 
4389  0.0081339 -2.0862 0.98717 0.00052539 0.0052870 
4390  0.0098673 -2.0015 0.98347 0.0011153 0.0052897 
4391  0.011134 -1.9485 0.97262 -0.0048685 0.0052569 
4392  0.010401 -1.9784 0.98000 -0.0047492 0.0052566 
4393  0.010134 -1.9898 0.98194 0.00071487 0.0052981 
4394  0.0094006 -2.0227 0.98526 -0.0032950 0.0052560 
4395  0.0094673 -2.0196 0.98505 -0.0043405 0.0052521 
4396  0.0086672 -2.0583 0.98670 -0.0033801 0.0052567 
4397  0.010334 -1.9812 0.98051 -0.0040126 0.0052585 
4398  0.0094006 -2.0227 0.98526 -0.0041836 0.0052562 
4399  0.0097340 -2.0075 0.98406 -0.0048291 0.0052544 
4400  0.010534 -1.9728 0.97887 -0.0057516 0.0052504 
4401  0.0091339 -2.0354 0.98595 -0.0028343 0.0052605 
4402  0.010134 -1.9898 0.98194 0.0037330 0.0053194 
4403  0.010067 -1.9927 0.98236 -0.0045439 0.0052542 
4404  0.0088673 -2.0483 0.98644 -0.0019268 0.0052678 
4405  0.0078005 -2.1045 0.98730 -0.0023619 0.0052621 
4406  0.0094006 -2.0227 0.98526 -0.0019883 0.0052706 
4407  0.0071338 -2.1436 0.98741 -0.0014132 0.0052645 
4408  0.0098673 -2.0015 0.98347 -0.0020853 0.0052708 
4409  0.0085339 -2.0651 0.98687 -0.0042753 0.0052528 
4410  0.0090006 -2.0418 0.98620 -0.00043227 0.0052784 
4411  0.010001 -1.9956 0.98275 -0.0046437 0.0052634 
4412  0.0095340 -2.0166 0.98482 -0.0024661 0.0052651 
4413  0.0089339 -2.0451 0.98633 -0.00028816 0.0052862 
4414  0.0090673 -2.0386 0.98608 -0.0020627 0.0052674 
4415  0.010867 -1.9591 0.97545 -0.0038063 0.0052599 
4416  0.011134 -1.9485 0.97262 -0.00064244 0.0052869 
4417  0.0094673 -2.0196 0.98505 -0.0035641 0.0052640 
4418  0.0080672 -2.0898 0.98720 -0.00093432 0.0052746 
4419  0.0098007 -2.0045 0.98379 -0.00063880 0.0052785 
4420  0.0093340 -2.0259 0.98544 0.00070421 0.0052888 
4421  0.010267 -1.9841 0.98101 -0.0033652 0.0052617 
4422  0.011001 -1.9538 0.97401 -0.0034273 0.0052649 
4423  0.0084672 -2.0686 0.98693 -0.0022353 0.0052649 
4424  0.0092006 -2.0322 0.98579 -8.9542e-05 0.0052804 
4425  0.010001 -1.9956 0.98275 -0.0037617 0.0052599 
4426  0.011334 -1.9407 0.97032 -0.0042465 0.0052574 
4427  0.0086006 -2.0617 0.98679 -0.0014166 0.0052653 
4428  0.0096006 -2.0135 0.98458 -0.00027044 0.0052774 
4429  0.0080005 -2.0934 0.98723 -0.0015655 0.0052682 
4430  0.0092673 -2.0290 0.98561 -0.0026304 0.0052624 
4431  0.010867 -1.9591 0.97545 -0.0034238 0.0052595 
4432  0.010667 -1.9673 0.97763 -0.0015920 0.0052764 
4433  0.010601 -1.9700 0.97820 -0.0044582 0.0052648 
4434  0.0090006 -2.0418 0.98620 -0.0031216 0.0052611 
4435  0.0098007 -2.0045 0.98379 -0.0035279 0.0052594 
4436  0.011401 -1.9381 0.96972 -0.0051809 0.0052573 
4437  0.0085339 -2.0651 0.98687 -0.00042875 0.0052812 
4438  0.0092673 -2.0290 0.98561 -0.00084628 0.0052733 
4439  0.0095340 -2.0166 0.98482 -0.00038805 0.0052886 
4440  0.0094006 -2.0227 0.98526 -0.0021822 0.0052651 
4441  0.010467 -1.9756 0.97949 -0.0049476 0.0052543 
4442  0.0084006 -2.0720 0.98700 -0.0031883 0.0052563 
4443  0.0082672 -2.0790 0.98710 -0.0018348 0.0052745 
4444  0.0085339 -2.0651 0.98687 -0.0028075 0.0052593 
4445  0.010267 -1.9841 0.98101 -0.0064457 0.0052465 
4446  0.0088006 -2.0516 0.98653 -0.0012308 0.0052702 
4447  0.010467 -1.9756 0.97949 -0.0037671 0.0052603 
4448  0.012067 -1.9131 0.96381 0.0099330 0.0053811 
4449  0.0094673 -2.0196 0.98505 -0.0046198 0.0052529 
4450  0.010001 -1.9956 0.98275 -0.00052250 0.0052832 
4451  0.0082672 -2.0790 0.98710 -0.0023370 0.0052639 
4452  0.0092006 -2.0322 0.98579 -0.0029987 0.0052610 
4453  0.011734 -1.9254 0.96634 0.0068527 0.0053588 
4454  0.0096673 -2.0105 0.98434 -0.00022318 0.0052827 
4455  0.011267 -1.9433 0.97107 0.0073584 0.0053551 
4456  0.0088673 -2.0483 0.98644 -0.0036401 0.0052602 
4457  0.0091339 -2.0354 0.98595 -0.0036700 0.0052629 
4458  0.012734 -1.8895 0.95955 0.0082909 0.0053681 
4459  0.010601 -1.9700 0.97820 0.0045139 0.0053172 
4460  0.010934 -1.9564 0.97473 0.0032802 0.0053160 
4461  0.010667 -1.9673 0.97763 0.0039763 0.0053306 
4462  0.0091339 -2.0354 0.98595 -0.0018342 0.0052710 
4463  0.0088006 -2.0516 0.98653 -0.0027574 0.0052624 
4464  0.0083339 -2.0755 0.98705 0.0039473 0.0053054 
4465  0.0090006 -2.0418 0.98620 0.0016620 0.0052915 
4466  0.0088673 -2.0483 0.98644 -0.0028717 0.0052630 
4467  0.0098007 -2.0045 0.98379 0.0017808 0.0053034 
4468  0.0091339 -2.0354 0.98595 -0.0043609 0.0052546 
4469  0.010601 -1.9700 0.97820 0.0032291 0.0053164 
4470  0.0086672 -2.0583 0.98670 -0.0036391 0.0052563 
4471  0.018201 -1.7319 0.92453 0.018345 0.0055048 
4472  0.0081339 -2.0862 0.98717 -0.0017904 0.0052620 
4473  0.010201 -1.9869 0.98149 -0.0050502 0.0052508 
4474  0.0092673 -2.0290 0.98561 0.0018050 0.0052936 
4475  0.0094006 -2.0227 0.98526 -0.0060224 0.0052483 
4476  0.0098673 -2.0015 0.98347 -0.0015545 0.0052687 
4477  0.0099340 -1.9985 0.98312 -0.0039289 0.0052560 
4478  0.0094673 -2.0196 0.98505 -0.0033527 0.0052627 
4479  0.011467 -1.9355 0.96913 0.0025978 0.0053185 
4480  0.0085339 -2.0651 0.98687 0.00062893 0.0052918 
4481  0.013868 -1.8519 0.95230 0.0085064 0.0053717 
4482  0.0081339 -2.0862 0.98717 0.00089604 0.0052835 
4483  0.0096673 -2.0105 0.98434 -0.0032450 0.0052624 
4484  0.0093340 -2.0259 0.98544 -0.0043030 0.0052558 
4485  0.0091339 -2.0354 0.98595 -0.0027143 0.0052632 
4486  0.010467 -1.9756 0.97949 -0.0054102 0.0052501 
4487  0.011601 -1.9304 0.96780 0.0049466 0.0053311 
4488  0.0098673 -2.0015 0.98347 -0.0043898 0.0052557 
4489  0.0086672 -2.0583 0.98670 -0.0036593 0.0052577 
4490  0.011201 -1.9459 0.97182 0.0042857 0.0053233 
4491  0.016734 -1.7691 0.93365 0.016590 0.0054841 
4492  0.0083339 -2.0755 0.98705 0.0021094 0.0052959 
4493  0.0096673 -2.0105 0.98434 -0.0045756 0.0052552 
4494  0.010601 -1.9700 0.97820 -0.0032872 0.0052668 
4495  0.0090673 -2.0386 0.98608 -0.0050025 0.0052505 
4496  0.0090673 -2.0386 0.98608 0.0011569 0.0052958 
4497  0.010334 -1.9812 0.98051 -0.0038320 0.0052594 
4498  0.011667 -1.9279 0.96712 0.0082824 0.0053736 
4499  0.011401 -1.9381 0.96972 -0.0033086 0.0052642 
4500  0.010734 -1.9645 0.97679 -0.0050302 0.0052576 
4501  0.011067 -1.9511 0.97336 0.0048556 0.0053188 
4502  0.0077338 -2.1082 0.98731 -0.0015943 0.0052663 
4503  0.010401 -1.9784 0.98000 -0.0030555 0.0052624 
4504  0.0085339 -2.0651 0.98687 -0.0020646 0.0052689 
4505  0.0093340 -2.0259 0.98544 -0.0045599 0.0052531 
4506  0.0098007 -2.0045 0.98379 -0.0037448 0.0052561 
4507  0.011001 -1.9538 0.97401 0.0025386 0.0053029 
4508  0.0099340 -1.9985 0.98312 0.0043682 0.0053128 
4509  0.012001 -1.9155 0.96442 0.0074173 0.0053431 
4510  0.010134 -1.9898 0.98194 -0.0048253 0.0052509 
4511  0.0091339 -2.0354 0.98595 -0.0024239 0.0052626 
4512  0.024068 -1.6080 0.88371 0.027137 0.0056331 
4513  0.010334 -1.9812 0.98051 -0.00013770 0.0052955 
4514  0.010734 -1.9645 0.97679 -0.0055196 0.0052536 
4515  0.036936 -1.4162 0.76516 0.052538 0.0059953 
4516  0.011134 -1.9485 0.97262 -0.0054819 0.0052511 
4517  0.0090673 -2.0386 0.98608 -0.0041317 0.0052542 
4518  0.0092673 -2.0290 0.98561 -0.0014361 0.0052793 
4519  0.0096673 -2.0105 0.98434 -0.0013890 0.0052710 
4520  0.010001 -1.9956 0.98275 -0.0048255 0.0052514 
4521  0.010334 -1.9812 0.98051 0.0026461 0.0053088 
4522  0.0090006 -2.0418 0.98620 -0.0030389 0.0052641 
4523  0.022735 -1.6333 0.89578 0.026165 0.0056230 
4524  0.0091339 -2.0354 0.98595 -0.0021367 0.0052653 
4525  0.0083339 -2.0755 0.98705 -0.0028674 0.0052628 
4526  0.010267 -1.9841 0.98101 -0.0044015 0.0052528 
4527  0.0082672 -2.0790 0.98710 -0.00045399 0.0052744 
4528  0.0098007 -2.0045 0.98379 -0.0033863 0.0052596 
4529  0.0073338 -2.1315 0.98739 -0.00059042 0.0052685 
4530  0.015268 -1.8095 0.94279 0.014021 0.0054312 
4531  0.0088006 -2.0516 0.98653 0.0024915 0.0052964 
4532  0.0097340 -2.0075 0.98406 -0.0039987 0.0052543 
4533  0.010467 -1.9756 0.97949 -0.0047330 0.0052601 
4534  0.010334 -1.9812 0.98051 -0.0044088 0.0052574 
4535  0.0098007 -2.0045 0.98379 -0.0052508 0.0052525 
4536  0.010667 -1.9673 0.97763 0.0035362 0.0053128 
4537  0.010934 -1.9564 0.97473 0.0040998 0.0053156 
4538  0.30122 -0.36546 0.13440 0.51938 0.013070 
4539  0.010267 -1.9841 0.98101 -0.0045333 0.0052578 
4540  0.0075338 -2.1197 0.98736 0.0024799 0.0052972 
4541  0.0098007 -2.0045 0.98379 -0.0039291 0.0052584 
4542  0.015668 -1.7981 0.94017 0.012101 0.0054075 
4543  0.0093340 -2.0259 0.98544 -0.0028195 0.0052681 
4544  0.0094006 -2.0227 0.98526 -0.0015129 0.0052761 
4545  0.0090673 -2.0386 0.98608 -0.0033545 0.0052574 
4546  0.053670 -1.2463 0.62983 0.081278 0.0064611 
4547  0.0094006 -2.0227 0.98526 -0.0044397 0.0052553 
4548  0.0092673 -2.0290 0.98561 -0.0044846 0.0052519 
4549  0.010267 -1.9841 0.98101 -3.5082e-05 0.0052943 
4550  0.0092006 -2.0322 0.98579 -0.0026749 0.0052633 
4551  0.0092673 -2.0290 0.98561 -0.0013736 0.0052674 
4552  0.0096673 -2.0105 0.98434 -0.0047843 0.0052514 
4553  0.011801 -1.9229 0.96574 0.0044412 0.0053306 
4554  0.0096006 -2.0135 0.98458 0.00088969 0.0052984 
4555  0.012601 -1.8941 0.96017 0.0064700 0.0053436 
4556  0.0096006 -2.0135 0.98458 0.0024385 0.0053062 
4557  0.0076672 -2.1120 0.98734 -0.0028170 0.0052603 
4558  0.0089339 -2.0451 0.98633 -0.0030576 0.0052652 
4559  0.010801 -1.9618 0.97621 -0.0019043 0.0052679 
4560  0.0097340 -2.0075 0.98406 -0.0046721 0.0052555 
4561  0.0098673 -2.0015 0.98347 -0.0046287 0.0052560 
4562  0.0091339 -2.0354 0.98595 -0.0033485 0.0052577 
4563  0.0087339 -2.0550 0.98662 -0.0013837 0.0052693 
4564  0.0072005 -2.1395 0.98740 -0.0012072 0.0052660 
4565  0.0093340 -2.0259 0.98544 -0.00088321 0.0052752 
4566  0.010134 -1.9898 0.98194 -0.0026899 0.0052646 
4567  0.0097340 -2.0075 0.98406 -0.0036372 0.0052596 
4568  0.010334 -1.9812 0.98051 -0.0061026 0.0052466 
4569  0.011467 -1.9355 0.96913 -0.0054046 0.0052554 
4570  0.0097340 -2.0075 0.98406 -0.0040066 0.0052581 
4571  0.010401 -1.9784 0.98000 -0.0042384 0.0052550 
4572  0.010067 -1.9927 0.98236 -0.0032626 0.0052731 
4573  0.010401 -1.9784 0.98000 -0.0042406 0.0052687 
4574  0.011201 -1.9459 0.97182 -0.0053017 0.0052517 
4575  0.0085339 -2.0651 0.98687 -0.0051547 0.0052484 
4576  0.024935 -1.5922 0.87480 0.028684 0.0056359 
4577  0.0086672 -2.0583 0.98670 -0.0015188 0.0052683 
4578  0.0092006 -2.0322 0.98579 -0.0043305 0.0052561 
4579  0.0098007 -2.0045 0.98379 -0.0045843 0.0052533 
4580  0.011134 -1.9485 0.97262 1.4629e-05 0.0052978 
4581  0.024868 -1.5934 0.87600 0.031306 0.0057040 
4582  0.010667 -1.9673 0.97763 -0.0020360 0.0052718 
4583  0.0092006 -2.0322 0.98579 -0.0026210 0.0052623 
4584  0.011267 -1.9433 0.97107 0.0073373 0.0053498 
4585  0.0098007 -2.0045 0.98379 -0.0044989 0.0052544 
4586  0.0096006 -2.0135 0.98458 -0.0036171 0.0052598 
4587  0.0098007 -2.0045 0.98379 -0.0037506 0.0052577 
4588  0.0088673 -2.0483 0.98644 -0.0027699 0.0052631 
4589  0.012201 -1.9083 0.96281 0.0082982 0.0053691 
4590  0.0084006 -2.0720 0.98700 -0.0032896 0.0052624 
4591  0.010134 -1.9898 0.98194 -0.0043299 0.0052589 
4592  0.0088006 -2.0516 0.98653 -0.0040726 0.0052605 
4593  0.0086672 -2.0583 0.98670 -0.0012695 0.0052730 
4594  0.0099340 -1.9985 0.98312 -0.0042564 0.0052623 
4595  0.0086672 -2.0583 0.98670 -0.0036695 0.0052602 
4596  0.010934 -1.9564 0.97473 -0.0063574 0.0052489 
4597  0.0088006 -2.0516 0.98653 -0.0033936 0.0052614 
4598  0.0098007 -2.0045 0.98379 -0.0026426 0.0052703 
4599  0.011001 -1.9538 0.97401 0.00026468 0.0052978 
4600  0.0099340 -1.9985 0.98312 -0.0040743 0.0052546 
4601  0.0078005 -2.1045 0.98730 -0.0039826 0.0052540 
4602  0.0086672 -2.0583 0.98670 0.0019693 0.0053013 
4603  0.011134 -1.9485 0.97262 -0.00088055 0.0052775 
4604  0.0084006 -2.0720 0.98700 -0.00099746 0.0052723 
4605  0.0086672 -2.0583 0.98670 -0.0016912 0.0052701 
4606  0.016068 -1.7870 0.93837 0.014369 0.0054497 
4607  0.017601 -1.7467 0.92953 0.017508 0.0054856 
4608  0.0090673 -2.0386 0.98608 -0.0034065 0.0052596 
4609  0.0088673 -2.0483 0.98644 -0.0040281 0.0052564 
4610  0.0092673 -2.0290 0.98561 -0.0014227 0.0052714 
4611  0.025002 -1.5910 0.87357 0.029873 0.0056659 
4612  0.010134 -1.9898 0.98194 -0.0046129 0.0052564 
4613  0.0086672 -2.0583 0.98670 0.00063652 0.0052859 
4614  0.0081339 -2.0862 0.98717 0.0010207 0.0052804 
4615  0.0088006 -2.0516 0.98653 -0.0034516 0.0052545 
4616  0.0089339 -2.0451 0.98633 -0.0013804 0.0052686 
4617  0.0093340 -2.0259 0.98544 -8.5219e-05 0.0052762 
4618  0.0098673 -2.0015 0.98347 -0.0047087 0.0052515 
4619  0.010267 -1.9841 0.98101 0.0032798 0.0053062 
4620  0.011001 -1.9538 0.97401 -0.0046323 0.0052539 
4621  0.015534 -1.8019 0.94128 0.013025 0.0054323 
4622  0.011601 -1.9304 0.96780 -0.0032254 0.0052663 
4623  0.0098673 -2.0015 0.98347 -0.0040705 0.0052574 
4624  0.010734 -1.9645 0.97679 -0.0041081 0.0052601 
4625  0.010001 -1.9956 0.98275 0.00030107 0.0052887 
4626  0.019601 -1.6991 0.91463 0.023449 0.0055919 
4627  0.0081339 -2.0862 0.98717 -0.0034879 0.0052542 
4628  0.0086006 -2.0617 0.98679 -0.0029646 0.0052593 
4629  0.0095340 -2.0166 0.98482 -0.0038119 0.0052588 
4630  0.0084006 -2.0720 0.98700 -0.0020855 0.0052655 
4631  0.010401 -1.9784 0.98000 -0.0060118 0.0052484 
4632  0.0090673 -2.0386 0.98608 -0.0024464 0.0052625 
4633  0.0088006 -2.0516 0.98653 -0.0015117 0.0052676 
4634  0.0084672 -2.0686 0.98693 0.0021245 0.0052880 
4635  0.0087339 -2.0550 0.98662 -0.0018033 0.0052648 
4636  0.010401 -1.9784 0.98000 0.0026385 0.0053025 
4637  0.0091339 -2.0354 0.98595 -0.0049807 0.0052512 
4638  0.0083339 -2.0755 0.98705 -0.0013373 0.0052701 
4639  0.035869 -1.4294 0.77953 0.049774 0.0059748 
4640  0.014268 -1.8394 0.94952 0.011882 0.0054225 
4641  0.0092673 -2.0290 0.98561 -0.0020255 0.0052664 
4642  0.010667 -1.9673 0.97763 0.0047660 0.0053219 
4643  0.0097340 -2.0075 0.98406 -0.0013974 0.0052741 
4644  0.0088673 -2.0483 0.98644 -0.0029883 0.0052597 
4645  0.0094673 -2.0196 0.98505 -0.0036360 0.0052596 
4646  0.0087339 -2.0550 0.98662 0.0031961 0.0052987 
4647  0.014934 -1.8193 0.94489 0.011640 0.0054240 
4648  0.0083339 -2.0755 0.98705 -0.0039760 0.0052528 
4649  0.010467 -1.9756 0.97949 -0.0050099 0.0052544 
4650  0.010067 -1.9927 0.98236 -0.0035238 0.0052638 
4651  0.0083339 -2.0755 0.98705 -0.0034766 0.0052563 
4652  0.010534 -1.9728 0.97887 -0.0058681 0.0052523 
4653  0.0091339 -2.0354 0.98595 -0.0024307 0.0052622 
4654  0.0099340 -1.9985 0.98312 -0.0049264 0.0052525 
4655  0.0088673 -2.0483 0.98644 0.00027829 0.0052845 
4656  0.0085339 -2.0651 0.98687 -0.0015158 0.0052705 
4657  0.0094673 -2.0196 0.98505 -0.0042364 0.0052551 
4658  0.0089339 -2.0451 0.98633 0.00069271 0.0052826 
4659  0.0088673 -2.0483 0.98644 -0.0049860 0.0052499 
4660  0.010401 -1.9784 0.98000 -0.0041593 0.0052549 
4661  0.0096006 -2.0135 0.98458 -0.0036728 0.0052636 
4662  0.0079339 -2.0971 0.98726 0.00017978 0.0052803 
4663  0.010267 -1.9841 0.98101 -0.0034965 0.0052609 
4664  0.0099340 -1.9985 0.98312 0.0044617 0.0053199 
4665  0.0089339 -2.0451 0.98633 -0.0028023 0.0052621 
4666  0.0099340 -1.9985 0.98312 -0.0010539 0.0052695 
4667  0.010067 -1.9927 0.98236 -0.0014547 0.0052806 
4668  0.010401 -1.9784 0.98000 -0.0058404 0.0052468 
4669  0.0099340 -1.9985 0.98312 -0.0020130 0.0052705 
4670  0.010134 -1.9898 0.98194 -0.0033947 0.0052623 
4671  0.010067 -1.9927 0.98236 0.0046994 0.0053257 
4672  0.027935 -1.5415 0.84410 0.035819 0.0057878 
4673  0.010401 -1.9784 0.98000 -0.0031485 0.0052721 
4674  0.0085339 -2.0651 0.98687 -0.0034218 0.0052567 
4675  0.010267 -1.9841 0.98101 -0.0034806 0.0052658 
4676  0.0087339 -2.0550 0.98662 0.0026762 0.0053019 
4677  0.0088673 -2.0483 0.98644 -0.0012732 0.0052735 
4678  0.0086006 -2.0617 0.98679 -0.0012955 0.0052694 
4679  0.011134 -1.9485 0.97262 -0.0046824 0.0052579 
4680  0.0084672 -2.0686 0.98693 -0.0024580 0.0052604 
4681  0.0098673 -2.0015 0.98347 -0.0040423 0.0052558 
4682  0.010401 -1.9784 0.98000 -0.0038917 0.0052609 
4683  0.024868 -1.5934 0.87600 0.029252 0.0056454 
4684  0.011401 -1.9381 0.96972 -0.0059244 0.0052489 
4685  0.0086006 -2.0617 0.98679 -0.0039546 0.0052544 
4686  0.0092673 -2.0290 0.98561 -0.0045312 0.0052581 
4687  0.0098007 -2.0045 0.98379 -0.0027400 0.0052605 
4688  0.010467 -1.9756 0.97949 0.0019882 0.0053054 
4689  0.0099340 -1.9985 0.98312 -0.0033465 0.0052610 
4690  0.010134 -1.9898 0.98194 0.0019955 0.0053077 
4691  0.013601 -1.8605 0.95395 0.010776 0.0054023 
4692  0.0088006 -2.0516 0.98653 -0.0019527 0.0052666 
4693  0.011534 -1.9330 0.96849 0.00089603 0.0052989 
4694  0.010467 -1.9756 0.97949 -0.0035750 0.0052606 
4695  0.0094673 -2.0196 0.98505 -0.0031912 0.0052576 
4696  0.032802 -1.4696 0.80647 0.042207 0.0058273 
4697  0.010334 -1.9812 0.98051 -0.0069975 0.0052472 
4698  0.0090006 -2.0418 0.98620 -0.0028397 0.0052603 
4699  0.011667 -1.9279 0.96712 0.0052543 0.0053331 
4700  0.0087339 -2.0550 0.98662 -0.00048395 0.0052780 
4701  0.010467 -1.9756 0.97949 0.0065213 0.0053379 
4702  0.011467 -1.9355 0.96913 0.0084866 0.0053638 
4703  0.0090673 -2.0386 0.98608 0.0031661 0.0053019 
4704  0.010601 -1.9700 0.97820 -0.0032591 0.0052701 
4705  0.0093340 -2.0259 0.98544 -0.0015372 0.0052724 
4706  0.0099340 -1.9985 0.98312 -0.0023151 0.0052687 
4707  0.010334 -1.9812 0.98051 -0.0066414 0.0052469 
4708  0.0095340 -2.0166 0.98482 -0.0020545 0.0052670 
4709  0.0090673 -2.0386 0.98608 -0.0044258 0.0052532 
4710  0.0079339 -2.0971 0.98726 -0.00062536 0.0052784 
4711  0.010267 -1.9841 0.98101 -0.0039676 0.0052601 
4712  0.010201 -1.9869 0.98149 -0.0029281 0.0052671 
4713  0.0076672 -2.1120 0.98734 -0.0023087 0.0052645 
4714  0.0087339 -2.0550 0.98662 -0.0037981 0.0052532 
4715  0.0095340 -2.0166 0.98482 -0.0036357 0.0052568 
4716  0.016068 -1.7870 0.93837 0.014085 0.0054336 
4717  0.0086006 -2.0617 0.98679 -0.0039333 0.0052530 
4718  0.0084006 -2.0720 0.98700 -0.00080376 0.0052776 
4719  0.0080005 -2.0934 0.98723 -0.00042421 0.0052739 
4720  0.0090006 -2.0418 0.98620 -0.0034404 0.0052567 
4721  0.0082005 -2.0826 0.98714 -0.0033704 0.0052565 
4722  0.0084672 -2.0686 0.98693 0.00087601 0.0052825 
4723  0.0086672 -2.0583 0.98670 -0.0024221 0.0052625 
4724  0.010067 -1.9927 0.98236 -0.0010748 0.0052723 
4725  0.0098673 -2.0015 0.98347 -0.0049408 0.0052561 
4726  0.0088673 -2.0483 0.98644 -0.0033134 0.0052591 
4727  0.010801 -1.9618 0.97621 -0.0034311 0.0052634 
4728  0.010001 -1.9956 0.98275 -0.0037647 0.0052588 
4729  0.0093340 -2.0259 0.98544 -0.0027250 0.0052660 
4730  0.0098007 -2.0045 0.98379 -0.0048165 0.0052539 
4731  0.0093340 -2.0259 0.98544 -0.0042541 0.0052543 
4732  0.0090006 -2.0418 0.98620 0.00072373 0.0052887 
4733  0.0097340 -2.0075 0.98406 -0.0048458 0.0052549 
4734  0.0090006 -2.0418 0.98620 -0.0038910 0.0052594 
4735  0.011067 -1.9511 0.97336 0.0051989 0.0053262 
4736  0.011201 -1.9459 0.97182 0.0052741 0.0053400 
4737  0.014201 -1.8415 0.94991 0.0099358 0.0054004 
4738  0.0098007 -2.0045 0.98379 -0.0045887 0.0052508 
4739  0.013201 -1.8736 0.95675 0.0097313 0.0053933 
4740  0.0090673 -2.0386 0.98608 0.0013781 0.0052885 
4741  0.012734 -1.8895 0.95955 0.010262 0.0053963 
4742  0.010267 -1.9841 0.98101 -0.00018800 0.0052890 
4743  0.010334 -1.9812 0.98051 0.0060826 0.0053495 
4744  0.0089339 -2.0451 0.98633 -0.0015420 0.0052656 
4745  0.0090006 -2.0418 0.98620 -0.0021334 0.0052693 
4746  0.0093340 -2.0259 0.98544 -0.0012287 0.0052764 
4747  0.0093340 -2.0259 0.98544 -0.0032601 0.0052623 
4748  0.0084672 -2.0686 0.98693 -0.0014689 0.0052654 
4749  0.010467 -1.9756 0.97949 -0.00054548 0.0052798 
4750  0.010201 -1.9869 0.98149 -0.0021107 0.0052701 
4751  0.0095340 -2.0166 0.98482 -0.0055950 0.0052510 
4752  0.011934 -1.9180 0.96486 -0.0051223 0.0052545 
4753  0.010001 -1.9956 0.98275 -0.0043136 0.0052521 
4754  0.0094673 -2.0196 0.98505 -0.0044256 0.0052545 
4755  0.0088673 -2.0483 0.98644 -0.0032594 0.0052603 
4756  0.0088673 -2.0483 0.98644 -0.0012173 0.0052698 
4757  0.0094673 -2.0196 0.98505 -0.0028300 0.0052655 
4758  0.012534 -1.8964 0.96060 0.0089040 0.0053670 
4759  0.017601 -1.7467 0.92953 0.017624 0.0054936 
4760  0.0099340 -1.9985 0.98312 0.0025970 0.0053020 
4761  0.0095340 -2.0166 0.98482 0.0037265 0.0053238 
4762  0.0096673 -2.0105 0.98434 -0.0056752 0.0052503 
4763  0.0098673 -2.0015 0.98347 -0.0047631 0.0052517 
4764  0.010801 -1.9618 0.97621 0.0010023 0.0052961 
4765  0.0092673 -2.0290 0.98561 -0.0051204 0.0052505 
4766  0.010601 -1.9700 0.97820 0.00049612 0.0052917 
4767  0.011601 -1.9304 0.96780 0.0071615 0.0053558 
4768  0.0096006 -2.0135 0.98458 -0.0046298 0.0052561 
4769  0.010001 -1.9956 0.98275 0.0045404 0.0053203 
4770  0.0092006 -2.0322 0.98579 -0.0018139 0.0052651 
4771  0.010534 -1.9728 0.97887 -0.0016107 0.0052771 
4772  0.0096006 -2.0135 0.98458 -0.0038671 0.0052571 
4773  0.010067 -1.9927 0.98236 0.0022800 0.0053020 
4774  0.0096673 -2.0105 0.98434 0.0044993 0.0053170 
4775  0.0082672 -2.0790 0.98710 0.0033230 0.0053053 
4776  0.010534 -1.9728 0.97887 0.0033254 0.0053345 
4777  0.0086672 -2.0583 0.98670 -0.0046209 0.0052545 
4778  0.0085339 -2.0651 0.98687 -0.0014423 0.0052685 
4779  0.0098673 -2.0015 0.98347 -0.00052635 0.0052784 
4780  0.010201 -1.9869 0.98149 -0.0054089 0.0052497 
4781  0.010334 -1.9812 0.98051 -0.0051817 0.0052528 
4782  0.0091339 -2.0354 0.98595 -0.0029281 0.0052596 
4783  0.0072672 -2.1355 0.98739 -0.0024243 0.0052602 
4784  0.010934 -1.9564 0.97473 -0.0042812 0.0052584 
4785  0.010134 -1.9898 0.98194 -0.0016607 0.0052714 
4786  0.0086006 -2.0617 0.98679 -0.0035300 0.0052544 
4787  0.0094006 -2.0227 0.98526 -0.0031980 0.0052626 
4788  0.0092673 -2.0290 0.98561 0.0017434 0.0052999 
4789  0.010267 -1.9841 0.98101 0.0012132 0.0052983 
4790  0.0088673 -2.0483 0.98644 0.0031232 0.0052994 
4791  0.011534 -1.9330 0.96849 0.0074540 0.0053533 
4792  0.0094006 -2.0227 0.98526 0.0020275 0.0052989 
4793  0.0078005 -2.1045 0.98730 -0.0016902 0.0052647 
4794  0.011134 -1.9485 0.97262 0.0040704 0.0053259 
4795  0.010601 -1.9700 0.97820 -0.0052109 0.0052505 
4796  0.0084006 -2.0720 0.98700 -0.0039250 0.0052564 
4797  0.0081339 -2.0862 0.98717 -0.00080635 0.0052757 
4798  0.0090673 -2.0386 0.98608 -0.0037647 0.0052543 
4799  0.0076672 -2.1120 0.98734 -0.0015442 0.0052670 
4800  0.010267 -1.9841 0.98101 -0.0052035 0.0052537 
4801  0.011334 -1.9407 0.97032 0.0052868 0.0053332 
4802  0.010667 -1.9673 0.97763 -0.0016557 0.0052720 
4803  0.0098007 -2.0045 0.98379 -0.0010190 0.0052730 
4804  0.010667 -1.9673 0.97763 -0.0011965 0.0052784 
4805  0.0097340 -2.0075 0.98406 -0.0024253 0.0052665 
4806  0.0086006 -2.0617 0.98679 0.00010549 0.0052793 
4807  0.0077338 -2.1082 0.98731 -0.0031542 0.0052616 
4808  0.011334 -1.9407 0.97032 -0.0057766 0.0052550 
4809  0.0092673 -2.0290 0.98561 -0.0029022 0.0052586 
4810  0.0086006 -2.0617 0.98679 -0.0028227 0.0052588 
4811  0.0094673 -2.0196 0.98505 1.6408e-05 0.0052878 
4812  0.0099340 -1.9985 0.98312 -0.0036976 0.0052571 
4813  0.0080672 -2.0898 0.98720 0.00023237 0.0052778 
4814  0.0098673 -2.0015 0.98347 -0.0012342 0.0052721 
4815  0.011401 -1.9381 0.96972 0.0069905 0.0053421 
4816  0.013334 -1.8692 0.95612 0.011150 0.0054029 
4817  0.0091339 -2.0354 0.98595 0.0010277 0.0052871 
4818  0.010934 -1.9564 0.97473 -0.00047792 0.0052875 
4819  0.013601 -1.8605 0.95395 0.0098747 0.0053982 
4820  0.010134 -1.9898 0.98194 -0.0062240 0.0052478 
4821  0.0084006 -2.0720 0.98700 -0.0021698 0.0052636 
4822  0.0089339 -2.0451 0.98633 0.0016465 0.0052989 
4823  0.0094673 -2.0196 0.98505 -0.0032853 0.0052623 
4824  0.011601 -1.9304 0.96780 0.0024700 0.0053121 
4825  0.029602 -1.5156 0.83194 0.036197 0.0057854 
4826  0.014334 -1.8374 0.94877 0.012184 0.0054196 
4827  0.0082672 -2.0790 0.98710 0.0011664 0.0052822 
4828  0.0088673 -2.0483 0.98644 -0.00052770 0.0052755 
4829  0.0088673 -2.0483 0.98644 -0.0023153 0.0052638 
4830  0.013068 -1.8781 0.95774 0.0095792 0.0053777 
4831  0.010001 -1.9956 0.98275 -0.0033794 0.0052594 
4832  0.010601 -1.9700 0.97820 -0.0044030 0.0052537 
4833  0.010801 -1.9618 0.97621 -0.0068325 0.0052460 
4834  0.0085339 -2.0651 0.98687 -0.0032200 0.0052604 
4835  0.0093340 -2.0259 0.98544 -0.0048724 0.0052553 
4836  0.017601 -1.7467 0.92953 0.017380 0.0054911 
4837  0.012001 -1.9155 0.96442 0.0067602 0.0053638 
4838  0.011467 -1.9355 0.96913 -0.0067689 0.0052459 
4839  0.0075338 -2.1197 0.98736 0.0015257 0.0052935 
4840  0.010067 -1.9927 0.98236 -0.0033515 0.0052615 
4841  0.0076005 -2.1158 0.98735 0.0014088 0.0052889 
4842  0.0094673 -2.0196 0.98505 0.0028843 0.0053144 
4843  0.0089339 -2.0451 0.98633 -0.00055642 0.0052738 
4844  0.0091339 -2.0354 0.98595 0.00091444 0.0052869 
4845  0.0086006 -2.0617 0.98679 0.0021876 0.0053001 
4846  0.0087339 -2.0550 0.98662 0.00033342 0.0052806 
4847  0.0093340 -2.0259 0.98544 -0.0038441 0.0052609 
4848  0.0099340 -1.9985 0.98312 0.0045490 0.0053162 
4849  0.010667 -1.9673 0.97763 -0.0029103 0.0052626 
4850  0.010867 -1.9591 0.97545 0.0042187 0.0053221 
4851  0.010267 -1.9841 0.98101 0.0029630 0.0053069 
4852  0.011667 -1.9279 0.96712 0.0020947 0.0053239 
4853  0.0090006 -2.0418 0.98620 0.0059444 0.0053325 
4854  0.0082005 -2.0826 0.98714 -0.00014719 0.0052747 
4855  0.011067 -1.9511 0.97336 -0.0039050 0.0052653 
4856  0.013801 -1.8541 0.95276 0.0097722 0.0053933 
4857  0.033736 -1.4570 0.79207 0.044871 0.0058898 
4858  0.0096006 -2.0135 0.98458 -0.0019524 0.0052730 
4859  0.011934 -1.9180 0.96486 0.0033653 0.0053278 
4860  0.011134 -1.9485 0.97262 0.0077486 0.0053658 
4861  0.0087339 -2.0550 0.98662 -0.00092275 0.0052706 
4862  0.0097340 -2.0075 0.98406 0.0028743 0.0053107 
4863  0.010067 -1.9927 0.98236 0.0014888 0.0052909 
4864  0.010734 -1.9645 0.97679 -0.0042724 0.0052589 
4865  0.0089339 -2.0451 0.98633 -0.0049519 0.0052554 
4866  0.0086006 -2.0617 0.98679 -0.0037035 0.0052568 
4867  0.0086006 -2.0617 0.98679 -0.0040050 0.0052561 
4868  0.0085339 -2.0651 0.98687 -0.0036966 0.0052551 
4869  0.010467 -1.9756 0.97949 0.0034507 0.0053065 
4870  0.0084672 -2.0686 0.98693 -0.0018615 0.0052696 
4871  0.0098007 -2.0045 0.98379 0.0013770 0.0052966 
4872  0.0094673 -2.0196 0.98505 -0.0048649 0.0052512 
4873  0.0098007 -2.0045 0.98379 -0.0042766 0.0052587 
4874  0.0087339 -2.0550 0.98662 -0.0025612 0.0052653 
4875  0.010267 -1.9841 0.98101 -0.0031827 0.0052566 
4876  0.0094006 -2.0227 0.98526 -0.0033400 0.0052612 
4877  0.0080672 -2.0898 0.98720 0.0026463 0.0052993 
4878  0.0084672 -2.0686 0.98693 0.0010380 0.0052882 
4879  0.0096673 -2.0105 0.98434 -0.0028462 0.0052625 
4880  0.010534 -1.9728 0.97887 0.0069485 0.0053423 
4881  0.0092006 -2.0322 0.98579 -0.0031146 0.0052660 
4882  0.010467 -1.9756 0.97949 -0.0028327 0.0052663 
4883  0.0099340 -1.9985 0.98312 -0.0031627 0.0052614 
4884  0.010067 -1.9927 0.98236 -0.0053618 0.0052551 
4885  0.0079339 -2.0971 0.98726 0.00091368 0.0052880 
4886  0.018001 -1.7368 0.92542 0.017753 0.0054881 
4887  0.010267 -1.9841 0.98101 -0.0034499 0.0052623 
4888  0.0082672 -2.0790 0.98710 0.0026038 0.0053043 
4889  0.010467 -1.9756 0.97949 -0.0057869 0.0052481 
4890  0.0091339 -2.0354 0.98595 -0.0041063 0.0052569 
4891  0.010267 -1.9841 0.98101 -0.0055137 0.0052533 
4892  0.0099340 -1.9985 0.98312 -0.0048039 0.0052574 
4893  0.011934 -1.9180 0.96486 0.0059529 0.0053357 
4894  0.0094673 -2.0196 0.98505 -0.0044158 0.0052531 
4895  0.0087339 -2.0550 0.98662 -0.0029725 0.0052586 
4896  0.0095340 -2.0166 0.98482 -0.0033166 0.0052584 
4897  0.0087339 -2.0550 0.98662 -0.0034344 0.0052603 
4898  0.0086672 -2.0583 0.98670 -0.0029497 0.0052601 
4899  0.010401 -1.9784 0.98000 0.0071815 0.0053423 
4900  0.0098007 -2.0045 0.98379 0.0035388 0.0053103 
4901  0.013534 -1.8626 0.95436 0.010311 0.0054071 
4902  0.0087339 -2.0550 0.98662 0.0028820 0.0053025 
4903  0.0071338 -2.1436 0.98741 -0.0015800 0.0052668 
4904  0.0096006 -2.0135 0.98458 -0.0050356 0.0052531 
4905  0.010401 -1.9784 0.98000 -0.0045355 0.0052554 
4906  0.011801 -1.9229 0.96574 0.00027729 0.0052970 
4907  0.0096006 -2.0135 0.98458 -0.0049335 0.0052542 
4908  0.0092006 -2.0322 0.98579 -0.0024393 0.0052656 
4909  0.0096006 -2.0135 0.98458 -0.0043413 0.0052604 
4910  0.0094673 -2.0196 0.98505 -0.0027969 0.0052609 
4911  0.0096673 -2.0105 0.98434 -0.0012282 0.0052723 
4912  0.0085339 -2.0651 0.98687 0.00043046 0.0052809 
4913  0.0092006 -2.0322 0.98579 -0.0043230 0.0052571 
4914  0.010267 -1.9841 0.98101 -0.0048102 0.0052548 
4915  0.0096006 -2.0135 0.98458 -0.0062732 0.0052467 
4916  0.0096673 -2.0105 0.98434 -0.0057285 0.0052493 
4917  0.023602 -1.6167 0.88809 0.027224 0.0056435 
4918  0.0086672 -2.0583 0.98670 -0.00015050 0.0052804 
4919  0.011067 -1.9511 0.97336 -0.0023754 0.0052774 
4920  0.018401 -1.7271 0.92285 0.016847 0.0054849 
4921  0.0081339 -2.0862 0.98717 -0.0029604 0.0052581 
4922  0.0084672 -2.0686 0.98693 -0.0031457 0.0052604 
4923  0.010067 -1.9927 0.98236 0.0034102 0.0053166 
4924  0.028202 -1.5373 0.84307 0.030438 0.0056451 
4925  0.010934 -1.9564 0.97473 -0.0052872 0.0052531 
4926  0.0092006 -2.0322 0.98579 -0.0021680 0.0052747 
4927  0.011267 -1.9433 0.97107 -0.0025574 0.0052774 
4928  0.0088006 -2.0516 0.98653 -0.0020398 0.0052704 
4929  0.0080672 -2.0898 0.98720 -0.0016527 0.0052622 
4930  0.0072005 -2.1395 0.98740 -0.0023179 0.0052591 
4931  0.010467 -1.9756 0.97949 -0.0035471 0.0052590 
4932  0.0080005 -2.0934 0.98723 -0.0017010 0.0052678 
4933  0.0096673 -2.0105 0.98434 -0.0046017 0.0052510 
4934  0.0087339 -2.0550 0.98662 -0.0020157 0.0052777 
4935  0.010267 -1.9841 0.98101 0.0021711 0.0053130 
4936  0.0088673 -2.0483 0.98644 -0.00077031 0.0052738 
4937  0.0098673 -2.0015 0.98347 -0.0012369 0.0052785 
4938  0.010934 -1.9564 0.97473 -0.0054930 0.0052495 
4939  0.0097340 -2.0075 0.98406 -0.0041235 0.0052549 
4940  0.010334 -1.9812 0.98051 -0.0069939 0.0052452 
4941  0.0098673 -2.0015 0.98347 -0.00046907 0.0052808 
4942  0.012401 -1.9011 0.96150 -0.0055670 0.0052539 
4943  0.0098007 -2.0045 0.98379 0.0028767 0.0053034 
4944  0.0082672 -2.0790 0.98710 -0.00073541 0.0052707 
4945  0.010134 -1.9898 0.98194 0.0041744 0.0053272 
4946  0.010267 -1.9841 0.98101 -0.0046217 0.0052578 
4947  0.010201 -1.9869 0.98149 -0.0034678 0.0052567 
4948  0.017868 -1.7401 0.92646 0.016316 0.0054974 
4949  0.0085339 -2.0651 0.98687 -0.0026639 0.0052614 
4950  0.018935 -1.7144 0.91942 0.019624 0.0055110 
4951  0.0088006 -2.0516 0.98653 -0.0036766 0.0052576 
4952  0.0095340 -2.0166 0.98482 -0.0047657 0.0052520 
4953  0.020668 -1.6756 0.90852 0.019640 0.0055436 
4954  0.010934 -1.9564 0.97473 -0.0033021 0.0052638 
4955  0.016068 -1.7870 0.93837 0.012160 0.0054123 
4956  0.014401 -1.8353 0.94842 0.013469 0.0054186 
4957  0.010001 -1.9956 0.98275 -0.0028492 0.0052625 
4958  0.010667 -1.9673 0.97763 -0.0041461 0.0052611 
4959  0.0095340 -2.0166 0.98482 -0.0036111 0.0052541 
4960  0.013401 -1.8670 0.95555 0.0092339 0.0053868 
4961  0.0094673 -2.0196 0.98505 -0.0038933 0.0052555 
4962  0.0094673 -2.0196 0.98505 -0.0042287 0.0052560 
4963  0.013401 -1.8670 0.95555 0.0097568 0.0053789 
4964  0.010267 -1.9841 0.98101 -0.0040289 0.0052586 
4965  0.010334 -1.9812 0.98051 -0.0041881 0.0052553 
4966  0.011601 -1.9304 0.96780 -0.0058516 0.0052528 
4967  0.0096673 -2.0105 0.98434 -0.0066434 0.0052455 
4968  0.058671 -1.2053 0.59052 0.092635 0.0066402 
4969  0.013734 -1.8562 0.95303 0.0092118 0.0053832 
4970  0.0091339 -2.0354 0.98595 -0.0037861 0.0052628 
4971  0.010601 -1.9700 0.97820 0.0045101 0.0053246 
4972  0.010001 -1.9956 0.98275 -0.0029973 0.0052656 
4973  0.0088006 -2.0516 0.98653 -0.0037209 0.0052532 
4974  0.0092673 -2.0290 0.98561 -0.0025666 0.0052663 
4975  0.010934 -1.9564 0.97473 -0.0064296 0.0052500 
4976  0.010067 -1.9927 0.98236 -0.0045440 0.0052590 
4977  0.0094006 -2.0227 0.98526 -0.0031612 0.0052632 
4978  0.010267 -1.9841 0.98101 -0.0035030 0.0052610 
4979  0.011401 -1.9381 0.96972 0.0053737 0.0053324 
4980  0.012534 -1.8964 0.96060 0.010823 0.0053800 
4981  0.023135 -1.6256 0.89123 0.025973 0.0056152 
4982  0.0092006 -2.0322 0.98579 -0.0011540 0.0052738 
4983  0.0090673 -2.0386 0.98608 -0.0015631 0.0052727 
4984  0.0095340 -2.0166 0.98482 -0.0024999 0.0052658 
4985  0.0074005 -2.1275 0.98738 -4.9662e-05 0.0052761 
4986  0.010267 -1.9841 0.98101 -0.0031125 0.0052644 
4987  0.011001 -1.9538 0.97401 -0.0059402 0.0052514 
4988  0.0098673 -2.0015 0.98347 -0.0026867 0.0052709 
4989  0.011467 -1.9355 0.96913 0.0017691 0.0052981 
4990  0.0090006 -2.0418 0.98620 -0.0030866 0.0052681 
4991  0.0081339 -2.0862 0.98717 -0.0031252 0.0052570 
4992  0.045470 -1.3221 0.70169 0.070065 0.0063467 
4993  0.0098007 -2.0045 0.98379 -0.0034627 0.0052635 
4994  0.013268 -1.8714 0.95634 0.0073252 0.0053641 
4995  0.010134 -1.9898 0.98194 -0.0039353 0.0052606 
4996  0.010934 -1.9564 0.97473 -0.0067454 0.0052450 
4997  0.0084006 -2.0720 0.98700 -0.0027162 0.0052603 
4998  0.010334 -1.9812 0.98051 0.0053883 0.0053423 
4999  0.0088673 -2.0483 0.98644 0.0012968 0.0052833 
5000  0.010801 -1.9618 0.97621 0.0051207 0.0053313 
5001  0.0093340 -2.0259 0.98544 -0.0043042 0.0052589 
5002  0.0098673 -2.0015 0.98347 -0.0048892 0.0052540 
5003  0.0082672 -2.0790 0.98710 -0.0035245 0.0052569 
5004  0.0082005 -2.0826 0.98714 -0.0020924 0.0052665 
5005  0.010267 -1.9841 0.98101 0.0057375 0.0053322 
5006  0.0092006 -2.0322 0.98579 0.00056858 0.0052854 
5007  0.010534 -1.9728 0.97887 0.0018226 0.0053202 
5008  0.0092006 -2.0322 0.98579 -0.0051104 0.0052515 
5009  0.010334 -1.9812 0.98051 -0.0027021 0.0052685 
5010  0.010734 -1.9645 0.97679 0.00066775 0.0053028 
5011  0.0086672 -2.0583 0.98670 -0.0047852 0.0052540 
5012  0.010201 -1.9869 0.98149 0.0055455 0.0053325 
5013  0.0082005 -2.0826 0.98714 -0.0024331 0.0052620 
5014  0.0092006 -2.0322 0.98579 -0.0027984 0.0052655 
5015  0.0082005 -2.0826 0.98714 -0.0026125 0.0052605 
5016  0.010401 -1.9784 0.98000 -0.0033295 0.0052601 
5017  0.010267 -1.9841 0.98101 -0.0046266 0.0052571 
5018  0.012534 -1.8964 0.96060 0.0085066 0.0053646 
5019  0.014068 -1.8456 0.95099 0.0091945 0.0053813 
5020  0.0094006 -2.0227 0.98526 -0.0024807 0.0052646 
5021  0.0089339 -2.0451 0.98633 -0.0041036 0.0052554 
5022  0.010601 -1.9700 0.97820 -0.0025246 0.0052688 
5023  0.012668 -1.8918 0.95981 0.0090261 0.0053644 
5024  0.0088006 -2.0516 0.98653 0.00085360 0.0052833 
5025  0.012734 -1.8895 0.95955 0.0065891 0.0053727 
5026  0.019668 -1.6976 0.91413 0.021943 0.0055652 
5027  0.011001 -1.9538 0.97401 0.0049678 0.0053187 
5028  0.0090673 -2.0386 0.98608 -0.00056222 0.0052707 
5029  0.010934 -1.9564 0.97473 -0.0039831 0.0052628 
5030  0.0090006 -2.0418 0.98620 0.0012042 0.0052899 
5031  0.0095340 -2.0166 0.98482 -0.0055510 0.0052463 
5032  0.010734 -1.9645 0.97679 -0.0010294 0.0052731 
5033  0.010601 -1.9700 0.97820 -0.0058331 0.0052499 
5034  0.0094673 -2.0196 0.98505 -0.0015885 0.0052721 
5035  0.0080672 -2.0898 0.98720 0.00082467 0.0052862 
5036  0.0096006 -2.0135 0.98458 -0.0029137 0.0052615 
5037  0.014334 -1.8374 0.94877 0.0097089 0.0053807 
5038  0.0089339 -2.0451 0.98633 0.00033128 0.0052751 
5039  0.0098007 -2.0045 0.98379 -3.8715e-05 0.0052842 
5040  0.0094673 -2.0196 0.98505 -0.0047409 0.0052547 
5041  0.0097340 -2.0075 0.98406 -0.0037199 0.0052560 
5042  0.010601 -1.9700 0.97820 0.0051571 0.0053278 
5043  0.0082005 -2.0826 0.98714 0.0017584 0.0052893 
5044  0.0094673 -2.0196 0.98505 -0.0032456 0.0052593 
5045  0.0099340 -1.9985 0.98312 -0.0025424 0.0052644 
5046  0.013668 -1.8583 0.95352 0.0092642 0.0053721 
5047  0.011067 -1.9511 0.97336 0.0073937 0.0053394 
5048  0.014934 -1.8193 0.94489 0.011916 0.0054044 
5049  0.31282 -0.34177 0.096771 0.59522 0.015256 
5050  0.010067 -1.9927 0.98236 0.0017548 0.0052967 
5051  0.0096673 -2.0105 0.98434 -0.0043403 0.0052554 
5052  0.0096673 -2.0105 0.98434 0.0013734 0.0052942 
5053  0.0082672 -2.0790 0.98710 -0.0025084 0.0052607 
5054  0.0091339 -2.0354 0.98595 -0.0026542 0.0052610 
5055  0.010601 -1.9700 0.97820 -0.0027948 0.0052663 
5056  0.010534 -1.9728 0.97887 -0.0061623 0.0052499 
5057  0.0098007 -2.0045 0.98379 0.0027318 0.0053003 
5058  0.0091339 -2.0354 0.98595 -0.0031261 0.0052605 
5059  0.0098673 -2.0015 0.98347 0.0013671 0.0053042 
5060  0.0090006 -2.0418 0.98620 -0.0033245 0.0052591 
5061  0.0096006 -2.0135 0.98458 -0.0032853 0.0052588 
5062  0.0094006 -2.0227 0.98526 -0.0042803 0.0052594 
5063  0.013068 -1.8781 0.95774 0.0074470 0.0053745 
5064  0.0085339 -2.0651 0.98687 0.00013047 0.0052816 
5065  0.0082672 -2.0790 0.98710 -0.0028440 0.0052581 
5066  0.010467 -1.9756 0.97949 0.0042650 0.0053212 
5067  0.0094006 -2.0227 0.98526 0.0016993 0.0052977 
5068  0.010934 -1.9564 0.97473 0.0055548 0.0053261 
5069  0.0093340 -2.0259 0.98544 -0.0023468 0.0052630 
5070  0.0091339 -2.0354 0.98595 -0.0012737 0.0052693 
5071  0.0092673 -2.0290 0.98561 0.0012606 0.0052884 
5072  0.010134 -1.9898 0.98194 -0.0010753 0.0052775 
5073  0.010067 -1.9927 0.98236 -0.0018461 0.0052697 
5074  0.0084672 -2.0686 0.98693 -0.0017713 0.0052659 
5075  0.011067 -1.9511 0.97336 -0.0029850 0.0052663 
5076  0.0082005 -2.0826 0.98714 0.0016438 0.0052834 
5077  0.014001 -1.8477 0.95130 0.011097 0.0054148 
5078  0.0095340 -2.0166 0.98482 0.0034328 0.0053183 
5079  0.010134 -1.9898 0.98194 -0.0049367 0.0052524 
5080  0.0089339 -2.0451 0.98633 -0.0021848 0.0052673 
5081  0.0090006 -2.0418 0.98620 -0.0018372 0.0052632 
5082  0.010267 -1.9841 0.98101 -0.0051000 0.0052527 
5083  0.0094673 -2.0196 0.98505 -0.0030993 0.0052584 
5084  0.0094673 -2.0196 0.98505 -0.0036477 0.0052647 
5085  0.012934 -1.8826 0.95843 0.010302 0.0053975 
5086  0.0096006 -2.0135 0.98458 -0.0036280 0.0052628 
5087  0.010134 -1.9898 0.98194 -0.0039224 0.0052597 
5088  0.0086006 -2.0617 0.98679 0.0012560 0.0052823 
5089  0.0096006 -2.0135 0.98458 -0.00020894 0.0052781 
5090  0.010867 -1.9591 0.97545 -0.0015479 0.0052792 
5091  0.010067 -1.9927 0.98236 -0.0032659 0.0052625 
5092  0.0070005 -2.1518 0.98742 0.00014284 0.0052693 
5093  0.016201 -1.7834 0.93712 0.013516 0.0054174 
5094  0.0075338 -2.1197 0.98736 -0.0035933 0.0052559 
5095  0.0094673 -2.0196 0.98505 -0.0027793 0.0052621 
5096  0.010267 -1.9841 0.98101 0.0025515 0.0053182 
5097  0.0097340 -2.0075 0.98406 0.00049658 0.0052880 
5098  0.010801 -1.9618 0.97621 -0.0028719 0.0052700 
5099  0.0099340 -1.9985 0.98312 0.0034230 0.0053186 
5100  0.012001 -1.9155 0.96442 0.0066669 0.0053410 
5101  0.0080672 -2.0898 0.98720 0.0010864 0.0052819 
5102  0.0092673 -2.0290 0.98561 -0.0021844 0.0052688 
5103  0.010334 -1.9812 0.98051 -0.0056555 0.0052501 
5104  0.010001 -1.9956 0.98275 -0.0044628 0.0052542 
5105  0.0097340 -2.0075 0.98406 0.0020482 0.0053173 
5106  0.0093340 -2.0259 0.98544 0.0017260 0.0052931 
5107  0.0092673 -2.0290 0.98561 -0.00090937 0.0052847 
5108  0.036202 -1.4252 0.77260 0.052605 0.0061623 
5109  0.011134 -1.9485 0.97262 -0.0064029 0.0052462 
5110  0.0092006 -2.0322 0.98579 -0.0046816 0.0052553 
5111  0.0098673 -2.0015 0.98347 -0.0015518 0.0052687 
5112  0.0096673 -2.0105 0.98434 -0.0044815 0.0052553 
5113  0.010334 -1.9812 0.98051 -0.0054922 0.0052496 
5114  0.010667 -1.9673 0.97763 -0.0041668 0.0052634 
5115  0.10321 -0.93898 0.36565 0.18528 0.0083132 
5116  0.0094673 -2.0196 0.98505 -0.0024494 0.0052646 
5117  0.010201 -1.9869 0.98149 -0.0036149 0.0052636 
5118  0.0095340 -2.0166 0.98482 -0.00071671 0.0052819 
5119  0.0080672 -2.0898 0.98720 -0.0020395 0.0052649 
5120  0.010267 -1.9841 0.98101 -0.0026012 0.0052634 
5121  0.010467 -1.9756 0.97949 -0.0044111 0.0052590 
5122  0.021735 -1.6533 0.90363 0.022260 0.0055712 
5123  0.0097340 -2.0075 0.98406 0.0024849 0.0053068 
5124  0.0094673 -2.0196 0.98505 -0.0037348 0.0052606 
5125  0.013068 -1.8781 0.95774 0.0073376 0.0053596 
5126  0.010534 -1.9728 0.97887 -0.0045842 0.0052577 
5127  0.0089339 -2.0451 0.98633 0.0020940 0.0052956 
5128  0.013201 -1.8736 0.95675 0.0094168 0.0053747 
5129  0.010067 -1.9927 0.98236 -0.0028883 0.0052636 
5130  0.033669 -1.4579 0.79590 0.043999 0.0058855 
5131  0.011067 -1.9511 0.97336 -0.0050128 0.0052554 
5132  0.0096006 -2.0135 0.98458 0.00037396 0.0052870 
5133  0.0089339 -2.0451 0.98633 0.00027176 0.0052772 
5134  0.0083339 -2.0755 0.98705 0.00079880 0.0052846 
5135  0.010201 -1.9869 0.98149 -0.0039548 0.0052620 
5136  0.0090006 -2.0418 0.98620 -0.0044295 0.0052528 
5137  0.0088673 -2.0483 0.98644 -0.0051790 0.0052487 
5138  0.010667 -1.9673 0.97763 -0.0056913 0.0052502 
5139  0.0091339 -2.0354 0.98595 0.0027874 0.0053045 
5140  0.011201 -1.9459 0.97182 -0.0019377 0.0052807 
5141  0.010601 -1.9700 0.97820 -0.0044504 0.0052596 
5142  0.0093340 -2.0259 0.98544 -0.0039329 0.0052628 
5143  0.011467 -1.9355 0.96913 -0.0050618 0.0052583 
5144  0.0084672 -2.0686 0.98693 -0.0017620 0.0052650 
5145  0.0096673 -2.0105 0.98434 -0.0013634 0.0052730 
5146  0.0092006 -2.0322 0.98579 -0.0050759 0.0052512 
5147  0.029535 -1.5166 0.83431 0.041356 0.0059031 
5148  0.0082005 -2.0826 0.98714 -0.0026770 0.0052598 
5149  0.0082672 -2.0790 0.98710 -0.0029165 0.0052583 
5150  0.0090673 -2.0386 0.98608 0.0018645 0.0052865 
5151  0.010734 -1.9645 0.97679 -0.0066098 0.0052453 
5152  0.0095340 -2.0166 0.98482 0.00095768 0.0052843 
5153  0.011001 -1.9538 0.97401 -0.0064307 0.0052457 
5154  0.010267 -1.9841 0.98101 0.0066195 0.0053334 
5155  0.012067 -1.9131 0.96381 0.0077903 0.0053678 
5156  0.010667 -1.9673 0.97763 0.0056887 0.0053364 
5157  0.0097340 -2.0075 0.98406 -0.00035075 0.0052873 
5158  0.0096006 -2.0135 0.98458 -0.0026365 0.0052668 
5159  0.0099340 -1.9985 0.98312 -0.0061907 0.0052485 
5160  0.0096673 -2.0105 0.98434 -0.0046431 0.0052557 
5161  0.0099340 -1.9985 0.98312 -0.0020184 0.0052705 
5162  0.0096006 -2.0135 0.98458 0.0011335 0.0052884 
5163  0.010001 -1.9956 0.98275 -0.0013424 0.0052764 
5164  0.019401 -1.7037 0.91583 0.020854 0.0055685 
5165  0.010267 -1.9841 0.98101 0.0019308 0.0053030 
5166  0.0086006 -2.0617 0.98679 -0.0019356 0.0052694 
5167  0.0088006 -2.0516 0.98653 -0.0015979 0.0052685 
5168  0.010534 -1.9728 0.97887 0.0022884 0.0053085 
5169  0.0090673 -2.0386 0.98608 -0.0042836 0.0052562 
5170  0.012734 -1.8895 0.95955 0.0068273 0.0053473 
5171  0.010601 -1.9700 0.97820 -0.0036572 0.0052598 
5172  0.0093340 -2.0259 0.98544 -0.0028309 0.0052613 
5173  0.0098007 -2.0045 0.98379 -0.0032442 0.0052636 
5174  0.010067 -1.9927 0.98236 -0.0019158 0.0052763 
5175  0.0074672 -2.1236 0.98737 -0.0035015 0.0052561 
5176  0.0098007 -2.0045 0.98379 -0.0047884 0.0052562 
5177  0.010467 -1.9756 0.97949 -0.0039991 0.0052581 
5178  0.0092006 -2.0322 0.98579 0.0021066 0.0052971 
5179  0.0084672 -2.0686 0.98693 -0.0044139 0.0052550 
5180  0.0096673 -2.0105 0.98434 -0.0052370 0.0052521 
5181  0.011201 -1.9459 0.97182 -0.0060910 0.0052513 
5182  0.010934 -1.9564 0.97473 -0.0021381 0.0052729 
5183  0.0094006 -2.0227 0.98526 -0.0014326 0.0052747 
5184  0.0083339 -2.0755 0.98705 -0.0017671 0.0052724 
5185  0.0092006 -2.0322 0.98579 -0.0015058 0.0052725 
5186  0.017268 -1.7552 0.93073 0.019464 0.0055142 
5187  0.010867 -1.9591 0.97545 -0.0036282 0.0052663 
5188  0.010401 -1.9784 0.98000 -0.0039998 0.0052589 
5189  0.012201 -1.9083 0.96281 0.0066199 0.0053528 
5190  0.0090673 -2.0386 0.98608 -0.0043302 0.0052537 
5191  0.010467 -1.9756 0.97949 -0.00087924 0.0052852 
5192  0.011534 -1.9330 0.96849 0.0071446 0.0053538 
5193  0.0097340 -2.0075 0.98406 -0.0036375 0.0052587 
5194  0.010467 -1.9756 0.97949 -0.0019039 0.0052696 
5195  0.0092673 -2.0290 0.98561 -0.0036760 0.0052548 
5196  0.0085339 -2.0651 0.98687 0.00027302 0.0052759 
5197  0.0084672 -2.0686 0.98693 0.00044372 0.0052807 
5198  0.010667 -1.9673 0.97763 -0.0052174 0.0052519 
5199  0.010467 -1.9756 0.97949 -2.8417e-05 0.0052891 
5200  0.014868 -1.8213 0.94531 0.0077792 0.0053878 
5201  0.0099340 -1.9985 0.98312 0.0028785 0.0053047 
5202  0.0082005 -2.0826 0.98714 -0.00066159 0.0052714 
5203  0.029669 -1.5146 0.83072 0.038012 0.0058629 
5204  0.016334 -1.7797 0.93606 0.014423 0.0054369 
5205  0.0096006 -2.0135 0.98458 0.0032381 0.0053027 
5206  0.0091339 -2.0354 0.98595 -0.0039000 0.0052565 
5207  0.011134 -1.9485 0.97262 -0.0053004 0.0052531 
5208  0.0093340 -2.0259 0.98544 -0.0037009 0.0052590 
5209  0.0083339 -2.0755 0.98705 -0.0032121 0.0052629 
5210  0.0086672 -2.0583 0.98670 -0.0039544 0.0052540 
5211  0.0079339 -2.0971 0.98726 -0.0025237 0.0052592 
5212  0.0075338 -2.1197 0.98736 -0.0023734 0.0052579 
5213  0.0097340 -2.0075 0.98406 -0.0023597 0.0052661 
5214  0.0070671 -2.1477 0.98741 -0.00094833 0.0052725 
5215  0.0094673 -2.0196 0.98505 0.00052690 0.0052927 
5216  0.0098007 -2.0045 0.98379 -0.0037047 0.0052667 
5217  0.0092006 -2.0322 0.98579 -0.0025193 0.0052674 
5218  0.0090006 -2.0418 0.98620 -0.00023543 0.0052862 
5219  0.0099340 -1.9985 0.98312 0.0016327 0.0053026 
5220  0.0099340 -1.9985 0.98312 0.0036402 0.0053156 
5221  0.010201 -1.9869 0.98149 -0.0027284 0.0052692 
5222  0.010134 -1.9898 0.98194 -0.0037183 0.0052563 
5223  0.0092673 -2.0290 0.98561 -0.0035963 0.0052584 
5224  0.010267 -1.9841 0.98101 0.00033558 0.0052959 
5225  0.025668 -1.5793 0.86480 0.032468 0.0058035 
5226  0.0096006 -2.0135 0.98458 0.0042022 0.0053213 
5227  0.0092673 -2.0290 0.98561 -0.0043497 0.0052535 
5228  0.010401 -1.9784 0.98000 -0.0029967 0.0052637 
5229  0.010534 -1.9728 0.97887 -0.0059373 0.0052503 
5230  0.0092673 -2.0290 0.98561 -0.0016523 0.0052670 
5231  0.0078005 -2.1045 0.98730 -0.00018115 0.0052754 
5232  0.011201 -1.9459 0.97182 0.0061980 0.0053432 
5233  0.0089339 -2.0451 0.98633 0.00052322 0.0052853 
5234  0.013134 -1.8759 0.95719 0.0082996 0.0053949 
5235  0.013001 -1.8803 0.95811 0.0072581 0.0053685 
5236  0.0096673 -2.0105 0.98434 -0.0044028 0.0052554 
5237  0.0093340 -2.0259 0.98544 0.0020415 0.0052929 
5238  0.018201 -1.7319 0.92453 0.018006 0.0054827 
5239  0.0096673 -2.0105 0.98434 -0.0034175 0.0052602 
5240  0.0098007 -2.0045 0.98379 -0.0050310 0.0052542 
5241  0.0085339 -2.0651 0.98687 -0.0013648 0.0052710 
5242  0.0076672 -2.1120 0.98734 -0.0016100 0.0052649 
5243  0.0096673 -2.0105 0.98434 -0.0016477 0.0052706 
5244  0.0084672 -2.0686 0.98693 -0.0023949 0.0052632 
5245  0.0088673 -2.0483 0.98644 -0.0021010 0.0052651 
5246  0.0094673 -2.0196 0.98505 0.0048356 0.0053195 
5247  0.011201 -1.9459 0.97182 -0.0029185 0.0052674 
5248  0.0093340 -2.0259 0.98544 -0.00097514 0.0052754 
5249  0.019001 -1.7129 0.91920 0.020577 0.0055258 
5250  0.010934 -1.9564 0.97473 -0.0069183 0.0052450 
5251  0.011267 -1.9433 0.97107 -0.0055337 0.0052551 
5252  0.010667 -1.9673 0.97763 -0.0013761 0.0052800 
5253  0.010001 -1.9956 0.98275 -0.0040491 0.0052534 
5254  0.0088006 -2.0516 0.98653 -0.0028141 0.0052597 
5255  0.0099340 -1.9985 0.98312 -0.0025063 0.0052669 
5256  0.0094673 -2.0196 0.98505 -0.0026830 0.0052632 
5257  0.0096006 -2.0135 0.98458 -0.0031616 0.0052580 
5258  0.0096673 -2.0105 0.98434 -0.0026888 0.0052645 
5259  0.0082672 -2.0790 0.98710 -0.0016234 0.0052646 
5260  0.0098673 -2.0015 0.98347 -0.0018667 0.0052762 
5261  0.010467 -1.9756 0.97949 -0.00071063 0.0052849 
5262  0.011201 -1.9459 0.97182 0.0043374 0.0053298 
5263  0.0094006 -2.0227 0.98526 -0.0018513 0.0052701 
5264  0.0092006 -2.0322 0.98579 -0.0013816 0.0052693 
5265  0.010001 -1.9956 0.98275 0.0025601 0.0053013 
5266  0.0089339 -2.0451 0.98633 -0.0048784 0.0052483 
5267  0.012267 -1.9059 0.96242 0.0071618 0.0053545 
5268  0.010001 -1.9956 0.98275 0.0039265 0.0053173 
5269  0.0092673 -2.0290 0.98561 -0.0012567 0.0052770 
5270  0.010601 -1.9700 0.97820 -0.0051203 0.0052528 
5271  0.011801 -1.9229 0.96574 0.0081548 0.0053691 
5272  0.010801 -1.9618 0.97621 -0.0015555 0.0052786 
5273  0.010534 -1.9728 0.97887 -0.0049342 0.0052505 
5274  0.014068 -1.8456 0.95099 0.0091659 0.0053922 
5275  0.0090006 -2.0418 0.98620 -0.0041167 0.0052543 
5276  0.010467 -1.9756 0.97949 -0.0023759 0.0052694 
5277  0.010001 -1.9956 0.98275 -0.0046536 0.0052559 
5278  0.0090006 -2.0418 0.98620 -0.0020191 0.0052726 
5279  0.013201 -1.8736 0.95675 0.0095187 0.0053785 
5280  0.0098673 -2.0015 0.98347 -0.0030258 0.0052641 
5281  0.010067 -1.9927 0.98236 0.0013114 0.0052956 
5282  0.010067 -1.9927 0.98236 -0.0039833 0.0052567 
5283  0.0098673 -2.0015 0.98347 -0.0018081 0.0052685 
5284  0.11667 -0.87915 0.31774 0.22341 0.0091770 
5285  0.0084006 -2.0720 0.98700 -0.0041509 0.0052532 
5286  0.0078672 -2.1008 0.98728 -0.0021791 0.0052620 
5287  0.0085339 -2.0651 0.98687 0.0016449 0.0052960 
5288  0.0090006 -2.0418 0.98620 0.0013162 0.0053010 
5289  0.0098007 -2.0045 0.98379 -0.0041636 0.0052538 
5290  0.011267 -1.9433 0.97107 0.0060266 0.0053430 
5291  0.0096006 -2.0135 0.98458 -0.0046408 0.0052518 
5292  0.0090673 -2.0386 0.98608 -0.0027362 0.0052619 
5293  0.0096673 -2.0105 0.98434 -0.0027535 0.0052609 
5294  0.011134 -1.9485 0.97262 0.0043793 0.0053273 
5295  0.011067 -1.9511 0.97336 0.0061084 0.0053355 
5296  0.0098673 -2.0015 0.98347 -0.0050377 0.0052516 
5297  0.0086672 -2.0583 0.98670 -0.0048471 0.0052513 
5298  0.011334 -1.9407 0.97032 -0.0021814 0.0052792 
5299  0.0084006 -2.0720 0.98700 -0.0029222 0.0052595 
5300  0.0092006 -2.0322 0.98579 0.0032758 0.0053018 
5301  0.0092673 -2.0290 0.98561 -0.0037866 0.0052546 
5302  0.010734 -1.9645 0.97679 0.0054313 0.0053254 
5303  0.0098007 -2.0045 0.98379 -0.0048233 0.0052554 
5304  0.0090006 -2.0418 0.98620 -0.0019481 0.0052767 
5305  0.0084006 -2.0720 0.98700 -0.0025964 0.0052645 
5306  0.010134 -1.9898 0.98194 -0.0038661 0.0052555 
5307  0.010401 -1.9784 0.98000 -0.0048632 0.0052513 
5308  0.0093340 -2.0259 0.98544 -0.0019847 0.0052694 
5309  0.0098007 -2.0045 0.98379 0.0036827 0.0053268 
5310  0.0088006 -2.0516 0.98653 0.0030820 0.0053159 
5311  0.010401 -1.9784 0.98000 -0.0034466 0.0052613 
5312  0.0089339 -2.0451 0.98633 -0.0022490 0.0052632 
5313  0.0085339 -2.0651 0.98687 -0.0029483 0.0052599 
5314  0.14034 -0.78714 0.29081 0.27220 0.0099844 
5315  0.0093340 -2.0259 0.98544 -0.0041169 0.0052539 
5316  0.0093340 -2.0259 0.98544 -0.0044469 0.0052543 
5317  0.0079339 -2.0971 0.98726 -0.00060356 0.0052698 
5318  0.0095340 -2.0166 0.98482 -0.00072075 0.0052720 
5319  0.016334 -1.7797 0.93606 0.014786 0.0054328 
5320  0.0093340 -2.0259 0.98544 -0.0020867 0.0052682 
5321  0.011401 -1.9381 0.96972 0.0048684 0.0053249 
5322  0.0090673 -2.0386 0.98608 -0.0026122 0.0052656 
5323  0.011334 -1.9407 0.97032 0.0025889 0.0053039 
5324  0.0094673 -2.0196 0.98505 -0.0027226 0.0052614 
5325  0.010667 -1.9673 0.97763 -0.0032228 0.0052729 
5326  0.0084006 -2.0720 0.98700 -0.0017407 0.0052682 
5327  0.0093340 -2.0259 0.98544 0.0030519 0.0053050 
5328  0.0093340 -2.0259 0.98544 -0.0011710 0.0052768 
5329  0.0096006 -2.0135 0.98458 -0.0034564 0.0052574 
5330  0.0092006 -2.0322 0.98579 0.0030163 0.0053037 
5331  0.010001 -1.9956 0.98275 -0.0041593 0.0052536 
5332  0.010601 -1.9700 0.97820 -0.0069672 0.0052464 
5333  0.010467 -1.9756 0.97949 -0.0014982 0.0052730 
5334  0.0098007 -2.0045 0.98379 -0.00049354 0.0052807 
5335  0.0090006 -2.0418 0.98620 -0.0031401 0.0052589 
5336  0.0092006 -2.0322 0.98579 -0.00019349 0.0052816 
5337  0.0095340 -2.0166 0.98482 0.00054282 0.0052817 
5338  0.0069338 -2.1560 0.98742 -0.0010773 0.0052676 
5339  0.0090006 -2.0418 0.98620 0.00027889 0.0052893 
5340  0.011801 -1.9229 0.96574 0.0054075 0.0053308 
5341  0.0096673 -2.0105 0.98434 -0.0013722 0.0052719 
5342  0.0092673 -2.0290 0.98561 -0.0024216 0.0052635 
5343  0.0082005 -2.0826 0.98714 -0.00077227 0.0052650 
5344  0.0086672 -2.0583 0.98670 -0.00068853 0.0052724 
5345  0.0089339 -2.0451 0.98633 0.0015850 0.0052931 
5346  0.0095340 -2.0166 0.98482 -0.0032644 0.0052670 
5347  0.010134 -1.9898 0.98194 -0.0056896 0.0052473 
5348  0.0095340 -2.0166 0.98482 -0.0031140 0.0052650 
5349  0.016868 -1.7656 0.93298 0.014898 0.0054454 
5350  0.0082005 -2.0826 0.98714 -0.0017666 0.0052660 
5351  0.0097340 -2.0075 0.98406 0.0026196 0.0053015 
5352  0.0087339 -2.0550 0.98662 -0.0011629 0.0052703 
5353  0.0089339 -2.0451 0.98633 -0.0018344 0.0052642 
5354  0.010201 -1.9869 0.98149 -0.0049345 0.0052530 
5355  0.010267 -1.9841 0.98101 -0.0024291 0.0052717 
5356  0.0096673 -2.0105 0.98434 0.0040928 0.0053198 
5357  0.0098007 -2.0045 0.98379 -0.0029305 0.0052616 
5358  0.0092673 -2.0290 0.98561 0.0025220 0.0052949 
5359  0.0092006 -2.0322 0.98579 0.0027276 0.0053033 
5360  0.029535 -1.5166 0.83431 0.038231 0.0058599 
5361  0.0099340 -1.9985 0.98312 -0.0045979 0.0052582 
5362  0.0092006 -2.0322 0.98579 -0.0028361 0.0052619 
5363  0.0080005 -2.0934 0.98723 0.0014519 0.0052864 
5364  0.0098673 -2.0015 0.98347 -0.0027052 0.0052602 
5365  0.0096006 -2.0135 0.98458 -0.0050661 0.0052485 
5366  0.0096006 -2.0135 0.98458 -0.0050882 0.0052503 
5367  0.0089339 -2.0451 0.98633 -0.0031227 0.0052630 
5368  0.0099340 -1.9985 0.98312 0.0018010 0.0053039 
5369  0.0091339 -2.0354 0.98595 -0.0038054 0.0052595 
5370  0.0093340 -2.0259 0.98544 -0.0019712 0.0052720 
5371  0.0082005 -2.0826 0.98714 -0.0024406 0.0052635 
5372  0.0081339 -2.0862 0.98717 -0.0033292 0.0052570 
5373  0.0093340 -2.0259 0.98544 -0.00050392 0.0052842 
5374  0.010001 -1.9956 0.98275 -0.0037379 0.0052651 
5375  0.010201 -1.9869 0.98149 -0.0038146 0.0052595 
5376  0.010667 -1.9673 0.97763 -0.0052861 0.0052555 
5377  0.0092673 -2.0290 0.98561 -0.0033243 0.0052587 
5378  0.0095340 -2.0166 0.98482 -0.0016896 0.0052709 
5379  0.0094006 -2.0227 0.98526 -0.0015350 0.0052715 
5380  0.024402 -1.6019 0.88055 0.027946 0.0056179 
5381  0.0098007 -2.0045 0.98379 -0.0015147 0.0052688 
5382  0.015868 -1.7925 0.93923 0.015440 0.0054799 
5383  0.0097340 -2.0075 0.98406 -0.0032572 0.0052592 
5384  0.012001 -1.9155 0.96442 -0.0034416 0.0052680 
5385  0.0080005 -2.0934 0.98723 -0.0028171 0.0052612 
5386  0.0088673 -2.0483 0.98644 -0.0036312 0.0052588 
5387  0.0086006 -2.0617 0.98679 -0.0020921 0.0052626 
5388  0.0088673 -2.0483 0.98644 0.00027113 0.0052819 
5389  0.0093340 -2.0259 0.98544 0.0021782 0.0052992 
5390  0.012134 -1.9107 0.96319 0.0078519 0.0053563 
5391  0.0099340 -1.9985 0.98312 0.0038114 0.0053181 
5392  0.017935 -1.7385 0.92577 0.016078 0.0054478 
5393  0.0090673 -2.0386 0.98608 -0.0034212 0.0052604 
5394  0.0084672 -2.0686 0.98693 -0.0018714 0.0052648 
5395  0.011267 -1.9433 0.97107 -0.0030437 0.0052711 
5396  0.011134 -1.9485 0.97262 -0.0061332 0.0052482 
5397  0.010467 -1.9756 0.97949 0.0045950 0.0053246 
5398  0.0091339 -2.0354 0.98595 -0.00049427 0.0052822 
5399  0.010201 -1.9869 0.98149 -0.0056019 0.0052474 
5400  0.010334 -1.9812 0.98051 -0.0037220 0.0052631 
5401  0.017001 -1.7621 0.93244 0.016106 0.0054793 
5402  0.010001 -1.9956 0.98275 -0.0036691 0.0052579 
5403  0.0095340 -2.0166 0.98482 -0.0014414 0.0052763 
5404  0.011267 -1.9433 0.97107 0.0059658 0.0053422 
5405  0.025602 -1.5805 0.86553 0.026998 0.0056093 
5406  0.010134 -1.9898 0.98194 -0.0068579 0.0052459 
5407  0.0091339 -2.0354 0.98595 -0.0015496 0.0052689 
5408  0.010001 -1.9956 0.98275 -0.0040638 0.0052577 
5409  0.017668 -1.7451 0.92875 0.017900 0.0055359 
5410  0.0076672 -2.1120 0.98734 -0.0026389 0.0052606 
5411  0.020468 -1.6799 0.91049 0.020785 0.0055147 
5412  0.012401 -1.9011 0.96150 0.0091057 0.0053740 
5413  0.0092006 -2.0322 0.98579 -0.00083444 0.0052832 
5414  0.0097340 -2.0075 0.98406 0.0017432 0.0052952 
5415  0.010801 -1.9618 0.97621 0.0033535 0.0053139 
5416  0.0090673 -2.0386 0.98608 -0.0051897 0.0052471 
5417  0.0090673 -2.0386 0.98608 0.0021340 0.0052996 
5418  0.014334 -1.8374 0.94877 0.011891 0.0054277 
5419  0.011067 -1.9511 0.97336 -0.0056918 0.0052520 
5420  0.0090006 -2.0418 0.98620 -0.0042228 0.0052562 
5421  0.0099340 -1.9985 0.98312 -0.0020175 0.0052801 
5422  0.011134 -1.9485 0.97262 0.0031482 0.0053256 
5423  0.0092006 -2.0322 0.98579 -0.0022067 0.0052695 
5424  0.011001 -1.9538 0.97401 0.00095591 0.0053037 
5425  0.0096006 -2.0135 0.98458 -0.0027118 0.0052664 
5426  0.010801 -1.9618 0.97621 -0.0079533 0.0052430 
5427  0.010134 -1.9898 0.98194 0.0040090 0.0053115 
5428  0.013334 -1.8692 0.95612 0.011153 0.0054020 
5429  0.0093340 -2.0259 0.98544 0.0010484 0.0052968 
5430  0.0081339 -2.0862 0.98717 -0.0026725 0.0052641 
5431  0.0090673 -2.0386 0.98608 -0.0034444 0.0052601 
5432  0.0085339 -2.0651 0.98687 -0.0033447 0.0052604 
5433  0.011867 -1.9205 0.96531 0.0037567 0.0053228 
5434  0.0094673 -2.0196 0.98505 -0.0052093 0.0052500 
5435  0.0078672 -2.1008 0.98728 0.0036861 0.0053034 
5436  0.0095340 -2.0166 0.98482 -0.0019013 0.0052714 
5437  0.010334 -1.9812 0.98051 0.0036949 0.0053169 
5438  0.0090673 -2.0386 0.98608 -0.0049027 0.0052547 
5439  0.010201 -1.9869 0.98149 0.0022563 0.0053087 
5440  0.010801 -1.9618 0.97621 -0.0058603 0.0052493 
5441  0.0091339 -2.0354 0.98595 -0.0042303 0.0052530 
5442  0.0095340 -2.0166 0.98482 -0.0019629 0.0052730 
5443  0.010401 -1.9784 0.98000 -0.0050029 0.0052494 
5444  0.0082672 -2.0790 0.98710 9.9303e-05 0.0052847 
5445  0.0095340 -2.0166 0.98482 2.2957e-05 0.0052954 
5446  0.013868 -1.8519 0.95230 0.010649 0.0053829 
5447  0.0098673 -2.0015 0.98347 -0.00019855 0.0052797 
5448  0.010067 -1.9927 0.98236 -0.0010857 0.0052773 
5449  0.013668 -1.8583 0.95352 0.0082476 0.0053632 
5450  0.0089339 -2.0451 0.98633 -0.0036979 0.0052569 
5451  0.0099340 -1.9985 0.98312 -0.0047090 0.0052543 
5452  0.0069338 -2.1560 0.98742 -0.00099338 0.0052674 
5453  0.0096006 -2.0135 0.98458 -0.0035429 0.0052594 
5454  0.010601 -1.9700 0.97820 0.0033653 0.0053089 
5455  0.010667 -1.9673 0.97763 -0.0034355 0.0052661 
5456  0.0092006 -2.0322 0.98579 -0.0031822 0.0052580 
5457  0.014934 -1.8193 0.94489 0.010808 0.0054060 
5458  0.0098007 -2.0045 0.98379 -0.0056124 0.0052512 
5459  0.010534 -1.9728 0.97887 -0.00026319 0.0052907 
5460  0.0068005 -2.1645 0.98742 -0.00014596 0.0052768 
5461  0.010601 -1.9700 0.97820 -0.0064842 0.0052516 
5462  0.0095340 -2.0166 0.98482 -0.0035711 0.0052589 
5463  0.0094673 -2.0196 0.98505 -0.0033288 0.0052620 
5464  0.0099340 -1.9985 0.98312 -0.0013341 0.0052751 
5465  0.019801 -1.6946 0.91313 0.022698 0.0055622 
5466  0.0087339 -2.0550 0.98662 -6.0903e-05 0.0052826 
5467  0.010067 -1.9927 0.98236 -0.0048474 0.0052554 
5468  0.0095340 -2.0166 0.98482 -0.0022570 0.0052662 
5469  0.046736 -1.3096 0.68302 0.067618 0.0062495 
5470  0.0088673 -2.0483 0.98644 -0.0036128 0.0052558 
5471  0.011334 -1.9407 0.97032 -0.0043422 0.0052581 
5472  0.011067 -1.9511 0.97336 -0.0057703 0.0052573 
5473  0.0084006 -2.0720 0.98700 -0.0032792 0.0052590 
5474  0.012601 -1.8941 0.96017 0.0098845 0.0053794 
5475  0.010401 -1.9784 0.98000 -0.0047300 0.0052615 
5476  0.0088006 -2.0516 0.98653 -0.0016842 0.0052712 
5477  0.0076672 -2.1120 0.98734 -0.0031232 0.0052648 
5478  0.011867 -1.9205 0.96531 0.0064882 0.0053482 
5479  0.0090673 -2.0386 0.98608 -0.00086714 0.0052744 
5480  0.0084006 -2.0720 0.98700 -0.00090033 0.0052681 
5481  0.010067 -1.9927 0.98236 0.0029697 0.0053111 
5482  0.0096673 -2.0105 0.98434 0.00083599 0.0053011 
5483  0.0092673 -2.0290 0.98561 -0.0037861 0.0052580 
5484  0.0095340 -2.0166 0.98482 -0.0014340 0.0052702 
5485  0.0090673 -2.0386 0.98608 -0.00083881 0.0052863 
5486  0.012334 -1.9035 0.96201 0.0084553 0.0053645 
5487  0.0090006 -2.0418 0.98620 -0.00048549 0.0052775 
5488  0.010534 -1.9728 0.97887 0.00046134 0.0052959 
5489  0.0070671 -2.1477 0.98741 -0.00030081 0.0052677 
5490  0.0086006 -2.0617 0.98679 -0.0021504 0.0052652 
5491  0.010801 -1.9618 0.97621 -0.0038096 0.0052651 
5492  0.014668 -1.8272 0.94681 0.0098807 0.0053735 
5493  0.0096006 -2.0135 0.98458 -0.0047456 0.0052504 
5494  0.0096006 -2.0135 0.98458 -0.0054339 0.0052497 
5495  0.010467 -1.9756 0.97949 0.0069258 0.0053481 
5496  0.0092673 -2.0290 0.98561 -0.0017790 0.0052666 
5497  0.0098673 -2.0015 0.98347 0.0055128 0.0053200 
5498  0.012801 -1.8872 0.95918 0.0088673 0.0053669 
5499  0.010267 -1.9841 0.98101 -0.0053089 0.0052518 
5500  0.0096673 -2.0105 0.98434 -0.00025534 0.0052777 
5501  0.0088673 -2.0483 0.98644 0.00086644 0.0052844 
5502  0.0089339 -2.0451 0.98633 -0.00048451 0.0052852 
5503  0.0076672 -2.1120 0.98734 -0.0012833 0.0052672 
5504  0.026068 -1.5724 0.85699 0.031192 0.0057021 
5505  0.0099340 -1.9985 0.98312 -0.0047005 0.0052539 
5506  0.0084006 -2.0720 0.98700 0.00038439 0.0052807 
5507  0.011134 -1.9485 0.97262 -0.0057164 0.0052525 
5508  0.011667 -1.9279 0.96712 -0.0066163 0.0052481 
5509  0.0088673 -2.0483 0.98644 -0.0033960 0.0052622 
5510  0.010867 -1.9591 0.97545 0.0058531 0.0053300 
5511  0.0096673 -2.0105 0.98434 -0.0037330 0.0052556 
5512  0.010534 -1.9728 0.97887 -0.0039917 0.0052604 
5513  0.017668 -1.7451 0.92875 0.015956 0.0054572 
5514  0.0094006 -2.0227 0.98526 -0.00045424 0.0052843 
5515  0.010001 -1.9956 0.98275 -0.00095017 0.0052791 
5516  0.0080672 -2.0898 0.98720 -0.0021481 0.0052637 
5517  0.010401 -1.9784 0.98000 -0.0056662 0.0052489 
5518  0.011267 -1.9433 0.97107 -0.0050453 0.0052560 
5519  0.0096006 -2.0135 0.98458 -0.0031125 0.0052622 
5520  0.0098673 -2.0015 0.98347 0.0012562 0.0052979 
5521  0.010467 -1.9756 0.97949 -0.0048122 0.0052563 
5522  0.0086006 -2.0617 0.98679 -0.0025303 0.0052626 
5523  0.0087339 -2.0550 0.98662 -0.0029780 0.0052676 
5524  0.0087339 -2.0550 0.98662 -0.0033230 0.0052615 
5525  0.0089339 -2.0451 0.98633 -0.0041344 0.0052553 
5526  0.023868 -1.6117 0.88619 0.027578 0.0056587 
5527  0.0083339 -2.0755 0.98705 -0.0027332 0.0052606 
5528  0.010334 -1.9812 0.98051 -0.0027489 0.0052716 
5529  0.0099340 -1.9985 0.98312 -0.0062529 0.0052447 
5530  0.010534 -1.9728 0.97887 -0.00019282 0.0052877 
5531  0.0092673 -2.0290 0.98561 -0.0013672 0.0052691 
5532  0.0094673 -2.0196 0.98505 -0.00016959 0.0052829 
5533  0.010134 -1.9898 0.98194 -0.0027642 0.0052684 
5534  0.013334 -1.8692 0.95612 0.0090211 0.0053686 
5535  0.0089339 -2.0451 0.98633 -0.0032649 0.0052577 
5536  0.0084006 -2.0720 0.98700 -0.00055875 0.0052749 
5537  0.010001 -1.9956 0.98275 -0.0047968 0.0052551 
5538  0.011201 -1.9459 0.97182 -0.0053424 0.0052554 
5539  0.0098673 -2.0015 0.98347 -0.0024225 0.0052653 
5540  0.012334 -1.9035 0.96201 -0.0068857 0.0052503 
5541  0.0090673 -2.0386 0.98608 -0.0034386 0.0052569 
5542  0.0071338 -2.1436 0.98741 -0.0015372 0.0052642 
5543  0.0091339 -2.0354 0.98595 -0.0028322 0.0052620 
5544  0.010867 -1.9591 0.97545 -0.0057517 0.0052521 
5545  0.0099340 -1.9985 0.98312 -0.00075823 0.0052799 
5546  0.010601 -1.9700 0.97820 -0.0046217 0.0052556 
5547  0.0085339 -2.0651 0.98687 -0.00071307 0.0052777 
5548  0.011201 -1.9459 0.97182 -0.0030919 0.0052715 
5549  0.016401 -1.7779 0.93557 0.015402 0.0054610 
5550  0.025268 -1.5863 0.86970 0.028782 0.0056145 
5551  0.0097340 -2.0075 0.98406 -0.0027494 0.0052694 
5552  0.010001 -1.9956 0.98275 -0.0024796 0.0052661 
5553  0.0099340 -1.9985 0.98312 -0.0015548 0.0052734 
5554  0.0090673 -2.0386 0.98608 -0.00056470 0.0052759 
5555  0.0099340 -1.9985 0.98312 0.0054281 0.0053415 
5556  0.010667 -1.9673 0.97763 0.0046822 0.0053254 
5557  0.0078672 -2.1008 0.98728 -0.0042175 0.0052539 
5558  0.0093340 -2.0259 0.98544 0.0028714 0.0053006 
5559  0.0098007 -2.0045 0.98379 -0.0046258 0.0052504 
5560  0.010801 -1.9618 0.97621 0.0010352 0.0053046 
5561  0.0090673 -2.0386 0.98608 -0.0022567 0.0052623 
5562  0.0098673 -2.0015 0.98347 0.0041161 0.0053266 
5563  0.0086672 -2.0583 0.98670 -0.0043400 0.0052532 
5564  0.012534 -1.8964 0.96060 0.0090146 0.0053766 
5565  0.040136 -1.3787 0.75150 0.055839 0.0060590 
5566  0.0079339 -2.0971 0.98726 -0.0028244 0.0052602 
5567  0.0094673 -2.0196 0.98505 -0.0027007 0.0052666 
5568  0.010201 -1.9869 0.98149 0.0040624 0.0053213 
5569  0.0088006 -2.0516 0.98653 -0.0038573 0.0052565 
5570  0.0089339 -2.0451 0.98633 -0.0023685 0.0052620 
5571  0.011001 -1.9538 0.97401 0.0034445 0.0053153 
5572  0.0098673 -2.0015 0.98347 0.0018702 0.0052963 
5573  0.010001 -1.9956 0.98275 -0.0011732 0.0052791 
5574  0.0086672 -2.0583 0.98670 0.00088228 0.0052827 
5575  0.0085339 -2.0651 0.98687 -0.0011069 0.0052728 
5576  0.011001 -1.9538 0.97401 0.0067474 0.0053394 
5577  0.0078005 -2.1045 0.98730 -0.00067565 0.0052700 
5578  0.0085339 -2.0651 0.98687 -0.0028957 0.0052622 
5579  0.0099340 -1.9985 0.98312 -0.0038630 0.0052571 
5580  0.0085339 -2.0651 0.98687 -0.0025866 0.0052652 
5581  0.0094673 -2.0196 0.98505 -0.0052297 0.0052479 
5582  0.010534 -1.9728 0.97887 -0.0035727 0.0052598 
5583  0.031402 -1.4892 0.81440 0.038694 0.0057690 
5584  0.0096673 -2.0105 0.98434 -0.0024523 0.0052639 
5585  0.0090006 -2.0418 0.98620 -0.0029142 0.0052593 
5586  0.0097340 -2.0075 0.98406 -0.0045310 0.0052538 
5587  0.0091339 -2.0354 0.98595 -0.0040103 0.0052541 
5588  0.010467 -1.9756 0.97949 -0.0037218 0.0052611 
5589  0.011267 -1.9433 0.97107 0.0041522 0.0053211 
5590  0.0094673 -2.0196 0.98505 -0.0045890 0.0052558 
5591  0.0088673 -2.0483 0.98644 -0.00067721 0.0052707 
5592  0.011534 -1.9330 0.96849 -0.0042694 0.0052598 
5593  0.0077338 -2.1082 0.98731 -0.0037807 0.0052549 
5594  0.0094006 -2.0227 0.98526 -0.0043013 0.0052581 
5595  0.010401 -1.9784 0.98000 -0.0044002 0.0052549 
5596  0.0082672 -2.0790 0.98710 -0.0019130 0.0052700 
5597  0.0086672 -2.0583 0.98670 0.0014103 0.0052874 
5598  0.0086672 -2.0583 0.98670 -0.00020317 0.0052754 
5599  0.010267 -1.9841 0.98101 0.0020847 0.0053036 
5600  0.0094006 -2.0227 0.98526 -0.0025084 0.0052637 
5601  0.010534 -1.9728 0.97887 -0.0037460 0.0052588 
5602  0.0094006 -2.0227 0.98526 -0.0038275 0.0052568 
5603  0.0096006 -2.0135 0.98458 -0.0044359 0.0052544 
5604  0.0083339 -2.0755 0.98705 -0.0041163 0.0052528 
5605  0.010401 -1.9784 0.98000 -0.0041555 0.0052563 
5606  0.0086672 -2.0583 0.98670 -0.0028569 0.0052646 
5607  0.011934 -1.9180 0.96486 0.0053377 0.0053505 
5608  0.010067 -1.9927 0.98236 -0.0049373 0.0052541 
5609  0.0090006 -2.0418 0.98620 -0.0034433 0.0052583 
5610  0.0098673 -2.0015 0.98347 0.0023569 0.0053080 
5611  0.0095340 -2.0166 0.98482 -0.0037612 0.0052564 
5612  0.0096673 -2.0105 0.98434 -0.0032685 0.0052607 
5613  0.0080672 -2.0898 0.98720 -0.0021674 0.0052647 
5614  0.0092006 -2.0322 0.98579 -0.0050899 0.0052518 
5615  0.010334 -1.9812 0.98051 -0.0035215 0.0052599 
5616  0.0088673 -2.0483 0.98644 -0.0019776 0.0052752 
5617  0.0097340 -2.0075 0.98406 -0.0025173 0.0052690 
5618  0.0087339 -2.0550 0.98662 -0.0019697 0.0052704 
5619  0.010934 -1.9564 0.97473 0.0022864 0.0053267 
5620  0.015601 -1.8000 0.94068 0.012394 0.0054191 
5621  0.0086006 -2.0617 0.98679 -0.00073079 0.0052732 
5622  0.019201 -1.7082 0.91699 0.019109 0.0055262 
5623  0.010401 -1.9784 0.98000 -0.0041573 0.0052594 
5624  0.0086006 -2.0617 0.98679 0.0016096 0.0052887 
5625  0.0077338 -2.1082 0.98731 0.00048235 0.0052786 
5626  0.0090673 -2.0386 0.98608 0.0012846 0.0052927 
5627  0.0099340 -1.9985 0.98312 -0.0050122 0.0052525 
5628  0.011467 -1.9355 0.96913 0.0054426 0.0053248 
5629  0.0082672 -2.0790 0.98710 -0.0038556 0.0052562 
5630  0.0079339 -2.0971 0.98726 -0.0036341 0.0052564 
5631  0.014334 -1.8374 0.94877 0.011474 0.0053889 
5632  0.012067 -1.9131 0.96381 0.0030271 0.0053104 
5633  0.010667 -1.9673 0.97763 -0.0041053 0.0052566 
5634  0.010067 -1.9927 0.98236 -0.0016531 0.0052704 
5635  0.0090673 -2.0386 0.98608 -0.0024164 0.0052630 
5636  0.0099340 -1.9985 0.98312 0.0029443 0.0052992 
5637  0.0089339 -2.0451 0.98633 -0.0030811 0.0052575 
5638  0.010001 -1.9956 0.98275 -0.0011556 0.0052815 
5639  0.0089339 -2.0451 0.98633 -0.00029076 0.0052860 
5640  0.018135 -1.7335 0.92506 0.017588 0.0055017 
5641  0.012668 -1.8918 0.95981 -0.0054830 0.0052540 
5642  0.010001 -1.9956 0.98275 0.0027708 0.0053073 
5643  0.010134 -1.9898 0.98194 -0.00050928 0.0052878 
5644  0.0084672 -2.0686 0.98693 -0.0029229 0.0052593 
5645  0.010467 -1.9756 0.97949 -0.0030268 0.0052599 
5646  0.011067 -1.9511 0.97336 0.0058989 0.0053394 
5647  0.010134 -1.9898 0.98194 -0.0063177 0.0052487 
5648  0.010134 -1.9898 0.98194 -0.0054769 0.0052484 
5649  0.0096673 -2.0105 0.98434 -0.0042140 0.0052565 
5650  0.0087339 -2.0550 0.98662 -0.0021810 0.0052608 
5651  0.010201 -1.9869 0.98149 -0.0021452 0.0052694 
5652  0.0090673 -2.0386 0.98608 -0.0022500 0.0052651 
5653  0.0088006 -2.0516 0.98653 -0.00026388 0.0052736 
5654  0.010401 -1.9784 0.98000 -0.0058538 0.0052513 
5655  0.0096673 -2.0105 0.98434 -0.0040103 0.0052575 
5656  0.0076005 -2.1158 0.98735 -0.0021939 0.0052593 
5657  0.0090006 -2.0418 0.98620 -0.0038644 0.0052587 
5658  0.022668 -1.6346 0.89617 0.026792 0.0056417 
5659  0.0077338 -2.1082 0.98731 0.0035601 0.0053068 
5660  0.010001 -1.9956 0.98275 -0.0046475 0.0052544 
5661  0.0088673 -2.0483 0.98644 -0.0012623 0.0052706 
5662  0.011601 -1.9304 0.96780 -0.0059038 0.0052520 
5663  0.0084672 -2.0686 0.98693 -0.0015235 0.0052658 
5664  0.010734 -1.9645 0.97679 -0.0048863 0.0052547 
5665  0.0099340 -1.9985 0.98312 0.0042686 0.0053184 
5666  0.010867 -1.9591 0.97545 0.0065924 0.0053459 
5667  0.0098007 -2.0045 0.98379 -0.00078877 0.0052756 
5668  0.0089339 -2.0451 0.98633 -0.00046841 0.0052765 
5669  0.010201 -1.9869 0.98149 -0.00094491 0.0052767 
5670  0.0095340 -2.0166 0.98482 -0.0022355 0.0052679 
5671  0.022135 -1.6452 0.90129 0.021931 0.0055279 
5672  0.0095340 -2.0166 0.98482 -0.0014983 0.0052712 
5673  0.0096673 -2.0105 0.98434 -0.0028679 0.0052660 
5674  0.0081339 -2.0862 0.98717 -0.00063771 0.0052764 
5675  0.012001 -1.9155 0.96442 0.0066352 0.0053590 
5676  0.0098673 -2.0015 0.98347 0.0023217 0.0053027 
5677  0.0096673 -2.0105 0.98434 -0.0064940 0.0052471 
5678  0.0080005 -2.0934 0.98723 0.00068228 0.0052821 
5679  0.010534 -1.9728 0.97887 -0.0055202 0.0052563 
5680  0.0091339 -2.0354 0.98595 -0.0043544 0.0052516 
5681  0.011534 -1.9330 0.96849 0.0022003 0.0053122 
5682  0.010734 -1.9645 0.97679 -0.0057224 0.0052491 
5683  0.0097340 -2.0075 0.98406 -0.0041843 0.0052564 
5684  0.0093340 -2.0259 0.98544 0.00044736 0.0052799 
5685  0.013668 -1.8583 0.95352 0.010905 0.0053883 
5686  0.0090006 -2.0418 0.98620 0.0023774 0.0053096 
5687  0.011067 -1.9511 0.97336 -0.00095822 0.0052816 
5688  0.0092006 -2.0322 0.98579 -0.0013354 0.0052696 
5689  0.0086672 -2.0583 0.98670 -0.0026208 0.0052630 
5690  0.0092006 -2.0322 0.98579 -0.0040423 0.0052526 
5691  0.0096673 -2.0105 0.98434 -0.0037774 0.0052564 
5692  0.0096006 -2.0135 0.98458 0.0034521 0.0053080 
5693  0.017535 -1.7484 0.92998 0.017821 0.0054873 
5694  0.0084672 -2.0686 0.98693 3.7776e-05 0.0052748 
5695  0.0090673 -2.0386 0.98608 -0.0041766 0.0052543 
5696  0.010267 -1.9841 0.98101 -0.0026556 0.0052662 
5697  0.0094006 -2.0227 0.98526 -0.0026595 0.0052632 
5698  0.010667 -1.9673 0.97763 -0.0045245 0.0052550 
5699  0.0080672 -2.0898 0.98720 0.00056242 0.0052856 
5700  0.0090673 -2.0386 0.98608 -0.0022732 0.0052633 
5701  0.0094006 -2.0227 0.98526 -0.0030740 0.0052686 
5702  0.010867 -1.9591 0.97545 0.0026935 0.0053176 
5703  0.0098673 -2.0015 0.98347 0.0011386 0.0052851 
5704  0.011401 -1.9381 0.96972 -0.0029791 0.0052677 
5705  0.011667 -1.9279 0.96712 -0.0059412 0.0052540 
5706  0.0098007 -2.0045 0.98379 -0.0031184 0.0052615 
5707  0.0085339 -2.0651 0.98687 -0.0029536 0.0052666 
5708  0.0093340 -2.0259 0.98544 -0.0029672 0.0052627 
5709  0.0076005 -2.1158 0.98735 -0.0015808 0.0052645 
5710  0.0090006 -2.0418 0.98620 -0.0034625 0.0052568 
5711  0.0082672 -2.0790 0.98710 -0.0019042 0.0052650 
5712  0.010201 -1.9869 0.98149 -0.0035073 0.0052650 
5713  0.0096006 -2.0135 0.98458 -0.0019562 0.0052707 
5714  0.0086006 -2.0617 0.98679 -0.0020871 0.0052676 
5715  0.0082672 -2.0790 0.98710 -0.0011448 0.0052744 
5716  0.0088006 -2.0516 0.98653 0.0024379 0.0053171 
5717  0.010801 -1.9618 0.97621 -0.0048891 0.0052564 
5718  0.0090006 -2.0418 0.98620 -0.0036730 0.0052627 
5719  0.0088006 -2.0516 0.98653 -0.0040438 0.0052560 
5720  0.011001 -1.9538 0.97401 -0.0027725 0.0052734 
5721  0.0090673 -2.0386 0.98608 -0.0025284 0.0052632 
5722  0.0088673 -2.0483 0.98644 0.0021819 0.0052977 
5723  0.010001 -1.9956 0.98275 -0.0019219 0.0052684 
5724  0.012467 -1.8988 0.96097 0.0053654 0.0053275 
5725  0.0098673 -2.0015 0.98347 0.0016933 0.0053055 
5726  0.010467 -1.9756 0.97949 -0.0056669 0.0052476 
5727  0.0097340 -2.0075 0.98406 -0.0013347 0.0052719 
5728  0.0082672 -2.0790 0.98710 -0.0012087 0.0052710 
5729  0.011001 -1.9538 0.97401 -0.0048781 0.0052535 
5730  0.0088673 -2.0483 0.98644 0.0034536 0.0053038 
5731  0.0099340 -1.9985 0.98312 -0.0021796 0.0052679 
5732  0.0092006 -2.0322 0.98579 -0.0030097 0.0052645 
5733  0.0085339 -2.0651 0.98687 -0.0034960 0.0052580 
5734  0.010467 -1.9756 0.97949 -0.0026361 0.0052652 
5735  0.0088006 -2.0516 0.98653 -0.0031833 0.0052607 
5736  0.0082005 -2.0826 0.98714 -0.0010782 0.0052754 
5737  0.0080005 -2.0934 0.98723 -0.0015181 0.0052738 
5738  0.0099340 -1.9985 0.98312 -0.0047690 0.0052560 
5739  0.0088673 -2.0483 0.98644 -0.0032252 0.0052628 
5740  0.010334 -1.9812 0.98051 -0.0046277 0.0052575 
5741  0.0094006 -2.0227 0.98526 -0.0027759 0.0052663 
5742  0.013401 -1.8670 0.95555 0.0094691 0.0053936 
5743  0.0084006 -2.0720 0.98700 -0.0012604 0.0052680 
5744  0.010734 -1.9645 0.97679 -0.0073931 0.0052438 
5745  0.0088673 -2.0483 0.98644 -0.0026346 0.0052641 
5746  0.011601 -1.9304 0.96780 0.0071208 0.0053484 
5747  0.010334 -1.9812 0.98051 -0.0052343 0.0052512 
5748  0.010534 -1.9728 0.97887 0.0019252 0.0053203 
5749  0.0096673 -2.0105 0.98434 -0.0049180 0.0052504 
5750  0.010934 -1.9564 0.97473 0.0062305 0.0053372 
5751  0.0099340 -1.9985 0.98312 -0.0029718 0.0052657 
5752  0.019935 -1.6916 0.91287 0.022822 0.0055782 
5753  0.0096673 -2.0105 0.98434 -0.0022942 0.0052707 
5754  0.010134 -1.9898 0.98194 -0.00073495 0.0052777 
5755  0.0096673 -2.0105 0.98434 -0.0041656 0.0052553 
5756  0.010534 -1.9728 0.97887 -0.0036198 0.0052640 
5757  0.0082672 -2.0790 0.98710 -0.0031095 0.0052572 
5758  0.0088673 -2.0483 0.98644 0.0021695 0.0052963 
5759  0.0096673 -2.0105 0.98434 0.0030725 0.0053132 
5760  0.010667 -1.9673 0.97763 0.0035469 0.0053147 
5761  0.0098007 -2.0045 0.98379 -0.0029558 0.0052660 
5762  0.0086672 -2.0583 0.98670 -0.0029224 0.0052583 
5763  0.010134 -1.9898 0.98194 -0.0044655 0.0052550 
5764  0.011134 -1.9485 0.97262 -0.0071349 0.0052462 
5765  0.0093340 -2.0259 0.98544 0.0038195 0.0053044 
5766  0.010934 -1.9564 0.97473 -0.0057188 0.0052498 
5767  0.011467 -1.9355 0.96913 -0.0052524 0.0052538 
5768  0.010801 -1.9618 0.97621 -0.0046625 0.0052512 
5769  0.010734 -1.9645 0.97679 -0.0039902 0.0052611 
5770  0.012001 -1.9155 0.96442 0.0062949 0.0053493 
5771  0.010534 -1.9728 0.97887 -0.0050099 0.0052558 
5772  0.0096006 -2.0135 0.98458 0.0038146 0.0053058 
5773  0.011134 -1.9485 0.97262 0.0024430 0.0053153 
5774  0.0096673 -2.0105 0.98434 -0.0053494 0.0052496 
5775  0.0096673 -2.0105 0.98434 -0.0031965 0.0052630 
5776  0.010334 -1.9812 0.98051 0.00044881 0.0052823 
5777  0.014401 -1.8353 0.94842 0.011693 0.0054105 
5778  0.010134 -1.9898 0.98194 -0.0048490 0.0052502 
5779  0.010734 -1.9645 0.97679 -0.0046046 0.0052607 
5780  0.010467 -1.9756 0.97949 -0.0019040 0.0052778 
5781  0.0084006 -2.0720 0.98700 0.0027815 0.0053006 
5782  0.0085339 -2.0651 0.98687 0.00013771 0.0052838 
5783  0.0093340 -2.0259 0.98544 -0.0023932 0.0052682 
5784  0.0085339 -2.0651 0.98687 -0.0018760 0.0052703 
5785  0.0092006 -2.0322 0.98579 -0.0041494 0.0052520 
5786  0.0093340 -2.0259 0.98544 -0.0029448 0.0052616 
5787  0.0076005 -2.1158 0.98735 -0.00066938 0.0052750 
5788  0.0094006 -2.0227 0.98526 -0.0010184 0.0052797 
5789  0.013868 -1.8519 0.95230 0.0099154 0.0053847 
5790  0.0090673 -2.0386 0.98608 -0.0030229 0.0052637 
5791  0.027535 -1.5480 0.84804 0.034306 0.0057423 
5792  0.0087339 -2.0550 0.98662 -0.0029112 0.0052642 
5793  0.0090006 -2.0418 0.98620 -2.1269e-05 0.0052817 
5794  0.0096006 -2.0135 0.98458 4.1441e-05 0.0052854 
5795  0.0087339 -2.0550 0.98662 -0.0027299 0.0052629 
5796  0.0085339 -2.0651 0.98687 -0.0033174 0.0052604 
5797  0.0092673 -2.0290 0.98561 -0.00047450 0.0052793 
5798  0.0089339 -2.0451 0.98633 4.0813e-06 0.0052742 
5799  0.0090673 -2.0386 0.98608 -0.0045241 0.0052538 
5800  0.0099340 -1.9985 0.98312 -0.0034801 0.0052586 
5801  0.010401 -1.9784 0.98000 -0.0026044 0.0052735 
5802  0.0096673 -2.0105 0.98434 0.00092127 0.0052924 
5803  0.010734 -1.9645 0.97679 -0.0059603 0.0052492 
5804  0.0081339 -2.0862 0.98717 -0.00031054 0.0052732 
5805  0.0081339 -2.0862 0.98717 0.00068258 0.0052783 
5806  0.013668 -1.8583 0.95352 0.011198 0.0054131 
5807  0.011201 -1.9459 0.97182 -0.0039315 0.0052642 
5808  0.011401 -1.9381 0.96972 -0.0055343 0.0052510 
5809  0.0074005 -2.1275 0.98738 -0.0020996 0.0052610 
5810  0.0093340 -2.0259 0.98544 -0.0057033 0.0052490 
5811  0.0096006 -2.0135 0.98458 -0.0026852 0.0052669 
5812  0.0094673 -2.0196 0.98505 -0.0029349 0.0052620 
5813  0.0098673 -2.0015 0.98347 -0.0018571 0.0052744 
5814  0.011467 -1.9355 0.96913 -0.0044594 0.0052586 
5815  0.0099340 -1.9985 0.98312 0.0025549 0.0052957 
5816  0.0089339 -2.0451 0.98633 -0.00083886 0.0052700 
5817  0.010667 -1.9673 0.97763 -0.0039047 0.0052590 
5818  0.0086006 -2.0617 0.98679 -0.00076840 0.0052760 
5819  0.010401 -1.9784 0.98000 -0.0040194 0.0052586 
5820  0.010001 -1.9956 0.98275 -0.0064002 0.0052448 
5821  0.010001 -1.9956 0.98275 -0.0040043 0.0052567 
5822  0.0098673 -2.0015 0.98347 -0.0041641 0.0052566 
5823  0.0095340 -2.0166 0.98482 -0.0028743 0.0052617 
5824  0.0095340 -2.0166 0.98482 -0.0038737 0.0052541 
5825  0.0081339 -2.0862 0.98717 -0.0044667 0.0052532 
5826  0.017201 -1.7569 0.93102 0.016724 0.0054648 
5827  0.010201 -1.9869 0.98149 -0.0020641 0.0052722 
5828  0.011801 -1.9229 0.96574 -0.0057305 0.0052519 
5829  0.0090006 -2.0418 0.98620 -3.7080e-06 0.0052847 
5830  0.010801 -1.9618 0.97621 -0.0050028 0.0052562 
5831  0.011001 -1.9538 0.97401 -0.0057313 0.0052528 
5832  0.0096673 -2.0105 0.98434 0.0031737 0.0053038 
5833  0.0085339 -2.0651 0.98687 -0.00047921 0.0052721 
5834  0.0098673 -2.0015 0.98347 -0.0030993 0.0052562 
5835  0.0098673 -2.0015 0.98347 -0.0014938 0.0052738 
5836  0.0090006 -2.0418 0.98620 -0.0042975 0.0052550 
5837  0.0098007 -2.0045 0.98379 -0.0039775 0.0052588 
5838  0.010267 -1.9841 0.98101 -0.0012009 0.0052770 
5839  0.010734 -1.9645 0.97679 0.00044548 0.0052870 
5840  0.0086006 -2.0617 0.98679 -0.0026871 0.0052617 
5841  0.0094673 -2.0196 0.98505 -0.0039479 0.0052589 
5842  0.0089339 -2.0451 0.98633 -0.0028026 0.0052624 
5843  0.018201 -1.7319 0.92453 0.016960 0.0054883 
5844  0.0076005 -2.1158 0.98735 -0.0020739 0.0052638 
5845  0.010067 -1.9927 0.98236 -0.0041659 0.0052560 
5846  0.0091339 -2.0354 0.98595 0.0017058 0.0052868 
5847  0.0092006 -2.0322 0.98579 -0.0032517 0.0052584 
5848  0.0076672 -2.1120 0.98734 -0.00098175 0.0052664 
5849  0.010334 -1.9812 0.98051 0.0023171 0.0053071 
5850  0.0084006 -2.0720 0.98700 -0.0032431 0.0052577 
5851  0.010134 -1.9898 0.98194 0.0037307 0.0053072 
5852  0.0083339 -2.0755 0.98705 -0.0035159 0.0052597 
5853  0.010801 -1.9618 0.97621 -0.0057303 0.0052484 
5854  0.0084006 -2.0720 0.98700 0.00055459 0.0052808 
5855  0.0089339 -2.0451 0.98633 -0.0018933 0.0052665 
5856  0.0087339 -2.0550 0.98662 -0.0011426 0.0052753 
5857  0.010801 -1.9618 0.97621 -0.0036518 0.0052625 
5858  0.0085339 -2.0651 0.98687 -0.0048213 0.0052513 
5859  0.0098007 -2.0045 0.98379 -0.00090079 0.0052793 
5860  0.0092006 -2.0322 0.98579 -0.0030158 0.0052626 
5861  0.0080005 -2.0934 0.98723 -0.0022123 0.0052612 
5862  0.0098007 -2.0045 0.98379 0.0034030 0.0053060 
5863  0.0088006 -2.0516 0.98653 0.0017618 0.0052960 
5864  0.0099340 -1.9985 0.98312 6.1015e-05 0.0052854 
5865  0.065938 -1.1512 0.54086 0.11494 0.0072276 
5866  0.010401 -1.9784 0.98000 1.0200e-05 0.0052934 
5867  0.0084672 -2.0686 0.98693 0.00098979 0.0052893 
5868  0.0077338 -2.1082 0.98731 0.00078246 0.0052798 
5869  0.010867 -1.9591 0.97545 -0.0055905 0.0052507 
5870  0.031802 -1.4835 0.81132 0.042429 0.0058656 
5871  0.0070005 -2.1518 0.98742 -0.0019716 0.0052634 
5872  0.010267 -1.9841 0.98101 0.0023430 0.0053040 
5873  0.010601 -1.9700 0.97820 0.0062645 0.0053502 
5874  0.0099340 -1.9985 0.98312 -0.00059954 0.0052785 
5875  0.0094673 -2.0196 0.98505 -0.00095814 0.0052772 
5876  0.011067 -1.9511 0.97336 0.0037505 0.0053360 
5877  0.011867 -1.9205 0.96531 0.0040432 0.0053310 
5878  0.0098673 -2.0015 0.98347 -0.0030544 0.0052680 
5879  0.0093340 -2.0259 0.98544 -0.0055632 0.0052510 
5880  0.013734 -1.8562 0.95303 0.010721 0.0053946 
5881  0.013868 -1.8519 0.95230 0.012296 0.0054171 
5882  0.010001 -1.9956 0.98275 0.0030687 0.0053201 
5883  0.0088006 -2.0516 0.98653 -0.0017351 0.0052722 
5884  0.010134 -1.9898 0.98194 -0.0038212 0.0052593 
5885  0.0098673 -2.0015 0.98347 -0.0050934 0.0052506 
5886  0.0078005 -2.1045 0.98730 -0.0015916 0.0052639 
5887  0.0088673 -2.0483 0.98644 -0.0019522 0.0052651 
5888  0.0091339 -2.0354 0.98595 -0.0017196 0.0052660 
5889  0.011001 -1.9538 0.97401 -0.0023690 0.0052713 
5890  0.0098007 -2.0045 0.98379 -0.0015295 0.0052745 
5891  0.0076005 -2.1158 0.98735 1.5694e-05 0.0052764 
5892  0.027602 -1.5469 0.84708 0.033391 0.0056949 
5893  0.0098007 -2.0045 0.98379 -0.00072754 0.0052870 
5894  0.0098673 -2.0015 0.98347 0.0029121 0.0053079 
5895  0.0090006 -2.0418 0.98620 -0.0012900 0.0052752 
5896  0.062671 -1.1748 0.57207 0.10605 0.0070380 
5897  0.0096673 -2.0105 0.98434 0.0024102 0.0053034 
5898  0.0078005 -2.1045 0.98730 -0.0022672 0.0052608 
5899  0.0092006 -2.0322 0.98579 -0.0015781 0.0052710 
5900  0.010467 -1.9756 0.97949 -0.0021377 0.0052795 
5901  0.0093340 -2.0259 0.98544 -0.0033834 0.0052604 
5902  0.0088673 -2.0483 0.98644 -0.0025882 0.0052674 
5903  0.0092673 -2.0290 0.98561 -0.0027322 0.0052619 
5904  0.0094006 -2.0227 0.98526 -0.0032509 0.0052615 
5905  0.010401 -1.9784 0.98000 -0.0050278 0.0052567 
5906  0.0079339 -2.0971 0.98726 -0.0024160 0.0052592 
5907  0.0085339 -2.0651 0.98687 -0.0027099 0.0052615 
5908  0.0084672 -2.0686 0.98693 -0.0018752 0.0052677 
5909  0.0070005 -2.1518 0.98742 -0.0019530 0.0052632 
5910  0.0087339 -2.0550 0.98662 0.0050514 0.0053286 
5911  0.0096673 -2.0105 0.98434 -0.0054722 0.0052505 
5912  0.010867 -1.9591 0.97545 -0.0058842 0.0052510 
5913  0.0088673 -2.0483 0.98644 -0.0012608 0.0052684 
5914  0.0080005 -2.0934 0.98723 0.00022118 0.0052793 
5915  0.0094673 -2.0196 0.98505 -0.0038254 0.0052575 
5916  0.010201 -1.9869 0.98149 -0.0034923 0.0052624 
5917  0.0084006 -2.0720 0.98700 -0.0013855 0.0052691 
5918  0.0082005 -2.0826 0.98714 -0.0043057 0.0052520 
5919  0.010801 -1.9618 0.97621 -0.0038853 0.0052579 
5920  0.010601 -1.9700 0.97820 -0.0045837 0.0052579 
5921  0.0080005 -2.0934 0.98723 -0.0016518 0.0052772 
5922  0.012801 -1.8872 0.95918 0.0059046 0.0053623 
5923  0.024202 -1.6055 0.88268 0.030103 0.0057052 
5924  0.0092673 -2.0290 0.98561 -0.0026571 0.0052672 
5925  0.010201 -1.9869 0.98149 -0.0042523 0.0052583 
5926  0.0097340 -2.0075 0.98406 -0.0022605 0.0052723 
5927  0.0091339 -2.0354 0.98595 -0.0020917 0.0052626 
5928  0.010134 -1.9898 0.98194 -0.0014400 0.0052759 
5929  0.012001 -1.9155 0.96442 0.0074292 0.0053446 
5930  0.0097340 -2.0075 0.98406 -0.0030981 0.0052649 
5931  0.0098007 -2.0045 0.98379 -1.9021e-05 0.0052841 
5932  0.0096006 -2.0135 0.98458 -0.0041374 0.0052563 
5933  0.010867 -1.9591 0.97545 0.0019305 0.0053019 
5934  0.010867 -1.9591 0.97545 0.0064960 0.0053649 
5935  0.013068 -1.8781 0.95774 0.0071600 0.0053658 
5936  0.010201 -1.9869 0.98149 0.0037510 0.0053212 
5937  0.0091339 -2.0354 0.98595 -0.0026546 0.0052611 
5938  0.011334 -1.9407 0.97032 -0.0059032 0.0052486 
5939  0.011001 -1.9538 0.97401 -0.0065007 0.0052485 
5940  0.0092673 -2.0290 0.98561 -0.0034378 0.0052575 
5941  0.010734 -1.9645 0.97679 -0.0052763 0.0052530 
5942  0.0098673 -2.0015 0.98347 -0.0032239 0.0052572 
5943  0.0096006 -2.0135 0.98458 -0.0045549 0.0052575 
5944  0.0095340 -2.0166 0.98482 -0.0039647 0.0052605 
5945  0.033669 -1.4579 0.79590 0.041352 0.0058147 
5946  0.0094006 -2.0227 0.98526 -0.0027868 0.0052634 
5947  0.0090006 -2.0418 0.98620 -0.0029960 0.0052592 
5948  0.0087339 -2.0550 0.98662 -0.0029037 0.0052615 
5949  0.0094006 -2.0227 0.98526 -0.00010034 0.0052932 
5950  0.0096673 -2.0105 0.98434 -0.0044372 0.0052603 
5951  0.0098673 -2.0015 0.98347 -0.0030324 0.0052583 
5952  0.0092006 -2.0322 0.98579 -0.0020082 0.0052718 
5953  0.0096006 -2.0135 0.98458 -0.0037641 0.0052562 
5954  0.011401 -1.9381 0.96972 -0.0045070 0.0052588 
5955  0.0090673 -2.0386 0.98608 -0.0028332 0.0052589 
5956  0.0097340 -2.0075 0.98406 -0.0038659 0.0052585 
5957  0.0072672 -2.1355 0.98739 -0.0026101 0.0052624 
5958  0.0086672 -2.0583 0.98670 -0.0032477 0.0052612 
5959  0.0080005 -2.0934 0.98723 -0.0033241 0.0052563 
5960  0.0098673 -2.0015 0.98347 -0.00026919 0.0052876 
5961  0.0092006 -2.0322 0.98579 -0.0050643 0.0052543 
5962  0.012868 -1.8849 0.95887 0.010317 0.0053795 
5963  0.0074005 -2.1275 0.98738 -0.00043624 0.0052748 
5964  0.0099340 -1.9985 0.98312 -0.0030510 0.0052647 
5965  0.022268 -1.6425 0.89844 0.025823 0.0055891 
5966  0.010067 -1.9927 0.98236 -0.0035442 0.0052594 
5967  0.0086006 -2.0617 0.98679 -0.0017362 0.0052654 
5968  0.0095340 -2.0166 0.98482 -0.0044286 0.0052558 
5969  0.0096673 -2.0105 0.98434 -0.0052068 0.0052487 
5970  0.014201 -1.8415 0.94991 0.010995 0.0053955 
5971  0.0094673 -2.0196 0.98505 -0.00055927 0.0052786 
5972  0.010001 -1.9956 0.98275 -0.00036530 0.0052892 
5973  0.0091339 -2.0354 0.98595 -0.0032913 0.0052605 
5974  0.0095340 -2.0166 0.98482 0.0046394 0.0053327 
5975  0.0092673 -2.0290 0.98561 -0.0019271 0.0052712 
5976  0.0094673 -2.0196 0.98505 0.0011462 0.0052912 
5977  0.010601 -1.9700 0.97820 0.0059185 0.0053310 
5978  0.010467 -1.9756 0.97949 0.0044505 0.0053412 
5979  0.0096673 -2.0105 0.98434 -0.0016834 0.0052678 
5980  0.0099340 -1.9985 0.98312 -0.00053706 0.0052784 
5981  0.013068 -1.8781 0.95774 0.010266 0.0053832 
5982  0.0085339 -2.0651 0.98687 -0.0035880 0.0052612 
5983  0.010067 -1.9927 0.98236 -0.0031856 0.0052621 
5984  0.0094673 -2.0196 0.98505 -0.0056900 0.0052503 
5985  0.0095340 -2.0166 0.98482 -0.0045789 0.0052513 
5986  0.0096006 -2.0135 0.98458 -0.0018311 0.0052690 
5987  0.026935 -1.5578 0.85177 0.039404 0.0059133 
5988  0.010201 -1.9869 0.98149 -0.00072244 0.0052834 
5989  0.0086006 -2.0617 0.98679 -0.00021714 0.0052732 
5990  0.014268 -1.8394 0.94952 0.012457 0.0054353 
5991  0.0098007 -2.0045 0.98379 -0.0041791 0.0052544 
5992  0.0078005 -2.1045 0.98730 -0.0019759 0.0052607 
5993  0.0090673 -2.0386 0.98608 0.0036326 0.0053161 
5994  0.010667 -1.9673 0.97763 -5.0756e-05 0.0052854 
5995  0.010934 -1.9564 0.97473 -0.0045651 0.0052551 
5996  0.0087339 -2.0550 0.98662 -0.0035208 0.0052584 
5997  0.0090006 -2.0418 0.98620 -0.0036982 0.0052580 
5998  0.0094006 -2.0227 0.98526 -0.0024786 0.0052653 
5999  0.0095340 -2.0166 0.98482 -0.00064912 0.0052767 
6000  0.0096673 -2.0105 0.98434 -0.00072482 0.0052766 
6001  0.010001 -1.9956 0.98275 0.0032186 0.0053138 
6002  0.010001 -1.9956 0.98275 -0.0026843 0.0052620 
6003  0.0088006 -2.0516 0.98653 -0.0018638 0.0052684 
6004  0.0095340 -2.0166 0.98482 -0.0031960 0.0052646 
6005  0.0085339 -2.0651 0.98687 0.0016656 0.0053009 
6006  0.0090006 -2.0418 0.98620 -0.0049059 0.0052497 
6007  0.010401 -1.9784 0.98000 -0.0037478 0.0052643 
6008  0.011601 -1.9304 0.96780 -0.0059941 0.0052461 
6009  0.0089339 -2.0451 0.98633 -0.0053176 0.0052519 
6010  0.011867 -1.9205 0.96531 0.0034597 0.0053254 
6011  0.0090673 -2.0386 0.98608 -0.0038956 0.0052602 
6012  0.0084672 -2.0686 0.98693 5.8378e-05 0.0052800 
6013  0.0091339 -2.0354 0.98595 -0.0035829 0.0052597 
6014  0.0095340 -2.0166 0.98482 -0.0023000 0.0052673 
6015  0.0077338 -2.1082 0.98731 -0.0033840 0.0052552 
6016  0.033802 -1.4561 0.79009 0.047021 0.0059536 
6017  0.010201 -1.9869 0.98149 -0.0067245 0.0052449 
6018  0.0084672 -2.0686 0.98693 -0.0045367 0.0052505 
6019  0.010534 -1.9728 0.97887 -0.0042403 0.0052608 
6020  0.0084672 -2.0686 0.98693 -0.0040223 0.0052533 
6021  0.010134 -1.9898 0.98194 -0.0046890 0.0052527 
6022  0.013734 -1.8562 0.95303 0.011611 0.0054037 
6023  0.0098673 -2.0015 0.98347 -0.0022568 0.0052680 
6024  0.011134 -1.9485 0.97262 0.0075601 0.0053480 
6025  0.012267 -1.9059 0.96242 0.0071627 0.0053628 
6026  0.0086672 -2.0583 0.98670 -0.0018836 0.0052699 
6027  0.0094006 -2.0227 0.98526 -0.0034909 0.0052613 
6028  0.0098673 -2.0015 0.98347 -0.0042689 0.0052596 
6029  0.0094673 -2.0196 0.98505 -0.0038884 0.0052546 
6030  0.0087339 -2.0550 0.98662 0.0010369 0.0052985 
6031  0.010667 -1.9673 0.97763 0.0013953 0.0053010 
6032  0.010467 -1.9756 0.97949 -0.0054311 0.0052540 
6033  0.011534 -1.9330 0.96849 -0.0049740 0.0052529 
6034  0.011001 -1.9538 0.97401 -0.0057190 0.0052501 
6035  0.010067 -1.9927 0.98236 -0.0011004 0.0052758 
6036  0.024002 -1.6092 0.88472 0.027804 0.0056512 
6037  0.011067 -1.9511 0.97336 0.0038639 0.0053157 
6038  0.0088673 -2.0483 0.98644 0.0012609 0.0052987 
6039  0.012067 -1.9131 0.96381 0.0016785 0.0053090 
6040  0.0083339 -2.0755 0.98705 -0.00010479 0.0052738 
6041  0.0092006 -2.0322 0.98579 -0.0032624 0.0052616 
6042  0.0092673 -2.0290 0.98561 -0.0049468 0.0052526 
6043  0.010001 -1.9956 0.98275 -0.0065343 0.0052455 
6044  0.010667 -1.9673 0.97763 -0.0051585 0.0052539 
6045  0.0096006 -2.0135 0.98458 -0.0033989 0.0052639 
6046  0.0085339 -2.0651 0.98687 -0.0011281 0.0052742 
6047  0.0098007 -2.0045 0.98379 -0.0038497 0.0052627 
6048  0.0084006 -2.0720 0.98700 -0.0013032 0.0052674 
6049  0.010667 -1.9673 0.97763 -0.0039783 0.0052627 
6050  0.0088006 -2.0516 0.98653 -0.00056941 0.0052770 
6051  0.0089339 -2.0451 0.98633 0.00031209 0.0052859 
6052  0.0097340 -2.0075 0.98406 -0.0013131 0.0052730 
6053  0.0076672 -2.1120 0.98734 -0.0032090 0.0052585 
6054  0.0097340 -2.0075 0.98406 0.0033950 0.0053151 
6055  0.010667 -1.9673 0.97763 -0.0072189 0.0052419 
6056  0.013134 -1.8759 0.95719 0.010214 0.0053895 
6057  0.010601 -1.9700 0.97820 0.0039690 0.0053201 
6058  0.0095340 -2.0166 0.98482 -0.0031814 0.0052640 
6059  0.0086006 -2.0617 0.98679 -0.00061955 0.0052728 
6060  0.011134 -1.9485 0.97262 0.0025217 0.0053109 
6061  0.0095340 -2.0166 0.98482 -0.0024460 0.0052675 
6062  0.010467 -1.9756 0.97949 -0.0050456 0.0052523 
6063  0.0096673 -2.0105 0.98434 -0.0010386 0.0052725 
6064  0.0088673 -2.0483 0.98644 -0.0024052 0.0052644 
6065  0.0090673 -2.0386 0.98608 -0.00053334 0.0052762 
6066  0.0096006 -2.0135 0.98458 0.0020363 0.0052969 
6067  0.0093340 -2.0259 0.98544 -0.0026580 0.0052689 
6068  0.0094006 -2.0227 0.98526 -0.0029014 0.0052653 
6069  0.0091339 -2.0354 0.98595 -0.0022601 0.0052635 
6070  0.0092673 -2.0290 0.98561 0.00029926 0.0052880 
6071  0.0090006 -2.0418 0.98620 -0.0011899 0.0052714 
6072  0.010267 -1.9841 0.98101 -0.0053238 0.0052537 
6073  0.0092673 -2.0290 0.98561 -0.0020772 0.0052689 
6074  0.0085339 -2.0651 0.98687 -0.0030308 0.0052615 
6075  0.010134 -1.9898 0.98194 -0.0032249 0.0052612 
6076  0.0084672 -2.0686 0.98693 -0.0019715 0.0052624 
6077  0.041536 -1.3632 0.73600 0.064167 0.0062792 
6078  0.0074005 -2.1275 0.98738 -0.0017658 0.0052662 
6079  0.0088673 -2.0483 0.98644 -0.0036271 0.0052580 
6080  0.0094006 -2.0227 0.98526 -0.0036286 0.0052552 
6081  0.015401 -1.8057 0.94157 0.012567 0.0054251 
6082  0.0082005 -2.0826 0.98714 0.00062560 0.0052824 
6083  0.0090006 -2.0418 0.98620 -0.0031680 0.0052639 
6084  0.016201 -1.7834 0.93712 0.013881 0.0054450 
6085  0.0093340 -2.0259 0.98544 0.0019591 0.0052979 
6086  0.0080672 -2.0898 0.98720 -0.00010458 0.0052759 
6087  0.0094006 -2.0227 0.98526 -0.0033437 0.0052603 
6088  0.0086006 -2.0617 0.98679 0.00035234 0.0052808 
6089  0.0099340 -1.9985 0.98312 -0.0032855 0.0052607 
6090  0.0090006 -2.0418 0.98620 -0.00045617 0.0052790 
6091  0.0095340 -2.0166 0.98482 -0.0018848 0.0052670 
6092  0.024335 -1.6031 0.88109 0.030875 0.0056908 
6093  0.0098007 -2.0045 0.98379 -0.0020973 0.0052731 
6094  0.010334 -1.9812 0.98051 0.0015513 0.0052908 
6095  0.010467 -1.9756 0.97949 -0.0047377 0.0052589 
6096  0.025735 -1.5782 0.86257 0.032379 0.0057106 
6097  0.0092006 -2.0322 0.98579 -8.3734e-05 0.0052802 
6098  0.0092006 -2.0322 0.98579 -0.0015380 0.0052665 
6099  0.0092006 -2.0322 0.98579 -0.0038876 0.0052590 
6100  0.0086006 -2.0617 0.98679 -8.4042e-05 0.0052813 
6101  0.0099340 -1.9985 0.98312 -0.0040624 0.0052586 
6102  0.010401 -1.9784 0.98000 0.0015741 0.0052912 
6103  0.010134 -1.9898 0.98194 -0.0044992 0.0052557 
6104  0.0079339 -2.0971 0.98726 -0.0018877 0.0052671 
6105  0.0099340 -1.9985 0.98312 -0.0034364 0.0052618 
6106  0.0090673 -2.0386 0.98608 -0.0029491 0.0052612 
6107  0.0094006 -2.0227 0.98526 -0.0031296 0.0052618 
6108  0.0096006 -2.0135 0.98458 -0.0041970 0.0052555 
6109  0.017401 -1.7518 0.93043 0.016898 0.0054768 
6110  0.0091339 -2.0354 0.98595 0.0019565 0.0052957 
6111  0.010067 -1.9927 0.98236 -0.0034217 0.0052645 
6112  0.0078005 -2.1045 0.98730 3.7462e-05 0.0052749 
6113  0.020935 -1.6699 0.90676 0.022869 0.0055574 
6114  0.0094673 -2.0196 0.98505 -0.0039355 0.0052580 
6115  0.0098673 -2.0015 0.98347 0.0016640 0.0053007 
6116  0.0098673 -2.0015 0.98347 -0.0025052 0.0052650 
6117  0.010467 -1.9756 0.97949 -0.0022450 0.0052737 
6118  0.0094673 -2.0196 0.98505 -0.0037290 0.0052578 
6119  0.0077338 -2.1082 0.98731 -0.0027973 0.0052617 
6120  0.010867 -1.9591 0.97545 0.0041284 0.0053234 
6121  0.010467 -1.9756 0.97949 -0.0042342 0.0052562 
6122  0.0092006 -2.0322 0.98579 -0.0016034 0.0052680 
6123  0.014134 -1.8435 0.95036 0.010935 0.0054049 
6124  0.0094006 -2.0227 0.98526 -0.0033854 0.0052565 
6125  0.0094006 -2.0227 0.98526 -0.0022549 0.0052645 
6126  0.0098673 -2.0015 0.98347 -0.0017176 0.0052707 
6127  0.010601 -1.9700 0.97820 -0.0051620 0.0052520 
6128  0.011267 -1.9433 0.97107 -0.0049939 0.0052547 
6129  0.010067 -1.9927 0.98236 -0.0045477 0.0052574 
6130  0.0088673 -2.0483 0.98644 -0.0035834 0.0052555 
6131  0.010667 -1.9673 0.97763 -0.0049112 0.0052555 
6132  0.010267 -1.9841 0.98101 0.0034810 0.0053176 
6133  0.012868 -1.8849 0.95887 0.0080416 0.0053656 
6134  0.010401 -1.9784 0.98000 0.0071432 0.0053627 
6135  0.010334 -1.9812 0.98051 -0.0051497 0.0052562 
6136  0.016334 -1.7797 0.93606 0.014410 0.0054458 
6137  0.010667 -1.9673 0.97763 -0.0050062 0.0052522 
6138  0.0094006 -2.0227 0.98526 -0.0042740 0.0052541 
6139  0.013268 -1.8714 0.95634 0.0089359 0.0053649 
6140  0.011334 -1.9407 0.97032 -0.0045182 0.0052577 
6141  0.0084006 -2.0720 0.98700 -0.0034224 0.0052554 
6142  0.010267 -1.9841 0.98101 -0.0035069 0.0052610 
6143  0.014868 -1.8213 0.94531 0.013211 0.0054172 
6144  0.011401 -1.9381 0.96972 0.0062092 0.0053571 
6145  0.011201 -1.9459 0.97182 0.0055752 0.0053326 
6146  0.010334 -1.9812 0.98051 -0.0038021 0.0052556 
6147  0.010667 -1.9673 0.97763 -0.0035728 0.0052637 
6148  0.011201 -1.9459 0.97182 -0.0055224 0.0052526 
6149  0.0098673 -2.0015 0.98347 0.0045456 0.0053175 
6150  0.0084672 -2.0686 0.98693 -0.0019040 0.0052657 
6151  0.0078005 -2.1045 0.98730 -0.0023159 0.0052630 
6152  0.0098007 -2.0045 0.98379 -0.0050924 0.0052564 
6153  0.011267 -1.9433 0.97107 0.0060338 0.0053410 
6154  0.010734 -1.9645 0.97679 -0.0057603 0.0052514 
6155  0.0094673 -2.0196 0.98505 -0.0018417 0.0052735 
6156  0.0081339 -2.0862 0.98717 -0.00052821 0.0052786 
6157  0.0099340 -1.9985 0.98312 -0.0036725 0.0052622 
6158  0.010134 -1.9898 0.98194 -0.0037424 0.0052595 
6159  0.010801 -1.9618 0.97621 -0.0041788 0.0052542 
6160  0.010801 -1.9618 0.97621 -0.0061709 0.0052482 
6161  0.0078005 -2.1045 0.98730 -0.0019325 0.0052656 
6162  0.0090673 -2.0386 0.98608 -0.0024771 0.0052640 
6163  0.0087339 -2.0550 0.98662 0.00072221 0.0052911 
6164  0.0086006 -2.0617 0.98679 -0.0042224 0.0052539 
6165  0.010001 -1.9956 0.98275 0.0030432 0.0053058 
6166  0.0086006 -2.0617 0.98679 0.0013687 0.0052907 
6167  0.010534 -1.9728 0.97887 -0.0057989 0.0052526 
6168  0.0092006 -2.0322 0.98579 -0.0033888 0.0052591 
6169  0.0096006 -2.0135 0.98458 -0.0013295 0.0052726 
6170  0.011334 -1.9407 0.97032 0.00090475 0.0052996 
6171  0.010734 -1.9645 0.97679 -0.0011325 0.0052737 
6172  0.012001 -1.9155 0.96442 -0.0036599 0.0052656 
6173  0.010001 -1.9956 0.98275 -0.0033574 0.0052633 
6174  0.0087339 -2.0550 0.98662 -0.0025559 0.0052655 
6175  0.010334 -1.9812 0.98051 -0.0035805 0.0052578 
6176  0.0083339 -2.0755 0.98705 -0.00043704 0.0052762 
6177  0.0085339 -2.0651 0.98687 -0.0027705 0.0052622 
6178  0.011134 -1.9485 0.97262 0.0073905 0.0053515 
6179  0.0083339 -2.0755 0.98705 0.00096833 0.0052896 
6180  0.010067 -1.9927 0.98236 0.00011491 0.0052966 
6181  0.0097340 -2.0075 0.98406 -0.0051892 0.0052502 
6182  0.0093340 -2.0259 0.98544 -0.00013439 0.0052770 
6183  0.0082005 -2.0826 0.98714 -0.00026153 0.0052759 
6184  0.0083339 -2.0755 0.98705 0.00042771 0.0052784 
6185  0.0090673 -2.0386 0.98608 -0.0046757 0.0052538 
6186  0.011934 -1.9180 0.96486 0.0053395 0.0053316 
6187  0.0097340 -2.0075 0.98406 0.0048768 0.0053158 
6188  0.010401 -1.9784 0.98000 0.0021724 0.0053122 
6189  0.0088006 -2.0516 0.98653 -0.0018365 0.0052679 
6190  0.0073338 -2.1315 0.98739 -0.00062657 0.0052753 
6191  0.0087339 -2.0550 0.98662 -0.00036166 0.0052794 
6192  0.017068 -1.7603 0.93202 0.017402 0.0054848 
6193  0.0076672 -2.1120 0.98734 -0.0019118 0.0052668 
6194  0.0096673 -2.0105 0.98434 0.00012334 0.0052863 
6195  0.010001 -1.9956 0.98275 -0.0037076 0.0052591 
6196  0.0098007 -2.0045 0.98379 -0.0027414 0.0052711 
6197  0.0092673 -2.0290 0.98561 -0.0043728 0.0052537 
6198  0.0091339 -2.0354 0.98595 -0.00054919 0.0052724 
6199  0.016201 -1.7834 0.93712 0.014363 0.0054284 
6200  0.0081339 -2.0862 0.98717 -0.0029944 0.0052583 
6201  0.0096673 -2.0105 0.98434 -0.0017575 0.0052679 
6202  0.0091339 -2.0354 0.98595 -0.0039308 0.0052587 
6203  0.0099340 -1.9985 0.98312 -0.0039685 0.0052599 
6204  0.023468 -1.6192 0.88946 0.025273 0.0056233 
6205  0.0094673 -2.0196 0.98505 0.00031777 0.0052901 
6206  0.0090673 -2.0386 0.98608 -0.0016945 0.0052693 
6207  0.0089339 -2.0451 0.98633 -0.0031598 0.0052644 
6208  0.010734 -1.9645 0.97679 -0.0042970 0.0052573 
6209  0.013601 -1.8605 0.95395 0.0095615 0.0053954 
6210  0.010467 -1.9756 0.97949 -0.0043064 0.0052592 
6211  0.011601 -1.9304 0.96780 0.0040269 0.0053178 
6212  0.0098007 -2.0045 0.98379 0.00091302 0.0052944 
6213  0.036336 -1.4236 0.77018 0.047664 0.0059115 
6214  0.0078672 -2.1008 0.98728 -0.0027804 0.0052612 
6215  0.0082672 -2.0790 0.98710 -0.00067072 0.0052706 
6216  0.0087339 -2.0550 0.98662 -0.0017306 0.0052650 
6217  0.012868 -1.8849 0.95887 0.0069681 0.0053512 
6218  0.0097340 -2.0075 0.98406 0.00023747 0.0052862 
6219  0.0098673 -2.0015 0.98347 -0.0051783 0.0052537 
6220  0.010601 -1.9700 0.97820 -0.0050434 0.0052523 
6221  0.014601 -1.8292 0.94718 0.012100 0.0054311 
6222  0.0099340 -1.9985 0.98312 -0.0044528 0.0052569 
6223  0.0088673 -2.0483 0.98644 0.0020804 0.0052913 
6224  0.0089339 -2.0451 0.98633 -0.0023830 0.0052642 
6225  0.0098007 -2.0045 0.98379 -0.00059428 0.0052837 
6226  0.0099340 -1.9985 0.98312 -0.0037986 0.0052627 
6227  0.0092673 -2.0290 0.98561 -0.0019493 0.0052719 
6228  0.0074672 -2.1236 0.98737 -0.00019582 0.0052743 
6229  0.0095340 -2.0166 0.98482 -0.0036426 0.0052594 
6230  0.010401 -1.9784 0.98000 -0.0027745 0.0052623 
6231  0.011067 -1.9511 0.97336 -0.0023871 0.0052732 
6232  0.0080005 -2.0934 0.98723 -0.0014276 0.0052680 
6233  0.0098007 -2.0045 0.98379 -0.0041842 0.0052561 
6234  0.0088673 -2.0483 0.98644 -0.0022631 0.0052647 
6235  0.0080672 -2.0898 0.98720 -0.0026838 0.0052621 
6236  0.0094006 -2.0227 0.98526 -0.0026734 0.0052621 
6237  0.0099340 -1.9985 0.98312 -0.0043951 0.0052586 
6238  0.0093340 -2.0259 0.98544 -0.0011939 0.0052726 
6239  0.0094673 -2.0196 0.98505 0.0058218 0.0053334 
6240  0.010001 -1.9956 0.98275 0.0013614 0.0053034 
6241  0.0099340 -1.9985 0.98312 -0.0016677 0.0052723 
6242  0.0088673 -2.0483 0.98644 -0.0026506 0.0052612 
6243  0.052937 -1.2526 0.64333 0.082845 0.0065055 
6244  0.010267 -1.9841 0.98101 -0.0028964 0.0052630 
6245  0.0094006 -2.0227 0.98526 -0.00066576 0.0052708 
6246  0.0089339 -2.0451 0.98633 0.00064257 0.0052800 
6247  0.010067 -1.9927 0.98236 -0.0041044 0.0052566 
6248  0.010334 -1.9812 0.98051 0.0033221 0.0053227 
6249  0.0083339 -2.0755 0.98705 -0.0030418 0.0052640 
6250  0.022001 -1.6479 0.90163 0.026721 0.0056244 
6251  0.0085339 -2.0651 0.98687 -0.0026068 0.0052628 
6252  0.0095340 -2.0166 0.98482 -0.0026563 0.0052678 
6253  0.0098007 -2.0045 0.98379 -0.0025335 0.0052683 
6254  0.0098007 -2.0045 0.98379 -0.00097580 0.0052754 
6255  0.0098673 -2.0015 0.98347 -0.0029072 0.0052630 
6256  0.0091339 -2.0354 0.98595 -0.0011014 0.0052784 
6257  0.010001 -1.9956 0.98275 -0.0011341 0.0052757 
6258  0.010601 -1.9700 0.97820 -0.00011010 0.0052805 
6259  0.020201 -1.6858 0.91156 0.021686 0.0055438 
6260  0.0077338 -2.1082 0.98731 -0.0029453 0.0052586 
6261  0.0091339 -2.0354 0.98595 -5.6823e-05 0.0052833 
6262  0.0088006 -2.0516 0.98653 -0.0029557 0.0052586 
6263  0.0094006 -2.0227 0.98526 -0.00031709 0.0052772 
6264  0.0092673 -2.0290 0.98561 -0.0044072 0.0052521 
6265  0.0090673 -2.0386 0.98608 -0.00021756 0.0052799 
6266  0.010267 -1.9841 0.98101 0.00060339 0.0052859 
6267  0.0080005 -2.0934 0.98723 -0.0014309 0.0052671 
6268  0.0095340 -2.0166 0.98482 0.0016187 0.0052937 
6269  0.010334 -1.9812 0.98051 -0.0031305 0.0052644 
6270  0.99947 3.2727 0.00010001 2.5868 0.066390 
6271  0.0098007 -2.0045 0.98379 -0.0031872 0.0052605 
6272  0.010067 -1.9927 0.98236 -0.0014254 0.0052749 
6273  0.0094006 -2.0227 0.98526 -0.0019790 0.0052643 
6274  0.0098007 -2.0045 0.98379 -0.0036275 0.0052556 
6275  0.0094006 -2.0227 0.98526 -0.0033300 0.0052558 
6276  0.0079339 -2.0971 0.98726 -0.00063238 0.0052786 
6277  0.011934 -1.9180 0.96486 0.0088237 0.0054018 
6278  0.0086672 -2.0583 0.98670 -0.0039874 0.0052585 
6279  0.0093340 -2.0259 0.98544 -0.0033078 0.0052644 
6280  0.0092673 -2.0290 0.98561 -0.0051326 0.0052461 
6281  0.0084006 -2.0720 0.98700 -0.0027477 0.0052631 
6282  0.0094673 -2.0196 0.98505 -0.0033001 0.0052614 
6283  0.010734 -1.9645 0.97679 -0.0026659 0.0052673 
6284  0.013934 -1.8498 0.95178 0.0085866 0.0053834 
6285  0.011601 -1.9304 0.96780 0.0039796 0.0053225 
6286  0.0079339 -2.0971 0.98726 -0.0019283 0.0052639 
6287  0.0083339 -2.0755 0.98705 -0.00059425 0.0052806 
6288  0.0090006 -2.0418 0.98620 -0.00079967 0.0052859 
6289  0.0099340 -1.9985 0.98312 0.00042887 0.0052916 
6290  0.0092006 -2.0322 0.98579 0.00023603 0.0052900 
6291  0.0096673 -2.0105 0.98434 9.8385e-05 0.0052813 
6292  0.011467 -1.9355 0.96913 -0.0056556 0.0052537 
6293  0.010801 -1.9618 0.97621 0.0045739 0.0053354 
6294  0.010867 -1.9591 0.97545 0.00079124 0.0052976 
6295  0.0076672 -2.1120 0.98734 -0.0030508 0.0052569 
6296  0.0082672 -2.0790 0.98710 -0.0021359 0.0052645 
6297  0.010267 -1.9841 0.98101 -0.0013918 0.0052768 
6298  0.011734 -1.9254 0.96634 0.0064046 0.0053481 
6299  0.0086006 -2.0617 0.98679 -0.00018124 0.0052807 
6300  0.0088006 -2.0516 0.98653 0.0019643 0.0052942 
6301  0.0094006 -2.0227 0.98526 0.00054563 0.0052974 
6302  0.0096673 -2.0105 0.98434 0.00032889 0.0052903 
6303  0.0096006 -2.0135 0.98458 -0.0030948 0.0052609 
6304  0.021201 -1.6643 0.90553 0.022790 0.0055667 
6305  0.0089339 -2.0451 0.98633 0.00031932 0.0052830 
6306  0.0084006 -2.0720 0.98700 -0.0014407 0.0052646 
6307  0.0098673 -2.0015 0.98347 -0.0030699 0.0052562 
6308  0.010334 -1.9812 0.98051 -0.0045251 0.0052579 
6309  0.0096006 -2.0135 0.98458 -0.0016700 0.0052712 
6310  0.0098673 -2.0015 0.98347 -0.0046861 0.0052546 
6311  0.0096006 -2.0135 0.98458 -0.0024721 0.0052644 
6312  0.0098673 -2.0015 0.98347 -0.0039183 0.0052573 
6313  0.010001 -1.9956 0.98275 -0.0062099 0.0052458 
6314  0.010934 -1.9564 0.97473 0.0075415 0.0053602 
6315  0.014001 -1.8477 0.95130 0.0082518 0.0053853 
6316  0.011001 -1.9538 0.97401 0.0071584 0.0053734 
6317  0.011667 -1.9279 0.96712 0.0060714 0.0053568 
6318  0.011001 -1.9538 0.97401 0.0053594 0.0053448 
6319  0.0093340 -2.0259 0.98544 -0.00067797 0.0052859 
6320  0.0098007 -2.0045 0.98379 -0.00060304 0.0052852 
6321  0.0096673 -2.0105 0.98434 0.0033440 0.0053098 
6322  0.010001 -1.9956 0.98275 -0.0025414 0.0052803 
6323  0.014934 -1.8193 0.94489 0.011055 0.0054162 
6324  0.0092673 -2.0290 0.98561 -0.0026463 0.0052671 
6325  0.0094673 -2.0196 0.98505 -0.0017539 0.0052664 
6326  0.0080005 -2.0934 0.98723 0.00024221 0.0052770 
6327  0.0084006 -2.0720 0.98700 -0.0041734 0.0052554 
6328  0.031202 -1.4920 0.81881 0.040853 0.0058298 
6329  0.031935 -1.4816 0.80812 0.042191 0.0058651 
6330  0.0096673 -2.0105 0.98434 0.00051675 0.0052906 
6331  0.0092006 -2.0322 0.98579 -0.0035719 0.0052551 
6332  0.010134 -1.9898 0.98194 0.0032121 0.0053078 
6333  0.0081339 -2.0862 0.98717 -0.0011061 0.0052692 
6334  0.0094006 -2.0227 0.98526 -0.0037361 0.0052574 
6335  0.0090006 -2.0418 0.98620 -0.0030775 0.0052607 
6336  0.0094006 -2.0227 0.98526 -0.0031937 0.0052624 
6337  0.014801 -1.8232 0.94571 0.012020 0.0054065 
6338  0.0093340 -2.0259 0.98544 0.0040498 0.0053217 
6339  0.013534 -1.8626 0.95436 0.010752 0.0053968 
6340  0.010867 -1.9591 0.97545 -0.0041067 0.0052554 
6341  0.0094673 -2.0196 0.98505 -0.0057413 0.0052491 
6342  0.010001 -1.9956 0.98275 -0.0013005 0.0052787 
6343  0.010867 -1.9591 0.97545 0.0049366 0.0053214 
6344  0.010534 -1.9728 0.97887 -0.00051881 0.0052877 
6345  0.0096006 -2.0135 0.98458 0.0013988 0.0052972 
6346  0.0090006 -2.0418 0.98620 0.0037700 0.0053229 
6347  0.011334 -1.9407 0.97032 0.0051355 0.0053259 
6348  0.0087339 -2.0550 0.98662 -0.00066803 0.0052804 
6349  0.0088673 -2.0483 0.98644 -0.0051166 0.0052519 
6350  0.0090673 -2.0386 0.98608 -2.5542e-05 0.0052788 
6351  0.0091339 -2.0354 0.98595 -0.0028609 0.0052631 
6352  0.0079339 -2.0971 0.98726 -0.0021166 0.0052661 
6353  0.011934 -1.9180 0.96486 0.0074232 0.0053623 
6354  0.0089339 -2.0451 0.98633 -0.0048020 0.0052546 
6355  0.0099340 -1.9985 0.98312 -0.0038897 0.0052605 
6356  0.0098007 -2.0045 0.98379 -0.0032880 0.0052582 
6357  0.010667 -1.9673 0.97763 -2.0943e-05 0.0052906 
6358  0.0096006 -2.0135 0.98458 0.00022745 0.0052852 
6359  0.0084006 -2.0720 0.98700 -0.0050533 0.0052491 
6360  0.0098673 -2.0015 0.98347 -0.0032534 0.0052583 
6361  0.0091339 -2.0354 0.98595 -0.0019673 0.0052688 
6362  0.010134 -1.9898 0.98194 -0.0055579 0.0052508 
6363  0.011667 -1.9279 0.96712 -0.0061318 0.0052535 
6364  0.010534 -1.9728 0.97887 0.0058428 0.0053400 
6365  0.0082672 -2.0790 0.98710 -0.00086465 0.0052676 
6366  0.012534 -1.8964 0.96060 0.0067160 0.0053546 
6367  0.0098007 -2.0045 0.98379 -0.0026568 0.0052613 
6368  0.010201 -1.9869 0.98149 -0.0044721 0.0052548 
6369  0.015268 -1.8095 0.94279 0.011919 0.0054494 
6370  0.010334 -1.9812 0.98051 0.0044165 0.0053292 
6371  0.0096006 -2.0135 0.98458 -0.0047014 0.0052543 
6372  0.0099340 -1.9985 0.98312 -0.0038580 0.0052553 
6373  0.015868 -1.7925 0.93923 0.012914 0.0054365 
6374  0.0085339 -2.0651 0.98687 0.0035025 0.0053160 
6375  0.0094006 -2.0227 0.98526 -0.0052033 0.0052522 
6376  0.0088006 -2.0516 0.98653 -0.0049137 0.0052508 
6377  0.0097340 -2.0075 0.98406 -0.0041839 0.0052593 
6378  0.0094006 -2.0227 0.98526 -0.0033383 0.0052627 
6379  0.0088673 -2.0483 0.98644 -0.0014219 0.0052706 
6380  0.0089339 -2.0451 0.98633 -0.0026039 0.0052634 
6381  0.0095340 -2.0166 0.98482 -0.0044879 0.0052550 
6382  0.011267 -1.9433 0.97107 -0.0013754 0.0052772 
6383  0.0086672 -2.0583 0.98670 -0.0028648 0.0052599 
6384  0.010001 -1.9956 0.98275 -0.00059195 0.0052769 
6385  0.0088006 -2.0516 0.98653 0.0026072 0.0053045 
6386  0.0085339 -2.0651 0.98687 -0.0033789 0.0052602 
6387  0.0088006 -2.0516 0.98653 -0.0013459 0.0052675 
6388  0.0097340 -2.0075 0.98406 -0.0010366 0.0052758 
6389  0.0086672 -2.0583 0.98670 -0.00080499 0.0052768 
6390  0.0099340 -1.9985 0.98312 -0.0049352 0.0052579 
6391  0.0074672 -2.1236 0.98737 0.00084358 0.0052872 
6392  0.0093340 -2.0259 0.98544 -0.0055271 0.0052493 
6393  0.010334 -1.9812 0.98051 -0.0059000 0.0052503 
6394  0.0090673 -2.0386 0.98608 -0.0020774 0.0052647 
6395  0.0094673 -2.0196 0.98505 -0.0028460 0.0052651 
6396  0.0088673 -2.0483 0.98644 -0.0021268 0.0052607 
6397  0.0098673 -2.0015 0.98347 0.0041059 0.0053192 
6398  0.017735 -1.7434 0.92763 0.017339 0.0054950 
6399  0.0091339 -2.0354 0.98595 -0.0029656 0.0052616 
6400  0.0089339 -2.0451 0.98633 -0.0011979 0.0052740 
6401  0.011267 -1.9433 0.97107 -0.0049664 0.0052609 
6402  0.0081339 -2.0862 0.98717 -0.00083109 0.0052729 
6403  0.010534 -1.9728 0.97887 -0.0039759 0.0052607 
6404  0.010001 -1.9956 0.98275 -0.0011126 0.0052763 
6405  0.010134 -1.9898 0.98194 -0.0041120 0.0052558 
6406  0.012001 -1.9155 0.96442 0.0084269 0.0053553 
6407  0.0092673 -2.0290 0.98561 0.0011048 0.0052859 
6408  0.0098007 -2.0045 0.98379 -0.0028332 0.0052626 
6409  0.018601 -1.7223 0.92188 0.017687 0.0054673 
6410  0.0082672 -2.0790 0.98710 -0.0019065 0.0052656 
6411  0.0093340 -2.0259 0.98544 -0.00061641 0.0052789 
6412  0.010667 -1.9673 0.97763 -0.0043769 0.0052585 
6413  0.093473 -0.98670 0.38728 0.18159 0.0086117 
6414  0.0097340 -2.0075 0.98406 0.0023179 0.0052942 
6415  0.010734 -1.9645 0.97679 -0.0021132 0.0052735 
6416  0.010201 -1.9869 0.98149 -0.0028722 0.0052649 
6417  0.0082005 -2.0826 0.98714 -0.0014380 0.0052644 
6418  0.070738 -1.1185 0.49033 0.12480 0.0073946 
6419  0.0087339 -2.0550 0.98662 -0.0015248 0.0052723 
6420  0.0080005 -2.0934 0.98723 -0.0042550 0.0052529 
6421  0.0093340 -2.0259 0.98544 -0.0012152 0.0052725 
6422  0.0097340 -2.0075 0.98406 -0.0062935 0.0052488 
6423  0.011534 -1.9330 0.96849 0.0030905 0.0053230 
6424  0.0097340 -2.0075 0.98406 -0.0038165 0.0052600 
6425  0.010867 -1.9591 0.97545 0.00056452 0.0052898 
6426  0.010001 -1.9956 0.98275 -0.0048647 0.0052562 
6427  0.0085339 -2.0651 0.98687 0.0011357 0.0052912 
6428  0.0099340 -1.9985 0.98312 -0.0028430 0.0052625 
6429  0.010401 -1.9784 0.98000 -0.0035503 0.0052601 
6430  0.0093340 -2.0259 0.98544 -0.00095828 0.0052786 
6431  0.010601 -1.9700 0.97820 -0.0039170 0.0052567 
6432  0.0080672 -2.0898 0.98720 -0.0013437 0.0052663 
6433  0.017468 -1.7501 0.93028 0.014676 0.0054551 
6434  0.0096006 -2.0135 0.98458 -0.0033536 0.0052583 
6435  0.025402 -1.5840 0.86765 0.029608 0.0056599 
6436  0.010334 -1.9812 0.98051 -0.0049108 0.0052600 
6437  0.010201 -1.9869 0.98149 -0.0049635 0.0052563 
6438  0.0086006 -2.0617 0.98679 -0.00076995 0.0052724 
6439  0.010467 -1.9756 0.97949 -0.0044376 0.0052596 
6440  0.011801 -1.9229 0.96574 0.0067263 0.0053523 
6441  0.015334 -1.8076 0.94205 0.012159 0.0054222 
6442  0.010467 -1.9756 0.97949 -0.0062659 0.0052451 
6443  0.0090006 -2.0418 0.98620 8.0545e-05 0.0052840 
6444  0.0098007 -2.0045 0.98379 -0.0047987 0.0052564 
6445  0.0098007 -2.0045 0.98379 -0.0035910 0.0052624 
6446  0.0080005 -2.0934 0.98723 -0.0013557 0.0052706 
6447  0.0098007 -2.0045 0.98379 -0.0041918 0.0052554 
6448  0.0099340 -1.9985 0.98312 -0.0053211 0.0052515 
6449  0.0084006 -2.0720 0.98700 -0.0037450 0.0052564 
6450  0.010201 -1.9869 0.98149 -0.0037200 0.0052629 
6451  0.010401 -1.9784 0.98000 -0.0038148 0.0052572 
6452  0.010734 -1.9645 0.97679 -0.0031350 0.0052659 
6453  0.010267 -1.9841 0.98101 0.0022482 0.0053026 
6454  0.010934 -1.9564 0.97473 -0.0049904 0.0052582 
6455  0.010401 -1.9784 0.98000 -0.0034706 0.0052650 
6456  0.011134 -1.9485 0.97262 -0.00079985 0.0052862 
6457  0.012201 -1.9083 0.96281 0.0067972 0.0053524 
6458  0.013068 -1.8781 0.95774 0.010441 0.0053963 
6459  0.013401 -1.8670 0.95555 0.0098689 0.0053799 
6460  0.010134 -1.9898 0.98194 0.00055942 0.0052955 
6461  0.010001 -1.9956 0.98275 -0.0030275 0.0052636 
6462  0.0088006 -2.0516 0.98653 -0.0047381 0.0052511 
6463  0.010467 -1.9756 0.97949 -0.0021501 0.0052656 
6464  0.0086672 -2.0583 0.98670 -0.0022899 0.0052645 
6465  0.0092006 -2.0322 0.98579 -0.0022378 0.0052649 
6466  0.011667 -1.9279 0.96712 -0.0062191 0.0052513 
6467  0.0084006 -2.0720 0.98700 0.00076161 0.0052812 
6468  0.016268 -1.7815 0.93654 0.014129 0.0054493 
6469  0.010534 -1.9728 0.97887 -0.0023173 0.0052710 
6470  0.0076672 -2.1120 0.98734 -0.00044849 0.0052764 
6471  0.021735 -1.6533 0.90363 0.022273 0.0055311 
6472  0.010334 -1.9812 0.98051 -0.0053794 0.0052498 
6473  0.014934 -1.8193 0.94489 0.012416 0.0054137 
6474  0.010334 -1.9812 0.98051 0.0047554 0.0053197 
6475  0.0082672 -2.0790 0.98710 -0.0019603 0.0052654 
6476  0.025668 -1.5793 0.86480 0.028487 0.0056384 
6477  0.017935 -1.7385 0.92577 0.018444 0.0055043 
6478  0.010001 -1.9956 0.98275 -0.0046824 0.0052526 
6479  0.010534 -1.9728 0.97887 0.0065674 0.0053443 
6480  0.0095340 -2.0166 0.98482 -0.0049517 0.0052518 
6481  0.010067 -1.9927 0.98236 0.0037284 0.0053206 
6482  0.010201 -1.9869 0.98149 -0.0049829 0.0052557 
6483  0.011467 -1.9355 0.96913 -0.0043975 0.0052589 
6484  0.0099340 -1.9985 0.98312 -0.0035515 0.0052650 
6485  0.010201 -1.9869 0.98149 0.0020825 0.0052993 
6486  0.0080672 -2.0898 0.98720 -0.0020242 0.0052647 
6487  0.010134 -1.9898 0.98194 0.0017695 0.0052925 
6488  0.010667 -1.9673 0.97763 -0.0031533 0.0052647 
6489  0.010267 -1.9841 0.98101 0.0030926 0.0053106 
6490  0.0092673 -2.0290 0.98561 -0.0042266 0.0052548 
6491  0.016068 -1.7870 0.93837 0.012944 0.0054094 
6492  0.0097340 -2.0075 0.98406 -0.0049487 0.0052512 
6493  0.010534 -1.9728 0.97887 -0.0064218 0.0052485 
6494  0.010667 -1.9673 0.97763 -0.0041828 0.0052574 
6495  0.0093340 -2.0259 0.98544 -0.0047038 0.0052538 
6496  0.010201 -1.9869 0.98149 -0.0033459 0.0052618 
6497  0.019001 -1.7129 0.91920 0.016054 0.0054662 
6498  0.0099340 -1.9985 0.98312 -0.0014654 0.0052696 
6499  0.0090673 -2.0386 0.98608 -0.0032901 0.0052592 
6500  0.0097340 -2.0075 0.98406 -0.0044511 0.0052533 
6501  0.011467 -1.9355 0.96913 -0.0055622 0.0052526 
6502  0.0098673 -2.0015 0.98347 -0.0019720 0.0052706 
6503  0.036002 -1.4277 0.77497 0.049289 0.0059443 
6504  0.011401 -1.9381 0.96972 -0.0040787 0.0052599 
6505  0.010001 -1.9956 0.98275 -0.0011508 0.0052801 
6506  0.0093340 -2.0259 0.98544 -0.0023918 0.0052652 
6507  0.0089339 -2.0451 0.98633 -0.0044479 0.0052551 
6508  0.011201 -1.9459 0.97182 0.0071840 0.0053449 
6509  0.0096006 -2.0135 0.98458 0.0024180 0.0053030 
6510  0.0096006 -2.0135 0.98458 -0.0013407 0.0052737 
6511  0.0086672 -2.0583 0.98670 -0.0030675 0.0052594 
6512  0.0084672 -2.0686 0.98693 -0.0033842 0.0052566 
6513  0.010401 -1.9784 0.98000 -0.0055315 0.0052502 
6514  0.010867 -1.9591 0.97545 -0.0019072 0.0052749 
6515  0.0092673 -2.0290 0.98561 -0.0042878 0.0052562 
6516  0.011001 -1.9538 0.97401 -0.0032327 0.0052669 
6517  0.010267 -1.9841 0.98101 -0.0047697 0.0052545 
6518  0.0094673 -2.0196 0.98505 0.0052369 0.0053276 
6519  0.011134 -1.9485 0.97262 -0.0024859 0.0052702 
6520  0.017668 -1.7451 0.92875 0.017760 0.0054854 
6521  0.010401 -1.9784 0.98000 0.0048061 0.0053399 
6522  0.010067 -1.9927 0.98236 -0.00041540 0.0052853 
6523  0.0093340 -2.0259 0.98544 -0.0043082 0.0052576 
6524  0.014468 -1.8333 0.94777 0.012019 0.0054074 
6525  0.010867 -1.9591 0.97545 -0.0063553 0.0052474 
6526  0.010067 -1.9927 0.98236 -0.0049285 0.0052482 
6527  0.010401 -1.9784 0.98000 -0.0046181 0.0052580 
6528  0.026402 -1.5667 0.85529 0.032609 0.0056750 
6529  0.0089339 -2.0451 0.98633 -0.0029235 0.0052602 
6530  0.010067 -1.9927 0.98236 -0.0040516 0.0052571 
6531  0.010134 -1.9898 0.98194 -0.0043064 0.0052540 
6532  0.0095340 -2.0166 0.98482 -0.0016286 0.0052697 
6533  0.0090673 -2.0386 0.98608 -0.0031774 0.0052581 
6534  0.010734 -1.9645 0.97679 0.0048349 0.0053276 
6535  0.0092006 -2.0322 0.98579 -0.0030929 0.0052635 
6536  0.0076005 -2.1158 0.98735 -0.0014154 0.0052621 
6537  0.0099340 -1.9985 0.98312 -0.0053408 0.0052502 
6538  0.011001 -1.9538 0.97401 -0.0026057 0.0052673 
6539  0.0092006 -2.0322 0.98579 0.0026432 0.0052949 
6540  0.0098673 -2.0015 0.98347 -0.0037634 0.0052571 
6541  0.012334 -1.9035 0.96201 0.0067613 0.0053518 
6542  0.0093340 -2.0259 0.98544 0.0012324 0.0052943 
6543  0.0091339 -2.0354 0.98595 -0.0032665 0.0052583 
6544  0.0096673 -2.0105 0.98434 -0.0020642 0.0052678 
6545  0.0092006 -2.0322 0.98579 -0.0041397 0.0052565 
6546  0.0092006 -2.0322 0.98579 -0.0045878 0.0052567 
6547  0.031002 -1.4949 0.82162 0.042112 0.0058635 
6548  0.0098673 -2.0015 0.98347 0.0037858 0.0053165 
6549  0.0092673 -2.0290 0.98561 -0.0024014 0.0052682 
6550  0.0088673 -2.0483 0.98644 -0.0037976 0.0052549 
6551  0.0084006 -2.0720 0.98700 -0.0013537 0.0052741 
6552  0.0093340 -2.0259 0.98544 -0.0051373 0.0052559 
6553  0.0097340 -2.0075 0.98406 -0.0032796 0.0052585 
6554  0.013068 -1.8781 0.95774 0.0082898 0.0053755 
6555  0.010534 -1.9728 0.97887 -0.00050914 0.0052834 
6556  0.0087339 -2.0550 0.98662 -0.0042303 0.0052553 
6557  0.0098673 -2.0015 0.98347 -0.0037963 0.0052575 
6558  0.0096006 -2.0135 0.98458 -0.0058152 0.0052465 
6559  0.016801 -1.7673 0.93339 0.016726 0.0054916 
6560  0.0096673 -2.0105 0.98434 0.0012458 0.0052944 
6561  0.010267 -1.9841 0.98101 -0.0032634 0.0052661 
6562  0.010334 -1.9812 0.98051 0.0041895 0.0053215 
6563  0.012267 -1.9059 0.96242 0.0058526 0.0053505 
6564  0.010401 -1.9784 0.98000 -0.0040584 0.0052568 
6565  0.0096006 -2.0135 0.98458 -0.0053369 0.0052513 
6566  0.0092006 -2.0322 0.98579 -0.0044238 0.0052552 
6567  0.0094673 -2.0196 0.98505 -0.0053797 0.0052489 
6568  0.0086006 -2.0617 0.98679 -0.0035015 0.0052578 
6569  0.010001 -1.9956 0.98275 -0.0053965 0.0052496 
6570  0.010867 -1.9591 0.97545 -0.0067596 0.0052444 
6571  0.014801 -1.8232 0.94571 0.010868 0.0053971 
6572  0.010267 -1.9841 0.98101 8.5163e-05 0.0052937 
6573  0.0089339 -2.0451 0.98633 -0.0022066 0.0052647 
6574  0.0088006 -2.0516 0.98653 -0.0020010 0.0052678 
6575  0.0099340 -1.9985 0.98312 -0.0026759 0.0052678 
6576  0.0086672 -2.0583 0.98670 -0.0020783 0.0052694 
6577  0.0091339 -2.0354 0.98595 -0.0017634 0.0052663 
6578  0.0094673 -2.0196 0.98505 -0.0044146 0.0052521 
6579  0.010667 -1.9673 0.97763 0.0049141 0.0053244 
6580  0.010267 -1.9841 0.98101 -0.0049202 0.0052520 
6581  0.0096006 -2.0135 0.98458 -0.0019919 0.0052678 
6582  0.0096673 -2.0105 0.98434 -0.0042849 0.0052538 
6583  0.0099340 -1.9985 0.98312 -0.0016270 0.0052691 
6584  0.010734 -1.9645 0.97679 -0.0061198 0.0052477 
6585  0.016734 -1.7691 0.93365 0.014088 0.0054309 
6586  0.0092673 -2.0290 0.98561 -0.0032450 0.0052647 
6587  0.013001 -1.8803 0.95811 0.0095437 0.0053912 
6588  0.028669 -1.5300 0.83882 0.037564 0.0058142 
6589  0.0088673 -2.0483 0.98644 0.00057566 0.0052854 
6590  0.0098673 -2.0015 0.98347 -0.0052772 0.0052573 
6591  0.0098007 -2.0045 0.98379 0.0048681 0.0053321 
6592  0.010467 -1.9756 0.97949 -0.0040794 0.0052660 
6593  0.010667 -1.9673 0.97763 -0.0042251 0.0052582 
6594  0.011667 -1.9279 0.96712 -0.0045823 0.0052569 
6595  0.010867 -1.9591 0.97545 -0.00050876 0.0052851 
6596  0.010667 -1.9673 0.97763 -0.0043744 0.0052567 
6597  0.0080005 -2.0934 0.98723 0.00088447 0.0052838 
6598  0.0098007 -2.0045 0.98379 0.00075145 0.0052970 
6599  0.011467 -1.9355 0.96913 0.0035142 0.0053155 
6600  0.0094006 -2.0227 0.98526 -0.0029151 0.0052583 
6601  0.011001 -1.9538 0.97401 -0.0060779 0.0052472 
6602  0.0092006 -2.0322 0.98579 -0.0017440 0.0052645 
6603  0.0099340 -1.9985 0.98312 0.0038456 0.0053218 
6604  0.013334 -1.8692 0.95612 0.0095554 0.0053641 
6605  0.0096673 -2.0105 0.98434 -0.0029728 0.0052626 
6606  0.010534 -1.9728 0.97887 -0.0013631 0.0052779 
6607  0.011134 -1.9485 0.97262 -0.0018691 0.0052753 
6608  0.010334 -1.9812 0.98051 -0.0038033 0.0052597 
6609  0.0084672 -2.0686 0.98693 -0.0010268 0.0052706 
6610  0.010601 -1.9700 0.97820 -0.0065798 0.0052476 
6611  0.0088006 -2.0516 0.98653 -0.0027440 0.0052615 
6612  0.011001 -1.9538 0.97401 -0.0019929 0.0052780 
6613  0.0088673 -2.0483 0.98644 -0.0018579 0.0052662 
6614  0.015868 -1.7925 0.93923 0.012978 0.0054185 
6615  0.010601 -1.9700 0.97820 -0.0035355 0.0052644 
6616  0.011001 -1.9538 0.97401 -0.0047509 0.0052600 
6617  0.0096006 -2.0135 0.98458 -0.0018465 0.0052699 
6618  0.0094006 -2.0227 0.98526 -0.0062382 0.0052481 
6619  0.010201 -1.9869 0.98149 0.0026993 0.0053085 
6620  0.010467 -1.9756 0.97949 -0.00095459 0.0052763 
6621  0.0094673 -2.0196 0.98505 0.00023356 0.0052917 
6622  0.0093340 -2.0259 0.98544 4.7967e-05 0.0052813 
6623  0.016201 -1.7834 0.93712 0.014644 0.0054425 
6624  0.011467 -1.9355 0.96913 0.0053720 0.0053428 
6625  0.0095340 -2.0166 0.98482 -0.0027206 0.0052627 
6626  0.010601 -1.9700 0.97820 -0.00099345 0.0052800 
6627  0.0098673 -2.0015 0.98347 -0.0043350 0.0052593 
6628  0.0095340 -2.0166 0.98482 -0.0041531 0.0052539 
6629  0.0098007 -2.0045 0.98379 -0.0023302 0.0052659 
6630  0.0098673 -2.0015 0.98347 0.00071961 0.0052867 
6631  0.0090006 -2.0418 0.98620 -0.0026966 0.0052588 
6632  0.0095340 -2.0166 0.98482 -0.0017521 0.0052705 
6633  0.0097340 -2.0075 0.98406 0.0020114 0.0052973 
6634  0.010267 -1.9841 0.98101 -0.0064776 0.0052478 
6635  0.010667 -1.9673 0.97763 0.0010585 0.0053036 
6636  0.010667 -1.9673 0.97763 -0.0055736 0.0052503 
6637  0.020601 -1.6771 0.90881 0.022764 0.0055937 
6638  0.010067 -1.9927 0.98236 -0.0050455 0.0052554 
6639  0.011734 -1.9254 0.96634 0.0037544 0.0053263 
6640  0.011134 -1.9485 0.97262 -0.0044551 0.0052558 
6641  0.0088673 -2.0483 0.98644 -0.0025004 0.0052700 
6642  0.0079339 -2.0971 0.98726 -0.0032260 0.0052556 
6643  0.0089339 -2.0451 0.98633 -0.00052409 0.0052737 
6644  0.0076005 -2.1158 0.98735 -0.0024492 0.0052588 
6645  0.010667 -1.9673 0.97763 -0.0036966 0.0052644 
6646  0.012868 -1.8849 0.95887 0.010071 0.0053837 
6647  0.0092006 -2.0322 0.98579 -0.0030942 0.0052603 
6648  0.0089339 -2.0451 0.98633 -0.00025568 0.0052818 
6649  0.015134 -1.8134 0.94360 0.014752 0.0054665 
6650  0.011067 -1.9511 0.97336 -0.0033783 0.0052625 
6651  0.0088006 -2.0516 0.98653 -0.0034076 0.0052573 
6652  0.0099340 -1.9985 0.98312 0.0032938 0.0053082 
6653  0.0094673 -2.0196 0.98505 -0.0029354 0.0052651 
6654  0.0084672 -2.0686 0.98693 -0.0012661 0.0052702 
6655  0.0096673 -2.0105 0.98434 -0.0031420 0.0052637 
6656  0.010534 -1.9728 0.97887 -0.0036778 0.0052563 
6657  0.010734 -1.9645 0.97679 0.0028342 0.0053173 
6658  0.0090006 -2.0418 0.98620 -0.0036162 0.0052615 
6659  0.015668 -1.7981 0.94017 0.013967 0.0054353 
6660  0.010734 -1.9645 0.97679 -0.0034493 0.0052591 
6661  0.0088673 -2.0483 0.98644 -0.0052599 0.0052531 
6662  0.010467 -1.9756 0.97949 -0.0045601 0.0052540 
6663  0.013134 -1.8759 0.95719 0.0086370 0.0053826 
6664  0.011401 -1.9381 0.96972 0.0085882 0.0053565 
6665  0.0085339 -2.0651 0.98687 -0.0014676 0.0052662 
6666  0.010134 -1.9898 0.98194 0.0029001 0.0053096 
6667  0.010001 -1.9956 0.98275 0.0018473 0.0053003 
6668  0.0091339 -2.0354 0.98595 -0.0015257 0.0052710 
6669  0.010534 -1.9728 0.97887 -0.0015091 0.0052769 
6670  0.012067 -1.9131 0.96381 0.0083199 0.0053579 
6671  0.011734 -1.9254 0.96634 -0.0048244 0.0052566 
6672  0.0098007 -2.0045 0.98379 -0.0013647 0.0052832 
6673  0.0090006 -2.0418 0.98620 -0.0020786 0.0052688 
6674  0.0097340 -2.0075 0.98406 -0.0012716 0.0052827 
6675  0.010467 -1.9756 0.97949 -0.0044302 0.0052643 
6676  0.0085339 -2.0651 0.98687 -8.6976e-05 0.0052819 
6677  0.0098673 -2.0015 0.98347 0.0019486 0.0053054 
6678  0.0091339 -2.0354 0.98595 -0.0037129 0.0052581 
6679  0.0098673 -2.0015 0.98347 -0.0054887 0.0052488 
6680  0.0068671 -2.1602 0.98742 4.4603e-05 0.0052758 
6681  0.010334 -1.9812 0.98051 -0.0065486 0.0052457 
6682  0.0090006 -2.0418 0.98620 -0.0055269 0.0052482 
6683  0.0093340 -2.0259 0.98544 -0.0035164 0.0052562 
6684  0.010601 -1.9700 0.97820 -0.0041236 0.0052558 
6685  0.012868 -1.8849 0.95887 0.0082970 0.0053653 
6686  0.0089339 -2.0451 0.98633 -0.00019881 0.0052771 
6687  0.010001 -1.9956 0.98275 -0.0053036 0.0052536 
6688  0.010134 -1.9898 0.98194 0.0014027 0.0052953 
6689  0.015134 -1.8134 0.94360 0.011867 0.0054199 
6690  0.0084006 -2.0720 0.98700 -0.0015691 0.0052684 
6691  0.010534 -1.9728 0.97887 -0.0043423 0.0052559 
6692  0.0091339 -2.0354 0.98595 -0.0043231 0.0052616 
6693  0.0092673 -2.0290 0.98561 0.0031908 0.0053044 
6694  0.0084672 -2.0686 0.98693 0.0029625 0.0053011 
6695  0.0096673 -2.0105 0.98434 0.0026359 0.0053103 
6696  0.010601 -1.9700 0.97820 0.0049360 0.0053331 
6697  0.0094673 -2.0196 0.98505 0.0024038 0.0053080 
6698  0.0071338 -2.1436 0.98741 -0.0017992 0.0052607 
6699  0.011334 -1.9407 0.97032 -0.0063659 0.0052527 
6700  0.0094673 -2.0196 0.98505 -0.0037476 0.0052579 
6701  0.0097340 -2.0075 0.98406 -0.0040867 0.0052524 
6702  0.0095340 -2.0166 0.98482 -0.0027169 0.0052642 
6703  0.010267 -1.9841 0.98101 -0.0042594 0.0052550 
6704  0.0094006 -2.0227 0.98526 -0.0046463 0.0052535 
6705  0.0091339 -2.0354 0.98595 -0.0030589 0.0052582 
6706  0.012467 -1.8988 0.96097 0.0076478 0.0053690 
6707  0.011201 -1.9459 0.97182 0.0031269 0.0053168 
6708  0.0096006 -2.0135 0.98458 -0.0037522 0.0052582 
6709  0.0097340 -2.0075 0.98406 -0.0015823 0.0052747 
6710  0.012001 -1.9155 0.96442 -0.0057028 0.0052507 
6711  0.0098673 -2.0015 0.98347 0.00037828 0.0052876 
6712  0.0094673 -2.0196 0.98505 0.0033929 0.0053298 
6713  0.0096673 -2.0105 0.98434 -0.0026515 0.0052639 
6714  0.0098007 -2.0045 0.98379 -0.00031741 0.0052828 
6715  0.0089339 -2.0451 0.98633 -0.0019122 0.0052630 
6716  0.0089339 -2.0451 0.98633 0.0015447 0.0052872 
6717  0.031535 -1.4873 0.81288 0.041272 0.0058492 
6718  0.0099340 -1.9985 0.98312 -0.0052439 0.0052498 
6719  0.0096006 -2.0135 0.98458 -0.0037225 0.0052587 
6720  0.0095340 -2.0166 0.98482 -0.0038633 0.0052607 
6721  0.0094673 -2.0196 0.98505 0.0020434 0.0052952 
6722  0.013534 -1.8626 0.95436 0.010345 0.0053846 
6723  0.014601 -1.8292 0.94718 0.010493 0.0054034 
6724  0.011067 -1.9511 0.97336 -0.0033702 0.0052621 
6725  0.0084672 -2.0686 0.98693 -0.0037362 0.0052551 
6726  0.0095340 -2.0166 0.98482 0.0045386 0.0053100 
6727  0.0081339 -2.0862 0.98717 -0.0018376 0.0052641 
6728  0.0070671 -2.1477 0.98741 -0.0027624 0.0052576 
6729  0.011801 -1.9229 0.96574 0.0024464 0.0053146 
6730  0.0084672 -2.0686 0.98693 -0.0019635 0.0052694 
6731  0.012267 -1.9059 0.96242 -0.0038182 0.0052654 
6732  0.012734 -1.8895 0.95955 0.011447 0.0054341 
6733  0.010134 -1.9898 0.98194 -0.0030975 0.0052675 
6734  0.0098007 -2.0045 0.98379 -0.0036744 0.0052602 
6735  0.010534 -1.9728 0.97887 -0.0053824 0.0052540 
6736  0.010334 -1.9812 0.98051 -0.0012898 0.0052725 
6737  0.013201 -1.8736 0.95675 0.0079051 0.0053698 
6738  0.010267 -1.9841 0.98101 0.0013690 0.0053058 
6739  0.0085339 -2.0651 0.98687 -0.0016000 0.0052746 
6740  0.0086006 -2.0617 0.98679 -0.0023578 0.0052666 
6741  0.019201 -1.7082 0.91699 0.018966 0.0055110 
6742  0.010201 -1.9869 0.98149 -0.0040686 0.0052541 
6743  0.0090673 -2.0386 0.98608 -0.0039707 0.0052552 
6744  0.011601 -1.9304 0.96780 0.0071354 0.0053594 
6745  0.010067 -1.9927 0.98236 -0.00079658 0.0052832 
6746  0.010801 -1.9618 0.97621 -0.0067515 0.0052445 
6747  0.0098007 -2.0045 0.98379 -0.0015016 0.0052754 
6748  0.011401 -1.9381 0.96972 -0.0043037 0.0052553 
6749  0.0068005 -2.1645 0.98742 2.8017e-05 0.0052725 
6750  0.0096673 -2.0105 0.98434 -0.0041651 0.0052536 
6751  0.011601 -1.9304 0.96780 0.0079661 0.0053575 
6752  0.0098007 -2.0045 0.98379 -0.0047132 0.0052583 
6753  0.0096673 -2.0105 0.98434 -0.00077979 0.0052790 
6754  0.010267 -1.9841 0.98101 -0.0043490 0.0052593 
6755  0.0084006 -2.0720 0.98700 0.0028427 0.0052995 
6756  0.0098007 -2.0045 0.98379 -0.0037680 0.0052604 
6757  0.0087339 -2.0550 0.98662 0.00032713 0.0052766 
6758  0.010934 -1.9564 0.97473 -0.0031863 0.0052698 
6759  0.011601 -1.9304 0.96780 0.0061761 0.0053410 
6760  0.010867 -1.9591 0.97545 -0.0046427 0.0052558 
6761  0.0096006 -2.0135 0.98458 -0.0013516 0.0052721 
6762  0.0095340 -2.0166 0.98482 -0.0034541 0.0052619 
6763  0.011201 -1.9459 0.97182 0.0059842 0.0053399 
6764  0.010334 -1.9812 0.98051 -0.0034303 0.0052620 
6765  0.014401 -1.8353 0.94842 0.012856 0.0054162 
6766  0.0095340 -2.0166 0.98482 -0.0038281 0.0052595 
6767  0.0096006 -2.0135 0.98458 -0.0014641 0.0052773 
6768  0.0094673 -2.0196 0.98505 -0.0026878 0.0052626 
6769  0.010334 -1.9812 0.98051 0.0033951 0.0053142 
6770  0.011534 -1.9330 0.96849 -0.0060918 0.0052480 
6771  0.0084672 -2.0686 0.98693 -0.0015577 0.0052662 
6772  0.0098673 -2.0015 0.98347 -0.0013988 0.0052724 
6773  0.0096006 -2.0135 0.98458 -0.0031212 0.0052630 
6774  0.014334 -1.8374 0.94877 0.010290 0.0053868 
6775  0.0088673 -2.0483 0.98644 -0.0035809 0.0052606 
6776  0.0095340 -2.0166 0.98482 -0.0039061 0.0052579 
6777  0.050137 -1.2775 0.66723 0.073772 0.0063194 
6778  0.010401 -1.9784 0.98000 -0.0021284 0.0052718 
6779  0.0092006 -2.0322 0.98579 0.0010927 0.0052994 
6780  0.010001 -1.9956 0.98275 -0.0044123 0.0052563 
6781  0.011201 -1.9459 0.97182 -0.0035831 0.0052683 
6782  0.0080005 -2.0934 0.98723 -0.0014674 0.0052644 
6783  0.010401 -1.9784 0.98000 -0.0012518 0.0052771 
6784  0.010734 -1.9645 0.97679 -0.0053564 0.0052523 
6785  0.010134 -1.9898 0.98194 0.0021901 0.0053022 
6786  0.022135 -1.6452 0.90129 0.025589 0.0056319 
6787  0.0089339 -2.0451 0.98633 -0.00016602 0.0052759 
6788  0.0094673 -2.0196 0.98505 -0.00082346 0.0052810 
6789  0.0084672 -2.0686 0.98693 -0.00072915 0.0052827 
6790  0.0088006 -2.0516 0.98653 0.00094855 0.0052915 
6791  0.0092006 -2.0322 0.98579 -0.00065987 0.0052805 
6792  0.0092673 -2.0290 0.98561 -0.0048372 0.0052517 
6793  0.010267 -1.9841 0.98101 -0.0070371 0.0052441 
6794  0.022401 -1.6399 0.89769 0.024014 0.0055668 
6795  0.0095340 -2.0166 0.98482 -0.00096103 0.0052766 
6796  0.0098673 -2.0015 0.98347 0.0035243 0.0053125 
6797  0.011934 -1.9180 0.96486 0.0070720 0.0053681 
6798  0.010134 -1.9898 0.98194 -0.0025591 0.0052728 
6799  0.0085339 -2.0651 0.98687 -0.0026479 0.0052617 
6800  0.011201 -1.9459 0.97182 -0.0040998 0.0052631 
6801  0.0084672 -2.0686 0.98693 -0.0011388 0.0052710 
6802  0.0096006 -2.0135 0.98458 0.0011746 0.0052830 
6803  0.010334 -1.9812 0.98051 0.00060599 0.0052988 
6804  0.0080672 -2.0898 0.98720 -0.0017269 0.0052719 
6805  0.0096673 -2.0105 0.98434 -0.0013004 0.0052772 
6806  0.017735 -1.7434 0.92763 0.018259 0.0055075 
6807  0.010667 -1.9673 0.97763 -0.0015480 0.0052753 
6808  0.018801 -1.7176 0.92026 0.021441 0.0055593 
6809  0.010334 -1.9812 0.98051 -0.0047447 0.0052515 
6810  0.0094006 -2.0227 0.98526 -0.0038499 0.0052625 
6811  0.0094673 -2.0196 0.98505 -0.0036120 0.0052580 
6812  0.0091339 -2.0354 0.98595 -0.00031854 0.0052877 
6813  0.0094006 -2.0227 0.98526 -0.0061593 0.0052461 
6814  0.0076672 -2.1120 0.98734 0.00048092 0.0052838 
6815  0.010267 -1.9841 0.98101 0.00048565 0.0052929 
6816  0.0094006 -2.0227 0.98526 -0.0049428 0.0052510 
6817  0.010001 -1.9956 0.98275 -0.0047249 0.0052554 
6818  0.0081339 -2.0862 0.98717 0.0018901 0.0052888 
6819  0.010134 -1.9898 0.98194 -0.0059610 0.0052507 
6820  0.0077338 -2.1082 0.98731 -0.0021244 0.0052622 
6821  0.0084672 -2.0686 0.98693 -0.0015549 0.0052698 
6822  0.010534 -1.9728 0.97887 -0.0059801 0.0052478 
6823  0.0082672 -2.0790 0.98710 0.00023562 0.0052757 
6824  0.0094673 -2.0196 0.98505 -0.0056888 0.0052494 
6825  0.0092006 -2.0322 0.98579 -0.0030341 0.0052611 
6826  0.0090006 -2.0418 0.98620 -0.0036752 0.0052604 
6827  0.017801 -1.7418 0.92697 0.018251 0.0055157 
6828  0.0091339 -2.0354 0.98595 -0.0036983 0.0052601 
6829  0.010601 -1.9700 0.97820 -0.0038896 0.0052607 
6830  0.010667 -1.9673 0.97763 -0.0057633 0.0052524 
6831  0.011001 -1.9538 0.97401 -0.0050148 0.0052552 
6832  0.010134 -1.9898 0.98194 -0.0035287 0.0052644 
6833  0.0087339 -2.0550 0.98662 -0.0028353 0.0052560 
6834  0.010601 -1.9700 0.97820 -0.0053545 0.0052537 
6835  0.010134 -1.9898 0.98194 -0.0037956 0.0052598 
6836  0.010534 -1.9728 0.97887 0.0024715 0.0053136 
6837  0.0083339 -2.0755 0.98705 -0.0024380 0.0052625 
6838  0.010934 -1.9564 0.97473 0.0042818 0.0053262 
6839  0.0094006 -2.0227 0.98526 -0.0035062 0.0052619 
6840  0.010667 -1.9673 0.97763 -0.0046954 0.0052597 
6841  0.010667 -1.9673 0.97763 -0.0066533 0.0052498 
6842  0.0085339 -2.0651 0.98687 0.0024715 0.0052963 
6843  0.021868 -1.6506 0.90231 0.020520 0.0055124 
6844  0.010067 -1.9927 0.98236 -0.0032679 0.0052629 
6845  0.0092673 -2.0290 0.98561 0.0032704 0.0053116 
6846  0.010201 -1.9869 0.98149 0.0042605 0.0053169 
6847  0.0094673 -2.0196 0.98505 -0.0022438 0.0052698 
6848  0.010134 -1.9898 0.98194 -0.0047939 0.0052547 
6849  0.010534 -1.9728 0.97887 -0.0046846 0.0052566 
6850  0.011201 -1.9459 0.97182 -0.0051650 0.0052544 
6851  0.010267 -1.9841 0.98101 -0.0050472 0.0052506 
6852  0.0092673 -2.0290 0.98561 -0.0039376 0.0052603 
6853  0.0076672 -2.1120 0.98734 -0.0016422 0.0052658 
6854  0.010134 -1.9898 0.98194 0.00094987 0.0052874 
6855  0.0087339 -2.0550 0.98662 -0.00060761 0.0052700 
6856  0.0092006 -2.0322 0.98579 -0.0018338 0.0052745 
6857  0.0090673 -2.0386 0.98608 0.0014220 0.0052977 
6858  0.0099340 -1.9985 0.98312 -0.0042347 0.0052557 
6859  0.0086672 -2.0583 0.98670 -0.0017127 0.0052690 
6860  0.0092673 -2.0290 0.98561 -0.0028440 0.0052616 
6861  0.010267 -1.9841 0.98101 -0.00080221 0.0052754 
6862  0.015268 -1.8095 0.94279 0.011356 0.0054313 
6863  0.0095340 -2.0166 0.98482 0.0042047 0.0053245 
6864  0.010001 -1.9956 0.98275 0.0022967 0.0052986 
6865  0.0098007 -2.0045 0.98379 -0.0044508 0.0052559 
6866  0.0088673 -2.0483 0.98644 0.0024983 0.0052990 
6867  0.010667 -1.9673 0.97763 -0.0048966 0.0052570 
6868  0.0098007 -2.0045 0.98379 -0.0039884 0.0052608 
6869  0.0098007 -2.0045 0.98379 -0.0028258 0.0052638 
6870  0.0089339 -2.0451 0.98633 -0.0042008 0.0052534 
6871  0.0083339 -2.0755 0.98705 -0.0046715 0.0052515 
6872  0.0094673 -2.0196 0.98505 -0.0042360 0.0052610 
6873  0.010201 -1.9869 0.98149 -0.0045230 0.0052547 
6874  0.010467 -1.9756 0.97949 -0.0026026 0.0052729 
6875  0.0096006 -2.0135 0.98458 -0.0025137 0.0052625 
6876  0.010267 -1.9841 0.98101 -0.0039808 0.0052601 
6877  0.0094006 -2.0227 0.98526 -0.0034153 0.0052614 
6878  0.0098007 -2.0045 0.98379 0.0029293 0.0053038 
6879  0.0077338 -2.1082 0.98731 -0.0013434 0.0052653 
6880  0.010667 -1.9673 0.97763 0.0049744 0.0053191 
6881  0.0081339 -2.0862 0.98717 -0.0017431 0.0052643 
6882  0.0094006 -2.0227 0.98526 -0.0019911 0.0052646 
6883  0.0084672 -2.0686 0.98693 -0.0038564 0.0052533 
6884  0.0076672 -2.1120 0.98734 -0.0010467 0.0052651 
6885  0.013668 -1.8583 0.95352 0.012115 0.0054196 
6886  0.011534 -1.9330 0.96849 -0.0016802 0.0052829 
6887  0.010267 -1.9841 0.98101 -0.0028645 0.0052618 
6888  0.0091339 -2.0354 0.98595 -0.0044849 0.0052535 
6889  0.0094006 -2.0227 0.98526 -0.0042269 0.0052518 
6890  0.0098007 -2.0045 0.98379 -0.00080346 0.0052770 
6891  0.010934 -1.9564 0.97473 -0.0053678 0.0052549 
6892  0.010934 -1.9564 0.97473 -0.0056717 0.0052533 
6893  0.0087339 -2.0550 0.98662 -0.0033913 0.0052596 
6894  0.010267 -1.9841 0.98101 0.0038523 0.0053287 
6895  0.013401 -1.8670 0.95555 0.0087971 0.0053765 
6896  0.0096006 -2.0135 0.98458 -0.0057769 0.0052511 
6897  0.0094006 -2.0227 0.98526 0.0027253 0.0053109 
6898  0.0090006 -2.0418 0.98620 -0.0013017 0.0052698 
6899  0.016134 -1.7852 0.93735 0.013188 0.0054226 
6900  0.031269 -1.4911 0.81737 0.039219 0.0057745 
6901  0.010267 -1.9841 0.98101 -0.0014878 0.0052812 
6902  0.0079339 -2.0971 0.98726 -0.0024603 0.0052573 
6903  0.010734 -1.9645 0.97679 -0.0042959 0.0052587 
6904  0.010467 -1.9756 0.97949 0.0042593 0.0053214 
6905  0.010001 -1.9956 0.98275 -0.0048501 0.0052547 
6906  0.010067 -1.9927 0.98236 -0.0042942 0.0052566 
6907  0.0088006 -2.0516 0.98653 -0.0029937 0.0052593 
6908  0.010401 -1.9784 0.98000 -0.0028610 0.0052691 
6909  0.011734 -1.9254 0.96634 0.0077807 0.0053535 
6910  0.010134 -1.9898 0.98194 -0.0032365 0.0052618 
6911  0.0092673 -2.0290 0.98561 -0.0034706 0.0052564 
6912  0.012868 -1.8849 0.95887 0.011121 0.0054388 
6913  0.012001 -1.9155 0.96442 0.0074938 0.0053587 
6914  0.0093340 -2.0259 0.98544 -0.0032026 0.0052641 
6915  0.0095340 -2.0166 0.98482 -0.0054370 0.0052508 
6916  0.010667 -1.9673 0.97763 8.9312e-05 0.0052887 
6917  0.0094673 -2.0196 0.98505 -0.0019389 0.0052687 
6918  0.010201 -1.9869 0.98149 -0.0026115 0.0052665 
6919  0.010534 -1.9728 0.97887 0.0022603 0.0053132 
6920  0.0086672 -2.0583 0.98670 -0.0040919 0.0052538 
6921  0.0096006 -2.0135 0.98458 -0.00066626 0.0052792 
6922  0.010134 -1.9898 0.98194 -0.0033886 0.0052552 
6923  0.0090006 -2.0418 0.98620 -0.0021656 0.0052628 
6924  0.010534 -1.9728 0.97887 0.0040105 0.0053076 
6925  0.0087339 -2.0550 0.98662 -0.0025579 0.0052616 
6926  0.0090673 -2.0386 0.98608 0.0031381 0.0053055 
6927  0.011534 -1.9330 0.96849 -0.0063181 0.0052506 
6928  0.0078672 -2.1008 0.98728 -0.0021807 0.0052693 
6929  0.013401 -1.8670 0.95555 0.011692 0.0054018 
6930  0.0097340 -2.0075 0.98406 -0.0012704 0.0052676 
6931  0.010134 -1.9898 0.98194 0.0011920 0.0053037 
6932  0.011067 -1.9511 0.97336 -0.0048335 0.0052557 
6933  0.0094006 -2.0227 0.98526 -0.00055962 0.0052755 
6934  0.010601 -1.9700 0.97820 -0.0034892 0.0052608 
6935  0.010401 -1.9784 0.98000 -0.0013290 0.0052761 
6936  0.0085339 -2.0651 0.98687 -0.0011530 0.0052689 
6937  0.0095340 -2.0166 0.98482 0.00024150 0.0052948 
6938  0.010734 -1.9645 0.97679 0.0060210 0.0053383 
6939  0.0095340 -2.0166 0.98482 -0.0041339 0.0052570 
6940  0.010267 -1.9841 0.98101 -0.0024644 0.0052671 
6941  0.0094673 -2.0196 0.98505 -0.0039053 0.0052588 
6942  0.0095340 -2.0166 0.98482 -0.0038008 0.0052595 
6943  0.011401 -1.9381 0.96972 -0.0050306 0.0052516 
6944  0.0087339 -2.0550 0.98662 0.0049299 0.0053223 
6945  0.013401 -1.8670 0.95555 0.0089354 0.0053574 
6946  0.0096673 -2.0105 0.98434 -0.0014974 0.0052850 
6947  0.0097340 -2.0075 0.98406 -0.0040388 0.0052571 
6948  0.010067 -1.9927 0.98236 -0.0056528 0.0052514 
6949  0.010067 -1.9927 0.98236 -0.0041503 0.0052560 
6950  0.0090673 -2.0386 0.98608 -0.00011141 0.0052868 
6951  0.014201 -1.8415 0.94991 0.011240 0.0054017 
6952  0.0099340 -1.9985 0.98312 0.0026207 0.0053056 
6953  0.0088673 -2.0483 0.98644 -0.0032373 0.0052580 
6954  0.010267 -1.9841 0.98101 0.0038005 0.0053126 
6955  0.010401 -1.9784 0.98000 -0.0043109 0.0052538 
6956  0.010334 -1.9812 0.98051 -0.0041151 0.0052582 
6957  0.0092673 -2.0290 0.98561 -0.00077746 0.0052785 
6958  0.011667 -1.9279 0.96712 -0.0053006 0.0052517 
6959  0.0094006 -2.0227 0.98526 -0.0057081 0.0052503 
6960  0.010201 -1.9869 0.98149 -0.0052009 0.0052533 
6961  0.0095340 -2.0166 0.98482 -0.0040870 0.0052577 
6962  0.0097340 -2.0075 0.98406 -0.0049840 0.0052550 
6963  0.0092006 -2.0322 0.98579 -0.0033225 0.0052653 
6964  0.010134 -1.9898 0.98194 -0.0037037 0.0052618 
6965  0.0089339 -2.0451 0.98633 -0.0029240 0.0052592 
6966  0.010134 -1.9898 0.98194 -0.0012506 0.0052806 
6967  0.0073338 -2.1315 0.98739 0.00072838 0.0052838 
6968  0.0096006 -2.0135 0.98458 0.0030157 0.0053206 
6969  0.010134 -1.9898 0.98194 -0.0023143 0.0052691 
6970  0.010001 -1.9956 0.98275 -0.0045038 0.0052544 
6971  0.0093340 -2.0259 0.98544 -0.0042918 0.0052532 
6972  0.010601 -1.9700 0.97820 -0.0035719 0.0052653 
6973  0.0091339 -2.0354 0.98595 -0.0027822 0.0052609 
6974  0.010201 -1.9869 0.98149 -0.0042809 0.0052575 
6975  0.0092006 -2.0322 0.98579 -0.0018197 0.0052668 
6976  0.0092006 -2.0322 0.98579 -0.0018501 0.0052680 
6977  0.0098007 -2.0045 0.98379 -0.0028657 0.0052628 
6978  0.011001 -1.9538 0.97401 0.0027658 0.0053137 
6979  0.010801 -1.9618 0.97621 0.0067142 0.0053397 
6980  0.010467 -1.9756 0.97949 0.0049045 0.0053207 
6981  0.011467 -1.9355 0.96913 0.0056832 0.0053394 
6982  0.0091339 -2.0354 0.98595 -0.0031615 0.0052620 
6983  0.0089339 -2.0451 0.98633 -0.0020820 0.0052664 
6984  0.0098673 -2.0015 0.98347 -0.0040015 0.0052552 
6985  0.0091339 -2.0354 0.98595 -0.0033425 0.0052597 
6986  0.0096673 -2.0105 0.98434 0.0016468 0.0052957 
6987  0.013868 -1.8519 0.95230 0.011599 0.0054135 
6988  0.010201 -1.9869 0.98149 -0.0052242 0.0052506 
6989  0.0074005 -2.1275 0.98738 -0.0012935 0.0052750 
6990  0.0079339 -2.0971 0.98726 -0.0037468 0.0052530 
6991  0.0083339 -2.0755 0.98705 0.0026837 0.0053008 
6992  0.011734 -1.9254 0.96634 -0.0046658 0.0052589 
6993  0.010867 -1.9591 0.97545 -0.0046824 0.0052543 
6994  0.0098007 -2.0045 0.98379 -0.0031026 0.0052620 
6995  0.010134 -1.9898 0.98194 -0.00054449 0.0052819 
6996  0.0087339 -2.0550 0.98662 -0.0030085 0.0052590 
6997  0.010267 -1.9841 0.98101 -0.0047874 0.0052566 
6998  0.0078005 -2.1045 0.98730 -0.0012617 0.0052658 
6999  0.0095340 -2.0166 0.98482 -0.0016975 0.0052713 
7000  0.010001 -1.9956 0.98275 0.00024388 0.0052897 
7001  0.011667 -1.9279 0.96712 0.0019915 0.0053230 
7002  0.0074672 -2.1236 0.98737 -0.0021846 0.0052605 
7003  0.010001 -1.9956 0.98275 -0.0055099 0.0052504 
7004  0.0080672 -2.0898 0.98720 -0.0036127 0.0052538 
7005  0.010534 -1.9728 0.97887 0.0050989 0.0053179 
7006  0.017601 -1.7467 0.92953 0.017078 0.0054699 
7007  0.0098673 -2.0015 0.98347 -0.00054438 0.0052840 
7008  0.0082005 -2.0826 0.98714 -0.0036793 0.0052538 
7009  0.0087339 -2.0550 0.98662 -0.0028371 0.0052622 
7010  0.0098007 -2.0045 0.98379 -0.0051409 0.0052529 
7011  0.0084672 -2.0686 0.98693 -0.0051641 0.0052500 
7012  0.011201 -1.9459 0.97182 0.0058555 0.0053324 
7013  0.0096006 -2.0135 0.98458 -0.0059211 0.0052482 
7014  0.014601 -1.8292 0.94718 0.012126 0.0054069 
7015  0.0088006 -2.0516 0.98653 0.0019900 0.0052930 
7016  0.025735 -1.5782 0.86257 0.031659 0.0057527 
7017  0.0097340 -2.0075 0.98406 -0.0050222 0.0052505 
7018  0.0095340 -2.0166 0.98482 0.0018355 0.0052971 
7019  0.0082005 -2.0826 0.98714 -0.0044012 0.0052528 
7020  0.011334 -1.9407 0.97032 0.0055208 0.0053375 
7021  0.0084006 -2.0720 0.98700 -0.00038458 0.0052732 
7022  0.010001 -1.9956 0.98275 -0.0023639 0.0052654 
7023  0.0098007 -2.0045 0.98379 -0.0019490 0.0052677 
7024  0.010067 -1.9927 0.98236 -0.0023498 0.0052682 
7025  0.0096673 -2.0105 0.98434 -0.0068277 0.0052469 
7026  0.0079339 -2.0971 0.98726 -0.0025427 0.0052597 
7027  0.0098673 -2.0015 0.98347 -0.0015859 0.0052668 
7028  0.0091339 -2.0354 0.98595 0.0016380 0.0052887 
7029  0.0092006 -2.0322 0.98579 -0.0057751 0.0052515 
7030  0.013134 -1.8759 0.95719 0.0099445 0.0053701 
7031  0.0093340 -2.0259 0.98544 -0.0031505 0.0052674 
7032  0.0090006 -2.0418 0.98620 -0.0024200 0.0052630 
7033  0.011601 -1.9304 0.96780 0.0029762 0.0053201 
7034  0.0083339 -2.0755 0.98705 0.0019928 0.0052985 
7035  0.0090006 -2.0418 0.98620 -6.4968e-06 0.0052863 
7036  0.010267 -1.9841 0.98101 -0.0038891 0.0052594 
7037  0.0086672 -2.0583 0.98670 -0.0029610 0.0052579 
7038  0.0092673 -2.0290 0.98561 -0.00051294 0.0052735 
7039  0.010934 -1.9564 0.97473 0.0067990 0.0053411 
7040  0.0095340 -2.0166 0.98482 -0.0036595 0.0052604 
7041  0.0084006 -2.0720 0.98700 -0.0031849 0.0052612 
7042  0.010667 -1.9673 0.97763 -0.0029622 0.0052634 
7043  0.0094006 -2.0227 0.98526 -0.0025792 0.0052688 
7044  0.0090006 -2.0418 0.98620 -0.0022669 0.0052676 
7045  0.011267 -1.9433 0.97107 0.0050977 0.0053428 
7046  0.0086672 -2.0583 0.98670 0.0031871 0.0053110 
7047  0.010267 -1.9841 0.98101 -0.0032593 0.0052580 
7048  0.0094673 -2.0196 0.98505 -0.0032386 0.0052573 
7049  0.010201 -1.9869 0.98149 0.00014503 0.0052841 
7050  0.0099340 -1.9985 0.98312 -0.00092178 0.0052792 
7051  0.013601 -1.8605 0.95395 0.011231 0.0054024 
7052  0.010867 -1.9591 0.97545 0.0039048 0.0053284 
7053  0.0092006 -2.0322 0.98579 -0.0038965 0.0052574 
7054  0.0094673 -2.0196 0.98505 -0.0040319 0.0052544 
7055  0.0084672 -2.0686 0.98693 -0.0031756 0.0052576 
7056  0.010601 -1.9700 0.97820 -0.0035995 0.0052649 
7057  0.0092673 -2.0290 0.98561 -0.0033287 0.0052601 
7058  0.012201 -1.9083 0.96281 0.0080790 0.0053592 
7059  0.022201 -1.6439 0.89917 0.025812 0.0056034 
7060  0.0084672 -2.0686 0.98693 0.0011991 0.0052908 
7061  0.0082672 -2.0790 0.98710 -0.00092856 0.0052763 
7062  0.014668 -1.8272 0.94681 0.012495 0.0054111 
7063  0.0092006 -2.0322 0.98579 -0.0027081 0.0052642 
7064  0.011201 -1.9459 0.97182 0.0038731 0.0053285 
7065  0.012534 -1.8964 0.96060 0.0084091 0.0053613 
7066  0.011601 -1.9304 0.96780 0.0053532 0.0053371 
7067  0.010601 -1.9700 0.97820 -0.0026976 0.0052639 
7068  0.0098673 -2.0015 0.98347 -0.0036267 0.0052604 
7069  0.0068005 -2.1645 0.98742 -0.00092262 0.0052683 
7070  0.0071338 -2.1436 0.98741 -0.00094983 0.0052663 
7071  0.041669 -1.3617 0.73263 0.058948 0.0061058 
7072  0.011534 -1.9330 0.96849 0.0032199 0.0053169 
7073  0.0095340 -2.0166 0.98482 -0.0049959 0.0052505 
7074  0.0098007 -2.0045 0.98379 -0.0018564 0.0052731 
7075  0.0093340 -2.0259 0.98544 -0.0016744 0.0052655 
7076  0.0092006 -2.0322 0.98579 -0.0046497 0.0052511 
7077  0.010734 -1.9645 0.97679 -0.0031331 0.0052673 
7078  0.010667 -1.9673 0.97763 0.0052917 0.0053202 
7079  0.0088673 -2.0483 0.98644 -0.0024017 0.0052645 
7080  0.0097340 -2.0075 0.98406 0.0035692 0.0053097 
7081  0.010334 -1.9812 0.98051 -0.0020899 0.0052680 
7082  0.0090006 -2.0418 0.98620 -0.0034790 0.0052567 
7083  0.014201 -1.8415 0.94991 0.010078 0.0053753 
7084  0.0096673 -2.0105 0.98434 -0.0046808 0.0052539 
7085  0.010134 -1.9898 0.98194 -0.0052250 0.0052503 
7086  0.0095340 -2.0166 0.98482 -0.00056863 0.0052861 
7087  0.010134 -1.9898 0.98194 -0.0066548 0.0052469 
7088  0.0093340 -2.0259 0.98544 -0.0032518 0.0052603 
7089  0.0090673 -2.0386 0.98608 -0.0021923 0.0052646 
7090  0.0072005 -2.1395 0.98740 -0.00053764 0.0052714 
7091  0.0094006 -2.0227 0.98526 0.0015512 0.0052965 
7092  0.010401 -1.9784 0.98000 0.0024138 0.0053229 
7093  0.0099340 -1.9985 0.98312 -0.0023684 0.0052701 
7094  0.0084672 -2.0686 0.98693 -0.0032854 0.0052567 
7095  0.010001 -1.9956 0.98275 -0.0019068 0.0052700 
7096  0.010667 -1.9673 0.97763 -0.0035510 0.0052643 
7097  0.0086006 -2.0617 0.98679 -0.00019969 0.0052824 
7098  0.0090006 -2.0418 0.98620 -0.0044081 0.0052523 
7099  0.0097340 -2.0075 0.98406 -0.0035225 0.0052666 
7100  0.0097340 -2.0075 0.98406 -0.0055502 0.0052493 
7101  0.0091339 -2.0354 0.98595 -0.0049235 0.0052517 
7102  0.010801 -1.9618 0.97621 0.0032133 0.0053161 
7103  0.0091339 -2.0354 0.98595 -0.00090831 0.0052706 
7104  0.0086672 -2.0583 0.98670 -0.0031240 0.0052607 
7105  0.010001 -1.9956 0.98275 -0.0038559 0.0052585 
7106  0.0072672 -2.1355 0.98739 -0.0014374 0.0052651 
7107  0.0069338 -2.1560 0.98742 -0.0012125 0.0052657 
7108  0.015534 -1.8019 0.94128 0.012556 0.0054194 
7109  0.010801 -1.9618 0.97621 -0.0054890 0.0052506 
7110  0.0092006 -2.0322 0.98579 -0.0059306 0.0052458 
7111  0.011334 -1.9407 0.97032 -0.0064637 0.0052486 
7112  0.013334 -1.8692 0.95612 0.010169 0.0053841 
7113  0.010134 -1.9898 0.98194 -0.0058662 0.0052457 
7114  0.0084006 -2.0720 0.98700 -0.0023693 0.0052604 
7115  0.010867 -1.9591 0.97545 -0.0035954 0.0052633 
7116  0.0088006 -2.0516 0.98653 -0.0053977 0.0052536 
7117  0.011067 -1.9511 0.97336 -0.0048612 0.0052552 
7118  0.0092673 -2.0290 0.98561 -0.0050458 0.0052510 
7119  0.0091339 -2.0354 0.98595 -0.0028174 0.0052617 
7120  0.0074005 -2.1275 0.98738 -0.0036568 0.0052536 
7121  0.0099340 -1.9985 0.98312 -0.0017932 0.0052671 
7122  0.019001 -1.7129 0.91920 0.019774 0.0055177 
7123  0.0085339 -2.0651 0.98687 -0.0022552 0.0052612 
7124  0.0096006 -2.0135 0.98458 -0.0035017 0.0052623 
7125  0.010067 -1.9927 0.98236 -0.0026619 0.0052619 
7126  0.010467 -1.9756 0.97949 -0.0044441 0.0052568 
7127  0.0086672 -2.0583 0.98670 -0.0015967 0.0052626 
7128  0.010734 -1.9645 0.97679 0.0042923 0.0053381 
7129  0.011001 -1.9538 0.97401 0.0063454 0.0053402 
7130  0.0088006 -2.0516 0.98653 -0.0017230 0.0052681 
7131  0.0096006 -2.0135 0.98458 -0.0029981 0.0052640 
7132  0.0097340 -2.0075 0.98406 -0.0041560 0.0052538 
7133  0.010067 -1.9927 0.98236 -0.0036622 0.0052616 
7134  0.0088673 -2.0483 0.98644 -0.0016523 0.0052689 
7135  0.0096673 -2.0105 0.98434 -0.0036678 0.0052573 
7136  0.010001 -1.9956 0.98275 -0.0022446 0.0052740 
7137  0.0090673 -2.0386 0.98608 -0.0044433 0.0052518 
7138  0.012134 -1.9107 0.96319 0.0089669 0.0053730 
7139  0.011934 -1.9180 0.96486 0.0074978 0.0053657 
7140  0.0099340 -1.9985 0.98312 -0.00077283 0.0052790 
7141  0.011867 -1.9205 0.96531 0.0089121 0.0053735 
7142  0.0088006 -2.0516 0.98653 0.00038355 0.0052866 
7143  0.010467 -1.9756 0.97949 3.8140e-05 0.0052881 
7144  0.0089339 -2.0451 0.98633 -0.0032222 0.0052624 
7145  0.0092006 -2.0322 0.98579 -0.0029251 0.0052591 
7146  0.015601 -1.8000 0.94068 0.011686 0.0053898 
7147  0.010334 -1.9812 0.98051 0.0033920 0.0053089 
7148  0.011667 -1.9279 0.96712 0.0088308 0.0053778 
7149  0.0093340 -2.0259 0.98544 -0.0026455 0.0052653 
7150  0.0081339 -2.0862 0.98717 -0.00049834 0.0052756 
7151  0.0083339 -2.0755 0.98705 0.00062470 0.0052868 
7152  0.011934 -1.9180 0.96486 0.0074152 0.0053488 
7153  0.0092673 -2.0290 0.98561 -0.0033327 0.0052599 
7154  0.012734 -1.8895 0.95955 0.0075574 0.0053508 
7155  0.0088673 -2.0483 0.98644 -0.0013806 0.0052723 
7156  0.013334 -1.8692 0.95612 0.010093 0.0053780 
7157  0.0094006 -2.0227 0.98526 -0.0030944 0.0052607 
7158  0.0094673 -2.0196 0.98505 -0.0052681 0.0052506 
7159  0.0095340 -2.0166 0.98482 -0.0050093 0.0052561 
7160  0.0085339 -2.0651 0.98687 0.00010504 0.0052743 
7161  0.0092006 -2.0322 0.98579 0.0025257 0.0052979 
7162  0.010734 -1.9645 0.97679 -0.0045913 0.0052568 
7163  0.010267 -1.9841 0.98101 -0.0036393 0.0052569 
7164  0.010067 -1.9927 0.98236 0.0011431 0.0053025 
7165  0.0088673 -2.0483 0.98644 -0.0028896 0.0052617 
7166  0.0095340 -2.0166 0.98482 -0.0056740 0.0052487 
7167  0.010267 -1.9841 0.98101 0.0064730 0.0053416 
7168  0.0093340 -2.0259 0.98544 -0.0015017 0.0052762 
7169  0.0083339 -2.0755 0.98705 -0.0012638 0.0052741 
7170  0.0097340 -2.0075 0.98406 -0.0026865 0.0052705 
7171  0.033336 -1.4624 0.79957 0.043958 0.0059080 
7172  0.0091339 -2.0354 0.98595 -0.00078893 0.0052817 
7173  0.0084672 -2.0686 0.98693 -0.0027090 0.0052596 
7174  0.0088006 -2.0516 0.98653 -0.0036403 0.0052604 
7175  0.0098673 -2.0015 0.98347 -0.0016094 0.0052789 
7176  0.0082672 -2.0790 0.98710 -0.0030223 0.0052584 
7177  0.025868 -1.5758 0.86024 0.030687 0.0056718 
7178  0.0096006 -2.0135 0.98458 0.0031657 0.0053037 
7179  0.010467 -1.9756 0.97949 0.00064315 0.0052952 
7180  0.0080005 -2.0934 0.98723 -0.00035256 0.0052737 
7181  0.012467 -1.8988 0.96097 0.0086835 0.0053687 
7182  0.0090006 -2.0418 0.98620 0.0027546 0.0053031 
7183  0.010067 -1.9927 0.98236 -0.0017149 0.0052699 
7184  0.011201 -1.9459 0.97182 -0.0041176 0.0052609 
7185  0.0068005 -2.1645 0.98742 -0.0027651 0.0052563 
7186  0.010001 -1.9956 0.98275 -0.00066974 0.0052836 
7187  0.010667 -1.9673 0.97763 0.0016392 0.0053102 
7188  0.010667 -1.9673 0.97763 -0.0070105 0.0052444 
7189  0.011201 -1.9459 0.97182 0.0030742 0.0053099 
7190  0.0099340 -1.9985 0.98312 -0.0060928 0.0052501 
7191  0.0094006 -2.0227 0.98526 -0.0046879 0.0052513 
7192  0.0083339 -2.0755 0.98705 -0.0020149 0.0052648 
7193  0.0095340 -2.0166 0.98482 -0.0035877 0.0052587 
7194  0.0088006 -2.0516 0.98653 -0.0040928 0.0052558 
7195  0.010334 -1.9812 0.98051 -0.0033410 0.0052582 
7196  0.010401 -1.9784 0.98000 0.0074068 0.0053571 
7197  0.0094673 -2.0196 0.98505 0.00017869 0.0052897 
7198  0.011667 -1.9279 0.96712 -0.0037348 0.0052637 
7199  0.010334 -1.9812 0.98051 -0.0051100 0.0052514 
7200  0.010334 -1.9812 0.98051 -0.0046706 0.0052519 
7201  0.013334 -1.8692 0.95612 0.010187 0.0053976 
7202  0.010134 -1.9898 0.98194 -0.0065928 0.0052447 
7203  0.010067 -1.9927 0.98236 -0.0053063 0.0052532 
7204  0.011334 -1.9407 0.97032 -0.0013341 0.0052783 
7205  0.011067 -1.9511 0.97336 0.0044204 0.0053150 
7206  0.0090006 -2.0418 0.98620 -0.0029192 0.0052619 
7207  0.0084006 -2.0720 0.98700 0.0014011 0.0053050 
7208  0.0091339 -2.0354 0.98595 -0.0029683 0.0052601 
7209  0.0081339 -2.0862 0.98717 -0.0024455 0.0052590 
7210  0.0084006 -2.0720 0.98700 -0.0015309 0.0052714 
7211  0.012801 -1.8872 0.95918 0.0067632 0.0053682 
7212  0.0087339 -2.0550 0.98662 -0.0040227 0.0052541 
7213  0.018135 -1.7335 0.92506 0.019791 0.0055456 
7214  0.0099340 -1.9985 0.98312 -0.0046582 0.0052569 
7215  0.010067 -1.9927 0.98236 -0.0034855 0.0052622 
7216  0.011601 -1.9304 0.96780 0.0041320 0.0053179 
7217  0.0097340 -2.0075 0.98406 -2.6309e-05 0.0052909 
7218  0.0091339 -2.0354 0.98595 -0.0034004 0.0052599 
7219  0.011601 -1.9304 0.96780 -0.0059191 0.0052506 
7220  0.0095340 -2.0166 0.98482 0.0023453 0.0053080 
7221  0.011267 -1.9433 0.97107 -0.0051089 0.0052525 
7222  0.0098673 -2.0015 0.98347 0.0013328 0.0053012 
7223  0.010134 -1.9898 0.98194 0.0011004 0.0053049 
7224  0.010867 -1.9591 0.97545 0.0026019 0.0053204 
7225  0.0091339 -2.0354 0.98595 -0.0031938 0.0052589 
7226  0.011067 -1.9511 0.97336 -0.0046210 0.0052539 
7227  0.011667 -1.9279 0.96712 0.0067182 0.0053407 
7228  0.010467 -1.9756 0.97949 0.0024232 0.0053181 
7229  0.011801 -1.9229 0.96574 -0.0064429 0.0052486 
7230  0.010601 -1.9700 0.97820 0.0029877 0.0053184 
7231  0.078005 -1.0726 0.47569 0.12710 0.0071880 
7232  0.010401 -1.9784 0.98000 -0.0050539 0.0052521 
7233  0.0094673 -2.0196 0.98505 -0.0027823 0.0052647 
7234  0.010667 -1.9673 0.97763 -0.00016174 0.0052857 
7235  0.011001 -1.9538 0.97401 -0.0048945 0.0052556 
7236  0.0086672 -2.0583 0.98670 0.00010345 0.0052762 
7237  0.011534 -1.9330 0.96849 -0.0055463 0.0052505 
7238  0.0092673 -2.0290 0.98561 -0.0020843 0.0052651 
7239  0.010001 -1.9956 0.98275 -0.0020025 0.0052658 
7240  0.010201 -1.9869 0.98149 0.00072709 0.0052930 
7241  0.011067 -1.9511 0.97336 0.0023986 0.0053059 
7242  0.010867 -1.9591 0.97545 -0.0055672 0.0052493 
7243  0.010534 -1.9728 0.97887 0.0038677 0.0053279 
7244  0.0085339 -2.0651 0.98687 -0.00064826 0.0052728 
7245  0.0090006 -2.0418 0.98620 -0.0041968 0.0052583 
7246  0.011201 -1.9459 0.97182 -0.0047324 0.0052545 
7247  0.0089339 -2.0451 0.98633 -0.00070945 0.0052796 
7248  0.010201 -1.9869 0.98149 -0.0041718 0.0052568 
7249  0.0085339 -2.0651 0.98687 0.00057727 0.0052888 
7250  0.0081339 -2.0862 0.98717 -0.0014916 0.0052681 
7251  0.022135 -1.6452 0.90129 0.024535 0.0055818 
7252  0.010267 -1.9841 0.98101 0.0050052 0.0053222 
7253  0.012267 -1.9059 0.96242 0.0066700 0.0053375 
7254  0.0088673 -2.0483 0.98644 0.0018743 0.0052921 
7255  0.0092673 -2.0290 0.98561 -0.0020193 0.0052727 
7256  0.0095340 -2.0166 0.98482 0.0026820 0.0053026 
7257  0.012067 -1.9131 0.96381 -0.0054277 0.0052530 
7258  0.011667 -1.9279 0.96712 0.0044237 0.0053324 
7259  0.010201 -1.9869 0.98149 -0.0034353 0.0052601 
7260  0.010267 -1.9841 0.98101 -0.0054331 0.0052550 
7261  0.0093340 -2.0259 0.98544 -0.0032555 0.0052586 
7262  0.010001 -1.9956 0.98275 -0.0042083 0.0052587 
7263  0.0083339 -2.0755 0.98705 -0.0025663 0.0052624 
7264  0.016201 -1.7834 0.93712 0.013430 0.0054360 
7265  0.0090006 -2.0418 0.98620 -0.0043040 0.0052537 
7266  0.011267 -1.9433 0.97107 0.00046457 0.0052992 
7267  1.0000 1000.0 0.0000 3.4935 0.12699 
7268  1.0000 1000.0 0.0000 3.4829 0.12615 
7269  0.0098007 -2.0045 0.98379 -0.0051368 0.0052551 
7270  0.0086672 -2.0583 0.98670 -0.0026221 0.0052678 
7271  0.015334 -1.8076 0.94205 0.014151 0.0054318 
7272  0.010867 -1.9591 0.97545 0.0030915 0.0053211 
7273  0.0079339 -2.0971 0.98726 -0.0016104 0.0052690 
7274  0.014268 -1.8394 0.94952 0.011318 0.0054156 
7275  0.0090006 -2.0418 0.98620 4.3729e-05 0.0052817 
7276  0.010401 -1.9784 0.98000 -0.0032337 0.0052614 
7277  0.0086672 -2.0583 0.98670 -0.0054681 0.0052521 
7278  0.011801 -1.9229 0.96574 0.0031065 0.0053212 
7279  0.0090006 -2.0418 0.98620 -0.0031540 0.0052563 
7280  0.0083339 -2.0755 0.98705 -0.0017340 0.0052656 
7281  0.0095340 -2.0166 0.98482 0.0018924 0.0053035 
7282  0.010601 -1.9700 0.97820 -0.00076855 0.0052870 
7283  0.0089339 -2.0451 0.98633 -0.0014498 0.0052768 
7284  0.0092673 -2.0290 0.98561 0.00022682 0.0052827 
7285  0.0090673 -2.0386 0.98608 -0.0027089 0.0052619 
7286  0.0080672 -2.0898 0.98720 -0.0020030 0.0052651 
7287  0.0086672 -2.0583 0.98670 -0.0021998 0.0052632 
7288  0.0092673 -2.0290 0.98561 0.0012249 0.0052849 
7289  0.010001 -1.9956 0.98275 0.00053042 0.0052913 
7290  0.0080672 -2.0898 0.98720 0.00081674 0.0052920 
7291  0.010467 -1.9756 0.97949 0.0014075 0.0052998 
7292  0.012267 -1.9059 0.96242 0.0038042 0.0053170 
7293  0.019335 -1.7052 0.91630 0.021133 0.0055319 
7294  0.010201 -1.9869 0.98149 -0.0040648 0.0052563 
7295  0.011467 -1.9355 0.96913 0.00082985 0.0053020 
7296  0.010134 -1.9898 0.98194 0.0012473 0.0053070 
7297  0.010467 -1.9756 0.97949 0.0061265 0.0053300 
7298  0.012067 -1.9131 0.96381 0.0072196 0.0053653 
7299  0.0085339 -2.0651 0.98687 -0.00085247 0.0052764 
7300  0.0090006 -2.0418 0.98620 -0.00025014 0.0052784 
7301  0.010201 -1.9869 0.98149 -0.0038003 0.0052565 
7302  0.010401 -1.9784 0.98000 -0.00033916 0.0052858 
7303  0.0098673 -2.0015 0.98347 -0.0035506 0.0052599 
7304  0.010134 -1.9898 0.98194 -0.0015282 0.0052682 
7305  0.0098007 -2.0045 0.98379 -0.00084415 0.0052727 
7306  0.0087339 -2.0550 0.98662 3.1433e-05 0.0052752 
7307  0.010001 -1.9956 0.98275 -0.0048716 0.0052500 
7308  0.0090006 -2.0418 0.98620 -0.0019517 0.0052735 
7309  0.0090006 -2.0418 0.98620 -0.0031244 0.0052594 
7310  0.018668 -1.7207 0.92148 0.018598 0.0054978 
7311  0.010867 -1.9591 0.97545 -0.0033795 0.0052581 
7312  0.011001 -1.9538 0.97401 0.0040982 0.0053258 
7313  0.016534 -1.7744 0.93507 0.014277 0.0054390 
7314  0.0088006 -2.0516 0.98653 -0.0042378 0.0052564 
7315  0.010001 -1.9956 0.98275 -0.0047007 0.0052562 
7316  0.0092006 -2.0322 0.98579 -0.0014723 0.0052708 
7317  0.010467 -1.9756 0.97949 -0.0053262 0.0052525 
7318  0.0090673 -2.0386 0.98608 -0.0017096 0.0052742 
7319  0.024602 -1.5982 0.87833 0.027737 0.0056082 
7320  0.0098673 -2.0015 0.98347 -0.0026350 0.0052653 
7321  0.011001 -1.9538 0.97401 -0.0066996 0.0052439 
7322  0.027335 -1.5512 0.85085 0.031523 0.0056840 
7323  0.0097340 -2.0075 0.98406 -0.0050505 0.0052536 
7324  0.010734 -1.9645 0.97679 -0.0056430 0.0052525 
7325  0.0092673 -2.0290 0.98561 0.0011102 0.0052962 
7326  0.011467 -1.9355 0.96913 0.0018893 0.0053052 
7327  0.0097340 -2.0075 0.98406 0.0040645 0.0053216 
7328  0.0096673 -2.0105 0.98434 -0.00061909 0.0052793 
7329  0.0091339 -2.0354 0.98595 0.0027294 0.0053065 
7330  0.0097340 -2.0075 0.98406 -0.0022822 0.0052683 
7331  0.0093340 -2.0259 0.98544 -0.0033903 0.0052566 
7332  0.018668 -1.7207 0.92148 0.020480 0.0056057 
7333  0.0097340 -2.0075 0.98406 -0.0033027 0.0052631 
7334  0.0087339 -2.0550 0.98662 -0.0022141 0.0052603 
7335  0.012601 -1.8941 0.96017 0.0059743 0.0053539 
7336  0.010067 -1.9927 0.98236 -0.0055207 0.0052498 
7337  0.010734 -1.9645 0.97679 0.0019586 0.0053135 
7338  0.012467 -1.8988 0.96097 0.0090533 0.0053648 
7339  0.0098673 -2.0015 0.98347 -0.0042991 0.0052528 
7340  0.0071338 -2.1436 0.98741 -0.00039512 0.0052736 
7341  0.0099340 -1.9985 0.98312 -0.0035513 0.0052632 
7342  0.0094673 -2.0196 0.98505 -0.0033114 0.0052652 
7343  0.010667 -1.9673 0.97763 0.0010926 0.0053034 
7344  0.0092006 -2.0322 0.98579 -0.0039892 0.0052583 
7345  0.0091339 -2.0354 0.98595 -0.0028849 0.0052674 
7346  0.0084672 -2.0686 0.98693 -0.0024757 0.0052634 
7347  0.0074005 -2.1275 0.98738 -0.0034723 0.0052580 
7348  0.0089339 -2.0451 0.98633 -0.0037983 0.0052556 
7349  0.0098673 -2.0015 0.98347 -0.00022297 0.0052843 
7350  0.0092006 -2.0322 0.98579 -0.0014443 0.0052702 
7351  0.010534 -1.9728 0.97887 -0.0014480 0.0052851 
7352  0.010067 -1.9927 0.98236 -0.0065565 0.0052486 
7353  0.0092673 -2.0290 0.98561 -0.0033599 0.0052608 
7354  0.0097340 -2.0075 0.98406 -0.0033534 0.0052600 
7355  0.0082005 -2.0826 0.98714 -0.0045551 0.0052522 
7356  0.0092006 -2.0322 0.98579 0.0028873 0.0053055 
7357  0.010667 -1.9673 0.97763 -0.0036308 0.0052583 
7358  0.010067 -1.9927 0.98236 -0.0032282 0.0052640 
7359  0.0097340 -2.0075 0.98406 -0.0051180 0.0052498 
7360  0.0091339 -2.0354 0.98595 0.0037434 0.0053113 
7361  0.0094006 -2.0227 0.98526 0.00055974 0.0052836 
7362  0.0082005 -2.0826 0.98714 -0.00064362 0.0052750 
7363  0.0088006 -2.0516 0.98653 -0.0035046 0.0052549 
7364  0.0095340 -2.0166 0.98482 -0.0056348 0.0052476 
7365  0.010734 -1.9645 0.97679 -0.0036100 0.0052591 
7366  0.0084006 -2.0720 0.98700 0.0024876 0.0052995 
7367  0.011267 -1.9433 0.97107 -0.0063368 0.0052543 
7368  0.042870 -1.3488 0.72191 0.064167 0.0062653 
7369  0.0095340 -2.0166 0.98482 -0.0041823 0.0052565 
7370  0.0084006 -2.0720 0.98700 -0.0018603 0.0052644 
7371  0.0080005 -2.0934 0.98723 -0.0024582 0.0052606 
7372  0.0094673 -2.0196 0.98505 -0.0030817 0.0052604 
7373  0.0096006 -2.0135 0.98458 -0.0025178 0.0052663 
7374  0.010467 -1.9756 0.97949 0.0030671 0.0053148 
7375  0.0090673 -2.0386 0.98608 -0.0024970 0.0052625 
7376  0.010601 -1.9700 0.97820 -0.0045100 0.0052571 
7377  0.011267 -1.9433 0.97107 0.0063429 0.0053285 
7378  0.010001 -1.9956 0.98275 0.0059224 0.0053272 
7379  0.010467 -1.9756 0.97949 -0.0024305 0.0052681 
7380  0.014734 -1.8252 0.94627 0.013438 0.0054119 
7381  0.0084672 -2.0686 0.98693 0.00044457 0.0052850 
7382  0.0090673 -2.0386 0.98608 0.0032959 0.0053125 
7383  0.0090673 -2.0386 0.98608 -0.0017071 0.0052714 
7384  0.0096673 -2.0105 0.98434 -0.0047076 0.0052510 
7385  0.010001 -1.9956 0.98275 -0.0036705 0.0052606 
7386  0.0099340 -1.9985 0.98312 0.0010551 0.0052835 
7387  0.011067 -1.9511 0.97336 0.0020941 0.0053077 
7388  0.0098673 -2.0015 0.98347 0.0040404 0.0053249 
7389  0.0075338 -2.1197 0.98736 -0.0017764 0.0052652 
7390  0.046670 -1.3102 0.69267 0.081768 0.0067920 
7391  0.0084006 -2.0720 0.98700 -0.0028736 0.0052583 
7392  0.010134 -1.9898 0.98194 -0.0042859 0.0052596 
7393  0.0085339 -2.0651 0.98687 -0.0019500 0.0052648 
7394  0.011601 -1.9304 0.96780 0.0076776 0.0053609 
7395  0.0089339 -2.0451 0.98633 -0.0034192 0.0052583 
7396  0.012267 -1.9059 0.96242 0.0057184 0.0053467 
7397  0.0098673 -2.0015 0.98347 -0.0035691 0.0052565 
7398  0.0091339 -2.0354 0.98595 -0.0020435 0.0052671 
7399  0.010201 -1.9869 0.98149 -0.0055137 0.0052515 
7400  0.0085339 -2.0651 0.98687 -0.0012917 0.0052750 
7401  0.0088673 -2.0483 0.98644 0.0015799 0.0052911 
7402  0.011134 -1.9485 0.97262 0.0059722 0.0053472 
7403  0.010867 -1.9591 0.97545 0.0012158 0.0053039 
7404  0.0088673 -2.0483 0.98644 -0.0024428 0.0052691 
7405  0.010267 -1.9841 0.98101 -0.0045476 0.0052560 
7406  0.0086006 -2.0617 0.98679 -0.0028835 0.0052607 
7407  0.0088673 -2.0483 0.98644 -0.0054986 0.0052473 
7408  0.010401 -1.9784 0.98000 -0.0064406 0.0052461 
7409  0.011067 -1.9511 0.97336 0.0045239 0.0053281 
7410  0.0098673 -2.0015 0.98347 -0.0033055 0.0052632 
7411  0.0091339 -2.0354 0.98595 -0.0042662 0.0052526 
7412  0.010067 -1.9927 0.98236 -0.0050063 0.0052538 
7413  0.011201 -1.9459 0.97182 0.0020989 0.0053201 
7414  0.0097340 -2.0075 0.98406 -0.0026051 0.0052636 
7415  0.0092673 -2.0290 0.98561 -0.0011241 0.0052676 
7416  0.0098673 -2.0015 0.98347 -0.0021595 0.0052727 
7417  0.0096006 -2.0135 0.98458 -0.0041369 0.0052561 
7418  0.012334 -1.9035 0.96201 0.0081871 0.0053555 
7419  0.0097340 -2.0075 0.98406 0.00029950 0.0053038 
7420  0.0094673 -2.0196 0.98505 0.0011411 0.0052894 
7421  0.0096006 -2.0135 0.98458 -0.0032927 0.0052660 
7422  0.0098007 -2.0045 0.98379 0.0020705 0.0052963 
7423  0.010201 -1.9869 0.98149 -0.0047048 0.0052549 
7424  0.0081339 -2.0862 0.98717 -0.0018512 0.0052682 
7425  0.023535 -1.6179 0.88901 0.025586 0.0056040 
7426  0.010801 -1.9618 0.97621 0.00013712 0.0052877 
7427  0.010534 -1.9728 0.97887 -0.0064532 0.0052477 
7428  0.012601 -1.8941 0.96017 0.0084652 0.0053666 
7429  0.0087339 -2.0550 0.98662 -0.0033545 0.0052591 
7430  0.017134 -1.7586 0.93159 0.016747 0.0054729 
7431  0.0085339 -2.0651 0.98687 -0.0018515 0.0052631 
7432  0.012601 -1.8941 0.96017 0.0090114 0.0053725 
7433  0.0092673 -2.0290 0.98561 -0.0038854 0.0052568 
7434  0.010334 -1.9812 0.98051 -0.0054655 0.0052502 
7435  0.0085339 -2.0651 0.98687 0.0027732 0.0052962 
7436  0.010134 -1.9898 0.98194 -0.0043688 0.0052546 
7437  0.0096673 -2.0105 0.98434 0.0031527 0.0053019 
7438  0.0094006 -2.0227 0.98526 -0.0040452 0.0052575 
7439  0.012201 -1.9083 0.96281 -0.0056239 0.0052520 
7440  0.0086672 -2.0583 0.98670 0.00011749 0.0052824 
7441  0.012067 -1.9131 0.96381 0.0088322 0.0053712 
7442  0.0092006 -2.0322 0.98579 -0.0011752 0.0052688 
7443  0.010667 -1.9673 0.97763 0.0022823 0.0053159 
7444  0.0099340 -1.9985 0.98312 -0.0055633 0.0052454 
7445  0.0090673 -2.0386 0.98608 -0.0030439 0.0052580 
7446  0.0078005 -2.1045 0.98730 -0.0029069 0.0052612 
7447  0.011201 -1.9459 0.97182 0.0063415 0.0053335 
7448  0.0088673 -2.0483 0.98644 0.0017861 0.0052918 
7449  0.0092006 -2.0322 0.98579 -0.00016140 0.0052811 
7450  0.012267 -1.9059 0.96242 -0.0076567 0.0052462 
7451  0.0086672 -2.0583 0.98670 -0.0037345 0.0052576 
7452  0.0092006 -2.0322 0.98579 -0.0024593 0.0052696 
7453  0.0087339 -2.0550 0.98662 -0.0039364 0.0052557 
7454  0.0094673 -2.0196 0.98505 0.00023641 0.0052884 
7455  0.0088673 -2.0483 0.98644 0.0021147 0.0053066 
7456  0.010134 -1.9898 0.98194 0.0053014 0.0053206 
7457  0.010334 -1.9812 0.98051 -0.0022259 0.0052719 
7458  0.0096006 -2.0135 0.98458 -0.0045713 0.0052545 
7459  0.010001 -1.9956 0.98275 -0.0037947 0.0052575 
7460  0.0096006 -2.0135 0.98458 0.0013386 0.0052911 
7461  0.0082005 -2.0826 0.98714 0.00050592 0.0052827 
7462  0.0086672 -2.0583 0.98670 -0.0031027 0.0052581 
7463  0.0099340 -1.9985 0.98312 0.0041142 0.0053121 
7464  0.0093340 -2.0259 0.98544 -0.0051353 0.0052488 
7465  0.011001 -1.9538 0.97401 -0.0018718 0.0052789 
7466  0.0093340 -2.0259 0.98544 -0.0044434 0.0052514 
7467  0.010001 -1.9956 0.98275 -0.0050745 0.0052518 
7468  0.0089339 -2.0451 0.98633 0.00080507 0.0052837 
7469  0.0092673 -2.0290 0.98561 -0.0042579 0.0052543 
7470  0.0092006 -2.0322 0.98579 -0.0039850 0.0052563 
7471  0.0093340 -2.0259 0.98544 -0.00066090 0.0052727 
7472  0.0096673 -2.0105 0.98434 -0.0021923 0.0052671 
7473  0.012134 -1.9107 0.96319 0.0066298 0.0053494 
7474  0.0088673 -2.0483 0.98644 -0.0024823 0.0052653 
7475  0.013401 -1.8670 0.95555 0.0086665 0.0054203 
7476  0.0093340 -2.0259 0.98544 -0.00075876 0.0052800 
7477  0.0088673 -2.0483 0.98644 -0.0035549 0.0052554 
7478  0.010067 -1.9927 0.98236 -0.00085365 0.0052773 
7479  0.010867 -1.9591 0.97545 0.0034966 0.0053099 
7480  0.0094006 -2.0227 0.98526 -0.0040456 0.0052532 
7481  0.011201 -1.9459 0.97182 0.0051050 0.0053517 
7482  0.012067 -1.9131 0.96381 0.0086759 0.0053698 
7483  0.0085339 -2.0651 0.98687 -0.00044681 0.0052767 
7484  0.011734 -1.9254 0.96634 0.0044938 0.0053257 
7485  0.0096006 -2.0135 0.98458 -0.0052250 0.0052482 
7486  0.0083339 -2.0755 0.98705 0.0011453 0.0052823 
7487  0.0095340 -2.0166 0.98482 -0.0054210 0.0052497 
7488  0.0072672 -2.1355 0.98739 -0.00071384 0.0052661 
7489  0.0095340 -2.0166 0.98482 -0.0041200 0.0052561 
7490  0.0094673 -2.0196 0.98505 -0.0029208 0.0052683 
7491  0.0090673 -2.0386 0.98608 -0.0043082 0.0052537 
7492  0.0084006 -2.0720 0.98700 -0.0011818 0.0052748 
7493  0.011534 -1.9330 0.96849 0.0047007 0.0053193 
7494  0.010601 -1.9700 0.97820 -0.00052150 0.0052875 
7495  0.010401 -1.9784 0.98000 0.0030640 0.0053081 
7496  0.0094006 -2.0227 0.98526 -0.0046230 0.0052540 
7497  0.0096673 -2.0105 0.98434 0.0052223 0.0053287 
7498  0.010201 -1.9869 0.98149 -0.0033199 0.0052620 
7499  0.0094673 -2.0196 0.98505 -0.0028755 0.0052707 
7500  0.0091339 -2.0354 0.98595 -0.0049219 0.0052494 
7501  0.0099340 -1.9985 0.98312 -0.0020263 0.0052763 
7502  0.0084006 -2.0720 0.98700 -0.00048510 0.0052691 
7503  0.0088673 -2.0483 0.98644 -0.0027403 0.0052648 
7504  0.015601 -1.8000 0.94068 0.014663 0.0054574 
7505  0.010401 -1.9784 0.98000 -0.0032040 0.0052617 
7506  0.0083339 -2.0755 0.98705 -0.0023371 0.0052584 
7507  0.010734 -1.9645 0.97679 -0.0048064 0.0052501 
7508  0.011401 -1.9381 0.96972 -0.0061156 0.0052475 
7509  0.0098673 -2.0015 0.98347 -0.0036411 0.0052585 
7510  0.011467 -1.9355 0.96913 0.00097864 0.0053030 
7511  0.0087339 -2.0550 0.98662 -0.0011560 0.0052662 
7512  0.0088006 -2.0516 0.98653 -0.0031213 0.0052635 
7513  0.0095340 -2.0166 0.98482 -4.9630e-06 0.0052797 
7514  0.010467 -1.9756 0.97949 0.0048848 0.0053149 
7515  0.010601 -1.9700 0.97820 -0.0041604 0.0052547 
7516  0.0097340 -2.0075 0.98406 -0.0013510 0.0052738 
7517  0.0090006 -2.0418 0.98620 0.0022535 0.0052934 
7518  0.010534 -1.9728 0.97887 -0.0049856 0.0052536 
7519  0.0088673 -2.0483 0.98644 -0.0020666 0.0052648 
7520  0.0099340 -1.9985 0.98312 0.0024399 0.0052993 
7521  0.011001 -1.9538 0.97401 0.0054843 0.0053407 
7522  0.0088673 -2.0483 0.98644 -0.0025616 0.0052598 
7523  0.0090673 -2.0386 0.98608 -0.0044033 0.0052529 
7524  0.010467 -1.9756 0.97949 -0.0049309 0.0052545 
7525  0.011334 -1.9407 0.97032 -0.0067098 0.0052487 
7526  0.0089339 -2.0451 0.98633 -0.0028341 0.0052634 
7527  0.010467 -1.9756 0.97949 -0.0059409 0.0052503 
7528  0.0086006 -2.0617 0.98679 -0.0023674 0.0052626 
7529  0.010134 -1.9898 0.98194 -0.0017739 0.0052705 
7530  0.035602 -1.4328 0.78173 0.052027 0.0061268 
7531  0.012267 -1.9059 0.96242 0.0077808 0.0053749 
7532  0.011201 -1.9459 0.97182 -0.0059151 0.0052527 
7533  0.0085339 -2.0651 0.98687 -0.0023945 0.0052675 
7534  0.010201 -1.9869 0.98149 -0.0035901 0.0052612 
7535  0.010001 -1.9956 0.98275 -0.0033121 0.0052600 
7536  0.010201 -1.9869 0.98149 0.00069553 0.0052883 
7537  0.0090006 -2.0418 0.98620 0.0034905 0.0053082 
7538  0.012934 -1.8826 0.95843 0.0078528 0.0053762 
7539  0.010667 -1.9673 0.97763 0.0048926 0.0053228 
7540  0.010734 -1.9645 0.97679 -0.0017264 0.0052718 
7541  0.010067 -1.9927 0.98236 0.0033021 0.0053138 
7542  0.0086672 -2.0583 0.98670 -0.0037439 0.0052567 
7543  0.010267 -1.9841 0.98101 0.0062931 0.0053443 
7544  0.015134 -1.8134 0.94360 0.011287 0.0054052 
7545  0.0089339 -2.0451 0.98633 -0.0024851 0.0052664 
7546  0.0096673 -2.0105 0.98434 -0.0028082 0.0052630 
7547  0.0094673 -2.0196 0.98505 -0.00013214 0.0052806 
7548  0.0096006 -2.0135 0.98458 -0.0055392 0.0052504 
7549  0.0084672 -2.0686 0.98693 0.00044083 0.0052795 
7550  0.0084006 -2.0720 0.98700 -0.0026703 0.0052641 
7551  0.0092673 -2.0290 0.98561 -0.0039120 0.0052579 
7552  0.0084672 -2.0686 0.98693 -0.0029833 0.0052631 
7553  0.0089339 -2.0451 0.98633 -0.0026905 0.0052636 
7554  0.011067 -1.9511 0.97336 -0.0045095 0.0052559 
7555  0.0099340 -1.9985 0.98312 -0.0040532 0.0052549 
7556  0.0084672 -2.0686 0.98693 -0.0034411 0.0052595 
7557  0.0081339 -2.0862 0.98717 4.2489e-05 0.0052888 
7558  0.0096006 -2.0135 0.98458 0.00013160 0.0052800 
7559  0.0080005 -2.0934 0.98723 0.00079774 0.0052882 
7560  0.010934 -1.9564 0.97473 -0.0021767 0.0052797 
7561  0.010201 -1.9869 0.98149 -0.0043597 0.0052589 
7562  0.0084006 -2.0720 0.98700 -0.0038745 0.0052539 
7563  0.015134 -1.8134 0.94360 0.012090 0.0054094 
7564  0.0093340 -2.0259 0.98544 -0.0048700 0.0052510 
7565  0.0098673 -2.0015 0.98347 -0.0021083 0.0052664 
7566  0.0094006 -2.0227 0.98526 -0.0016970 0.0052743 
7567  0.029002 -1.5248 0.83772 0.037827 0.0057733 
7568  0.0090006 -2.0418 0.98620 -0.0038061 0.0052552 
7569  0.0082005 -2.0826 0.98714 -0.0013712 0.0052639 
7570  0.013601 -1.8605 0.95395 0.010143 0.0053985 
7571  0.014268 -1.8394 0.94952 0.012803 0.0054067 
7572  0.0090673 -2.0386 0.98608 -0.0018979 0.0052669 
7573  0.019001 -1.7129 0.91920 0.020291 0.0055202 
7574  0.0088673 -2.0483 0.98644 0.00055810 0.0052833 
7575  0.0089339 -2.0451 0.98633 0.00022816 0.0052790 
7576  0.011601 -1.9304 0.96780 0.0046101 0.0053282 
7577  0.0092006 -2.0322 0.98579 0.0020993 0.0052947 
7578  0.010667 -1.9673 0.97763 4.0217e-05 0.0052817 
7579  0.0086672 -2.0583 0.98670 -0.0021953 0.0052648 
7580  0.0083339 -2.0755 0.98705 -0.0027275 0.0052648 
7581  0.016668 -1.7708 0.93405 0.016670 0.0054712 
7582  0.011134 -1.9485 0.97262 -0.0073878 0.0052442 
7583  0.012401 -1.9011 0.96150 0.0083828 0.0053576 
7584  0.0086672 -2.0583 0.98670 -0.0027901 0.0052604 
7585  0.0076672 -2.1120 0.98734 0.00076156 0.0052825 
7586  0.0089339 -2.0451 0.98633 -0.00051678 0.0052717 
7587  0.0094006 -2.0227 0.98526 0.0028317 0.0053074 
7588  0.010001 -1.9956 0.98275 0.0030150 0.0053131 
7589  0.0097340 -2.0075 0.98406 -0.0029853 0.0052618 
7590  0.0088006 -2.0516 0.98653 -0.0038646 0.0052550 
7591  0.0082672 -2.0790 0.98710 0.00047131 0.0052765 
7592  0.010601 -1.9700 0.97820 -0.0059685 0.0052487 
7593  0.0083339 -2.0755 0.98705 -0.0016856 0.0052667 
7594  0.0096673 -2.0105 0.98434 -0.0013548 0.0052783 
7595  0.010401 -1.9784 0.98000 -0.0019427 0.0052790 
7596  0.0094006 -2.0227 0.98526 -0.0023617 0.0052652 
7597  0.010001 -1.9956 0.98275 -0.0019770 0.0052776 
7598  0.011067 -1.9511 0.97336 -0.0066603 0.0052441 
7599  0.088206 -1.0144 0.40746 0.16330 0.0081115 
7600  0.0092673 -2.0290 0.98561 0.00020073 0.0052828 
7601  0.010867 -1.9591 0.97545 -0.0016077 0.0052723 
7602  0.0086006 -2.0617 0.98679 0.0010091 0.0052875 
7603  0.0091339 -2.0354 0.98595 -0.0030002 0.0052600 
7604  0.010534 -1.9728 0.97887 0.0046038 0.0053220 
7605  0.010067 -1.9927 0.98236 -0.0029786 0.0052611 
7606  0.010667 -1.9673 0.97763 0.0018734 0.0053055 
7607  0.0098007 -2.0045 0.98379 -0.0019385 0.0052773 
7608  0.0090673 -2.0386 0.98608 -0.0042438 0.0052558 
7609  0.010867 -1.9591 0.97545 0.0059195 0.0053362 
7610  0.011067 -1.9511 0.97336 -0.0032715 0.0052634 
7611  0.0092006 -2.0322 0.98579 0.00034083 0.0052880 
7612  0.0078672 -2.1008 0.98728 -0.00027984 0.0052752 
7613  0.0094673 -2.0196 0.98505 -0.0018595 0.0052666 
7614  0.0096006 -2.0135 0.98458 -0.0039504 0.0052591 
7615  0.010267 -1.9841 0.98101 0.0063583 0.0053555 
7616  0.013801 -1.8541 0.95276 0.011028 0.0053991 
7617  0.0096006 -2.0135 0.98458 -0.0030556 0.0052635 
7618  0.0095340 -2.0166 0.98482 -0.0031999 0.0052631 
7619  0.0090673 -2.0386 0.98608 -0.0030390 0.0052632 
7620  0.010067 -1.9927 0.98236 -0.0042994 0.0052613 
7621  0.010134 -1.9898 0.98194 -0.0019285 0.0052665 
7622  0.0094673 -2.0196 0.98505 0.00019904 0.0052852 
7623  0.010267 -1.9841 0.98101 -0.0062059 0.0052503 
7624  0.0097340 -2.0075 0.98406 -0.0040987 0.0052534 
7625  0.0093340 -2.0259 0.98544 -0.0016075 0.0052720 
7626  0.0094673 -2.0196 0.98505 -0.00033198 0.0052770 
7627  0.010867 -1.9591 0.97545 -0.0060356 0.0052463 
7628  0.0086006 -2.0617 0.98679 0.0024571 0.0052959 
7629  0.013268 -1.8714 0.95634 0.0082896 0.0053737 
7630  0.011134 -1.9485 0.97262 0.0050753 0.0053251 
7631  0.010401 -1.9784 0.98000 -0.0041608 0.0052558 
7632  0.0088006 -2.0516 0.98653 -0.0025404 0.0052611 
7633  0.0097340 -2.0075 0.98406 -0.0028415 0.0052628 
7634  0.0096006 -2.0135 0.98458 -0.0029278 0.0052622 
7635  0.0098673 -2.0015 0.98347 -0.0031492 0.0052612 
7636  0.010601 -1.9700 0.97820 -0.0022854 0.0052642 
7637  0.010401 -1.9784 0.98000 0.0021704 0.0053183 
7638  0.0099340 -1.9985 0.98312 -0.0022480 0.0052765 
7639  0.012134 -1.9107 0.96319 -0.0016136 0.0052764 
7640  0.010267 -1.9841 0.98101 -0.0015452 0.0052705 
7641  0.013401 -1.8670 0.95555 0.011189 0.0053980 
7642  0.010534 -1.9728 0.97887 0.00022771 0.0052969 
7643  0.010334 -1.9812 0.98051 0.0036030 0.0053114 
7644  0.010734 -1.9645 0.97679 -0.0050276 0.0052509 
7645  0.010601 -1.9700 0.97820 0.0017971 0.0052987 
7646  0.0090006 -2.0418 0.98620 -0.00050259 0.0052815 
7647  0.010534 -1.9728 0.97887 0.0026316 0.0053214 
7648  0.0082005 -2.0826 0.98714 -0.00010353 0.0052717 
7649  0.0098007 -2.0045 0.98379 -0.0047016 0.0052515 
7650  0.0086672 -2.0583 0.98670 -0.0032666 0.0052579 
7651  0.0093340 -2.0259 0.98544 -0.0028352 0.0052590 
7652  0.010667 -1.9673 0.97763 0.0044242 0.0053231 
7653  0.017868 -1.7401 0.92646 0.020064 0.0055487 
7654  0.010334 -1.9812 0.98051 -0.0024207 0.0052704 
7655  0.010867 -1.9591 0.97545 -0.0025968 0.0052686 
7656  0.010334 -1.9812 0.98051 -0.0023168 0.0052690 
7657  0.0086672 -2.0583 0.98670 -0.0020589 0.0052641 
7658  0.0087339 -2.0550 0.98662 -0.00038874 0.0052821 
7659  0.0092006 -2.0322 0.98579 -0.0026966 0.0052607 
7660  0.013134 -1.8759 0.95719 0.0054464 0.0053537 
7661  0.010067 -1.9927 0.98236 -0.0048320 0.0052531 
7662  0.010067 -1.9927 0.98236 -0.0031901 0.0052635 
7663  0.0098673 -2.0015 0.98347 -0.0035714 0.0052569 
7664  0.0087339 -2.0550 0.98662 -0.0022597 0.0052618 
7665  0.0078005 -2.1045 0.98730 -0.0012695 0.0052664 
7666  0.020668 -1.6756 0.90852 0.020386 0.0055052 
7667  0.0093340 -2.0259 0.98544 -0.0031804 0.0052591 
7668  0.0078672 -2.1008 0.98728 -0.0032855 0.0052602 
7669  0.0088673 -2.0483 0.98644 -0.0030013 0.0052602 
7670  0.014534 -1.8312 0.94748 0.014259 0.0054485 
7671  0.0084006 -2.0720 0.98700 -0.0031534 0.0052592 
7672  0.0094673 -2.0196 0.98505 -0.0034015 0.0052613 
7673  0.011467 -1.9355 0.96913 -0.0039004 0.0052600 
7674  0.0099340 -1.9985 0.98312 -0.0038120 0.0052541 
7675  0.0098673 -2.0015 0.98347 0.00063385 0.0052917 
7676  0.0074005 -2.1275 0.98738 0.0010952 0.0052884 
7677  0.010734 -1.9645 0.97679 -0.0039607 0.0052613 
7678  0.011201 -1.9459 0.97182 0.0020992 0.0053077 
7679  0.0085339 -2.0651 0.98687 -0.0049358 0.0052499 
7680  0.0092006 -2.0322 0.98579 -0.0030190 0.0052586 
7681  0.0092006 -2.0322 0.98579 -0.0047166 0.0052539 
7682  0.0078005 -2.1045 0.98730 0.00050017 0.0052808 
7683  0.0084672 -2.0686 0.98693 -0.0028882 0.0052626 
7684  0.010134 -1.9898 0.98194 0.00054306 0.0052879 
7685  0.010467 -1.9756 0.97949 -0.0011516 0.0052762 
7686  0.0087339 -2.0550 0.98662 -0.0055810 0.0052490 
7687  0.010067 -1.9927 0.98236 -0.0045658 0.0052586 
7688  0.0098673 -2.0015 0.98347 0.0015017 0.0052983 
7689  0.010467 -1.9756 0.97949 -0.0043394 0.0052577 
7690  0.0095340 -2.0166 0.98482 -0.00096256 0.0052795 
7691  0.010401 -1.9784 0.98000 0.0040217 0.0053223 
7692  0.010201 -1.9869 0.98149 -0.0047876 0.0052539 
7693  0.0084672 -2.0686 0.98693 0.0033657 0.0053012 
7694  0.0092673 -2.0290 0.98561 -0.00019305 0.0052860 
7695  0.0081339 -2.0862 0.98717 0.0010595 0.0052848 
7696  0.0092006 -2.0322 0.98579 0.0023645 0.0053061 
7697  0.010201 -1.9869 0.98149 -0.0042730 0.0052585 
7698  0.0092006 -2.0322 0.98579 -0.0037944 0.0052617 
7699  0.0096673 -2.0105 0.98434 0.00063370 0.0052846 
7700  0.010334 -1.9812 0.98051 0.00054739 0.0052841 
7701  0.0087339 -2.0550 0.98662 -0.0011806 0.0052679 
7702  0.010401 -1.9784 0.98000 0.0072055 0.0053566 
7703  0.011801 -1.9229 0.96574 0.0069770 0.0053593 
7704  0.010601 -1.9700 0.97820 -0.0032766 0.0052635 
7705  0.0092673 -2.0290 0.98561 -0.00011805 0.0052832 
7706  0.010667 -1.9673 0.97763 -0.0050111 0.0052548 
7707  0.011267 -1.9433 0.97107 -0.0050210 0.0052538 
7708  0.011134 -1.9485 0.97262 -0.0018632 0.0052751 
7709  0.0094006 -2.0227 0.98526 0.0050136 0.0053329 
7710  0.0078672 -2.1008 0.98728 0.0011197 0.0052842 
7711  0.0082672 -2.0790 0.98710 -0.0025680 0.0052641 
7712  0.0086006 -2.0617 0.98679 -0.0035132 0.0052576 
7713  0.0079339 -2.0971 0.98726 -0.0032973 0.0052543 
7714  0.010267 -1.9841 0.98101 -0.0026789 0.0052637 
7715  0.0094673 -2.0196 0.98505 -2.4350e-05 0.0052877 
7716  0.010801 -1.9618 0.97621 -0.0058127 0.0052495 
7717  0.0082005 -2.0826 0.98714 -0.0029666 0.0052577 
7718  0.0092673 -2.0290 0.98561 -0.0029858 0.0052612 
7719  0.0088673 -2.0483 0.98644 -0.0035465 0.0052579 
7720  0.0086672 -2.0583 0.98670 -0.0042099 0.0052566 
7721  0.010667 -1.9673 0.97763 -0.0035507 0.0052603 
7722  0.010267 -1.9841 0.98101 -0.0039426 0.0052598 
7723  0.010267 -1.9841 0.98101 -0.0034262 0.0052683 
7724  0.010667 -1.9673 0.97763 0.0048381 0.0053219 
7725  0.010267 -1.9841 0.98101 -0.0066277 0.0052445 
7726  0.0098007 -2.0045 0.98379 0.0017509 0.0053107 
7727  0.0096006 -2.0135 0.98458 -0.0027844 0.0052647 
7728  0.0089339 -2.0451 0.98633 0.0010411 0.0052933 
7729  0.018735 -1.7191 0.92087 0.019007 0.0054915 
7730  0.010534 -1.9728 0.97887 -0.0068286 0.0052429 
7731  0.0088006 -2.0516 0.98653 -0.0014844 0.0052697 
7732  0.010334 -1.9812 0.98051 -0.0017485 0.0052722 
7733  0.0074672 -2.1236 0.98737 0.0021051 0.0052944 
7734  0.0084006 -2.0720 0.98700 -0.0029329 0.0052581 
7735  0.0089339 -2.0451 0.98633 -0.0036176 0.0052594 
7736  0.010267 -1.9841 0.98101 -0.0049398 0.0052567 
7737  0.0096006 -2.0135 0.98458 -0.0043968 0.0052581 
7738  0.010601 -1.9700 0.97820 0.0014137 0.0053138 
7739  0.012067 -1.9131 0.96381 -0.0061600 0.0052494 
7740  0.0099340 -1.9985 0.98312 -0.0014847 0.0052764 
7741  0.014401 -1.8353 0.94842 0.011520 0.0054021 
7742  0.010801 -1.9618 0.97621 -0.0050437 0.0052543 
7743  0.010934 -1.9564 0.97473 0.0035965 0.0053193 
7744  0.014534 -1.8312 0.94748 0.012378 0.0054331 
7745  0.010401 -1.9784 0.98000 -0.0055641 0.0052493 
7746  0.0077338 -2.1082 0.98731 -0.0041269 0.0052534 
7747  0.011867 -1.9205 0.96531 0.0059541 0.0053491 
7748  0.010534 -1.9728 0.97887 0.0029483 0.0053200 
7749  0.0093340 -2.0259 0.98544 -0.0037619 0.0052552 
7750  0.010201 -1.9869 0.98149 0.0048225 0.0053211 
7751  0.0090006 -2.0418 0.98620 -0.0046220 0.0052557 
7752  0.010334 -1.9812 0.98051 0.0055951 0.0053297 
7753  0.0098007 -2.0045 0.98379 -0.0053591 0.0052498 
7754  0.0090006 -2.0418 0.98620 -0.0017237 0.0052663 
7755  0.0079339 -2.0971 0.98726 -0.0016979 0.0052672 
7756  0.0086006 -2.0617 0.98679 0.0029482 0.0052986 
7757  0.011267 -1.9433 0.97107 -0.0034249 0.0052613 
7758  0.0084672 -2.0686 0.98693 0.00050834 0.0052863 
7759  0.011667 -1.9279 0.96712 -0.0020972 0.0052812 
7760  0.0096006 -2.0135 0.98458 -0.0048321 0.0052543 
7761  0.0091339 -2.0354 0.98595 -0.0047078 0.0052545 
7762  0.0098007 -2.0045 0.98379 -0.0046776 0.0052526 
7763  0.038269 -1.4002 0.75989 0.049907 0.0059449 
7764  0.028335 -1.5352 0.84098 0.034868 0.0057424 
7765  0.0089339 -2.0451 0.98633 -0.0029393 0.0052607 
7766  0.0099340 -1.9985 0.98312 -0.0026629 0.0052686 
7767  0.0078672 -2.1008 0.98728 0.0036227 0.0053024 
7768  0.0080672 -2.0898 0.98720 -0.0045314 0.0052529 
7769  0.012934 -1.8826 0.95843 0.0070652 0.0053554 
7770  0.0087339 -2.0550 0.98662 0.0013167 0.0052894 
7771  0.0098007 -2.0045 0.98379 -0.00033151 0.0052866 
7772  0.010334 -1.9812 0.98051 -0.0017467 0.0052733 
7773  0.0085339 -2.0651 0.98687 -0.00073455 0.0052762 
7774  0.013868 -1.8519 0.95230 0.010963 0.0054035 
7775  0.011534 -1.9330 0.96849 0.0059647 0.0053416 
7776  0.0087339 -2.0550 0.98662 -0.0021366 0.0052668 
7777  0.010201 -1.9869 0.98149 -0.0036523 0.0052609 
7778  0.0088006 -2.0516 0.98653 -0.0029857 0.0052608 
7779  0.021668 -1.6547 0.90427 0.021805 0.0055218 
7780  0.0081339 -2.0862 0.98717 -0.0019534 0.0052645 
7781  0.0085339 -2.0651 0.98687 -0.0024612 0.0052630 
7782  0.011067 -1.9511 0.97336 -0.0049923 0.0052552 
7783  0.010067 -1.9927 0.98236 -0.0049989 0.0052509 
7784  0.0091339 -2.0354 0.98595 -0.0046986 0.0052527 
7785  0.011267 -1.9433 0.97107 -0.0013063 0.0052855 
7786  0.0076005 -2.1158 0.98735 -0.0022001 0.0052672 
7787  0.0086672 -2.0583 0.98670 0.0010442 0.0052853 
7788  0.010001 -1.9956 0.98275 -0.0014880 0.0052744 
7789  0.010267 -1.9841 0.98101 0.0011499 0.0053078 
7790  0.0086672 -2.0583 0.98670 -0.0032369 0.0052587 
7791  0.0082672 -2.0790 0.98710 -0.0011743 0.0052683 
7792  0.0086006 -2.0617 0.98679 -0.0025316 0.0052624 
7793  0.012134 -1.9107 0.96319 0.0064658 0.0053443 
7794  0.016934 -1.7638 0.93257 0.015750 0.0054797 
7795  0.010401 -1.9784 0.98000 0.0017340 0.0053129 
7796  0.0086006 -2.0617 0.98679 -0.0012721 0.0052750 
7797  0.010201 -1.9869 0.98149 0.0044460 0.0053189 
7798  0.010867 -1.9591 0.97545 0.0016531 0.0053036 
7799  0.011667 -1.9279 0.96712 -0.0059000 0.0052486 
7800  0.0086672 -2.0583 0.98670 -0.0023374 0.0052672 
7801  0.010134 -1.9898 0.98194 -0.0042314 0.0052587 
7802  0.0093340 -2.0259 0.98544 0.0022055 0.0052986 
7803  0.0090673 -2.0386 0.98608 -0.00073299 0.0052724 
7804  0.0092673 -2.0290 0.98561 -0.0025016 0.0052655 
7805  0.0096673 -2.0105 0.98434 -0.0020596 0.0052663 
7806  0.010001 -1.9956 0.98275 0.0034575 0.0053185 
7807  0.0092673 -2.0290 0.98561 -0.0025747 0.0052651 
7808  0.011267 -1.9433 0.97107 0.0062544 0.0053465 
7809  0.0090673 -2.0386 0.98608 -0.0038318 0.0052596 
7810  0.0082005 -2.0826 0.98714 -0.0026070 0.0052622 
7811  0.022868 -1.6307 0.89458 0.027212 0.0056273 
7812  0.0092006 -2.0322 0.98579 0.0011306 0.0052901 
7813  0.0096006 -2.0135 0.98458 -0.0047463 0.0052563 
7814  0.0080005 -2.0934 0.98723 -0.0029646 0.0052607 
7815  0.010467 -1.9756 0.97949 -0.0031938 0.0052664 
7816  0.013934 -1.8498 0.95178 0.011106 0.0054088 
7817  0.068671 -1.1323 0.51703 0.11902 0.0072592 
7818  0.0099340 -1.9985 0.98312 -0.0037560 0.0052603 
7819  0.0096006 -2.0135 0.98458 -0.0029721 0.0052645 
7820  0.010667 -1.9673 0.97763 -0.0051672 0.0052517 
7821  0.0089339 -2.0451 0.98633 -0.0049980 0.0052535 
7822  0.010134 -1.9898 0.98194 -0.0014046 0.0052712 
7823  0.010201 -1.9869 0.98149 -0.0049791 0.0052528 
7824  0.011134 -1.9485 0.97262 0.00063822 0.0052921 
7825  0.0078672 -2.1008 0.98728 0.0020486 0.0052910 
7826  0.010467 -1.9756 0.97949 -0.0039511 0.0052597 
7827  0.010534 -1.9728 0.97887 0.0044752 0.0053262 
7828  0.010601 -1.9700 0.97820 -0.0022270 0.0052757 
7829  0.010401 -1.9784 0.98000 -0.0031461 0.0052634 
7830  0.0084006 -2.0720 0.98700 -0.0043435 0.0052521 
7831  0.0082005 -2.0826 0.98714 0.0034690 0.0053043 
7832  0.011334 -1.9407 0.97032 0.0065749 0.0053628 
7833  0.010334 -1.9812 0.98051 -0.0073380 0.0052414 
7834  0.019135 -1.7098 0.91722 0.019667 0.0054986 
7835  0.0083339 -2.0755 0.98705 0.0021234 0.0053014 
7836  0.0084672 -2.0686 0.98693 0.00083972 0.0052809 
7837  0.011734 -1.9254 0.96634 -0.0060997 0.0052510 
7838  0.0090673 -2.0386 0.98608 -0.0028456 0.0052618 
7839  0.010201 -1.9869 0.98149 -0.0010970 0.0052823 
7840  0.0098007 -2.0045 0.98379 -0.0030632 0.0052635 
7841  0.0094673 -2.0196 0.98505 -0.00074766 0.0052741 
7842  0.010467 -1.9756 0.97949 -0.0058847 0.0052478 
7843  0.0097340 -2.0075 0.98406 -0.0043667 0.0052534 
7844  0.0098673 -2.0015 0.98347 -2.8956e-05 0.0052808 
7845  0.0089339 -2.0451 0.98633 -0.0038673 0.0052533 
7846  0.0098007 -2.0045 0.98379 -0.0023127 0.0052692 
7847  0.010467 -1.9756 0.97949 -0.0042039 0.0052622 
7848  0.0088006 -2.0516 0.98653 -0.0040212 0.0052566 
7849  0.010734 -1.9645 0.97679 0.00016718 0.0052925 
7850  0.0089339 -2.0451 0.98633 -0.0044034 0.0052503 
7851  0.0089339 -2.0451 0.98633 -0.0024774 0.0052632 
7852  0.0092673 -2.0290 0.98561 -0.0054925 0.0052493 
7853  0.010401 -1.9784 0.98000 -0.0034672 0.0052667 
7854  0.0086006 -2.0617 0.98679 -0.0034239 0.0052562 
7855  0.0094006 -2.0227 0.98526 -0.00010544 0.0052861 
7856  0.0085339 -2.0651 0.98687 -0.00052799 0.0052696 
7857  0.0096006 -2.0135 0.98458 -0.0062808 0.0052490 
7858  0.010134 -1.9898 0.98194 -0.0036060 0.0052594 
7859  0.0094006 -2.0227 0.98526 -0.0016602 0.0052709 
7860  0.0098673 -2.0015 0.98347 -0.0016975 0.0052694 
7861  0.0094673 -2.0196 0.98505 -0.0016048 0.0052709 
7862  0.0092673 -2.0290 0.98561 -0.0042351 0.0052546 
7863  0.010267 -1.9841 0.98101 -0.0040699 0.0052538 
7864  0.0095340 -2.0166 0.98482 3.9692e-05 0.0052811 
7865  0.0096673 -2.0105 0.98434 -0.0035703 0.0052581 
7866  0.011667 -1.9279 0.96712 0.0037374 0.0053171 
7867  0.011134 -1.9485 0.97262 0.0031487 0.0053405 
7868  0.013001 -1.8803 0.95811 0.0085169 0.0053668 
7869  0.011067 -1.9511 0.97336 0.0057123 0.0053297 
7870  0.0083339 -2.0755 0.98705 -0.00024736 0.0052754 
7871  0.0098673 -2.0015 0.98347 -0.0035906 0.0052622 
7872  0.010267 -1.9841 0.98101 -0.0071690 0.0052416 
7873  0.011067 -1.9511 0.97336 -0.0011391 0.0052809 
7874  0.0090673 -2.0386 0.98608 -0.0011704 0.0052740 
7875  0.0080005 -2.0934 0.98723 0.00033309 0.0052841 
7876  0.010934 -1.9564 0.97473 -0.0013883 0.0052749 
7877  0.0090006 -2.0418 0.98620 0.0015396 0.0052911 
7878  0.010867 -1.9591 0.97545 0.0015112 0.0053197 
7879  0.014268 -1.8394 0.94952 0.0088442 0.0053759 
7880  0.0098007 -2.0045 0.98379 0.0025426 0.0053022 
7881  0.010067 -1.9927 0.98236 0.0034881 0.0053155 
7882  0.010067 -1.9927 0.98236 -0.0024195 0.0052724 
7883  0.011401 -1.9381 0.96972 0.0067450 0.0053471 
7884  0.0088006 -2.0516 0.98653 0.0012861 0.0052907 
7885  0.010001 -1.9956 0.98275 -0.0031098 0.0052658 
7886  0.0092673 -2.0290 0.98561 -0.0046665 0.0052532 
7887  0.0088673 -2.0483 0.98644 0.0033953 0.0053060 
7888  0.0085339 -2.0651 0.98687 -0.0033122 0.0052605 
7889  0.010801 -1.9618 0.97621 -0.0063857 0.0052445 
7890  0.0089339 -2.0451 0.98633 -0.0040191 0.0052584 
7891  0.0088006 -2.0516 0.98653 0.0046125 0.0053151 
7892  0.0068005 -2.1645 0.98742 -0.00042743 0.0052692 
7893  0.0082672 -2.0790 0.98710 -0.0016542 0.0052669 
7894  0.0089339 -2.0451 0.98633 0.00077679 0.0052809 
7895  0.010801 -1.9618 0.97621 -0.0035832 0.0052650 
7896  0.0090006 -2.0418 0.98620 0.0026723 0.0052922 
7897  0.0087339 -2.0550 0.98662 -0.0014119 0.0052725 
7898  0.0086672 -2.0583 0.98670 -0.00028178 0.0052804 
7899  0.0089339 -2.0451 0.98633 -0.0040271 0.0052547 
7900  0.0098673 -2.0015 0.98347 0.00015930 0.0052818 
7901  0.010267 -1.9841 0.98101 -0.0041791 0.0052636 
7902  0.0099340 -1.9985 0.98312 -0.0050223 0.0052491 
7903  0.010534 -1.9728 0.97887 -0.0027297 0.0052727 
7904  0.011267 -1.9433 0.97107 0.0063312 0.0053408 
7905  0.0094673 -2.0196 0.98505 -0.0015918 0.0052716 
7906  0.0098673 -2.0015 0.98347 -0.0013170 0.0052719 
7907  0.0089339 -2.0451 0.98633 -0.0021032 0.0052678 
7908  0.010667 -1.9673 0.97763 -0.0054454 0.0052576 
7909  0.010601 -1.9700 0.97820 -0.0066173 0.0052443 
7910  0.0094673 -2.0196 0.98505 0.0049987 0.0053308 
