neutral,outlier
0.000666666666666667,0.000714285714285714
0.00025,0.003
0.00344444444444444,0.00025
0.1432,0.0192
0.00025,0.00025
4e-04,0.00311111111111111
0.00142857142857143,5e-04
0.00025,4e-04
0.00025,0.00025
0.00344444444444444,0.00025
