neutral,outlier
0.0917307692307692,0.0248571428571429
0.0001875,0.00225
0.002875,0.000166666666666667
0.0001875,0.000166666666666667
0.1488,0.0248076923076923
0.0001875,0.000166666666666667
0.0027,0.00163636363636364
0.000333333333333333,0.000166666666666667
0.1488,0.0806
0.0001875,0.00045
0.0001875,0.000166666666666667
0.0001875,0.000166666666666667
0.0001875,0.000166666666666667
0.002875,0.000166666666666667
0.0001875,0.000166666666666667
