ATL,GOM,IVC,SEN,VZ
0.0,0.0005,0.0024,0.0001,0.0192
0.050805091741254686,0.0,0.0001,0.0028,0.0003
0.0051845956197869286,0.07171825537458489,0.0,0.0002,0.0001
0.032462539240487545,0.04282897649120691,0.032196182242198924,0.0,0.0001
0.003009682956180349,0.048476511389591845,0.01564017524911537,0.04176252827121092,0.0
