ATL,GOM,IVC,SEN,VZ
0.0,0.0004,0.0001,0.0031,0.1432
0.006613234584540968,0.0,0.0001,0.0002,0.001
0.009395847765235627,0.010397732956820461,0.0,0.0001,0.0001
0.004638273585295808,0.007601614034363155,0.008180710416268519,0.0,0.003
0.0007192522274599044,0.005436054181855507,0.005653933284482738,0.003616330186067953,0.0
