,ATL,GOM,IVC,SEN,TX,VZ
ATL,-,0.0795,0.0001,0.0022,0.0001,0.1418
GOM,0.001740782,-,0.0001,0.0018,0.0002,0.1488
IVC,0.009395848,0.007671751,-,0.0001,0.0001,0.0001
SEN,0.004638274,0.004481697,0.00818071,-,0.0001,0.0023
TX,0.02233029,0.014771871,0.01870952,0.019283531,-,0.0001
VZ,0.000719252,0.001333447,0.005653933,0.00361633,0.019214462,-
