LocusName,He,FST,T1,T2,FSTNoCorr,T1NoCorr,T2NoCorr,meanAlleleFreq,indexOrder,GoodH,qvalues,pvalues,pvaluesRightTail,OutlierFlag,putative
snp_2,0.00516792397111332,0.00479864102800819,1.24261337301671e-05,0.00258951100064363,0.0126098408802171,3.26571994596887e-05,0.0025898185210983,0.00259067357512953,3,lowH,NA,NA,NA,FALSE,FALSE
snp_4,0.293817281814687,-0.00310101984917834,-0.000455874681750518,0.147007985734535,0.00441090230115441,0.000648513362836301,0.147025102475422,0.178921568627451,7,goodH,0.852801777383794,0.472836951477005,0.763581524261498,FALSE,FALSE
snp_6,0.0503864447086801,0.0134948405193285,0.000341196418963098,0.0252834717442126,0.0206085901223152,0.000521106245052588,0.0252858755479992,0.0258620689655172,11,lowH,NA,NA,NA,FALSE,FALSE
snp_8,0.144309254157739,0.00294143594116536,0.000212604910018252,0.0722792929272567,0.0102260408719941,0.000739219108289106,0.0722879086385813,0.0782828282828283,15,goodH,0.843330227695123,0.680912767687513,0.340456383843757,FALSE,FALSE
snp_10,0.0652521504469556,0.00983439825518886,0.000321817338145723,0.0327236430531908,0.0173245453297541,0.000566979621091114,0.0327269553283659,0.0337662337662338,19,lowH,NA,NA,NA,FALSE,FALSE
snp_12,0.0246267125204445,0.000927648206325776,1.14384273353892e-05,0.0123305658949037,0.0084119207586399,0.000103734281328175,0.0123318186540963,0.0124688279301746,23,lowH,NA,NA,NA,FALSE,FALSE
snp_14,0.0715003431036174,0.0227001420159238,0.000815765853540654,0.0359365969150505,0.0296363501349356,0.00106513266096296,0.035940075485455,0.0371287128712871,27,lowH,NA,NA,NA,FALSE,FALSE
snp_16,0.0230442427984645,0.00631511804062968,7.29383636385094e-05,0.0115498021049242,0.0140278427774673,0.000162037162238161,0.0115511105170382,0.0116580310880829,31,lowH,NA,NA,NA,FALSE,FALSE
snp_18,0.198879665798611,-0.000582182176588306,-5.79680195110185e-05,0.0995702407976859,0.0080240937147443,0.000799060559589048,0.0995826554369339,0.111979166666667,35,goodH,0.849781367212677,0.956908220697641,0.47845411034882,FALSE,FALSE
snp_20,0.377475186257766,0.000423811163685409,8.00663917085856e-05,0.188919968535841,0.00583829916819792,0.00110305573619216,0.188934431829165,0.747512437810945,39,goodH,0.852801777383794,0.708530576706994,0.645734711646503,FALSE,FALSE
snp_22,0.122582957553181,0.0140692155913497,0.000865467672121735,0.0615149911167654,0.020889240027638,0.00128512692471509,0.0615209994722052,0.0655940594059406,43,goodH,0.530595716350412,0.0974794576420173,0.0487397288210086,FALSE,FALSE
snp_24,0.0530578512396693,-0.00536542647541471,-0.000142401501416992,0.0265405745600093,0.0031930485998598,8.47568234291456e-05,0.0265441695540954,0.0272727272727273,47,lowH,NA,NA,NA,FALSE,FALSE
snp_26,0.0282355414496527,0.00560471308821563,7.93071135226531e-05,0.0141500755300754,0.0133609098103162,0.000189082160771062,0.0141518926072735,0.0143229166666667,51,lowH,NA,NA,NA,FALSE,FALSE
snp_28,0.0534874999999999,0.00985938254778167,0.000264457959067202,0.0268229737293948,0.0171234893120693,0.00045935024266495,0.0268257382764377,0.0275,55,lowH,NA,NA,NA,FALSE,FALSE
snp_30,0.0439874999999998,0.000466234992055005,1.0267654610662e-05,0.0220224881993642,0.00790126388343786,0.000174023844333179,0.0220248110809154,0.0225,59,lowH,NA,NA,NA,FALSE,FALSE
snp_32,0.0669052053720225,-0.00262164735878397,-8.77733025467265e-05,0.0334802094006417,0.0052418518446515,0.000175517712072518,0.0334839131807219,0.0346534653465347,63,lowH,NA,NA,NA,FALSE,FALSE
snp_34,0.0987876287644158,0.00734094405156896,0.000363494166049089,0.0495159973288994,0.0143841987567399,0.000712318936881936,0.0495209325822316,0.0521091811414392,67,lowH,NA,NA,NA,FALSE,FALSE
snp_36,0.042633772842662,0.0112121825875055,0.000239767025253067,0.0213845095173758,0.0182736583163494,0.000390812539300239,0.021386661200214,0.0217917675544794,71,lowH,NA,NA,NA,FALSE,FALSE
snp_38,0.0839500297442,0.00641216142333123,0.00026976839056031,0.0420713660730271,0.0134082721724118,0.000564156549780862,0.0420752608931705,0.0439024390243902,75,lowH,NA,NA,NA,FALSE,FALSE
snp_40,0.0051281712386253,-0.00262806784581553,-6.74411929777304e-06,0.0025661891904774,0.00522556523603311,1.34113332302564e-05,0.00256648470059813,0.0025706940874036,79,lowH,NA,NA,NA,FALSE,FALSE
snp_42,0.0790732277606547,0.000690446958546745,2.73350334468789e-05,0.0395903452227725,0.00820450291650604,0.000324856565142459,0.0395949112881542,0.0412371134020619,83,lowH,NA,NA,NA,FALSE,FALSE
snp_44,0.154847652285834,-0.0048264613965833,-0.000373831961897851,0.0774546673392003,0.00285272046942248,0.000220981261281261,0.0774633419747562,0.0845771144278607,87,goodH,0.856303354098092,0.229909964027709,0.885045017986146,FALSE,FALSE
snp_46,0.300968277560463,-0.00302418117102822,-0.000455419499870406,0.150592664299792,0.00466501770448766,0.000702598349564597,0.150610007093587,0.815461346633416,91,goodH,0.852801777383794,0.51478606333598,0.74260696833201,FALSE,FALSE
snp_48,0.0218155276816607,0.00859476793520799,9.4006908169218e-05,0.0109376901014539,0.015869087681622,0.000173590463910805,0.0109389063437995,0.0110294117647059,95,lowH,NA,NA,NA,FALSE,FALSE
snp_50,0.450788158400615,-0.00523157269774424,-0.0011795503728483,0.225467644434512,0.00247491850983398,0.000558079769223557,0.225494199912462,0.343137254901961,99,goodH,0.856951771465273,0.17828918608339,0.910855406958305,FALSE,FALSE
snp_52,0.0727513384889946,0.00373941197323018,0.000136273542154818,0.036442505701532,0.0108317704331908,0.000394778178767408,0.0364463206825106,0.0378048780487805,103,lowH,NA,NA,NA,FALSE,FALSE
snp_54,0.0440952004070325,0.00407286262636988,8.99722559946032e-05,0.0220906679768856,0.011489153398949,0.000253833178299212,0.0220932882941952,0.0225563909774436,107,lowH,NA,NA,NA,FALSE,FALSE
snp_56,0.0171345831428136,-0.00122113093716935,-1.04760937530891e-05,0.00857900937091415,0.00841770909943081,7.22254934253886e-05,0.0085801840586618,0.00864197530864197,111,lowH,NA,NA,NA,FALSE,FALSE
snp_58,0.12042936966964,0.015883745202581,0.000960250296458455,0.0604549043195694,0.0226989649143553,0.00137241062994629,0.0604613750065028,0.0643564356435644,115,goodH,0.530595716350412,0.068069108237947,0.0340345541189735,FALSE,FALSE
snp_60,0.137253478447514,0.00158192114033437,0.000108743520474703,0.0687414294569183,0.0100176966454243,0.000688724156848663,0.0687507499204669,0.0741206030150754,119,goodH,0.843330227695123,0.704123395166106,0.352061697583053,FALSE,FALSE
snp_62,0.0608412666346809,-0.00408647076602898,-0.000124399896288522,0.0304418906707137,0.00465799300860658,0.000141818041750116,0.0304461688731774,0.0314070351758794,123,lowH,NA,NA,NA,FALSE,FALSE
snp_64,0.13585153915737,-0.00407355197018687,-0.000276883312885922,0.0679709783776787,0.0046284421489178,0.000314659886833063,0.0679839731618198,0.0732984293193717,127,goodH,0.852801777383794,0.508734321654022,0.745632839172989,FALSE,FALSE
snp_66,0.101792791769538,-0.00425249219761501,-0.000216549179748521,0.0509228870237484,0.00355145716920396,0.000180871358465431,0.0509287736971279,0.0537897310513447,131,goodH,0.852938297158161,0.334437217907011,0.832781391046495,FALSE,FALSE
snp_68,0.00496274844682065,0.00056591019104056,1.40787723816056e-06,0.00248781036364065,0.015691160926306,3.90448946772656e-05,0.00248833689620807,0.00248756218905473,135,lowH,NA,NA,NA,FALSE,FALSE
snp_70,0.133870448751269,0.00563393247663608,0.000377988691325708,0.0670914486272647,0.0136742158789576,0.0009175312062189,0.067099365282863,0.0721393034825871,139,goodH,0.781244920003683,0.378894998468765,0.189447499234383,FALSE,FALSE
snp_72,0.0602553154624885,-0.000676301502420882,-2.03975309925317e-05,0.0301604105853926,0.00667246640118352,0.000201266028127958,0.0301636630335461,0.0310945273631841,143,lowH,NA,NA,NA,FALSE,FALSE
snp_74,0.026988812158115,-0.00182138660048709,-2.46008383421202e-05,0.0135066538512698,0.00567916228871031,7.67147594498217e-05,0.0135081118569765,0.013681592039801,147,lowH,NA,NA,NA,FALSE,FALSE
snp_76,0.0315836000609664,0.00123689257352172,1.95645743208683e-05,0.0158175210521019,0.00978728565140291,0.000154828354909554,0.0158193354546018,0.0160493827160494,151,lowH,NA,NA,NA,FALSE,FALSE
snp_78,0.0527190662233978,0.00983777452661767,0.000260081506797553,0.0264370265951777,0.0169966998174532,0.000449387303763041,0.0264396799725547,0.0270935960591133,155,lowH,NA,NA,NA,FALSE,FALSE
snp_80,0.0226956216159935,-0.00503488692721699,-5.71558641945366e-05,0.0113519657979945,0.00273638021879468,3.10672561837854e-05,0.0113534135243347,0.0114795918367347,159,lowH,NA,NA,NA,FALSE,FALSE
snp_82,0.00249065615263588,0.0112984859604901,1.41160091959732e-05,0.00124937175169626,0.0187280967273195,2.34007982762884e-05,0.00124950221141012,0.00124688279301746,163,lowH,NA,NA,NA,FALSE,FALSE
snp_84,0.0331961544948558,-0.000338175860703264,-5.61991992203351e-06,0.0166183355321294,0.00743072412055743,0.00012349815734003,0.0166199357339033,0.0168831168831169,167,lowH,NA,NA,NA,FALSE,FALSE
snp_86,0.0649266537133852,0.0094391297387168,0.000307318113570231,0.0325578863811664,0.0168960667993243,0.000550154778378418,0.0325611152531913,0.0335917312661499,171,lowH,NA,NA,NA,FALSE,FALSE
snp_88,0.0296229295042116,0.00506741625148631,7.52159758731356e-05,0.0148430624484567,0.012516363393816,0.000185800897516283,0.0148446391072412,0.0150375939849624,175,lowH,NA,NA,NA,FALSE,FALSE
snp_90,0.0247485882626364,0.00996571461426893,0.000123689183911534,0.012411471600284,0.0173657417319216,0.000215557156021579,0.0124127814031313,0.012531328320802,179,lowH,NA,NA,NA,FALSE,FALSE
snp_92,0.02230199559048,0.0118485840343113,0.000132564968462917,0.01118825406302,0.0192328122657815,0.000215204418330932,0.0111894410113813,0.0112781954887218,183,lowH,NA,NA,NA,FALSE,FALSE
snp_94,0.0376332027902857,0.00274660399743125,5.17677149073816e-05,0.0188478990621863,0.0098706207098115,0.000186058844657808,0.0188497613400203,0.0191846522781775,187,lowH,NA,NA,NA,FALSE,FALSE
snp_96,0.309210062489986,-0.00152201966860576,-0.000235568786042856,0.154773811995904,0.00681218160372821,0.00105449620515045,0.154795668479145,0.191139240506329,191,goodH,0.849781367212677,0.863730815566747,0.568134592216627,FALSE,FALSE
snp_98,0.0642911742580505,-0.00347155575040246,-0.000111660091535992,0.032164280099217,0.00381631659988127,0.000122761042321928,0.0321674156504068,0.0332512315270936,195,lowH,NA,NA,NA,FALSE,FALSE
snp_100,0.0250586204230978,-0.000276962367272415,-3.47433535102398e-06,0.0125444311631215,0.00736546153129421,9.24060029308158e-05,0.0125458537171368,0.0126903553299492,199,lowH,NA,NA,NA,FALSE,FALSE
snp_102,0.0225817465020999,-0.00173933203991044,-1.9662862845563e-05,0.0113048356463183,0.00766319704051795,8.66426021724912e-05,0.0113063257690468,0.0114213197969543,203,lowH,NA,NA,NA,FALSE,FALSE
snp_104,0.0713305898491083,0.0051368570882675,0.000183592328074822,0.0357402055225839,0.0123031520250379,0.000439763378228373,0.0357439603553153,0.037037037037037,207,lowH,NA,NA,NA,FALSE,FALSE
snp_106,0.0403868636411946,-0.00459178505126193,-9.27665835042016e-05,0.0202027277994442,0.00314993090891173,6.36434462298562e-05,0.0202047118080581,0.0206185567010309,211,lowH,NA,NA,NA,FALSE,FALSE
snp_108,0.0814346636199383,0.0318254233352946,0.00130492548785724,0.0410026120975448,0.0398466685083146,0.00163398192975903,0.0410067388549201,0.0425257731958763,215,lowH,NA,NA,NA,FALSE,FALSE
snp_110,0.317198485667929,0.000259299158203636,4.11831554558908e-05,0.15882487140027,0.00861184884002554,0.001367920015636,0.15884161938355,0.197674418604651,219,goodH,0.849781367212677,0.876653144574106,0.438326572287053,FALSE,FALSE
snp_112,0.254819088062282,-0.0057591167755145,-0.000734156186085277,0.127477218244058,0.00366730022406546,0.000467552862881933,0.127492387946253,0.149870801033592,223,goodH,0.852938297158161,0.352614978442068,0.823692510778966,FALSE,FALSE
snp_114,0.0302958579881656,0.00397953577290533,6.04131935940605e-05,0.0151809650777318,0.012917649691675,0.00019612443535689,0.0151826717737426,0.0153846153846154,227,lowH,NA,NA,NA,FALSE,FALSE
snp_116,0.113479894513291,-0.00277575587901691,-0.000157613928935864,0.0567823453522453,0.0047687693053374,0.000270809483876198,0.0567881284534139,0.0603864734299517,231,goodH,0.852801777383794,0.531969925418155,0.734015037290922,FALSE,FALSE
snp_118,0.136765416521249,0.00781313005342697,0.000535680663855472,0.0685615956975544,0.0150091887666533,0.00102920351529756,0.0685715618144664,0.0738341968911917,235,goodH,0.706090693660623,0.298044598060958,0.149022299030479,FALSE,FALSE
snp_120,0.490813116083751,-0.00201690239317789,-0.000495541059253152,0.245694120315046,0.00738254072876771,0.00181416309457812,0.245736957130332,0.567774936061381,239,goodH,0.849781367212677,0.950330790608694,0.524834604695653,FALSE,FALSE
snp_122,0.0200984307763663,-0.00196446866376266,-1.97593420465995e-05,0.0100583645904299,0.00572604146376375,5.76014178059529e-05,0.0100595530385998,0.0101522842639594,243,lowH,NA,NA,NA,FALSE,FALSE
snp_124,0.0435123763054739,-0.0035657154710483,-7.76511614635805e-05,0.0217771614404083,0.00621470151586853,0.000135359517772163,0.0217805340170462,0.0222513089005236,247,lowH,NA,NA,NA,FALSE,FALSE
snp_126,0.145316576993053,0.0126123292275268,0.000919668441056616,0.072918207609853,0.0206055373084635,0.00150268886463908,0.0729264586573953,0.0788804071246819,251,goodH,0.530595716350412,0.103068109003884,0.051534054501942,FALSE,FALSE
snp_128,0.0520074587727988,-0.00294414977740638,-7.66237078996559e-05,0.0260257506216809,0.00539101855746106,0.000140321274830756,0.026028713003882,0.0267175572519084,255,lowH,NA,NA,NA,FALSE,FALSE
snp_130,0.0754502343685753,-0.00406717650184633,-0.000153516537727178,0.0377452361994834,0.00366045822455729,0.00013818246834376,0.0377500465424578,0.0392670157068063,259,lowH,NA,NA,NA,FALSE,FALSE
snp_132,0.410076478166717,-0.00363400791714079,-0.000745656885509759,0.205188569345891,0.00486432118768151,0.000998252343228401,0.205219249451782,0.712041884816754,263,goodH,0.852801777383794,0.547811566641713,0.726094216679144,FALSE,FALSE
snp_134,0.0391042344264028,0.010111180910232,0.000198355001696301,0.0196173922173201,0.0193504521066926,0.000379657321208229,0.0196200749788642,0.0199501246882793,267,lowH,NA,NA,NA,FALSE,FALSE
snp_136,0.0462590406776078,0.0052467687103233,0.000121648904879207,0.0231854902694407,0.0142268712064827,0.000329900824586714,0.023188571808845,0.0236907730673317,271,lowH,NA,NA,NA,FALSE,FALSE
snp_138,0.099253114097549,-0.00763835157097818,-0.000379143159673693,0.0496367777982677,0.00194208704583544,9.6412609393196e-05,0.0496438146786162,0.0523690773067332,275,lowH,NA,NA,NA,FALSE,FALSE
snp_140,0.0220831357868099,-0.0055287410055834,-6.10786679011808e-05,0.0110474822096926,0.00371557402046776,4.10529217697474e-05,0.0110488773857287,0.011166253101737,279,lowH,NA,NA,NA,FALSE,FALSE
snp_142,0.0220831357868099,0.00113631191817241,1.25646018785491e-05,0.0110573528954597,0.00858790249057823,9.49688220442233e-05,0.0110584420524585,0.011166253101737,283,lowH,NA,NA,NA,FALSE,FALSE
snp_144,0.33594118201527,0.00191874905920738,0.000322687858893593,0.168176165270352,0.00727710254397587,0.00122392289040363,0.16818821543429,0.213592233009709,287,goodH,0.849781367212677,0.934600244309507,0.532699877845247,FALSE,FALSE
snp_146,0.0048425864831747,0.00315446601199448,7.65139978883224e-06,0.00242557686776105,0.0104822185121233,2.54279182109153e-05,0.00242581455266426,0.00242718446601942,291,lowH,NA,NA,NA,FALSE,FALSE
snp_148,0.0146333512426879,0.00383934805440907,2.81446346097904e-05,0.00733057649656675,0.0112136287714425,8.22107207803116e-05,0.00733132177423919,0.00737100737100737,295,lowH,NA,NA,NA,FALSE,FALSE
snp_150,0.0730938821607074,0.00629546976497325,0.000230606626184252,0.0366305668668765,0.0133749683164082,0.000489978385607827,0.036633984770396,0.0379901960784314,299,lowH,NA,NA,NA,FALSE,FALSE
snp_152,0.00527700792251062,0.0399080656770874,0.000106196424326231,0.00266102660012415,0.0473833493270256,0.000126105021972197,0.0026613783905789,0.00264550264550265,303,lowH,NA,NA,NA,FALSE,FALSE
snp_154,0.0145270672218918,0.0101863091737612,7.42417315093718e-05,0.00728838387319032,0.019901920282137,0.000145071746490457,0.00728933411619916,0.00731707317073171,307,lowH,NA,NA,NA,FALSE,FALSE
snp_156,0.113797295142948,-0.00481802853435989,-0.000274270992610885,0.0569259792993992,0.00329923043098819,0.000187831748150042,0.0569319882557529,0.0605670103092784,311,goodH,0.854451998603836,0.295593118574455,0.852203440712773,FALSE,FALSE
snp_158,0.00498749999999992,0.00367292383971643,9.17675294045513e-06,0.00249848712930667,0.0112200561493856,2.80361928742006e-05,0.00249875691359492,0.0025,315,lowH,NA,NA,NA,FALSE,FALSE
snp_160,0.0365281480706119,-0.00166328319285337,-3.04115678929359e-05,0.0182840589164883,0.00680945400009499,0.000124520304358004,0.0182863860092552,0.0186104218362283,319,lowH,NA,NA,NA,FALSE,FALSE
snp_162,0.0342194500136135,-0.00352019396791375,-6.02656227146526e-05,0.017119972156071,0.00398456241620669,6.822362678639e-05,0.0171219872247199,0.0174129353233831,323,lowH,NA,NA,NA,FALSE,FALSE
snp_164,0.046146753793223,-0.00291454764239603,-6.72954262884228e-05,0.0230894926229786,0.00453262007194249,0.000104668121585162,0.0230921894894901,0.0236318407960199,327,lowH,NA,NA,NA,FALSE,FALSE
snp_166,0.264312764535531,0.00133791866713063,0.000177081732561729,0.132356126655671,0.0090701293518933,0.00120063278414255,0.132372178781764,0.156716417910448,331,goodH,0.849781367212677,0.817366688250122,0.408683344125061,FALSE,FALSE
snp_168,0.0524678008458286,0.00462599968543238,0.000121644233825015,0.0262957721782995,0.0139142863015189,0.000365936351034185,0.0262993259664521,0.0269607843137255,335,lowH,NA,NA,NA,FALSE,FALSE
snp_170,0.127545865938152,0.0165226917856916,0.00105797796503401,0.0640318162897765,0.0231988743389427,0.00148560417901697,0.0640377699931401,0.0684596577017115,339,goodH,0.530595716350412,0.0615791278775535,0.0307895639387767,FALSE,FALSE
snp_172,0.36281179138322,-0.00359594574551805,-0.000652955827124166,0.181581111989246,0.0062537843145698,0.0011357560636594,0.181611006477049,0.761904761904762,343,goodH,0.852801777383794,0.775704710688377,0.612147644655811,FALSE,FALSE
snp_174,0.0469443999359078,-0.00216005976155734,-5.07447944803703e-05,0.023492310436719,0.00539215434577031,0.000126687532760736,0.0234947897699018,0.0240506329113924,347,lowH,NA,NA,NA,FALSE,FALSE
snp_176,0.0478181468665899,-0.00183932298391971,-4.40204882885462e-05,0.0239329844042594,0.00622274597705821,0.000148944809642472,0.0239355439208986,0.0245098039215686,350,lowH,NA,NA,NA,FALSE,FALSE
snp_178,0.217248,-0.00512175847674421,-0.000556645765636822,0.108682548809031,0.00372563512326381,0.000404962866038061,0.108696330327511,0.876,354,goodH,0.852938297158161,0.361839347470785,0.819080326264607,FALSE,FALSE
snp_180,0.0339704313366864,0.000942094758757715,1.60324529264178e-05,0.0170178772117986,0.0116040117821511,0.000197507623317737,0.0170206327799094,0.0172839506172839,358,lowH,NA,NA,NA,FALSE,FALSE
snp_182,0.315528120713306,0.00227971070067541,0.000360389270926673,0.158085528492672,0.012176439599902,0.00192520820923852,0.158109289127013,0.196296296296296,362,goodH,0.810648381061125,0.492021689800507,0.246010844900253,FALSE,FALSE
snp_184,0.272058005900014,0.00110850798340271,0.00015101473322658,0.13623242726951,0.00899402677301622,0.00122542576442872,0.136248845523257,0.162404092071611,366,goodH,0.849781367212677,0.827009068342933,0.413504534171466,FALSE,FALSE
snp_186,0.175884286653517,-0.00513565429234151,-0.000451781173553087,0.0879695454241927,0.00236926972573151,0.000208447177314472,0.0879795048451542,0.0974358974358974,370,goodH,0.856951771465273,0.164636950957385,0.917681524521308,FALSE,FALSE
snp_188,0.287407668190031,-0.00458721707820875,-0.000659425795388918,0.143752908167672,0.00253808463531872,0.000364899433837208,0.143769608294164,0.173969072164948,374,goodH,0.856951771465273,0.186625089446994,0.906687455276503,FALSE,FALSE
snp_190,0.0103090015839351,-0.00258679899838803,-1.33448005767322e-05,0.00515880846754927,0.00530152710727379,2.73525888425158e-05,0.00515937922961624,0.00518134715025907,378,lowH,NA,NA,NA,FALSE,FALSE
snp_192,0.0180165289256198,-0.0027062017040581,-2.43979897841029e-05,0.00901558436960436,0.00517407866885088,4.66525476286257e-05,0.00901659031770902,0.00909090909090909,382,lowH,NA,NA,NA,FALSE,FALSE
snp_194,0.0579558104233429,-0.00079497191616245,-2.30624601153641e-05,0.0290104086024737,0.00688672412904656,0.000199808411640737,0.0290135640540606,0.0298701298701299,386,lowH,NA,NA,NA,FALSE,FALSE
snp_196,0.0812345940087629,0.0152390167487085,0.000621398992256769,0.0407768429225877,0.0225057336229538,0.000917806443752737,0.0407810053708562,0.0424164524421594,390,lowH,NA,NA,NA,FALSE,FALSE
snp_198,0.172932983461197,-0.00141427895210274,-0.000122408657016796,0.0865519895030606,0.00610069060747731,0.000528074333347388,0.0865597630373444,0.0956072351421189,394,goodH,0.852801777383794,0.751097700288226,0.624451149855887,FALSE,FALSE
snp_200,0.0379125039855459,-0.00324399194910577,-6.15367494644934e-05,0.018969451968417,0.00449384313373638,8.52545296608246e-05,0.0189714075733525,0.0193298969072165,398,lowH,NA,NA,NA,FALSE,FALSE
snp_202,0.21875,-0.00545447577295098,-0.000596799809159099,0.10941469611409,0.00272834340826285,0.000298558887807934,0.109428632372209,0.125,402,goodH,0.856951771465273,0.212465651703094,0.893767174148453,FALSE,FALSE
snp_204,0.0310803324099724,0.00239698316176575,3.73135324261929e-05,0.0155668729849173,0.0102399081010866,0.000159419281245495,0.0155684289030463,0.0157894736842105,406,lowH,NA,NA,NA,FALSE,FALSE
snp_206,0.00261437460595926,0.000102584853695888,1.34275806549733e-07,0.00130892428767109,0.00807281525934196,1.05679641343837e-05,0.00130908038830126,0.00130890052356021,410,lowH,NA,NA,NA,FALSE,FALSE
snp_208,0.00786357340720212,-0.00265479432246929,-1.0456072769155e-05,0.00393856227605218,0.0107562929263052,4.23736293595372e-05,0.00393942686851804,0.00394736842105263,414,lowH,NA,NA,NA,FALSE,FALSE
snp_210,0.447870518217448,0.00286496385403764,0.000642360404255299,0.224212393936492,0.00728040359930453,0.00163245520207524,0.224225920968336,0.33855421686747,418,goodH,0.849781367212677,0.935094722346658,0.532452638826671,FALSE,FALSE
snp_212,0.017742557937219,0.00560292025146195,4.98359667820719e-05,0.00889464146291721,0.0154902147553317,0.000137799979599893,0.00889593732407503,0.00895140664961637,422,lowH,NA,NA,NA,FALSE,FALSE
snp_214,0.475614036167946,0.00167111595967645,0.000398039994127363,0.23818813519346,0.00959291552493172,0.00228518522185223,0.238215922564219,0.389578163771712,426,goodH,0.843330227695123,0.753327609018601,0.3766638045093,FALSE,FALSE
snp_216,0.194945669661642,0.00124438269562585,0.000121487617163133,0.0976288223793018,0.00961670985738377,0.00093898247717292,0.0976407202773164,0.109452736318408,430,goodH,0.843330227695123,0.750504402998745,0.375252201499372,FALSE,FALSE
snp_218,0.0221374470928937,0.0073367595570868,8.1414248570368e-05,0.0110967584444999,0.01473057406283,0.000163479216046958,0.0110979528258487,0.0111940298507463,434,lowH,NA,NA,NA,FALSE,FALSE
snp_220,0.028909439804879,0.00999267618009449,0.000144900234344201,0.0145006434445303,0.0184434136184537,0.000267471671281282,0.0145022866598654,0.0146699266503667,438,lowH,NA,NA,NA,FALSE,FALSE
snp_222,0.0233430466860933,-0.000118580983056767,-1.38579102369935e-06,0.0116864524814737,0.00778616653794284,9.10030095022471e-05,0.0116877810227638,0.0118110236220472,442,lowH,NA,NA,NA,FALSE,FALSE
snp_224,0.271775728732897,0.00912187773365154,0.00124305202076203,0.13627150648778,0.0163270392716762,0.00222514527336934,0.136285901953422,0.83780487804878,446,goodH,0.644386593141014,0.233831329060769,0.116915664530384,FALSE,FALSE
snp_226,0.0025157192799905,0.0111960445757202,1.41285663630659e-05,0.00126192480456046,0.0186943360135575,2.35931537425042e-05,0.00126204823350741,0.00125944584382872,450,lowH,NA,NA,NA,FALSE,FALSE
snp_228,0.0529727477698265,0.00534289109336903,0.000141818739267359,0.0265434456343996,0.0126060330970868,0.00033464421461236,0.0265463538002051,0.0272277227722772,454,lowH,NA,NA,NA,FALSE,FALSE
snp_230,0.0790968750000001,0.015193012144736,0.000603209748395384,0.0397031044699309,0.0222824962952892,0.000884783441436938,0.0397075547421494,0.04125,458,lowH,NA,NA,NA,FALSE,FALSE
snp_232,0.0429628294239797,0.000673588510268119,1.44896857249412e-05,0.0215111830205857,0.00836785868371356,0.000180023576662813,0.0215136970481103,0.0219638242894057,462,lowH,NA,NA,NA,FALSE,FALSE
snp_234,0.193497986899826,0.00477835282323255,0.00046325098556872,0.096947840125236,0.0120527255175172,0.00116861482299107,0.0969585527599241,0.108527131782946,466,goodH,0.810648381061125,0.502542190460973,0.251271095230486,FALSE,FALSE
snp_236,0.0217102914931588,0.00585177500851656,6.36642559890751e-05,0.0108794777475927,0.0131167072945335,0.000142717117458521,0.0108805597513028,0.0109756097560976,470,lowH,NA,NA,NA,FALSE,FALSE
snp_238,0.00505047268066017,0.0072367449944456,1.83211708696762e-05,0.00253168667456684,0.014838884966905,3.75718691258049e-05,0.00253198735683988,0.00253164556962025,474,lowH,NA,NA,NA,FALSE,FALSE
snp_242,0.00741646091041748,0.0440504068610701,0.00016496941426716,0.00374501454180558,0.0559761198742987,0.000209666781586797,0.00374564693047017,0.00372208436724566,480,lowH,NA,NA,NA,FALSE,FALSE
snp_244,0.00487801961968182,0.000314620881837387,7.69286817270315e-07,0.00244512319963531,0.0151800173072904,3.71245535283957e-05,0.00244561997373786,0.00244498777506112,484,lowH,NA,NA,NA,FALSE,FALSE
snp_246,0.0661798809554484,0.00362808301240276,0.000120277099285484,0.0331516944001314,0.0110304808105775,0.000365715696974383,0.0331550095825094,0.0342639593908629,488,lowH,NA,NA,NA,FALSE,FALSE
snp_248,0.0225817465020999,-0.00474665386723234,-5.36165162140589e-05,0.0112956448297591,0.00295890443529423,3.34262123745749e-05,0.0112968205312285,0.0114213197969543,492,lowH,NA,NA,NA,FALSE,FALSE
snp_250,0.0518790744414954,0.00428579984270299,0.000111393174983724,0.0259912219590428,0.0117413672823011,0.000305203219998428,0.0259938397854644,0.0266497461928934,496,lowH,NA,NA,NA,FALSE,FALSE
snp_252,0.482391736771499,-0.0044921285907747,-0.00108407074457629,0.241326739132669,0.00373684747777895,0.00090191814637269,0.241358030194146,0.406169665809769,500,goodH,0.852938297158161,0.363617437369089,0.818191281315455,FALSE,FALSE
snp_254,0.0752187276808489,0.0156114313395579,0.000589480842667371,0.0377595641197667,0.0227805604290858,0.000860278350389171,0.0377637044122401,0.0391414141414141,504,lowH,NA,NA,NA,FALSE,FALSE
snp_256,0.139069478206795,0.00379611661829218,0.000264456500877438,0.069665009658321,0.0110407844747782,0.000769240773934579,0.0696726555700681,0.075187969924812,508,goodH,0.834442802798143,0.59588406257032,0.29794203128516,FALSE,FALSE
snp_258,0.0558468750000001,0.0135563458720493,0.00037991009218474,0.0280245204548848,0.020761177779975,0.000581882852652016,0.0280274490599115,0.02875,512,lowH,NA,NA,NA,FALSE,FALSE
snp_260,0.131754353453172,0.000617003731173603,4.07024606872359e-05,0.0659679328191675,0.00832100011471829,0.000548980852183743,0.0659753448642188,0.929095354523227,516,goodH,0.849781367212677,0.915783800804056,0.457891900402028,FALSE,FALSE
snp_262,0.0725812657988054,0.000456027447448568,1.6570247726929e-05,0.0363360754262447,0.00757004932254763,0.000275093041838864,0.0363396630745179,0.037712895377129,520,lowH,NA,NA,NA,FALSE,FALSE
snp_264,0.254476029377927,0.00218302860353639,0.000278205801427096,0.127440291426515,0.00946596347309021,0.00120648146188025,0.127454692309983,0.149625935162095,524,goodH,0.847246047458463,0.768525177006832,0.384262588503416,FALSE,FALSE
snp_266,0.138431974925529,-0.00294429106518367,-0.000203947077115289,0.0692686533362713,0.00491154476431007,0.000340257557660109,0.0692770959011926,0.0748129675810474,528,goodH,0.852801777383794,0.555644004579484,0.722177997710258,FALSE,FALSE
snp_268,0.0299930428508852,0.00026381833951788,3.96149916192505e-06,0.0150160112794455,0.00788861235894087,0.000118470095453007,0.0150178624658536,0.0152284263959391,532,lowH,NA,NA,NA,FALSE,FALSE
snp_270,0.0227529908883382,-0.00425671705899421,-4.84504560886106e-05,0.0113821180541557,0.0035536526042313,4.04545035121428e-05,0.0113839218453638,0.0115089514066496,536,lowH,NA,NA,NA,FALSE,FALSE
snp_272,0.0512465373961217,0.00966049802168356,0.000248259517989869,0.0256984181801637,0.0169562151241382,0.000435793483478122,0.0257011060715869,0.0263157894736842,540,lowH,NA,NA,NA,FALSE,FALSE
snp_274,0.00788423917962144,0.000472719580469239,1.86612878403329e-06,0.00394764435647218,0.00848343352933772,3.34937316408407e-05,0.0039481339159447,0.00395778364116095,544,lowH,NA,NA,NA,FALSE,FALSE
snp_276,0.0556504991319444,0.00555224752098905,0.000154839565220915,0.0278877273816735,0.0131675231306015,0.000367250215868439,0.0278906072331056,0.0286458333333333,548,lowH,NA,NA,NA,FALSE,FALSE
snp_278,0.0453156552237219,0.00620689521635622,0.000140968242279551,0.022711555031262,0.013802531419093,0.000313516539817211,0.0227144231951195,0.0231958762886598,552,lowH,NA,NA,NA,FALSE,FALSE
snp_280,0.0381050497999946,0.00934942103679728,0.000178650762621749,0.01910821663915,0.0169478279153354,0.000323876571811018,0.019110211257099,0.0194300518134715,556,lowH,NA,NA,NA,FALSE,FALSE
snp_282,0.0332446498167984,0.00978293874383782,0.000163089769414114,0.0166708362062312,0.0168807170994261,0.000281443253946135,0.0166724702682035,0.0169082125603865,560,lowH,NA,NA,NA,FALSE,FALSE
snp_284,0.0538859050660472,0.00524567352289341,0.000141631054059463,0.0269995937492774,0.0123090942928641,0.000332374455115521,0.0270023486056327,0.027710843373494,564,lowH,NA,NA,NA,FALSE,FALSE
snp_286,0.114952103290296,0.000484145434737207,2.78671261120626e-05,0.0575594111037911,0.00875955071226053,0.000504245198809699,0.0575651897424281,0.0612244897959184,568,goodH,0.849781367212677,0.857226411918214,0.428613205959107,FALSE,FALSE
snp_288,0.00758522507665749,0.0113518077843515,4.32299973497952e-05,0.00380820378313558,0.0240214124567537,9.14926234101959e-05,0.00380879449012053,0.00380710659898477,572,lowH,NA,NA,NA,FALSE,FALSE
snp_290,0.0120043641625243,0.0473950276444692,0.000287351049935898,0.006062894447313,0.05699323853939,0.000345588979390457,0.00606368383771714,0.00603864734299517,576,lowH,NA,NA,NA,FALSE,FALSE
snp_292,0.0261547394396864,-0.000998775029809847,-1.30746146180981e-05,0.013090650274454,0.00625288285171055,8.18623716418771e-05,0.0130919407229071,0.0132530120481928,580,lowH,NA,NA,NA,FALSE,FALSE
snp_294,0.0457030017714577,-0.00422917783118001,-9.66872775667191e-05,0.0228619560175226,0.0031550829203078,7.21390500767736e-05,0.0228643911741425,0.0233990147783251,584,lowH,NA,NA,NA,FALSE,FALSE
snp_296,0.119462754991319,0.00661964677851343,0.000396435078190142,0.0598876483072968,0.0153008036564816,0.000916444404365904,0.0598951809944761,0.0638020833333333,588,goodH,0.69397382268159,0.282594364007679,0.14129718200384,FALSE,FALSE
snp_298,0.0248099795459711,-0.00415203475104962,-5.15452514335257e-05,0.0124144556883815,0.00501945818609873,6.23223421548466e-05,0.0124161492822964,0.0125628140703518,592,lowH,NA,NA,NA,FALSE,FALSE
snp_300,0.277221875,0.00423040722573281,0.000587525325260654,0.138881505706317,0.0115009329901067,0.00159742345780316,0.138895119133143,0.16625,596,goodH,0.821364305356277,0.551801245326127,0.275900622663063,FALSE,FALSE
snp_302,0.0049999685931621,0.00295249916320458,7.39429167181849e-06,0.00250441787214357,0.010523084389297,2.63569102514431e-05,0.00250467536668724,0.0025062656641604,600,lowH,NA,NA,NA,FALSE,FALSE
snp_304,0.0923974070170361,-0.000183014658780139,-8.46595766302329e-06,0.0462583583164981,0.00785293107260031,0.000363301578160667,0.046263181836431,0.0485564304461942,604,lowH,NA,NA,NA,FALSE,FALSE
snp_306,0.363835819218747,0.00432326460571862,0.000788173209706363,0.182309731554206,0.0127208294167013,0.00231938599379678,0.182329777235409,0.239074550128535,607,goodH,0.804404960338903,0.447926551599242,0.223963275799621,FALSE,FALSE
snp_308,0.486749594375338,-0.00271320849273383,-0.000660879207023555,0.243578482373705,0.00541589591103899,0.00131939313530532,0.243614935917815,0.418604651162791,611,goodH,0.852801777383794,0.639183478691341,0.680408260654329,FALSE,FALSE
snp_310,0.135329532740157,0.0137736155011256,0.000935485773097779,0.0679186792328661,0.0214885089551065,0.00145964425741153,0.067926735189538,0.072992700729927,615,goodH,0.530595716350412,0.0866068827413304,0.0433034413706652,FALSE,FALSE
snp_314,0.0798611111111109,0.00408771160844478,0.000163541208555356,0.040008010403057,0.0114037046862002,0.000456293184018984,0.0400127148654726,0.0416666666666667,622,lowH,NA,NA,NA,FALSE,FALSE
snp_316,0.342239339124035,-0.00544514050073317,-0.0009317686950469,0.171119311782945,0.000498260989753914,8.52698823268148e-05,0.171134975605714,0.219143576826196,626,goodH,0.871346796510036,0.00706540797907171,0.996467296010464,FALSE,FALSE
snp_318,0.0562563051602383,0.00186654122080725,5.25840843020333e-05,0.0281719384044953,0.00929503777771136,0.000261889195157318,0.0281751619972222,0.0289672544080605,630,lowH,NA,NA,NA,FALSE,FALSE
snp_320,0.0624349635796044,0.00251493261638193,7.86389343833931e-05,0.0312688037330104,0.00977867323657029,0.000305795985799812,0.0312717255604979,0.967741935483871,634,lowH,NA,NA,NA,FALSE,FALSE
snp_322,0.0486315383610798,-0.005079274185385,-0.00012354492589119,0.0243233425450187,0.00241294919368213,5.86982777753319e-05,0.0243263629126642,0.0249376558603491,638,lowH,NA,NA,NA,FALSE,FALSE
snp_324,0.0564229138940839,0.00239724577532643,6.77381115577162e-05,0.0282566402889968,0.00952297497875635,0.000269115001442585,0.0282595514577032,0.0290556900726392,642,lowH,NA,NA,NA,FALSE,FALSE
snp_326,0.0923089775005568,0.00103821360868742,4.79837641328448e-05,0.0462176220108586,0.00822599651985476,0.000380228291276878,0.0462227634498915,0.0485074626865672,646,lowH,NA,NA,NA,FALSE,FALSE
snp_328,0.168786828316165,-9.20636583730516e-05,-7.78095292955911e-06,0.0845170946610646,0.00892377463802925,0.000754315362647359,0.0845287328786627,0.906947890818859,650,goodH,0.849781367212677,0.835982119850269,0.417991059925135,FALSE,FALSE
snp_330,0.0755332057543359,-0.00542346374813346,-0.000204905166955788,0.0377812365808305,0.00279747010299656,0.000105703530134638,0.0377854011813789,0.0393120393120393,654,lowH,NA,NA,NA,FALSE,FALSE
snp_332,0.14249026816609,0.00403089298052319,0.000287757379963368,0.0713879979830222,0.011839371174508,0.000845278175823239,0.0713955296581335,0.0772058823529412,658,goodH,0.811598925536587,0.521131941660334,0.260565970830167,FALSE,FALSE
snp_334,0.0565557545480253,0.00289995812181125,8.21433428523047e-05,0.0283256996832078,0.0100290706311223,0.000284107869082667,0.0283284343617065,0.029126213592233,662,lowH,NA,NA,NA,FALSE,FALSE
snp_336,0.00766272189349104,0.0360690364236044,0.000139290475254673,0.0038617742270353,0.0433937031160778,0.00016760403890431,0.00386240460870488,0.00384615384615385,666,lowH,NA,NA,NA,FALSE,FALSE
snp_338,0.174289468937618,-0.000499419422584987,-4.35737768776161e-05,0.0872488631941443,0.00734569397607223,0.000640993839370382,0.0872611684421305,0.0964467005076142,670,goodH,0.849781367212677,0.94484850461554,0.52757574769223,FALSE,FALSE
snp_340,0.108466715942465,-0.00636829357638694,-0.00034542391349198,0.0542412043899453,0.00140096892525929,7.59981886770756e-05,0.0542468767913676,0.0575447570332481,674,goodH,0.867587336536095,0.0601555696791067,0.969922215160447,FALSE,FALSE
snp_342,0.0308346639570329,-0.00029620941738468,-4.57194799105154e-06,0.0154348502198836,0.00692924046732183,0.000106962444615666,0.0154363880312855,0.0156626506024096,678,lowH,NA,NA,NA,FALSE,FALSE
snp_344,0.0178329511435955,-0.00559845165055782,-4.99328270217954e-05,0.00891904228856209,0.00224558844635677,2.00307743735942e-05,0.00892005585711489,0.0089974293059126,682,lowH,NA,NA,NA,FALSE,FALSE
snp_346,0.166220689568533,-0.00415367260752706,-0.000345402744444777,0.0831559867811578,0.00368998718120798,0.0003068779344996,0.0831650408062225,0.0914786967418546,686,goodH,0.852938297158161,0.356197040733068,0.821901479633466,FALSE,FALSE
snp_348,0.166220689568533,-0.00415367260752706,-0.000345402744444777,0.0831559867811577,0.00368998718120798,0.000306877934499599,0.0831650408062225,0.908521303258145,690,goodH,0.852938297158161,0.356197040733068,0.821901479633466,FALSE,FALSE
snp_350,0.0246267125204445,-0.00125138373972895,-1.54243539818866e-05,0.0123258385834768,0.00626411977256132,7.72184754114871e-05,0.0123271071140317,0.0124688279301746,694,lowH,NA,NA,NA,FALSE,FALSE
snp_352,0.184288711808275,-0.0024694482567605,-0.000227745134085043,0.0922251087713847,0.00554496912015272,0.000511444151636312,0.0922357078198166,0.102689486552567,698,goodH,0.852801777383794,0.660460608646006,0.669769695676997,FALSE,FALSE
snp_354,0.00496274844682065,0.0212620552730958,5.30888346104956e-05,0.00249688160098391,0.0360571936690664,9.00480191377526e-05,0.00249736626661007,0.00248756218905473,702,lowH,NA,NA,NA,FALSE,FALSE
snp_356,0.0856858417861195,-0.00354622342566265,-0.000152026784542469,0.0428700525303368,0.0041724665715018,0.000178894241639092,0.0428749370602391,0.955145118733509,706,lowH,NA,NA,NA,FALSE,FALSE
snp_358,0.178352641074273,3.43740064860351e-05,3.06967935717799e-06,0.0893023441542983,0.00857836696269655,0.000766155947994934,0.0893125639561237,0.0989717223650386,710,goodH,0.849781367212677,0.881098785757126,0.440549392878563,FALSE,FALSE
snp_360,0.0228686038289463,-0.00399610650599053,-4.57320088926203e-05,0.011444141647392,0.00555362113899543,6.35645562415594e-05,0.0114456054258424,0.0115681233933162,714,lowH,NA,NA,NA,FALSE,FALSE
snp_362,0.0413943961783125,-0.00211520337923808,-4.38159149990476e-05,0.0207147527415688,0.00532198748564278,0.000110254480507841,0.0207167868780744,0.0211442786069652,718,lowH,NA,NA,NA,FALSE,FALSE
snp_364,0.105969091070223,-0.00343446902929506,-0.000182144803610968,0.0530343415699266,0.0060812996631884,0.000322569317878427,0.0530428256694894,0.0561357702349869,722,goodH,0.852801777383794,0.747968239941351,0.626015880029325,FALSE,FALSE
snp_366,0.467760615114717,0.00919361757043543,0.00215713124294362,0.234633562514114,0.0186468009023262,0.00437585915207961,0.234670771410109,0.37303664921466,726,goodH,0.594363155795028,0.150771458889849,0.0753857294449247,FALSE,FALSE
snp_368,0.0629848904079862,0.00722196830184483,0.000228017767477732,0.0315728009245743,0.0148016068690566,0.000467386199665122,0.0315767202709737,0.0325520833333333,730,lowH,NA,NA,NA,FALSE,FALSE
snp_370,0.0455933932592407,0.000782004998078848,1.78510361915178e-05,0.0228272661113068,0.00808580426850521,0.000184597344639925,0.022829806227062,0.0233415233415233,734,lowH,NA,NA,NA,FALSE,FALSE
snp_372,0.0425330812854443,0.00499284845844674,0.00010640019936562,0.0213105204876819,0.0121231255277024,0.000258376791036773,0.0213127209189049,0.0217391304347826,738,lowH,NA,NA,NA,FALSE,FALSE
snp_374,0.021658053172785,-0.00654192612785238,-7.08465681964459e-05,0.0108296191078672,0.000873048759627641,9.45573753258851e-06,0.010830709543212,0.0109489051094891,742,lowH,NA,NA,NA,FALSE,FALSE
snp_376,0.087196268906697,0.014370708828655,0.000628881319937016,0.0437613292034025,0.0215232836685611,0.000941976024242278,0.0437654420555825,0.0456852791878173,746,lowH,NA,NA,NA,FALSE,FALSE
snp_378,0.0744968749999999,0.00840643559602762,0.000313992843455989,0.0373514838565305,0.0161008581883034,0.000601451668435842,0.0373552553163142,0.03875,750,lowH,NA,NA,NA,FALSE,FALSE
snp_380,0.0744968749999999,0.00840643559602762,0.000313992843455989,0.0373514838565305,0.0161008581883034,0.000601451668435842,0.0373552553163142,0.03875,754,lowH,NA,NA,NA,FALSE,FALSE
snp_382,0.0368873311097293,0.0083063103255867,0.00015361152989163,0.0184933531099176,0.0156717204575617,0.000289850622934873,0.0184951373858267,0.018796992481203,758,lowH,NA,NA,NA,FALSE,FALSE
snp_384,0.00729030339083869,0.00188137459454367,6.87413634141061e-06,0.00365378397334951,0.0142132544026498,5.19409832359385e-05,0.00365440466795945,0.00365853658536585,762,lowH,NA,NA,NA,FALSE,FALSE
snp_386,0.0234037396121882,0.0115725891689681,0.000135955831473504,0.0117480910700667,0.0229208110187809,0.000269320569209247,0.0117500453622069,0.0118421052631579,766,lowH,NA,NA,NA,FALSE,FALSE
snp_388,0.460356648199446,-0.00104881007695538,-0.000241770608415992,0.230518960227607,0.00909359711480236,0.00209656274112885,0.230553730791099,0.359210526315789,770,goodH,0.849781367212677,0.814409638230119,0.40720481911506,FALSE,FALSE
snp_390,0.125510822119033,0.0155910747697154,0.00098244115671268,0.0630130488900613,0.0234999294849629,0.00148097434806687,0.0630203741255698,0.0672823218997362,774,goodH,0.530595716350412,0.0579618312160182,0.0289809156080091,FALSE,FALSE
snp_392,0.116321245326891,0.0109680284384232,0.000640204358495725,0.0583700491013466,0.0208640757382654,0.00121801426325995,0.058378539195296,0.0620052770448549,778,goodH,0.530595716350412,0.0979632903256804,0.0489816451628402,FALSE,FALSE
snp_394,0.133548483045806,-0.00306668964505246,-0.00020491444454884,0.066819426895523,0.00436891457455642,0.000291958110871872,0.0668262347293698,0.0719512195121951,782,goodH,0.852801777383794,0.465932597028191,0.767033701485905,FALSE,FALSE
snp_396,0.349991161839347,0.0022483126003505,0.000394101260083782,0.175287573455019,0.00994318021008009,0.00174310689830517,0.175306779267468,0.226130653266332,786,goodH,0.843330227695123,0.712571972861679,0.356285986430839,FALSE,FALSE
snp_398,0.122118128330093,0.0106726919768507,0.000653659006844789,0.061245935726674,0.0176447990936572,0.00108077952782831,0.0612520166476035,0.0653266331658292,790,goodH,0.626060769009019,0.182546140016314,0.0912730700081569,FALSE,FALSE
snp_400,0.00252844095497529,-0.00166328282065748,-2.10479575569802e-06,0.00126544669947713,0.00608491058079023,7.70113908403874e-06,0.0012656125314891,0.00126582278481013,794,lowH,NA,NA,NA,FALSE,FALSE
snp_402,0.109315653101661,-0.00337054941485176,-0.000184341821243806,0.0546919206796181,0.00407075603744165,0.000222660029765979,0.0546974634976933,0.0580246913580247,798,goodH,0.852938297158161,0.417226949645526,0.791386525177237,FALSE,FALSE
snp_404,0.485904587715287,0.0091917967619484,0.0022397204619399,0.24366514185907,0.0170322207831087,0.00415060173357289,0.243691165493178,0.416049382716049,802,goodH,0.637735236730722,0.204932574440187,0.102466287220093,FALSE,FALSE
snp_406,0.056532606954014,-0.00150099487900382,-4.24684577672054e-05,0.0282935394126,0.00601681421332919,0.000170257572061879,0.0282969634802257,0.0291139240506329,806,lowH,NA,NA,NA,FALSE,FALSE
snp_408,0.00505047268066017,0.0325674308566972,8.29334607805287e-05,0.00254651529454231,0.0475140901673441,0.00012102730323766,0.0025471876407904,0.00253164556962025,810,lowH,NA,NA,NA,FALSE,FALSE
snp_410,0.076984441052506,0.00574762592778168,0.000221822615749423,0.0385937808995576,0.0154817080037762,0.000597591026298054,0.0385998125111449,0.0401002506265664,814,lowH,NA,NA,NA,FALSE,FALSE
snp_412,0.206939011573311,0.00302639307137728,0.000313751231230735,0.1036716724599,0.011596891143263,0.00120242928929318,0.103685485570131,0.882793017456359,818,goodH,0.821364305356277,0.542956591591035,0.271478295795517,FALSE,FALSE
snp_414,0.0367068612757384,-0.00347193382622256,-6.37823541238683e-05,0.0183708438341013,0.00610502093311701,0.000112171082915743,0.0183735787550317,0.0187032418952618,822,lowH,NA,NA,NA,FALSE,FALSE
snp_416,0.0737887216939517,0.016501699187052,0.000611316911957956,0.0370456948116969,0.0235082874002584,0.000870961678129928,0.0370491334949544,0.0383663366336634,826,lowH,NA,NA,NA,FALSE,FALSE
snp_418,0.0269227690583649,-0.00140998794275902,-1.89989673603769e-05,0.0134745601605644,0.00605710786537024,8.16248750706177e-05,0.0134758826959784,0.0136476426799007,830,lowH,NA,NA,NA,FALSE,FALSE
snp_420,0.00495046456785042,0.000906905734522405,2.25074482149763e-06,0.00248178474985928,0.015976684894895,3.96585480900256e-05,0.00248227641409499,0.00248138957816377,834,lowH,NA,NA,NA,FALSE,FALSE
snp_422,0.125432655232812,0.00231900152666362,0.000145678285190543,0.0628194002960112,0.0097831985019429,0.000614641764989382,0.062826259210351,0.0672371638141809,838,goodH,0.843330227695123,0.730973198677785,0.365486599338893,FALSE,FALSE
snp_424,0.119650630335237,0.00975782035812403,0.000585514431340763,0.0600046331918054,0.0173701267823717,0.00104239573102538,0.06001083032297,0.0639097744360902,842,goodH,0.630654523056012,0.192287570006409,0.0961437850032043,FALSE,FALSE
snp_426,0.0278073635765943,0.00223730787092611,3.11587659235898e-05,0.0139269013122865,0.00993810998713382,0.000138426640010645,0.0139288697941416,0.0141025641025641,846,lowH,NA,NA,NA,FALSE,FALSE
snp_428,0.0500921881298697,0.0167665976752975,0.000421730422012417,0.025153011372949,0.0241756645939074,0.000608168931378361,0.0251562445787583,0.025706940874036,850,lowH,NA,NA,NA,FALSE,FALSE
snp_430,0.051121875,0.00171507568526702,4.39113019954221e-05,0.0256031278226568,0.00987826962359158,0.000252951913658087,0.0256069051865095,0.02625,854,lowH,NA,NA,NA,FALSE,FALSE
snp_432,0.0246875,-0.00293602594516257,-3.62672788747772e-05,0.0123525062626002,0.00465500439914085,5.75088590598252e-05,0.0123542007974126,0.0125,858,lowH,NA,NA,NA,FALSE,FALSE
snp_434,0.031971875,-0.00187422090128883,-2.99880049014024e-05,0.01600025102739,0.00567243281209957,9.07727270085824e-05,0.0160024331738156,0.01625,862,lowH,NA,NA,NA,FALSE,FALSE
snp_436,0.02230199559048,0.000591734979319641,6.60733527072392e-06,0.0111660380096523,0.00816746980952088,9.12112761749982e-05,0.0111676294252931,0.0112781954887218,866,lowH,NA,NA,NA,FALSE,FALSE
snp_438,0.038299560546875,0.00593753945918679,0.000113968954777875,0.0191946437680574,0.0136492950193401,0.000262027629249685,0.0191971547891968,0.01953125,870,lowH,NA,NA,NA,FALSE,FALSE
snp_440,0.334387885199653,0.000577062150318976,9.66127608440196e-05,0.167421760014266,0.00825035437504005,0.00138148157312598,0.167445119364255,0.787760416666667,874,goodH,0.849781367212677,0.925461995074603,0.462730997537301,FALSE,FALSE
snp_442,0.0830772925145775,-0.00396202922040135,-0.000164657937582285,0.0415589912195561,0.0033056404485761,0.000137392677794978,0.041563104013372,0.043424317617866,878,lowH,NA,NA,NA,FALSE,FALSE
snp_444,0.0206695798594305,0.024656633687838,0.000256427623832036,0.0103999445779381,0.0361457251546576,0.000375969134150538,0.0104014826799537,0.010443864229765,882,lowH,NA,NA,NA,FALSE,FALSE
snp_446,0.0283081894347907,-0.00624989918798714,-8.85001988572592e-05,0.0141602602210552,0.0031349083149225,4.43964780092861e-05,0.0141619701596867,0.0143603133159269,886,lowH,NA,NA,NA,FALSE,FALSE
snp_448,0.0610081220162439,0.00487231044740074,0.000149008882192113,0.030582797176154,0.0152676454962475,0.000466989010300606,0.0305868387116653,0.031496062992126,890,lowH,NA,NA,NA,FALSE,FALSE
snp_450,0.0947637450830456,0.0102374805863636,0.000486831246301331,0.0475538138699664,0.0211799028925925,0.00100732527542368,0.0475604293623076,0.0498687664041995,894,lowH,NA,NA,NA,FALSE,FALSE
snp_452,0.04592380648956,0.00457653231647328,0.000105297724479425,0.023008189869086,0.0118651238217874,0.000273021085020169,0.0230103865008836,0.0235148514851485,897,lowH,NA,NA,NA,FALSE,FALSE
snp_454,0.0360022955386445,0.0164127189166725,0.000296661564148862,0.0180751017339062,0.023497310524417,0.000424758400432264,0.0180768943743958,0.0183374083129584,901,lowH,NA,NA,NA,FALSE,FALSE
snp_456,0.0105817111815303,0.0071960239890302,3.81977729820085e-05,0.00530817754919079,0.0192175547787323,0.000102028552639678,0.00530913291594155,0.00531914893617021,905,lowH,NA,NA,NA,FALSE,FALSE
snp_458,0.235705825697626,-0.00733798518600872,-0.000864803345702415,0.117852969688646,0.000660769980368866,7.78828754259373e-05,0.117866848888111,0.136479591836735,909,goodH,0.871346796510036,0.0128555103340082,0.993572244832996,FALSE,FALSE
snp_460,0.0448641191170345,-0.00659551013096831,-0.000147984543604876,0.0224371641717348,0.00197653255951761,4.43533826685511e-05,0.0224399959691916,0.0229591836734694,913,lowH,NA,NA,NA,FALSE,FALSE
snp_462,0.466318979080473,-0.0052143528707559,-0.00121627420558119,0.233255062656485,0.00296731070187589,0.0006922244373669,0.23328343638881,0.370229007633588,917,goodH,0.856150345910198,0.246334584475619,0.87683270776219,FALSE,FALSE
snp_464,0.195322261557684,0.00474958171942465,0.000464806468261787,0.0978626110086367,0.0121102793207468,0.00118527201340108,0.0978732184459631,0.10969387755102,921,goodH,0.810648381061125,0.49762443246742,0.24881221623371,FALSE,FALSE
snp_466,0.154847652285834,-0.00217298040770728,-0.000168392751478005,0.0774939115330898,0.005722409672577,0.000443507290863788,0.07750358961351,0.0845771144278607,925,goodH,0.852801777383794,0.689592620443483,0.655203689778259,FALSE,FALSE
snp_468,0.0512465373961217,-0.00285807083677068,-7.32852682099238e-05,0.0256415156920073,0.00462921889733626,0.000118714884430705,0.0256446901871536,0.0263157894736842,929,lowH,NA,NA,NA,FALSE,FALSE
snp_470,0.162112675171638,-0.00587136955449697,-0.00047604503972311,0.0810790455794935,0.00230062292918715,0.000186557515462882,0.0810900009280514,0.911027568922306,933,goodH,0.856951771465273,0.155969426978467,0.922015286510767,FALSE,FALSE
snp_472,0.169541856082985,-0.00538637082269814,-0.00045674741349291,0.0847968750254212,0.002416481376557,0.000204936807742843,0.0848079400615274,0.0935162094763092,937,goodH,0.856951771465273,0.170691896032814,0.914654051983593,FALSE,FALSE
snp_474,0.031971875,-0.00217489658943897,-3.48040022926706e-05,0.0160026009795935,0.00654546015007835,0.000104758304174652,0.0160047272113325,0.01625,941,lowH,NA,NA,NA,FALSE,FALSE
snp_476,0.02230199559048,-0.0024766124167185,-2.76388237841186e-05,0.0111599310402957,0.00511992971944796,5.71449648679692e-05,0.0111612791579746,0.0112781954887218,945,lowH,NA,NA,NA,FALSE,FALSE
snp_478,0.065221875,-0.00172009290026121,-5.61498748965057e-05,0.0326435129683862,0.00625337834032274,0.000204158428352004,0.0326477013289855,0.03375,949,lowH,NA,NA,NA,FALSE,FALSE
snp_480,0.0359161213563355,-0.00145010203020419,-2.60656189641502e-05,0.0179750241163927,0.00585560293824808,0.00010526484419898,0.0179767728975274,0.0182926829268293,953,lowH,NA,NA,NA,FALSE,FALSE
snp_484,0.188690185546875,-0.00122446149668422,-0.000115691840712494,0.0944838535354371,0.00912495180191818,0.000862331283175395,0.0945025575909477,0.10546875,960,goodH,0.849781367212677,0.810470853494956,0.405235426747478,FALSE,FALSE
snp_486,0.0895772689158696,0.00963066808917764,0.000432632701612854,0.0449223976578552,0.0170902587952811,0.000767844261939111,0.0449287673836237,0.0469973890339426,963,lowH,NA,NA,NA,FALSE,FALSE
snp_488,0.0827716592532162,-0.00493394740891788,-0.000204266698826686,0.0414002586362156,0.00253574590545374,0.000104991390795284,0.0414045392203825,0.0432569974554707,967,lowH,NA,NA,NA,FALSE,FALSE
snp_490,0.0298438934802572,1.63496748935922e-05,2.44326011436827e-07,0.014943784082984,0.00888158164965652,0.000132739818977396,0.0149455158116494,0.0151515151515152,971,lowH,NA,NA,NA,FALSE,FALSE
snp_492,0.0549143067570586,0.00681750766389546,0.000187640783166978,0.0275233695974698,0.0140048403816532,0.000385504537654591,0.0275265213418365,0.0282555282555283,975,lowH,NA,NA,NA,FALSE,FALSE
snp_494,0.0393929446226104,-0.00412598738889306,-8.13089250347037e-05,0.0197065374590293,0.00341748807901663,6.73532278505531e-05,0.0197084016954154,0.0201005025125628,979,lowH,NA,NA,NA,FALSE,FALSE
snp_496,0.327331199512269,0.0148339014886999,0.00243756862083727,0.164324174775878,0.0231403614528395,0.00380295432436482,0.164342909341123,0.206172839506173,983,goodH,0.530595716350412,0.0623069063914474,0.0311534531957237,FALSE,FALSE
snp_498,0.32266992592775,0.0351595702456403,0.00571560034771324,0.162561723814641,0.0429793792531649,0.00698754876998468,0.162579099358913,0.202233250620347,987,goodH,0.0402927012172069,0.000933094133451107,0.000466547066725553,FALSE,FALSE
snp_500,0.417196707079041,0.00823933705406197,0.00172364351495429,0.209196869073895,0.0167172268653733,0.00349759663200449,0.209221102289945,0.703473945409429,991,goodH,0.643540974224351,0.21740823192235,0.108704115961175,FALSE,FALSE
snp_502,0.32266992592775,0.0351595702456403,0.00571560034771324,0.162561723814641,0.0429793792531649,0.00698754876998468,0.162579099358913,0.202233250620347,995,goodH,0.0402927012172069,0.000933094133451107,0.000466547066725553,FALSE,FALSE
snp_504,0.0207231161426495,0.000516029732861453,5.35430435842096e-06,0.0103759609523479,0.00840866224899361,8.72584588967844e-05,0.0103772105850997,0.0104712041884817,999,lowH,NA,NA,NA,FALSE,FALSE
snp_506,0.0287520491947455,-0.00460999454858159,-6.63065084246043e-05,0.0143832075560709,0.00341498535194268,4.91237576701374e-05,0.0143847638005804,0.0145888594164456,1003,lowH,NA,NA,NA,FALSE,FALSE
snp_508,0.401107579252054,-0.000937736125381882,-0.000188265306801053,0.20076576096968,0.00651176540278636,0.00130748203021089,0.200787643493948,0.277634961439589,1007,goodH,0.849781367212677,0.816732009176698,0.591633995411651,FALSE,FALSE
snp_510,0.0382629387269482,-0.000709323650546108,-1.35849572907281e-05,0.0191519869389227,0.00658823328347809,0.000126191440060307,0.0191540637118557,0.0195121951219512,1011,lowH,NA,NA,NA,FALSE,FALSE
snp_512,0.413194444444445,0.0385392268097422,0.00802706006502222,0.208282851772031,0.0461111833043118,0.00960512869737154,0.208303669718955,0.291666666666667,1015,goodH,0.0296467653984552,0.000468106822080872,0.000234053411040436,FALSE,FALSE
snp_514,0.354371378180902,0.0063193174886429,0.00112264996778585,0.177653673803141,0.0154840110597063,0.00275115061570465,0.17767686971394,0.23015873015873,1019,goodH,0.686770499642736,0.273262367226267,0.136631183613134,FALSE,FALSE
snp_516,0.468250673683766,0.00666384424151892,0.00156430617554953,0.234745308991942,0.0154938913653049,0.00363757798194033,0.234774976548879,0.625994694960212,1023,goodH,0.686770499642736,0.272767134812012,0.136383567406006,FALSE,FALSE
snp_518,0.0414953887102691,0.00100539168155901,2.08918883310442e-05,0.0207798499970163,0.00932650836090424,0.000193824421772605,0.0207820991814146,0.0211970074812968,1027,lowH,NA,NA,NA,FALSE,FALSE
snp_520,0.1258875,0.00617544825872239,0.000389618522826774,0.0630915370842052,0.0137502714840096,0.000867611206130398,0.0630977509890882,0.0675,1031,goodH,0.777870428567659,0.373813005428933,0.186906502714467,FALSE,FALSE
snp_522,0.0503441967296303,-0.00492856530254222,-0.00012411158448139,0.025182091919807,0.00279616915122806,7.04203683520607e-05,0.0251845881073155,0.0258397932816537,1035,lowH,NA,NA,NA,FALSE,FALSE
snp_524,0.00495046456785042,0.0332260760087326,8.28330481899501e-05,0.00249301326368421,0.0403161587164135,0.000100519808031291,0.00249328832983207,0.00248138957816377,1039,lowH,NA,NA,NA,FALSE,FALSE
snp_526,0.00737997256515754,0.0441451071801267,0.000164513801019511,0.00372665990702527,0.056014221619,0.000208781827629723,0.00372730034614824,0.0037037037037037,1043,lowH,NA,NA,NA,FALSE,FALSE
snp_528,0.0429628294239797,0.00937896098304119,0.000202062069302387,0.0215441848694915,0.0169370040084575,0.000364931994544623,0.0215464313737184,0.0219638242894057,1047,lowH,NA,NA,NA,FALSE,FALSE
snp_530,0.185352108914395,-0.000750628362452265,-6.96659421545593e-05,0.0928101649756002,0.00885306638777546,0.000821763406641042,0.0928224606759703,0.103359173126615,1051,goodH,0.849781367212677,0.845083018314488,0.422541509157244,FALSE,FALSE
snp_532,0.0363511659807956,0.00183757511247696,3.34503933559069e-05,0.0182035515875144,0.00919193353798841,0.000167343119508784,0.0182054318405576,0.0185185185185185,1055,lowH,NA,NA,NA,FALSE,FALSE
snp_534,0.0815824021205895,0.000699453289529555,2.85715862063186e-05,0.040848454977652,0.00848734554400007,0.00034674456759259,0.0408543007698929,0.0426065162907268,1059,lowH,NA,NA,NA,FALSE,FALSE
snp_536,0.02955,-0.00148291267170093,-2.19313072329567e-05,0.0147893450851701,0.00604630330864082,8.94311041176758e-05,0.0147910383506347,0.015,1063,lowH,NA,NA,NA,FALSE,FALSE
snp_538,0.292452538303507,-0.00164149315946561,-0.000240290669711694,0.146385422519775,0.00678028609609807,0.0009926646599022,0.146404538957945,0.177860696517413,1067,goodH,0.849781367212677,0.858783452582766,0.570608273708617,FALSE,FALSE
snp_540,0.272774807554268,-0.00125613035067473,-0.00017151258533112,0.136540435663378,0.00694840045189795,0.000948858324595604,0.1365578065289,0.162935323383085,1071,goodH,0.849781367212677,0.884740378273024,0.557629810863488,FALSE,FALSE
snp_542,0.0531005055138571,0.0264209524350341,0.000705650395137572,0.02670798476598,0.0334169851362363,0.000892600904721743,0.0267109944563441,0.0272952853598015,1075,lowH,NA,NA,NA,FALSE,FALSE
snp_544,0.037900534434876,0.00358406277624104,6.8042510214326e-05,0.0189847428637087,0.0107466748746416,0.000204042976846917,0.0189866148578093,0.0193236714975845,1079,lowH,NA,NA,NA,FALSE,FALSE
snp_546,0.0683909111016792,0.00488455114398144,0.000167370126288641,0.0342652009069182,0.0119853906437744,0.000410719915112506,0.0342683795063322,0.0354523227383863,1083,lowH,NA,NA,NA,FALSE,FALSE
snp_548,0.0778590225048656,0.0143325585632086,0.000560075147124349,0.0390771225287055,0.0217615740871874,0.000850468318810449,0.0390811949265738,0.0405759162303665,1087,lowH,NA,NA,NA,FALSE,FALSE
snp_550,0.00496274844682065,-0.000270068163588121,-6.71779616508389e-07,0.00248744467908819,0.0148435648257881,3.6929451038182e-05,0.00248790984319504,0.00248756218905473,1091,lowH,NA,NA,NA,FALSE,FALSE
snp_552,0.0401248366961822,-0.00177281824189733,-3.55979736304633e-05,0.0200798777839544,0.00543402295785068,0.000109125162711261,0.020081836892795,0.0204819277108434,1095,lowH,NA,NA,NA,FALSE,FALSE
snp_554,0.0447350849179853,0.00314476047026357,7.04625164413255e-05,0.0224063222326818,0.0102670942075675,0.000230070004265697,0.0224084828301392,0.0228915662650602,1099,lowH,NA,NA,NA,FALSE,FALSE
snp_556,0.0026007758246529,0.0140598254031854,1.83527477510986e-05,0.0013053325503559,0.0217856596123803,2.84408322645512e-05,0.00130548410149532,0.00130208333333333,1103,lowH,NA,NA,NA,FALSE,FALSE
snp_558,0.0505987518974531,-0.00254741968620073,-6.45179205813816e-05,0.025326773177923,0.00682476580685041,0.000172873860332574,0.0253303725322048,0.025974025974026,1107,lowH,NA,NA,NA,FALSE,FALSE
snp_560,0.0923089775005568,-0.00246760476105428,-0.000113976085045974,0.046188954910785,0.00476236603183343,0.000219991928741253,0.0461938303924446,0.0485074626865672,1111,lowH,NA,NA,NA,FALSE,FALSE
snp_562,0.132042089290489,-0.00435451294919124,-0.000287638595778774,0.0660552854325986,0.00360244200761756,0.000237991717447031,0.066063996850965,0.071072319201995,1115,goodH,0.852938297158161,0.342413730895565,0.828793134552217,FALSE,FALSE
snp_564,0.0148506539138438,-0.00261267004052151,-1.94230860631507e-05,0.00743419021993063,0.00753684510542943,5.60397662552399e-05,0.00743544088691298,0.00748129675810474,1119,lowH,NA,NA,NA,FALSE,FALSE
snp_566,0.0352531229454307,-0.00270657902267267,-4.77628787468493e-05,0.0176469551957455,0.0072757115894155,0.000128412844982636,0.0176495238169483,0.0179487179487179,1123,lowH,NA,NA,NA,FALSE,FALSE
snp_568,0.0502178765012222,-0.00550392486198725,-0.000138310375948555,0.025129408452465,0.0054451854285347,0.000136856041541435,0.02513340332255,0.0257731958762887,1127,lowH,NA,NA,NA,FALSE,FALSE
snp_570,0.0314309171803031,-0.000157312614591077,-2.47516628116838e-06,0.0157340610452786,0.00721139335754238,0.000113476635351641,0.0157357433890298,0.015970515970516,1131,lowH,NA,NA,NA,FALSE,FALSE
snp_572,0.0502659237302971,-0.00233171449246406,-5.86560348539739e-05,0.0251557534353138,0.0057214476628843,0.000143944145035406,0.0251586929596837,0.0257985257985258,1135,lowH,NA,NA,NA,FALSE,FALSE
snp_574,0.0524678008458286,0.00576616792097784,0.000151603973596859,0.0262919803367692,0.012947338042587,0.000340445667787289,0.0262946457926315,0.0269607843137255,1139,lowH,NA,NA,NA,FALSE,FALSE
snp_576,0.0287020454331228,0.00204776538842858,2.94394213648354e-05,0.0143763643682964,0.0105510644218751,0.000151703851723134,0.014378061364938,0.0145631067961165,1143,lowH,NA,NA,NA,FALSE,FALSE
snp_578,0.135329532740157,-0.000407909191410035,-2.76301036976107e-05,0.0677359183844342,0.00642486928160057,0.000435235606391217,0.0677423286474695,0.072992700729927,1147,goodH,0.849781367212677,0.802977735492424,0.598511132253788,FALSE,FALSE
snp_580,0.00756609517705509,0.0142060413268401,5.39918048690122e-05,0.00380062282143323,0.0268402430071183,0.000102029520917899,0.00380136353053286,0.00379746835443038,1151,lowH,NA,NA,NA,FALSE,FALSE
snp_582,0.027460342893767,0.00965817191586778,0.000133002188515471,0.0137709485474116,0.0171353103359753,0.000235996689662358,0.0137725366529771,0.0139240506329114,1155,lowH,NA,NA,NA,FALSE,FALSE
snp_584,0.074676038467095,-1.13574535002277e-05,-4.24610936620516e-07,0.0373861039019003,0.00783266788087899,0.000292866831057945,0.0373904313973133,0.961152882205514,1159,lowH,NA,NA,NA,FALSE,FALSE
snp_586,0.022246875,0.00184064965004269,2.05064013531384e-05,0.0111408498367209,0.00935114257574551,0.000104191409582047,0.0111421046934192,0.01125,1163,lowH,NA,NA,NA,FALSE,FALSE
snp_588,0.0670652488470467,0.0120764590104506,0.000406304706449636,0.0336443576795177,0.0191942288969621,0.000645840513506047,0.0336476404951212,0.0347394540942928,1167,lowH,NA,NA,NA,FALSE,FALSE
snp_590,0.141195721132405,-0.0020701298819444,-0.000146287859945331,0.0706660298086846,0.00604419492578758,0.000427167474393822,0.070674006983347,0.0764411027568922,1171,goodH,0.852801777383794,0.741972375864396,0.629013812067802,FALSE,FALSE
snp_592,0.068877551020408,0.0140366611587064,0.000485184386812599,0.0345655125052056,0.0210736064273847,0.000728495009921911,0.0345690716219911,0.0357142857142857,1175,lowH,NA,NA,NA,FALSE,FALSE
snp_594,0.0781618655692731,-0.00174854845139026,-6.83946745098928e-05,0.0391151154293224,0.0054868131291097,0.000214641045848653,0.0391194379684444,0.0407407407407407,1179,lowH,NA,NA,NA,FALSE,FALSE
snp_596,0.0454299621416983,0.00788274792097406,0.000179590448727828,0.0227827212703304,0.0172810329809192,0.000393777509038377,0.022786688126408,0.0232558139534884,1183,lowH,NA,NA,NA,FALSE,FALSE
snp_598,0.0304495695610585,0.00465359223049028,7.09981027133356e-05,0.0152566230982072,0.0123101410157911,0.000187830502778442,0.0152581926183866,0.0154639175257732,1187,lowH,NA,NA,NA,FALSE,FALSE
snp_600,0.0857166337935569,0.00307113887090617,0.000131856281509656,0.0429340017017042,0.0104681213690926,0.000449483355500566,0.0429383018836291,0.0448717948717949,1191,lowH,NA,NA,NA,FALSE,FALSE
snp_602,0.0562563051602383,-0.00130491290824309,-3.67413043707216e-05,0.0281561352781692,0.00615694945956503,0.000173373895656625,0.0281590577923753,0.0289672544080605,1195,lowH,NA,NA,NA,FALSE,FALSE
snp_604,0.366679567791179,0.000924095578102061,0.000169655774852932,0.183591155366609,0.0082560323302153,0.00151590586524882,0.183611910009235,0.241813602015113,1199,goodH,0.849781367212677,0.924681652499315,0.462340826249658,FALSE,FALSE
snp_606,0.0463718750000002,0.00800185150776465,0.00018601919055405,0.0232470185648341,0.0153177597609558,0.0003561277609832,0.023249337144649,0.02375,1203,lowH,NA,NA,NA,FALSE,FALSE
snp_608,0.122582957553181,-0.00269654744068209,-0.000165412652762192,0.0613423855507439,0.00525568889465825,0.000322429621483148,0.061348688620222,0.0655940594059406,1207,goodH,0.852801777383794,0.612697032855476,0.693651483572262,FALSE,FALSE
snp_610,0.170424468189393,0.0031940924064019,0.000272670368392483,0.0853670882676941,0.0107744341002474,0.0009198721631472,0.0853754503102928,0.0940594059405941,1211,goodH,0.83860437086585,0.622686797307467,0.311343398653733,FALSE,FALSE
snp_614,0.0316604989706892,7.69377120949659e-05,1.21944636232523e-06,0.015849787173552,0.00751719556831176,0.000119161289912551,0.0158518278298981,0.0160891089108911,1218,lowH,NA,NA,NA,FALSE,FALSE
snp_616,0.0918751838055094,-0.003396939251469,-0.0001561360301628,0.0459637392971568,0.00383169376765425,0.000176141002316518,0.0459694884292255,0.0482673267326733,1222,lowH,NA,NA,NA,FALSE,FALSE
snp_618,0.00247218409959804,4.5679729924711e-05,5.65347816173341e-08,0.00123763388510646,0.0076005441433137,9.40792074343232e-06,0.00123779568489298,0.00123762376237624,1226,lowH,NA,NA,NA,FALSE,FALSE
snp_620,0.0410943453741808,0.000614565717230119,1.26461519035281e-05,0.0205773793574509,0.00889754614944096,0.000183114697535134,0.0205803594001745,0.0209876543209877,1230,lowH,NA,NA,NA,FALSE,FALSE
snp_622,0.00524930747922436,0.00368028924045269,9.67846878645023e-06,0.00262981199414092,0.0116212943092647,3.05652106717407e-05,0.0026301038299472,0.00263157894736842,1234,lowH,NA,NA,NA,FALSE,FALSE
snp_624,0.0628875,0.00238040631629961,7.49714433423851e-05,0.0314952295450676,0.00972875970025675,0.000306447679693228,0.0314991519098925,0.0325,1238,lowH,NA,NA,NA,FALSE,FALSE
snp_626,0.0768,-0.000566565737896804,-2.17800461265913e-05,0.0384422224461416,0.00676135975177366,0.000259953974232414,0.0384469964291165,0.04,1242,lowH,NA,NA,NA,FALSE,FALSE
snp_628,0.00253485016362198,0.013427890052432,1.7081145449474e-05,0.00127206473859833,0.0209688618246004,2.66768314844181e-05,0.00127221170646092,0.00126903553299492,1246,lowH,NA,NA,NA,FALSE,FALSE
snp_630,0.046146753793223,0.000778125718317742,1.79783048877355e-05,0.0231046275229193,0.00816534241020725,0.000188677439329042,0.023107106824226,0.0236318407960199,1250,lowH,NA,NA,NA,FALSE,FALSE
snp_632,0.0261547394396864,0.0106767033116129,0.00014005309321161,0.0131176346409548,0.0177733675200163,0.000233167498013187,0.0131189262671013,0.0132530120481928,1254,lowH,NA,NA,NA,FALSE,FALSE
snp_634,0.0317377731529656,0.00251653497241188,4.00012533186313e-05,0.0158953695287984,0.00992024063048996,0.000157702841873482,0.015897078281426,0.0161290322580645,1258,lowH,NA,NA,NA,FALSE,FALSE
snp_636,0.0698382692711617,0.0118572455933928,0.000415395008592013,0.0350330104340155,0.0187776711403258,0.00065790128401249,0.0350363620225311,0.036231884057971,1262,lowH,NA,NA,NA,FALSE,FALSE
snp_638,0.20355,0.00297845726149622,0.000303724646358346,0.101973813854818,0.0116127207432675,0.00118433050603419,0.101985618376367,0.885,1266,goodH,0.821364305356277,0.541508936913825,0.270754468456913,FALSE,FALSE
snp_640,0.106422070213127,0.010945581020773,0.000584237733035356,0.0533765847538441,0.0179676848308066,0.000959144006387485,0.0533816134587901,0.056390977443609,1270,goodH,0.619605068186003,0.171682145661012,0.0858410728305061,FALSE,FALSE
snp_642,0.471684024995994,-0.00306088992183338,-0.000722360497738028,0.235996888547157,0.00425144651368833,0.00100343010908858,0.236020870980701,0.381012658227848,1274,goodH,0.852801777383794,0.446670057495301,0.77666497125235,FALSE,FALSE
snp_644,0.0823714148373658,-0.00554024054371302,-0.000228250302571877,0.0411986268052733,0.002376229659528,9.79081691082378e-05,0.0412031592635223,0.0430379746835443,1278,lowH,NA,NA,NA,FALSE,FALSE
snp_646,0.476418222630344,-0.00250024872242648,-0.000596012267064543,0.238381190526563,0.00460075392440222,0.00109684047604054,0.23840450805746,0.391414141414141,1282,goodH,0.852801777383794,0.504155634469611,0.747922182765195,FALSE,FALSE
snp_648,0.254113122896972,0.00685031552772016,0.000872473040515289,0.127362460456716,0.0140332522742161,0.00178748797762822,0.127375175953506,0.149367088607595,1286,goodH,0.762206970516408,0.355429145198704,0.177714572599352,FALSE,FALSE
snp_650,0.476178206086217,-0.00169908895066494,-0.000404877257801778,0.238290795572138,0.00530309155689023,0.00126380646309639,0.238315037471745,0.390862944162437,1290,goodH,0.852801777383794,0.62054134906037,0.689729325469815,FALSE,FALSE
snp_652,0.282915690162851,0.000207361379022962,2.93710929917434e-05,0.141642060494259,0.00789785688768395,0.00111879195131927,0.141657663240763,0.170542635658915,1294,goodH,0.849781367212677,0.974746497701579,0.487373248850789,FALSE,FALSE
snp_654,0.0552317235208888,0.00816205682215394,0.000226011206941689,0.0276904721280837,0.0156882879673404,0.000434462937411611,0.0276934575854337,0.0284237726098191,1298,lowH,NA,NA,NA,FALSE,FALSE
snp_656,0.0463655919967141,-0.0053209312275909,-0.000123397353560562,0.0231909318655921,0.00260333219629985,6.03806096026827e-05,0.0231935861618054,0.0237467018469657,1302,lowH,NA,NA,NA,FALSE,FALSE
snp_658,0.0102299086048865,0.00958491186125237,4.92046520212734e-05,0.00513355289370854,0.0211741419166966,0.000108717992523551,0.00513446981470462,0.0051413881748072,1306,lowH,NA,NA,NA,FALSE,FALSE
snp_660,0.0474126935328785,0.0178086526171398,0.000424058170740177,0.0238119177153271,0.0251768474764159,0.000599585917174765,0.0238149719791733,0.0242966751918159,1310,lowH,NA,NA,NA,FALSE,FALSE
snp_662,0.236969081143853,-0.00351803168755453,-0.000417098620723071,0.118560222808285,0.00419683939040476,0.000497633926153944,0.118573497783043,0.862650602409639,1314,goodH,0.852801777383794,0.437745944683038,0.781127027658481,FALSE,FALSE
snp_664,0.11928797614645,0.000719776821681511,4.29944572939608e-05,0.0597330394628699,0.00901180014862502,0.000538366828370316,0.0597402094466617,0.0637019230769231,1318,goodH,0.849781367212677,0.82474987982758,0.41237493991379,FALSE,FALSE
snp_666,0.130110875459744,-0.00116915583681153,-7.61434851668054e-05,0.0651268913598895,0.00677351001146166,0.000441186286565951,0.0651340716732398,0.0699481865284974,1322,goodH,0.849781367212677,0.857731060746435,0.571134469626783,FALSE,FALSE
snp_668,0.446180447916451,0.00893659972109109,0.00199940690383533,0.223732400044344,0.0167062151358153,0.00373812585971097,0.223756597728534,0.335958005249344,1326,goodH,0.643540974224351,0.217856774437179,0.108928387218589,FALSE,FALSE
snp_672,0.0929150613596263,5.77769383822125e-05,2.68786560221609e-06,0.0465214266708807,0.0083634331856133,0.000389128689857723,0.0465273866869766,0.951156812339332,1333,lowH,NA,NA,NA,FALSE,FALSE
snp_674,0.129118582275705,0.001038984317999,6.71877367997451e-05,0.0646667477418171,0.0100242900527535,0.000648323380229244,0.0646752415200873,0.0693717277486911,1337,goodH,0.843330227695123,0.703379581212729,0.351689790606365,FALSE,FALSE
snp_678,0.147114715658739,0.0134450928050009,0.000992482775233664,0.0738174730087774,0.0203142438535383,0.00149968722974556,0.0738244180072862,0.0799492385786802,1343,goodH,0.5445509119103,0.109121867230446,0.0545609336152232,FALSE,FALSE
snp_680,0.00249687499999984,-4.60265976252954e-05,-5.75327784483459e-08,0.00124998981929368,0.00756654211411231,9.45916741601452e-06,0.00125013080920706,0.00125,1347,lowH,NA,NA,NA,FALSE,FALSE
snp_682,0.00263504152714056,0.0139513693114555,1.8451309430684e-05,0.00132254469212091,0.0217895733763521,2.88213332079238e-05,0.00132271213897208,0.00131926121372032,1350,lowH,NA,NA,NA,FALSE,FALSE
snp_684,0.0292618370747966,-0.00114697390757263,-1.67983751944004e-05,0.0146458215688195,0.00630274974720863,9.2319280153126e-05,0.0146474608473885,0.0148514851485149,1354,lowH,NA,NA,NA,FALSE,FALSE
snp_686,0.050855892398203,-0.00325101253917918,-8.27233605204588e-05,0.0254454141666722,0.00457666899598151,0.000116472591283117,0.0254492058275099,0.0261096605744125,1358,lowH,NA,NA,NA,FALSE,FALSE
snp_688,0.0333665100995986,0.00329353333050533,5.50512332016013e-05,0.0167149464350964,0.0111535825731119,0.000186469028856424,0.0167183080085808,0.0169712793733681,1362,lowH,NA,NA,NA,FALSE,FALSE
snp_690,0.0917957174882114,0.0125076262139366,0.000576140623934917,0.0460631469217519,0.0205541123367956,0.000946923144805565,0.0460697659567814,0.0482233502538071,1366,lowH,NA,NA,NA,FALSE,FALSE
snp_692,0.0219217889296028,-0.00303865997132681,-3.33293027905654e-05,0.0109684213123762,0.00441558549881784,4.84367629907471e-05,0.0109694995156848,0.0110837438423645,1370,lowH,NA,NA,NA,FALSE,FALSE
snp_694,0.0386323375961561,0.000655239585318769,1.26734883486654e-05,0.019341762360862,0.00799215164608678,0.000154597254956329,0.0193436338300744,0.0197044334975369,1374,lowH,NA,NA,NA,FALSE,FALSE
snp_696,0.27548092252099,-0.00032392024282951,-4.46692629647056e-05,0.137902042103051,0.00715537475219048,0.000986842886036011,0.137916310495674,0.835051546391753,1378,goodH,0.849781367212677,0.916277945959289,0.541861027020355,FALSE,FALSE
snp_698,0.0685283933518004,-0.00504354301795829,-0.000172897006043098,0.0342808627640276,0.00336068042279401,0.000115219813022576,0.0342846681407404,0.0355263157894737,1382,lowH,NA,NA,NA,FALSE,FALSE
snp_700,0.0491279049314355,0.00612216528126992,0.000150741822115913,0.0246223052123553,0.013902103331443,0.000342338686815159,0.0246249562856347,0.0251989389920424,1386,lowH,NA,NA,NA,FALSE,FALSE
snp_702,0.190781412008672,0.00333635173020141,0.000318863886528332,0.0955726231266039,0.011300802544262,0.00108016444293676,0.0955829852531328,0.106796116504854,1390,goodH,0.821364305356277,0.570632043721202,0.285316021860601,FALSE,FALSE
snp_704,0.202127910264869,-0.001875947611001,-0.000189767747731116,0.101158340786423,0.00583024676087176,0.000589839955241463,0.101168952093079,0.885922330097087,1394,goodH,0.852801777383794,0.707217208900746,0.646391395549627,FALSE,FALSE
snp_706,0.124584668677538,0.00663968143697706,0.000414592155707079,0.0624415733860623,0.0139871144422644,0.000873464792987995,0.0624478191404994,0.066747572815534,1398,goodH,0.763501067907148,0.358370739159432,0.179185369579716,FALSE,FALSE
snp_708,0.183099255349232,0.00857408689264461,0.00078706472361031,0.0917957484528765,0.015597684948299,0.0014319380714852,0.0918045258787822,0.101941747572816,1402,goodH,0.686770499642736,0.267613719016299,0.133806859508149,FALSE,FALSE
snp_710,0.0217102914931588,-0.00066957931577323,-7.27630463814299e-06,0.0108669794104083,0.00669430034363333,7.27548912092288e-05,0.010868184496446,0.0109756097560976,1406,lowH,NA,NA,NA,FALSE,FALSE
snp_712,0.230375437340218,0.0223251960467215,0.00258516060981735,0.115795650994832,0.0299753423037143,0.00347140304298369,0.115808620559224,0.867167919799499,1410,goodH,0.398229779646891,0.0152925552774947,0.00764627763874737,FALSE,FALSE
snp_714,0.0971921475312314,-0.00137732060046835,-6.69976584078576e-05,0.0486434737018202,0.00603851097639088,0.000293763469021393,0.0486483290615745,0.0512195121951219,1414,lowH,NA,NA,NA,FALSE,FALSE
snp_716,0.0219753086419752,0.0168152096544122,0.000185535328561025,0.0110337802723941,0.0240187027575343,0.00026504345920837,0.0110348781898818,0.0111111111111111,1418,lowH,NA,NA,NA,FALSE,FALSE
snp_718,0.0950000000000001,0.0118716622733345,0.000565840367539655,0.0476631119140421,0.0197455201536251,0.000941245994118624,0.047668837629776,0.05,1422,lowH,NA,NA,NA,FALSE,FALSE
snp_720,0.232396121883657,-0.00452988510122476,-0.000526637960816401,0.116258569267908,0.00359166332694799,0.000417613366080048,0.116272971062384,0.134210526315789,1426,goodH,0.852938297158161,0.34072421723319,0.829637891383405,FALSE,FALSE
snp_722,0.0784490500623081,0.0113643715813548,0.000447226253409325,0.0393533641704462,0.018900664657457,0.00074388900173238,0.039357822341919,0.0408970976253298,1430,lowH,NA,NA,NA,FALSE,FALSE
snp_724,0.313184764620849,-0.00640703127007361,-0.00100342587072081,0.15661323137405,0.00138214677869535,0.000216487180034575,0.156631107036927,0.194373401534527,1434,goodH,0.867587336536095,0.0585598689415294,0.970720065529235,FALSE,FALSE
snp_726,0.190214194686795,0.008651413315495,0.000825020345624149,0.095362493449077,0.0155658790668135,0.00148454273833733,0.0953715965519977,0.106435643564356,1438,goodH,0.686770499642736,0.269183417727791,0.134591708863895,FALSE,FALSE
snp_728,0.0713305898491083,0.0122012155273602,0.000436614640112702,0.0357845199221037,0.0192619087110095,0.000689343739945338,0.0357879247735886,0.037037037037037,1442,lowH,NA,NA,NA,FALSE,FALSE
snp_730,0.0306891177705317,-0.00199664168043667,-3.06630363598334e-05,0.0153573055497506,0.00521801539257039,8.01426747210791e-05,0.0153588421443121,0.0155875299760192,1446,lowH,NA,NA,NA,FALSE,FALSE
snp_732,0.0468287674727068,0.00197851922350855,4.63995119398225e-05,0.0234516356417004,0.00948598948667666,0.000222492417027399,0.0234548454159575,0.023989898989899,1450,lowH,NA,NA,NA,FALSE,FALSE
snp_734,0.0875967464857244,0.0181893453588302,0.00080017637249612,0.0439914882427403,0.0251356267432138,0.00110586347366505,0.0439958583473004,0.0459057071960298,1454,lowH,NA,NA,NA,FALSE,FALSE
snp_736,0.0273919753086418,-0.00101362770909841,-1.38974623523065e-05,0.0137106180381236,0.00659302610027506,9.04048396875223e-05,0.0137121919908296,0.0138888888888889,1458,lowH,NA,NA,NA,FALSE,FALSE
snp_738,0.0715772705576545,0.0181726349171917,0.000653217502512214,0.0359451177822462,0.0249518927138633,0.000896983070142589,0.0359484981932542,0.0371702637889688,1462,lowH,NA,NA,NA,FALSE,FALSE
snp_740,0.0404890197570925,0.000412697833316109,8.3660641529975e-06,0.0202716454452269,0.0081027242979221,0.000164271703233428,0.0202736384940994,0.020671834625323,1466,lowH,NA,NA,NA,FALSE,FALSE
snp_742,0.0265973423683197,-0.00329767646268555,-4.38823991979413e-05,0.0133070662614987,0.00410762160421529,5.46658613856428e-05,0.0133083975723431,0.0134803921568627,1470,lowH,NA,NA,NA,FALSE,FALSE
snp_744,0.0271218750000002,0.00078645044938146,1.06796617720561e-05,0.0135795736151662,0.00828196793184142,0.000112477097077714,0.013580962641171,0.01375,1474,lowH,NA,NA,NA,FALSE,FALSE
snp_746,0.215450907971684,-0.00367591769234683,-0.000396254686212242,0.107797486063748,0.00435433089748335,0.00046943523524447,0.107808810652352,0.12280701754386,1478,goodH,0.852801777383794,0.463536708834109,0.768231645582946,FALSE,FALSE
snp_748,0.0999714566175396,0.00555824102516156,0.00027847392582388,0.0501010885571998,0.0135034698938793,0.000676622569857295,0.0501073113188476,0.0527704485488127,1482,lowH,NA,NA,NA,FALSE,FALSE
snp_750,0.101319799030602,0.0253417966634463,0.00129116196368557,0.0509498983372391,0.0324782897847337,0.00165493052820144,0.0509549775918106,0.0535248041775457,1486,goodH,0.306073879343937,0.00902112486487394,0.00451056243243697,FALSE,FALSE
snp_752,0.0876440641770173,-0.00120304398395587,-5.27870967534675e-05,0.0438779441628492,0.00786720880160741,0.000345243168299502,0.043883819154382,0.0459317585301837,1490,lowH,NA,NA,NA,FALSE,FALSE
snp_754,0.461997726144936,-0.00201240836620651,-0.000465273148347863,0.231202153678643,0.00555370949893652,0.00128418320854765,0.231229812937381,0.362155388471178,1494,goodH,0.852801777383794,0.661899016751954,0.669050491624023,FALSE,FALSE
snp_756,0.021762782384132,0.00133648044231224,1.45678345549742e-05,0.0109001479511143,0.0103570810383446,0.000112908407656101,0.0109015664971709,0.0110024449877751,1498,lowH,NA,NA,NA,FALSE,FALSE
snp_758,0.0241509794896013,-0.00515573880357335,-6.2292130548353e-05,0.012082095878321,0.00378090542290655,4.56871508996252e-05,0.0120836534611076,0.0122249388753056,1502,lowH,NA,NA,NA,FALSE,FALSE
snp_760,0.092017429701714,0.0134338380442892,0.000620301861088152,0.0461745823526469,0.0206132667194197,0.000951915812325073,0.0461797649679795,0.0483460559796438,1506,lowH,NA,NA,NA,FALSE,FALSE
snp_762,0.492266613414414,0.00701852284495008,0.00173191652691525,0.246763680218179,0.0149308262728983,0.00368480923872058,0.246792050980397,0.437817258883249,1510,goodH,0.706888224458564,0.302324327310099,0.15116216365505,FALSE,FALSE
snp_764,0.0590584658197841,0.00667283964486212,0.000197518893652706,0.0296004256306068,0.0140668907821155,0.000416428928866488,0.0296034806352468,0.0304568527918782,1514,lowH,NA,NA,NA,FALSE,FALSE
snp_766,0.0360888840830451,0.00371768629679653,6.72086031003093e-05,0.0180780726868273,0.0109966246110337,0.000198818770250754,0.0180799815655492,0.0183823529411765,1518,lowH,NA,NA,NA,FALSE,FALSE
snp_768,0.0365281480706119,0.00481910617861406,8.81988604590782e-05,0.0183019126763552,0.0121681268391578,0.000222723009045168,0.0183038040274557,0.0186104218362283,1522,lowH,NA,NA,NA,FALSE,FALSE
snp_770,0.00987629995874628,0.0304444673377212,0.000151432335584181,0.00497405107812654,0.0413124595911263,0.00020552170117886,0.00497481155111387,0.00496277915632754,1526,lowH,NA,NA,NA,FALSE,FALSE
snp_772,0.0248716761098666,-0.00254952784933953,-3.17304776005064e-05,0.0124456289460523,0.00509563785425539,6.34273627006989e-05,0.0124473843147488,0.0125944584382872,1530,lowH,NA,NA,NA,FALSE,FALSE
snp_774,0.0911369274597262,7.13490725648709e-05,3.25520821836293e-06,0.0456236935021584,0.00739076143547979,0.000337239368796956,0.0456298544799482,0.0478589420654912,1534,lowH,NA,NA,NA,FALSE,FALSE
snp_776,0.0105817111815303,0.0216306294038515,0.00011511230863523,0.00532172718999723,0.0334189404469064,0.000177876560443302,0.00532262717083744,0.00531914893617021,1538,lowH,NA,NA,NA,FALSE,FALSE
snp_778,0.0814346636199383,0.0119477166149152,0.000488102581365764,0.0408532104583423,0.019271907056508,0.000787394370102112,0.0408571070726605,0.0425257731958763,1542,lowH,NA,NA,NA,FALSE,FALSE
snp_780,0.0869860599262939,-0.00333053623807056,-0.000144998714341796,0.0435361467274702,0.00629852779888682,0.000274249513764763,0.0435418438278915,0.954430379746835,1546,lowH,NA,NA,NA,FALSE,FALSE
snp_782,0.0377218934911243,-0.000144569172425207,-2.73055452383136e-06,0.0188875296027859,0.00857256118998647,0.000161933792264263,0.0188897796907436,0.0192307692307692,1550,lowH,NA,NA,NA,FALSE,FALSE
snp_784,0.0413252483622364,-0.0040973531634897,-8.47104515222415e-05,0.0206744325280699,0.00382881456629536,7.91674525362564e-05,0.0206767528605744,0.978891820580475,1554,lowH,NA,NA,NA,FALSE,FALSE
snp_786,0.390322063771831,-0.000244548038763443,-4.77847868022924e-05,0.195400409031763,0.00750915186046334,0.00146749392204198,0.195427386382812,0.265822784810127,1558,goodH,0.849781367212677,0.96904438709974,0.51547780645013,FALSE,FALSE
snp_788,0.266497726972104,0.00234829231714621,0.000313463604378743,0.133485768398579,0.0105958236604894,0.0014145634838494,0.133501984288785,0.158311345646438,1562,goodH,0.840267703072198,0.641197989576276,0.320598994788138,FALSE,FALSE
snp_790,0.0756401512803027,-0.000192233206211492,-7.28119252714998e-06,0.0378768719028664,0.00914898774623219,0.000346583197634006,0.0378821359528806,0.0393700787401575,1566,lowH,NA,NA,NA,FALSE,FALSE
snp_792,0.0557915044754549,0.00223603153181594,6.24796396824497e-05,0.0279421997379922,0.00992321835561866,0.000277306663831206,0.0279452344887877,0.0287206266318538,1570,lowH,NA,NA,NA,FALSE,FALSE
snp_794,0.219219728519293,0.000871021883839396,9.56120152982027e-05,0.109769934684939,0.00880093331984835,0.000966190464524268,0.109782727514281,0.12531328320802,1574,goodH,0.849781367212677,0.851837711212049,0.425918855606024,FALSE,FALSE
snp_796,0.0273919753086418,0.0174732637411533,0.000240351258430031,0.0137553728937286,0.0248084271527624,0.000341283349712082,0.0137567507851492,0.0138888888888889,1578,lowH,NA,NA,NA,FALSE,FALSE
snp_798,0.0656518050711659,0.00722616983376567,0.000237787559489838,0.0329064449023505,0.0142648518122998,0.000469453203731398,0.0329097848269699,0.0339805825242718,1582,lowH,NA,NA,NA,FALSE,FALSE
snp_800,0.0625129365890138,-0.00521185693684209,-0.00016299058712514,0.0312730355227089,0.00380911127014536,0.000119141807275481,0.0312781115661488,0.0322997416020672,1586,lowH,NA,NA,NA,FALSE,FALSE
snp_802,0.153853601212534,-0.000972899960257906,-7.49430998316018e-05,0.0770306330485769,0.00834134915304548,0.000642647098167537,0.0770435437213298,0.0839793281653747,1590,goodH,0.849781367212677,0.913008561362106,0.456504280681053,FALSE,FALSE
snp_804,0.0380085331410374,0.0166211017277438,0.000317331150956989,0.0190920647833652,0.0262658920458729,0.000501557171899125,0.019095379323998,0.0193798449612403,1594,lowH,NA,NA,NA,FALSE,FALSE
snp_806,0.164903755805525,-0.00245385172314467,-0.000202556499830592,0.0825463486322685,0.00715754651188138,0.000590905044762016,0.0825569269834469,0.0906735751295337,1598,goodH,0.849781367212677,0.916606327184752,0.541696836407624,FALSE,FALSE
snp_808,0.020831024930748,0.000107929248028646,1.1256272530886e-06,0.0104293069177119,0.00805085777322136,8.39753060363022e-05,0.01043060359551,0.0105263157894737,1602,lowH,NA,NA,NA,FALSE,FALSE
snp_810,0.0991498984732508,0.000284562414299103,1.41266638409648e-05,0.0496434635465115,0.00837413777723564,0.000415768787074722,0.0496491457550356,0.0523114355231144,1606,lowH,NA,NA,NA,FALSE,FALSE
snp_812,0.0612594052841269,0.00579627764985432,0.00017794689586749,0.03070020220166,0.013475510238831,0.000413745842756027,0.0307035381535148,0.0316301703163017,1610,lowH,NA,NA,NA,FALSE,FALSE
snp_814,0.0296962197924293,0.00682141972609861,0.000101532605145251,0.0148843802642417,0.0142587226660597,0.000212253602561906,0.0148858777558762,0.0150753768844221,1614,lowH,NA,NA,NA,FALSE,FALSE
snp_816,0.0406948895260584,0.0059685281347585,0.000121747532541371,0.0203982505891793,0.014637445691044,0.000298615568092191,0.0204007976798096,0.0207792207792208,1618,lowH,NA,NA,NA,FALSE,FALSE
snp_818,0.135199652777778,-0.00583149164008618,-0.000394373974788997,0.067628318641158,0.00309899725577089,0.000209608062147272,0.0676373823038868,0.0729166666666667,1622,goodH,0.856150345910198,0.265595025298039,0.867202487350981,FALSE,FALSE
snp_820,0.0418013434004192,-0.00113909247594628,-2.38323208775214e-05,0.0209222002434202,0.00637099040676028,0.000133310133731191,0.0209245541462023,0.021356783919598,1626,lowH,NA,NA,NA,FALSE,FALSE
snp_822,0.0924640733642506,0.010702541545234,0.000496342543252977,0.0463761379626696,0.0179504576170348,0.000832563041149034,0.0463811596846945,0.0485933503836317,1630,lowH,NA,NA,NA,FALSE,FALSE
snp_824,0.00493824134888743,0.0240983965427679,5.99044487785217e-05,0.00248582716581196,0.0387951829442548,9.64585066371169e-05,0.00248635266846709,0.00247524752475248,1634,lowH,NA,NA,NA,FALSE,FALSE
snp_826,0.0288399762046401,-0.00267977650656575,-3.86784595441321e-05,0.0144334646748957,0.00594500630812466,8.58185848336084e-05,0.0144354068584125,0.0146341463414634,1638,lowH,NA,NA,NA,FALSE,FALSE
snp_828,0.00764319961277082,0.00741917203023724,2.84269859008276e-05,0.00383155772436222,0.0150958661704154,5.78481668107548e-05,0.00383205350111839,0.00383631713554987,1642,lowH,NA,NA,NA,FALSE,FALSE
snp_830,0.0242681815163388,0.0021036504949021,2.55663834056042e-05,0.0121533417587954,0.00946098478801806,0.000114993864234666,0.0121545343123583,0.0122850122850123,1646,lowH,NA,NA,NA,FALSE,FALSE
snp_832,0.0232226001949702,0.00302303762099525,3.51756585621762e-05,0.0116358653024621,0.0126006701824473,0.000146636163396859,0.0116371717752856,0.0117493472584856,1650,lowH,NA,NA,NA,FALSE,FALSE
snp_834,0.0309202050382391,0.0138502173623438,0.000214968468913175,0.0155209455049879,0.022818345373825,0.000354199167619434,0.0155225614222553,0.0157068062827225,1654,lowH,NA,NA,NA,FALSE,FALSE
snp_836,0.0884791157402488,0.00324417418424052,0.000143800336439797,0.0443257138098032,0.0115648684988795,0.000512672987363131,0.0443302046549689,0.0463917525773196,1658,lowH,NA,NA,NA,FALSE,FALSE
snp_838,0.496160590923584,0.00427306753399327,0.00106205033907933,0.248545179927643,0.0109664039560054,0.00272596382774533,0.248574084876067,0.543814432989691,1662,goodH,0.834442802798143,0.60327299861741,0.301636499308705,FALSE,FALSE
snp_840,0.341360392589081,-0.000725554145701833,-0.00012396420855611,0.170854524490655,0.00627106579336042,0.0010715455920113,0.170871368172506,0.218362282878412,1666,goodH,0.852801777383794,0.778470750904235,0.610764624547882,FALSE,FALSE
snp_842,0.0767051493251143,0.0152720129782954,0.000588097392342216,0.0385081778792371,0.02312154098969,0.000890482735728677,0.0385131222925733,0.0399484536082474,1670,lowH,NA,NA,NA,FALSE,FALSE
snp_844,0.0938599583400097,0.00400795760931408,0.00018845523120537,0.047020265575519,0.0112916239200092,0.000531004256483914,0.0470263852432201,0.0493670886075949,1674,lowH,NA,NA,NA,FALSE,FALSE
snp_846,0.0839145258035311,-0.0039269433867743,-0.000164926510927316,0.0419986983980413,0.006473921262272,0.000271948584882402,0.0420067797962316,0.0438829787234043,1678,lowH,NA,NA,NA,FALSE,FALSE
snp_848,0.0430413495854283,-0.00306307881288892,-6.59627873372964e-05,0.0215347992548335,0.00426213251593554,9.17938863866583e-05,0.0215370793947521,0.0220048899755501,1682,lowH,NA,NA,NA,FALSE,FALSE
snp_850,0.00498749999999992,0.00409825393190828,1.02402372216917e-05,0.00249868294933192,0.0116466189939893,2.91045588075291e-05,0.0024989706302361,0.0025,1686,lowH,NA,NA,NA,FALSE,FALSE
snp_852,0.0606937142354633,-0.00363131740189157,-0.000110262103149413,0.0303642152272276,0.00381504815771628,0.000115853931702521,0.030367619729307,0.031328320802005,1690,lowH,NA,NA,NA,FALSE,FALSE
snp_854,0.0997229916897506,-0.00462170871181097,-0.000230529985680726,0.0498798171965267,0.00266115848823751,0.000132752654776179,0.0498852869391111,0.0526315789473684,1694,lowH,NA,NA,NA,FALSE,FALSE
snp_856,0.0546535470256635,0.00210533129787784,5.76217760188908e-05,0.0273694577556384,0.00930958404253078,0.000254824143508645,0.0273722372927171,0.0281173594132029,1698,lowH,NA,NA,NA,FALSE,FALSE
snp_858,0.0458930117459386,-0.00326313341862866,-7.49294406391526e-05,0.0229624201730133,0.00457161162269336,0.000104989362401684,0.0229655034300202,0.0234986945169713,1702,lowH,NA,NA,NA,FALSE,FALSE
snp_860,0.0482550726996529,0.0153055133732205,0.000370765427815591,0.0242243052405094,0.022833413918192,0.000553191927355338,0.0242272981752674,0.0247395833333333,1706,lowH,NA,NA,NA,FALSE,FALSE
snp_862,0.247283935546875,-0.00694512668630349,-0.000858813998092676,0.123657067305388,0.00143973547401579,0.000178057958012388,0.123674078485918,0.14453125,1710,goodH,0.867587336536095,0.0635012934618875,0.968249353269056,FALSE,FALSE
snp_864,0.143700455388767,-0.00219815356071545,-0.000158093939202935,0.0719212442789842,0.00624061254491718,0.000448894407627759,0.0719311452837066,0.0779220779220779,1714,goodH,0.852801777383794,0.773594833103716,0.613202583448142,FALSE,FALSE
snp_866,0.0321298704578168,0.00311559058429187,5.01416450782838e-05,0.0160937850213976,0.0106191755412433,0.000170924195264544,0.0160958065530322,0.0163316582914573,1718,lowH,NA,NA,NA,FALSE,FALSE
snp_868,0.0855076824458241,0.00779423550025348,0.000334099909654388,0.0428650006332914,0.0151104755998208,0.000647777544325649,0.0428694345221888,0.0447570332480818,1722,lowH,NA,NA,NA,FALSE,FALSE
snp_870,0.00254129194750363,0.0104315767503099,1.3295926359397e-05,0.00127458453095329,0.0180083498713038,2.29552339962703e-05,0.00127469946776464,0.00127226463104326,1726,lowH,NA,NA,NA,FALSE,FALSE
snp_872,0.0566717771650904,0.00441190208017012,0.000125265897178563,0.0283927192631014,0.0118334356551297,0.000336013245952332,0.0283952400422841,0.0291878172588832,1730,lowH,NA,NA,NA,FALSE,FALSE
snp_874,0.0297698735478304,0.000796647508970094,1.18744833334515e-05,0.0149055676440925,0.00836538479251864,0.000124707085243231,0.01490751332261,0.0151133501259446,1734,lowH,NA,NA,NA,FALSE,FALSE
snp_876,0.176189249587513,-0.00649864748752892,-0.000572556090018971,0.0881038848649233,0.00125957348342576,0.000110986773509974,0.0881145681219921,0.0976253298153034,1738,goodH,0.868287533769305,0.0486380162131951,0.975680991893402,FALSE,FALSE
snp_878,0.497270974164758,-0.000864220126320272,-0.000215153351297655,0.248956654381272,0.0079444500788478,0.00197809603895287,0.24899093320752,0.463060686015831,1742,goodH,0.849781367212677,0.968138290256875,0.484069145128438,FALSE,FALSE
snp_880,0.0366172867008243,-0.00020874709679631,-3.82640974310631e-06,0.0183303614844523,0.0072323741936002,0.000132586480182385,0.0183323590059414,0.0186567164179104,1746,lowH,NA,NA,NA,FALSE,FALSE
snp_882,0.0180165289256198,0.00551390789511108,4.98018718570306e-05,0.00903204638241917,0.0155493618142983,0.000140462402007891,0.00903332263313405,0.00909090909090909,1750,lowH,NA,NA,NA,FALSE,FALSE
snp_884,0.053192138671875,-0.00705105110308307,-0.000187534378938482,0.0265966557605124,0.000767374220107686,2.04119410448807e-05,0.0265997221564419,0.02734375,1754,lowH,NA,NA,NA,FALSE,FALSE
snp_886,0.068877551020408,0.0133031795866384,0.000459766890455859,0.0345606768262863,0.0203438947711143,0.000703166807560999,0.0345640210722778,0.0357142857142857,1758,lowH,NA,NA,NA,FALSE,FALSE
snp_888,0.0217102914931588,-0.000362223620642108,-3.93649309809099e-06,0.0108675770263486,0.0069844617990675,7.59115948404545e-05,0.0108686391341691,0.0109756097560976,1762,lowH,NA,NA,NA,FALSE,FALSE
snp_890,0.306528613057226,-0.00541176416921698,-0.000829888170892267,0.1533489163502,0.00380951591018085,0.000584259308719823,0.153368386560193,0.188976377952756,1766,goodH,0.852938297158161,0.375179476809171,0.812410261595415,FALSE,FALSE
snp_892,0.113725761772853,0.00215484256708029,0.000122736096956975,0.0569582663866144,0.0100027227203258,0.000569805059262278,0.0569649959509944,0.0605263157894737,1770,goodH,0.843330227695123,0.705814886397205,0.352907443198602,FALSE,FALSE
snp_894,0.0259695290858726,0.00144294898631389,1.87705461962331e-05,0.0130084614038808,0.0109630527980497,0.00014263288930216,0.0130103258580981,0.0131578947368421,1774,lowH,NA,NA,NA,FALSE,FALSE
snp_896,0.223005928537093,0.0019824475076879,0.000221397815209704,0.111679030264926,0.00942054917202135,0.00105219679125067,0.111691661710726,0.127848101265823,1778,goodH,0.847246047458463,0.774016865465173,0.387008432732586,FALSE,FALSE
snp_898,0.0340657777777778,0.00855118247623019,0.000146092377340298,0.0170844649551559,0.017665240088469,0.000301837647618971,0.0170865295975228,0.0173333333333333,1782,lowH,NA,NA,NA,FALSE,FALSE
snp_900,0.0283812121378253,-0.00363098665497625,-5.15595517834775e-05,0.0141998736659677,0.00428013997057749,6.07841743087041e-05,0.0142014454495755,0.0143979057591623,1786,lowH,NA,NA,NA,FALSE,FALSE
snp_902,0.0193686073134427,-0.00204029580907888,-1.97817603462212e-05,0.00969553545039727,0.00725495391835865,7.03509022488497e-05,0.00969694680910747,0.0097799511002445,1790,lowH,NA,NA,NA,FALSE,FALSE
snp_904,0.0538801718175992,0.00295536722158865,7.97574728900134e-05,0.0269873308154037,0.0103841439502934,0.000280273886906679,0.0269905625584824,0.0277078085642317,1794,lowH,NA,NA,NA,FALSE,FALSE
snp_906,0.00246002086922759,0.012133085403108,1.49744879094875e-05,0.00123418631056959,0.0194706336408871,2.4033128743622e-05,0.00123432699658802,0.00123152709359606,1798,lowH,NA,NA,NA,FALSE,FALSE
snp_908,0.0270551800050993,-0.000380212078530205,-5.14934658767737e-06,0.0135433535083455,0.00712122951116574,9.64559812529396e-05,0.013544849397383,0.013715710723192,1802,lowH,NA,NA,NA,FALSE,FALSE
snp_910,0.243372688794832,-0.00283043417620512,-0.000344690652783325,0.121780133832847,0.00492888075819708,0.000600305334504231,0.121793438298518,0.141791044776119,1806,goodH,0.852801777383794,0.558519604933069,0.720740197533465,FALSE,FALSE
snp_912,0.0977090224994317,6.09817651101759e-05,2.98300794324593e-06,0.0489163922667132,0.00769942311530682,0.00037667118705872,0.0489220012223877,0.0515075376884422,1810,lowH,NA,NA,NA,FALSE,FALSE
snp_914,0.0271888995672138,-0.00273491059772883,-3.72162425999495e-05,0.0136078461324678,0.00624634854041597,8.5010821990253e-05,0.0136096827514834,0.0137844611528822,1814,lowH,NA,NA,NA,FALSE,FALSE
snp_916,0.00523556602668762,0.000154601258942457,4.05788790671968e-07,0.0026247444131293,0.0161677092582614,4.24476432347667e-05,0.00262545810026097,0.0026246719160105,1818,lowH,NA,NA,NA,FALSE,FALSE
snp_918,0.0275981068184321,-0.00325040367652729,-4.48830959616092e-05,0.0138084682483383,0.00444229741452139,6.13482580595658e-05,0.0138100294363509,0.0139949109414758,1822,lowH,NA,NA,NA,FALSE,FALSE
snp_920,0.181223318408996,-0.000912873522741358,-8.28421990335963e-05,0.0907488244207383,0.00928602381414476,0.000842822971425296,0.0907625253062007,0.100765306122449,1826,goodH,0.847751581150384,0.790454588250416,0.395227294125208,FALSE,FALSE
snp_922,0.100917312994409,-0.000635861705991184,-3.21278446297641e-05,0.0505264656246016,0.00823220886245321,0.000415999836537916,0.0505331975279776,0.0532994923857868,1830,goodH,0.849781367212677,0.927958705044411,0.463979352522206,FALSE,FALSE
snp_924,0.0373463629570461,-0.0016683004717533,-3.11929008224057e-05,0.0186974117376012,0.00804556731465117,0.000150453239011957,0.018700140478345,0.0190355329949239,1834,lowH,NA,NA,NA,FALSE,FALSE
snp_926,0.202948435685779,-0.000317760016012583,-3.22831245109675e-05,0.101595930526669,0.00732958415999641,0.000744743725202847,0.101607909663897,0.114609571788413,1838,goodH,0.849781367212677,0.942446519645129,0.528776740177435,FALSE,FALSE
snp_928,0.033111627157776,-0.00322664885897617,-5.3457540442604e-05,0.0165675109932992,0.00457960434627788,7.58811527272084e-05,0.0165693686592995,0.016839378238342,1842,lowH,NA,NA,NA,FALSE,FALSE
snp_930,0.00730806248169236,0.00246891759751462,9.03647747692989e-06,0.00366009683191801,0.00986588256572683,3.61142073482013e-05,0.00366051461768446,0.00366748166259169,1846,lowH,NA,NA,NA,FALSE,FALSE
snp_932,0.0667581484834765,0.00287525951843457,9.61763168274104e-05,0.0334496125343752,0.0125828646530857,0.000420951585910997,0.0334543522096749,0.0345744680851064,1850,lowH,NA,NA,NA,FALSE,FALSE
snp_934,0.0461280922561844,-0.00649523702571501,-0.000149867391510448,0.0230734291785064,0.00327880705573135,7.56680152393425e-05,0.0230779103354298,0.0236220472440945,1854,lowH,NA,NA,NA,FALSE,FALSE
snp_936,0.0715943458251149,-0.000435745598556464,-1.56208511868236e-05,0.0358485575954693,0.00874518030123307,0.000313539072495498,0.0358527853852583,0.0371794871794872,1858,lowH,NA,NA,NA,FALSE,FALSE
snp_938,0.0352531229454307,0.00556258038324404,9.8268659483461e-05,0.0176660205719403,0.0131418289886616,0.000232186314956097,0.0176677321822115,0.0179487179487179,1862,lowH,NA,NA,NA,FALSE,FALSE
snp_940,0.00506325852250766,0.0222278487971346,5.66375929447265e-05,0.00254804652765263,0.0373192857771095,9.51111807896318e-05,0.00254857987791315,0.00253807106598985,1866,lowH,NA,NA,NA,FALSE,FALSE
snp_942,0.495349016980597,0.0071965569554291,0.00178704301824225,0.248319165582939,0.0151867828172573,0.00377158704467835,0.248346676848013,0.548223350253807,1870,goodH,0.69397382268159,0.288547010483397,0.144273505241698,FALSE,FALSE
snp_944,0.165289256198347,-4.58812371398351e-06,-3.79659280443886e-07,0.0827482657642327,0.007622077444645,0.000630781746845366,0.0827571946659412,0.0909090909090909,1874,goodH,0.849781367212677,0.985569862425243,0.507215068787378,FALSE,FALSE
snp_946,0.0243865264441396,-0.00533735524938397,-6.50982336501456e-05,0.0121967211490483,0.00215888737594593,2.6333992205318e-05,0.0121979462656219,0.0123456790123457,1878,lowH,NA,NA,NA,FALSE,FALSE
snp_948,0.100536503581771,-0.00250531497819332,-0.000126029422715824,0.0503048214746669,0.00462471724607606,0.000232667802970835,0.0503096277222671,0.0530864197530864,1882,goodH,0.852801777383794,0.50811821541324,0.74594089229338,FALSE,FALSE
snp_950,0.227515693100518,-0.0037492332536464,-0.000426848641221234,0.113849582659626,0.00530829819807712,0.000604440962759573,0.113867183079226,0.869109947643979,1886,goodH,0.852801777383794,0.621402612950717,0.689298693524642,FALSE,FALSE
snp_952,0.323590932217762,-0.00755111111157685,-0.00122170341024472,0.161791210881758,0.000493055883110334,7.97812284100344e-05,0.161809707870743,0.203007518796992,1890,goodH,0.871346796510036,0.0069088538775716,0.996545573061214,FALSE,FALSE
snp_954,0.0299182823265502,-0.00432388753755764,-6.4713240991355e-05,0.0149664486944331,0.00332697361045701,4.97981568789903e-05,0.0149680047724063,0.0151898734177215,1894,lowH,NA,NA,NA,FALSE,FALSE
snp_956,0.183626033057851,0.00185441575635222,0.000170541713470388,0.0919651986811504,0.00991086957934684,0.000911556135934398,0.091975394150477,0.897727272727273,1898,goodH,0.843330227695123,0.716259459080714,0.358129729540357,FALSE,FALSE
snp_958,0.00776184854106932,0.000742989307729819,2.88760725019593e-06,0.00388647214724923,0.00863189538527105,3.35519385548076e-05,0.00388697233426376,0.0038961038961039,1902,lowH,NA,NA,NA,FALSE,FALSE
snp_960,0.0448641191170345,0.00185697061343907,4.17274772684966e-05,0.0224707256897395,0.0103105400029885,0.000231714921538491,0.0224735970639102,0.0229591836734694,1906,lowH,NA,NA,NA,FALSE,FALSE
snp_962,0.0943126857409242,-0.00245458262465669,-0.000115838403943005,0.0471927091715672,0.00494446483330606,0.00023337091002715,0.0471984163898096,0.049618320610687,1910,lowH,NA,NA,NA,FALSE,FALSE
snp_964,0.379807239136582,0.00249603418691496,0.000474757720584055,0.190204814931179,0.00941524152303998,0.00179101362798595,0.190224926636579,0.254854368932039,1914,goodH,0.847246047458463,0.774660583553944,0.387330291776972,FALSE,FALSE
snp_966,0.256251594377326,0.0213646392955567,0.00275057203087051,0.128744136178445,0.0274686909197735,0.00353672151541687,0.128754643814166,0.150895140664962,1918,goodH,0.44519969265446,0.0257747190484161,0.0128873595242081,FALSE,FALSE
snp_968,0.0251848188254893,-0.00126552625214412,-1.59567208048407e-05,0.01260876317485,0.00798887573218099,0.000100742272400195,0.0126103191209225,0.0127551020408163,1922,lowH,NA,NA,NA,FALSE,FALSE
snp_970,0.0399833402748855,0.00346232993848732,6.93466073800738e-05,0.0200288847718456,0.0110171061782914,0.000220682580045234,0.0200309025322891,0.0204081632653061,1926,lowH,NA,NA,NA,FALSE,FALSE
snp_972,0.0541393805439441,0.0110348568008637,0.000299646542411173,0.0271545474326156,0.0180532187691322,0.000490276639764817,0.0271572978777116,0.0278450363196126,1930,lowH,NA,NA,NA,FALSE,FALSE
snp_974,0.024327210075469,0.00239155964174791,2.91377240772443e-05,0.0121835657236416,0.00976595398437184,0.000118996212341528,0.012184801662178,0.0123152709359606,1934,lowH,NA,NA,NA,FALSE,FALSE
snp_976,0.0242094386774316,-0.00503328760521195,-6.09463599197299e-05,0.0121086583362771,0.00240902121062261,2.91730602934798e-05,0.0121099225547873,0.0122549019607843,1938,lowH,NA,NA,NA,FALSE,FALSE
snp_978,0.00498749999999992,0.0211729558672342,5.3129884441848e-05,0.00250932769023847,0.036043956043956,9.04637924186929e-05,0.00250981863112837,0.0025,1942,lowH,NA,NA,NA,FALSE,FALSE
snp_980,0.467434353298611,-0.00102682183620333,-0.000240184858555946,0.233910937698821,0.00513811427692051,0.0012019716026013,0.233932438599185,0.627604166666667,1946,goodH,0.852801777383794,0.593220072778069,0.703389963610965,FALSE,FALSE
snp_982,0.20472469606154,0.00995171509653345,0.00102175734831842,0.102671483096852,0.0174259371250443,0.00178934850869392,0.102683057780708,0.11576354679803,1950,goodH,0.630654523056012,0.190269994028004,0.0951349970140019,FALSE,FALSE
snp_984,0.100536503581771,-0.00220195255322036,-0.000110781333236206,0.0503104996854672,0.00529756362796798,0.00026655111510448,0.0503157930368687,0.0530864197530864,1954,goodH,0.852801777383794,0.619626861276039,0.69018656936198,FALSE,FALSE
snp_986,0.0263426100480726,-0.00235943433544267,-3.11012274315552e-05,0.0131816456870033,0.0049606293260333,6.53956246858876e-05,0.0131829290978652,0.0133495145631068,1958,lowH,NA,NA,NA,FALSE,FALSE
snp_988,0.034988896010981,0.000315242084139302,5.52219940137582e-06,0.0175173293136066,0.00791875079048921,0.000138729769148624,0.0175191482620271,0.0178117048346056,1962,lowH,NA,NA,NA,FALSE,FALSE
snp_990,0.0291198524594141,-0.000211664930601922,-3.0854576254928e-06,0.0145770847193181,0.00719040657399208,0.000104826967964018,0.0145787260964046,0.0147783251231527,1966,lowH,NA,NA,NA,FALSE,FALSE
snp_992,0.0433521803489529,-0.00265389137176142,-5.75925066596466e-05,0.0217011544905178,0.00728172860168911,0.000158045800807199,0.0217044344073107,0.977832512315271,1970,lowH,NA,NA,NA,FALSE,FALSE
snp_994,0.0170511141027112,-0.00199077830149022,-1.69872175228346e-05,0.00853295292103528,0.00546505090364576,4.66383189862045e-05,0.00853392215525237,0.0085995085995086,1974,lowH,NA,NA,NA,FALSE,FALSE
snp_996,0.00259402934727593,0.000177681492612801,2.30762362260649e-07,0.00129874169148005,0.00806612176805329,1.04768516240942e-05,0.0012988709971611,0.0012987012987013,1978,lowH,NA,NA,NA,FALSE,FALSE
snp_998,0.00258731778034305,0.0109325466280542,1.41884973810585e-05,0.00129782180344414,0.0186459412349449,2.42014868958466e-05,0.0012979493280012,0.00129533678756477,1982,lowH,NA,NA,NA,FALSE,FALSE
snp_1000,0.0527912985998438,-0.00111495599184931,-2.94650260217892e-05,0.0264270753618871,0.00731139053629387,0.000193239275359421,0.0264298937938246,0.0271317829457364,1986,lowH,NA,NA,NA,FALSE,FALSE
snp_1002,0.458122174815883,-0.00415323772317864,-0.000951915113547529,0.229198321163998,0.00395758461412344,0.000907164861758811,0.229221848731019,0.644702842377261,1990,goodH,0.852938297158161,0.398926454231843,0.800536772884078,FALSE,FALSE
snp_1004,0.129243827160494,0.0021121623860487,0.000136716274787872,0.0647281078817201,0.00980225998774947,0.000634550451920173,0.064735117484459,0.0694444444444444,1994,goodH,0.843330227695123,0.72876189367214,0.36438094683607,FALSE,FALSE
snp_1006,0.0273239472365157,-0.000827501403925405,-1.1317724970494e-05,0.0136769858235966,0.00674976846053928,9.23263245136958e-05,0.0136784432019346,0.0138539042821159,1998,lowH,NA,NA,NA,FALSE,FALSE
snp_1008,0.0293333497527848,0.00323146170194193,4.74802205486224e-05,0.0146931094742944,0.0106494909031012,0.000156493254281852,0.0146949047335474,0.0148883374689826,2001,lowH,NA,NA,NA,FALSE,FALSE
snp_1010,0.0392000000000001,-0.00591153738790172,-0.000115887996187239,0.0196036984261336,0.00162571581282727,3.18732410210012e-05,0.019605665867007,0.02,2004,lowH,NA,NA,NA,FALSE,FALSE
snp_1012,0.0246875,-0.00350996508029719,-4.33529309888048e-05,0.0123513852693754,0.00405697622163247,5.01145357807525e-05,0.0123526816631395,0.0125,2008,lowH,NA,NA,NA,FALSE,FALSE
snp_1014,0.0475312294543064,0.000177269127311838,4.2183222945173e-06,0.0237961474650731,0.00780154522668021,0.000185668543683169,0.0237989447331803,0.0243589743589744,2012,lowH,NA,NA,NA,FALSE,FALSE
snp_1016,0.0649266537133852,0.00501975226961248,0.000163306568971992,0.0325327944888003,0.0125512917363976,0.000408373978864708,0.0325364103903712,0.0335917312661499,2016,lowH,NA,NA,NA,FALSE,FALSE
snp_1018,0.0623571846104793,0.00989678018477247,0.000309497926997562,0.0312725877729169,0.0173596916225388,0.000542947324313663,0.0312763231121416,0.0322164948453608,2020,lowH,NA,NA,NA,FALSE,FALSE
snp_1020,0.0303725193462905,0.0197066142234956,0.000300765598021041,0.0152621650076474,0.0284621738020954,0.000434452654892454,0.0152642119998743,0.0154241645244216,2024,lowH,NA,NA,NA,FALSE,FALSE
snp_1022,0.21923428746937,0.000375489609874777,4.12210946840276e-05,0.109779588036469,0.00898372080376114,0.000986363565964757,0.109794548106593,0.125322997416021,2028,goodH,0.849781367212677,0.828321093425838,0.414160546712919,FALSE,FALSE
snp_1024,0.0479326769253059,0.000264793166751161,6.35644112912722e-06,0.0240053065081572,0.00985116539122593,0.000236511136975207,0.0240084424108703,0.0245700245700246,2032,lowH,NA,NA,NA,FALSE,FALSE
snp_1026,0.0932333717800846,0.0106357368652238,0.000497308738497118,0.0467582777572462,0.0175653182501951,0.000821398143512297,0.0467624970873029,0.0490196078431373,2036,lowH,NA,NA,NA,FALSE,FALSE
snp_1028,0.0650889956777363,-0.00399508647146186,-0.000130143587839851,0.0325759126290525,0.00618098698196094,0.000201378181616807,0.0325802630234499,0.0336787564766839,2040,lowH,NA,NA,NA,FALSE,FALSE
snp_1030,0.0255711562726517,-0.00188010544299434,-2.40674297632924e-05,0.0128011063703754,0.00752407901768273,9.63284230960587e-05,0.0128026862649465,0.0129533678756477,2044,lowH,NA,NA,NA,FALSE,FALSE
snp_1032,0.0631928486654376,-0.00275854701854323,-8.72413474423399e-05,0.0316258330403269,0.00589069840381173,0.000186320649605021,0.0316296365613384,0.0326633165829146,2048,lowH,NA,NA,NA,FALSE,FALSE
snp_1034,0.0272562561551475,-0.00340667895711628,-4.64779740379807e-05,0.0136431916899278,0.00700526363711246,9.55879917238954e-05,0.013645166930976,0.0138190954773869,2052,lowH,NA,NA,NA,FALSE,FALSE
snp_1036,0.0414953887102691,-0.00241122609650021,-5.00672698597681e-05,0.0207642368886264,0.00505505144783572,0.000104975344914016,0.0207664246343053,0.0211970074812968,2056,lowH,NA,NA,NA,FALSE,FALSE
snp_1038,0.022246875,0.000327515524927482,3.64782406404448e-06,0.0111378661052852,0.00786416706317952,8.7600375474695e-05,0.0111391803824775,0.01125,2060,lowH,NA,NA,NA,FALSE,FALSE
snp_1040,0.225372980494215,-0.00311225137793032,-0.000350955115789694,0.112765671268843,0.00456884890147195,0.000515269990017547,0.112778951794957,0.129441624365482,2064,goodH,0.852801777383794,0.498882663757343,0.750558668121328,FALSE,FALSE
snp_1042,0.104178172255095,0.00151586962940271,7.91071255277316e-05,0.0521859690261765,0.011170149275923,0.000583014235452737,0.0521939520279653,0.0551282051282051,2068,goodH,0.829413610819899,0.583208728450203,0.291604364225101,FALSE,FALSE
snp_1044,0.130771645920684,0.000118888792889514,7.78418529698286e-06,0.0654745086378062,0.00822101913079841,0.000538322266452029,0.0654812083377001,0.929667519181586,2072,goodH,0.849781367212677,0.929500545944479,0.464750272972239,FALSE,FALSE
snp_1046,0.0472947469804248,0.00986024338193464,0.000233863244556419,0.023717796356314,0.0172873420303546,0.000410055937756925,0.023720010689724,0.024234693877551,2076,lowH,NA,NA,NA,FALSE,FALSE
snp_1048,0.0401840894148586,0.0135880728039536,0.000274015582466242,0.0201658900728376,0.0210500312819723,0.000424540763971594,0.0201681773430512,0.0205128205128205,2080,lowH,NA,NA,NA,FALSE,FALSE
snp_1050,0.163379355687048,0.000746081226137714,6.10479456671691e-05,0.081824798062806,0.00998954954657088,0.000817506507780051,0.0818361732897834,0.0897435897435897,2084,goodH,0.843330227695123,0.707305551566356,0.353652775783178,FALSE,FALSE
snp_1052,0.108990159991012,0.016334379710409,0.000894076566552872,0.0547358750319196,0.0252994312540274,0.00138497312561716,0.0547432514079415,0.057840616966581,2088,goodH,0.526636164901687,0.0402473712199116,0.0201236856099558,FALSE,FALSE
snp_1054,0.208536819079969,0.00840616260310965,0.000879313197911361,0.104603401031772,0.018735729656636,0.00196012532322623,0.104619641676564,0.118251928020566,2092,goodH,0.594363155795028,0.148216991593081,0.0741084957965404,FALSE,FALSE
snp_1056,0.023162841796875,-0.00320238141331218,-3.7114955685845e-05,0.0115897986203516,0.00468906202746413,5.43516091041229e-05,0.0115911473948909,0.01171875,2096,lowH,NA,NA,NA,FALSE,FALSE
snp_1058,0.0338064220128103,0.00570242140511516,9.66035728483004e-05,0.0169407986511915,0.0129868719521218,0.000220032471006412,0.0169426842597353,0.0171990171990172,2100,lowH,NA,NA,NA,FALSE,FALSE
snp_1060,0.0961991111111111,-0.00746126583702471,-0.000358947184054403,0.0481080813758458,0.00168527594516859,8.10853242904296e-05,0.0481139747605656,0.0506666666666667,2104,lowH,NA,NA,NA,FALSE,FALSE
snp_1062,0.0649266537133852,-0.00217146493685823,-7.0561219753241e-05,0.0324947543732076,0.00609445220274746,0.000198062748288901,0.0324988598974673,0.0335917312661499,2108,lowH,NA,NA,NA,FALSE,FALSE
snp_1064,0.0297698735478304,0.00732671322579538,0.000109336555696402,0.0149230019419154,0.0148026342457191,0.000220928073046153,0.0149249160236493,0.0151133501259446,2112,lowH,NA,NA,NA,FALSE,FALSE
snp_1066,0.03930266807744,-0.00734473477155507,-0.000144363674628294,0.0196553965688986,0.00184386002295544,3.62461806737606e-05,0.0196577724027354,0.0200534759358289,2116,lowH,NA,NA,NA,FALSE,FALSE
snp_1068,0.0313551278354478,0.00711342779682895,0.000111798482727913,0.0157165414369921,0.0143860195238391,0.000226127093549879,0.0157185309789941,0.0159313725490196,2120,lowH,NA,NA,NA,FALSE,FALSE
snp_1070,0.0584833716320294,-0.00634605685651043,-0.000185663029623655,0.0292564396792605,0.00384478629639864,0.000112507176297127,0.0292622704160466,0.0301507537688442,2124,lowH,NA,NA,NA,FALSE,FALSE
snp_1072,0.0474126935328785,-0.00639283468805901,-0.000151568192853151,0.0237090743385342,0.00130743305278401,3.1001742474013e-05,0.0237119158093783,0.0242966751918159,2128,lowH,NA,NA,NA,FALSE,FALSE
snp_1074,0.0382629387269482,0.00145182395018697,2.78159026726004e-05,0.0191592807578482,0.00870867118195133,0.000166868001191679,0.019161132359379,0.0195121951219512,2132,lowH,NA,NA,NA,FALSE,FALSE
snp_1076,0.00780222102543471,0.00943800323859623,3.69618260160912e-05,0.00391627604713439,0.0225872955638363,8.84800251676516e-05,0.00391724741537068,0.00391644908616188,2136,lowH,NA,NA,NA,FALSE,FALSE
snp_1078,0.0436675307402914,0.0109775588261213,0.000240438244466428,0.0219027060820025,0.0182123125067775,0.000398939598638791,0.0219049392267089,0.0223325062034739,2140,lowH,NA,NA,NA,FALSE,FALSE
snp_1080,0.0682302201070792,0.00142277830833003,4.86076322112563e-05,0.0341638833869409,0.00856530746438765,0.00029265477560696,0.0341674571314274,0.0353658536585366,2144,lowH,NA,NA,NA,FALSE,FALSE
snp_1082,0.178045806067817,0.00813261637183278,0.000725845450062812,0.0892511606199413,0.014846265641936,0.00132517673627363,0.0892599370262122,0.0987804878048781,2148,goodH,0.711352094938548,0.307004588341899,0.15350229417095,FALSE,FALSE
snp_1084,0.0168865919571872,0.00417999289121766,3.53616008763958e-05,0.0084597275154922,0.0114677920877977,9.70240085458578e-05,0.0084605657133509,0.00851581508515815,2152,lowH,NA,NA,NA,FALSE,FALSE
snp_1086,0.021658053172785,-0.00219326784736411,-2.37769298860575e-05,0.0108408692146893,0.00682527047872894,7.40009362690581e-05,0.0108421983421292,0.0109489051094891,2156,lowH,NA,NA,NA,FALSE,FALSE
snp_1088,0.0392962355764097,0.01519540003336,0.000299750910899859,0.0197264244601514,0.0224991431793511,0.000443889774238138,0.019729185716082,0.0200501253132832,2160,lowH,NA,NA,NA,FALSE,FALSE
snp_1090,0.0582,0.000987796173195774,2.87847865039871e-05,0.0291404110332407,0.00835361304315899,0.000243452724601811,0.0291434045776374,0.03,2164,lowH,NA,NA,NA,FALSE,FALSE
snp_1092,0.028909439804879,0.00355479007692922,5.14777521477638e-05,0.0144812354692496,0.0108410449147791,0.000157007439035688,0.0144826850428086,0.0146699266503667,2168,lowH,NA,NA,NA,FALSE,FALSE
snp_1094,0.00736186269989569,0.000426296069823123,1.57121597157925e-06,0.00368573881582154,0.00791208405675049,2.91654218421015e-05,0.00368618705677399,0.00369458128078818,2172,lowH,NA,NA,NA,FALSE,FALSE
snp_1096,0.0224690082644627,-0.00660976783951149,-7.42630973188614e-05,0.0112353563880014,0.00110189915144049,1.23817449197126e-05,0.0112367315135202,0.0113636363636364,2175,lowH,NA,NA,NA,FALSE,FALSE
snp_1098,0.0746535960033934,0.0112081389612282,0.000419680697344767,0.0374442803391847,0.0181495921147703,0.000679663173849944,0.0374478483897624,0.0388349514563107,2179,lowH,NA,NA,NA,FALSE,FALSE
snp_1100,0.123313466562252,0.0035132799874491,0.000217019194951044,0.0617711072633914,0.0109725915048736,0.000677857061421584,0.0617772985643825,0.0660146699266504,2183,goodH,0.834442802798143,0.602655505168008,0.301327752584004,FALSE,FALSE
snp_1102,0.0365281480706119,-0.00289628036571644,-5.29353362123522e-05,0.0182770068944129,0.00456268086615556,8.34011529294353e-05,0.0182789801382071,0.0186104218362283,2187,lowH,NA,NA,NA,FALSE,FALSE
snp_1104,0.0269227690583649,-0.00589191974652352,-7.93280993168599e-05,0.0134638798099154,0.00164730815289915,2.21815791787617e-05,0.013465348993583,0.0136476426799007,2191,lowH,NA,NA,NA,FALSE,FALSE
snp_1106,0.00488994617454819,0.022857812856399,5.62506569426426e-05,0.00246089410636221,0.0374227093804764,9.21119964909716e-05,0.00246139304224261,0.00245098039215686,2195,lowH,NA,NA,NA,FALSE,FALSE
snp_1108,0.0293333497527848,0.00982558165833365,0.000144535358904586,0.0147101071397638,0.0171329978833088,0.000252053807140273,0.0147115997361925,0.0148883374689826,2199,lowH,NA,NA,NA,FALSE,FALSE
snp_1110,0.0312797030146879,0.00198790234166044,3.11389544600913e-05,0.0156642274660645,0.00929618750653904,0.000145633666660235,0.0156659562382746,0.0158924205378973,2203,lowH,NA,NA,NA,FALSE,FALSE
snp_1112,0.136692370944454,-0.00361504174048797,-0.000247276281605818,0.0684020543487391,0.00531142489610485,0.000363361803135536,0.0684113604622384,0.0737913486005089,2207,goodH,0.852801777383794,0.621919785596825,0.689040107201587,FALSE,FALSE
snp_1114,0.0757693478106043,-0.00570140643123804,-0.000216152675386664,0.0379121674614114,0.00494708377745093,0.000187585107808136,0.0379183204180125,0.039440203562341,2211,lowH,NA,NA,NA,FALSE,FALSE
snp_1116,0.00254129194750363,-7.13815886371417e-05,-9.0815121352301e-08,0.00127224853195615,0.00768044344578672,9.77258740817354e-06,0.00127239885003444,0.00127226463104326,2215,lowH,NA,NA,NA,FALSE,FALSE
snp_1118,0.0387258039932936,0.00256685204644387,4.98080658925447e-05,0.0194043384625729,0.0127735092833397,0.00024789732655864,0.01940714341375,0.980246913580247,2219,lowH,NA,NA,NA,FALSE,FALSE
snp_1120,0.0437736689685897,-0.00592413273381688,-0.000129738313773026,0.0218999674049229,0.00414090855010333,9.06982611037204e-05,0.0219029857835081,0.0223880597014925,2223,lowH,NA,NA,NA,FALSE,FALSE
snp_1122,0.0250586204230978,0.00152344408099559,1.91168068954969e-05,0.012548413908966,0.00913333976275943,0.000114621073770262,0.0125497437681692,0.0126903553299492,2227,lowH,NA,NA,NA,FALSE,FALSE
snp_1124,0.0545475843398583,0.00216183764352424,5.90572091501346e-05,0.0273180593959217,0.00967621831991285,0.000264362893665466,0.0273208897241838,0.0280612244897959,2231,lowH,NA,NA,NA,FALSE,FALSE
snp_1126,0.0220831357868099,0.000696547387167229,7.70138425021984e-06,0.0110565115771095,0.00816921975195058,9.0333341593383e-05,0.011057768591892,0.011166253101737,2235,lowH,NA,NA,NA,FALSE,FALSE
snp_1128,0.235537190082645,0.0014307181478637,0.000168715627183264,0.117923734618998,0.00788375368956725,0.000929760005149313,0.117933669893782,0.136363636363636,2239,goodH,0.849781367212677,0.976752277771815,0.488376138885908,FALSE,FALSE
snp_1130,0.0861552377183561,0.0139335050117517,0.000602411742166393,0.0432347597864509,0.0210047770306741,0.000908218677711538,0.0432386726307653,0.0451127819548872,2243,lowH,NA,NA,NA,FALSE,FALSE
snp_1132,0.0285283933518006,-0.00560007770453565,-7.99051912150583e-05,0.0142685861573565,0.002390256560546,3.41097065361062e-05,0.0142703118565291,0.0144736842105263,2247,lowH,NA,NA,NA,FALSE,FALSE
snp_1134,0.03076171875,-0.00286539249039758,-4.41067038228592e-05,0.0153929013113102,0.00497220371496594,7.65441886644517e-05,0.015394419266061,0.015625,2251,lowH,NA,NA,NA,FALSE,FALSE
snp_1136,0.012421875,-0.0032709043942476,-2.03288183264919e-05,0.00621504509952762,0.004361678739755,2.71114525211396e-05,0.00621582976160744,0.00625,2255,lowH,NA,NA,NA,FALSE,FALSE
snp_1138,0.286787632457541,0.00021336795155434,3.06328242028148e-05,0.143568066242663,0.00736860188221133,0.00105800420390215,0.143582761128172,0.826506024096386,2259,goodH,0.849781367212677,0.948258785203959,0.525870607398021,FALSE,FALSE
snp_1140,0.0493221077079402,0.00351060709950358,8.67308875483451e-05,0.0247053814596938,0.0106149793231623,0.000262273766059399,0.0247078923165783,0.0253012048192771,2263,lowH,NA,NA,NA,FALSE,FALSE
snp_1142,0.0410076478166717,-0.00732000436145769,-0.000150107199405235,0.0205064357878802,0.00166026299499247,3.4052089137153e-05,0.020510057286019,0.0209424083769634,2267,lowH,NA,NA,NA,FALSE,FALSE
snp_1144,0.00782256517091096,0.00699236077451242,2.74195340217974e-05,0.00392135573463876,0.0148780396724032,5.83511360683899e-05,0.00392196400555535,0.00392670157068063,2271,lowH,NA,NA,NA,FALSE,FALSE
snp_1146,0.0435123763054739,-0.00642466561319615,-0.00013983761065188,0.0217657414519218,0.00343004987459145,7.46715516657201e-05,0.0217698151326777,0.0222513089005236,2275,lowH,NA,NA,NA,FALSE,FALSE
snp_1148,0.0325317742426303,0.000642803198556672,1.04742306154106e-05,0.0162946149598028,0.0106661579296601,0.000173823807312046,0.0162967591946751,0.0165394402035623,2279,lowH,NA,NA,NA,FALSE,FALSE
snp_1150,0.0827716592532162,-0.00426127802327452,-0.000176453163759137,0.0414085076813515,0.00366940757231077,0.000151960510370847,0.0414128186570323,0.0432569974554707,2283,lowH,NA,NA,NA,FALSE,FALSE
snp_1152,0.00750928006868512,-0.000397914021212162,-1.49579368729057e-06,0.00375908766103277,0.00722978502539975,2.7180231097214e-05,0.00375947984645797,0.00376884422110553,2287,lowH,NA,NA,NA,FALSE,FALSE
snp_1154,0.0219753086419752,6.01059060924578e-05,6.61238170843018e-07,0.0110012179140244,0.00751263867592023,8.26581688513186e-05,0.0110025481614412,0.0111111111111111,2291,lowH,NA,NA,NA,FALSE,FALSE
snp_1156,0.0277372596987198,0.00342958363902186,4.76528477446601e-05,0.0138946451698874,0.0110778955508328,0.000153942603978715,0.0138963761909762,0.0140664961636829,2295,lowH,NA,NA,NA,FALSE,FALSE
snp_1158,0.0845402024763204,0.00937808953758669,0.000397540046337123,0.0423903018566641,0.0163979483748135,0.000695189111083108,0.042394883505725,0.0442260442260442,2299,lowH,NA,NA,NA,FALSE,FALSE
snp_1160,0.0199480994105665,-0.00365605740661662,-3.64877200512979e-05,0.00998007306593807,0.00399290331282956,3.98538412528433e-05,0.00998116862103554,0.0100755667506297,2303,lowH,NA,NA,NA,FALSE,FALSE
snp_1162,0.0830713296398891,-0.00536301085492585,-0.000222824371974448,0.0415483723606092,0.00238319224466257,9.902992945017e-05,0.0415534792344003,0.043421052631579,2307,lowH,NA,NA,NA,FALSE,FALSE
snp_1164,0.0494730603725939,0.00264718510924519,6.56111750160253e-05,0.0247852614412497,0.0117327738930362,0.000290839647299572,0.0247886518525849,0.0253807106598985,2311,lowH,NA,NA,NA,FALSE,FALSE
snp_1166,0.118030544339517,-0.000221835239635425,-1.31076089095818e-05,0.0590871357099237,0.00748257922477743,0.000442196223544448,0.059096764666411,0.0629820051413882,2315,goodH,0.849781367212677,0.965132967707748,0.517433516146126,FALSE,FALSE
snp_1168,0.0671664098203848,-0.000273843095417336,-9.20843511468821e-06,0.0336266835599948,0.00795791481967139,0.000267644494087836,0.0336324904391082,0.0347938144329897,2319,lowH,NA,NA,NA,FALSE,FALSE
snp_1170,0.0122095515215908,0.00136739547017216,8.36402323394835e-06,0.00611675511320458,0.0118029073234854,7.22068088018042e-05,0.00611771378210582,0.00614250614250614,2323,lowH,NA,NA,NA,FALSE,FALSE
snp_1172,0.0987413194444444,0.00735655267502134,0.000364115123953038,0.0494953465349831,0.0147384356848642,0.000729552708933729,0.0495000096708331,0.0520833333333333,2327,lowH,NA,NA,NA,FALSE,FALSE
snp_1174,0.136553797487458,0.00158612729229551,0.00010844880144904,0.0683733279011222,0.0084472830012683,0.000577620610840214,0.0683794553530985,0.0737100737100737,2330,goodH,0.849781367212677,0.898651875104743,0.449325937552372,FALSE,FALSE
snp_1176,0.134455988264342,0.00314266726240772,0.00021167952346877,0.0673566451023498,0.0113589961380805,0.000765187533167625,0.0673640103285509,0.0724815724815725,2334,goodH,0.821364305356277,0.565102570818699,0.282551285409349,FALSE,FALSE
snp_1178,0.0615491299071622,0.0182006594140602,0.000562581208591531,0.0309099355024979,0.025151584720625,0.000777506098665827,0.0309128075746356,0.0317848410757946,2338,lowH,NA,NA,NA,FALSE,FALSE
snp_1180,0.00511505588428673,0.0220188916645732,5.66774768078179e-05,0.00257403858791893,0.0372541662841304,9.59125277746695e-05,0.00257454500640715,0.00256410256410256,2342,lowH,NA,NA,NA,FALSE,FALSE
snp_1182,0.100302725132859,0.0124069943554032,0.000624324972874623,0.0503204043614909,0.0193276118501078,0.000972674180280842,0.0503256267677695,0.0529556650246305,2346,goodH,0.568379620486889,0.132223048555371,0.0661115242776855,FALSE,FALSE
snp_1184,0.0697340571146232,0.0188969088875302,0.000661936399294087,0.0350288189054501,0.0262237365567333,0.000918701296990631,0.0350331957844025,0.0361757105943152,2350,lowH,NA,NA,NA,FALSE,FALSE
snp_1186,0.00243604997025582,0.0122070413591175,1.49188167341467e-05,0.00122214845475262,0.0194641690328697,2.37906007520078e-05,0.00122227672354427,0.00121951219512195,2354,lowH,NA,NA,NA,FALSE,FALSE
snp_1188,0.0846819419964751,-0.00422048002313685,-0.000178822260878816,0.042370123753342,0.0045884379217561,0.000194439064701072,0.0423758734490311,0.0443037974683544,2358,lowH,NA,NA,NA,FALSE,FALSE
snp_1190,0.0568116336136848,0.00307166798844572,8.74187327629577e-05,0.0284596945671827,0.0112483736082112,0.000320165013074701,0.0284632271496553,0.0292620865139949,2362,lowH,NA,NA,NA,FALSE,FALSE
snp_1192,0.0214005870931953,-0.00290202415227324,-3.10736138825502e-05,0.0107075655653001,0.00437866452605193,4.68896033656916e-05,0.0107086539940912,0.0108173076923077,2366,lowH,NA,NA,NA,FALSE,FALSE
snp_1194,0.01245281122606,0.0485803651040628,0.000305630119008713,0.00629122729633731,0.0585266867766831,0.000368256394802854,0.00629211074612832,0.006265664160401,2370,lowH,NA,NA,NA,FALSE,FALSE
snp_1196,0.0099499999999999,0.0294675563808729,0.000147641264450795,0.00501029887047667,0.0404252246672543,0.000202572424546677,0.00501104016648216,0.005,2374,lowH,NA,NA,NA,FALSE,FALSE
snp_1198,0.0342194500136135,-0.00337611996602384,-5.78008804261168e-05,0.0171205054938231,0.00411171251937354,7.04018224908325e-05,0.0171222628428213,0.0174129353233831,2378,lowH,NA,NA,NA,FALSE,FALSE
snp_1200,0.0464852607709751,0.0184094322522829,0.000429822536041428,0.023347951753815,0.0259906259671238,0.000606886319208818,0.0233502001828076,0.0238095238095238,2382,lowH,NA,NA,NA,FALSE,FALSE
snp_1202,0.171928627620248,-0.00709832558843744,-0.000610351847255903,0.0859853270537651,0.00219510323920483,0.000188775229290014,0.0859983375353213,0.905013192612137,2386,goodH,0.858069551463098,0.142974280413829,0.928512859793085,FALSE,FALSE
snp_1204,0.0537361495844877,-0.00157181908714941,-4.22903092277123e-05,0.0269053287197373,0.00863580642430268,0.000232392486782323,0.0269103399687526,0.0276315789473684,2390,lowH,NA,NA,NA,FALSE,FALSE
snp_1206,0.063625346260388,-0.00507445826730381,-0.000161525742482062,0.0318311303342111,0.00410883364655547,0.000130810733044161,0.0318364636528477,0.0328947368421053,2394,lowH,NA,NA,NA,FALSE,FALSE
snp_1208,0.0402197250810987,0.000154426864206324,3.10926846876221e-06,0.0201342459729547,0.00735400896437315,0.000148082100265999,0.02013624146821,0.0205314009661836,2398,lowH,NA,NA,NA,FALSE,FALSE
snp_1210,0.030068177845114,0.0147850808827092,0.00022318557512358,0.0150953232447035,0.0235017737368304,0.000354806466991394,0.0150970080371153,0.0152671755725191,2402,lowH,NA,NA,NA,FALSE,FALSE
snp_1212,0.0399833402748855,0.00284388118834765,5.69539386855652e-05,0.0200268347773897,0.0104278184575774,0.000208861548315896,0.0200292658685601,0.0204081632653061,2406,lowH,NA,NA,NA,FALSE,FALSE
snp_1214,0.0448641191170345,-0.00807742960516293,-0.000181185510011022,0.0224310849945646,0.000527900312631015,1.1843017109495e-05,0.0224341922634414,0.0229591836734694,2410,lowH,NA,NA,NA,FALSE,FALSE
snp_1216,0.181634735513242,-0.00531203935744769,-0.000482650927082742,0.0908598175964277,0.00347936996727933,0.000316188127697615,0.090875109767317,0.101023017902813,2414,goodH,0.852938297158161,0.323227085758754,0.838386457120623,FALSE,FALSE
snp_1218,0.435897855194563,-0.00185387170387036,-0.000404460681415496,0.218170804684648,0.00643708265635355,0.00140460642531018,0.21820543564464,0.320971867007673,2418,goodH,0.849781367212677,0.804915024534355,0.597542487732822,FALSE,FALSE
snp_1220,0.0593502707205331,-0.00192955723631701,-5.73108704803412e-05,0.0297015654170134,0.00565859848789953,0.000168092932402417,0.0297057535999189,0.0306122448979592,2422,lowH,NA,NA,NA,FALSE,FALSE
snp_1222,0.108206866930446,0.00367502085455713,0.000199237828954443,0.0542140675766186,0.0120566099619306,0.000653739685387927,0.0542225125845612,0.0573979591836735,2426,goodH,0.810648381061125,0.502208990796785,0.251104495398393,FALSE,FALSE
snp_1224,0.0439874999999998,0.00111956650960459,2.46584533616775e-05,0.0220250008821597,0.00853596417951513,0.000188022621200446,0.0220271099135665,0.0225,2430,lowH,NA,NA,NA,FALSE,FALSE
snp_1226,0.0393929446226104,0.00379297145594355,7.48502510850328e-05,0.0197339347143631,0.0112330862078941,0.00022169532451628,0.0197359230057793,0.0201005025125628,2434,lowH,NA,NA,NA,FALSE,FALSE
snp_1228,0.0621368693796678,0.00999422221675112,0.000311424228878077,0.0311604267069532,0.0171263026765655,0.000533714912887142,0.0311634637648582,0.0320987654320988,2438,lowH,NA,NA,NA,FALSE,FALSE
snp_1230,0.033111627157776,-0.00633578459646703,-0.000104952325138572,0.0165650084122329,0.00400163146790484,6.6298016356026e-05,0.0165677466522768,0.016839378238342,2442,lowH,NA,NA,NA,FALSE,FALSE
snp_1232,0.121928166351607,0.00830729516724724,0.000507791558187026,0.0611259799927502,0.0154322316198106,0.000943399710459559,0.0611317749565462,0.0652173913043478,2446,goodH,0.691368050344157,0.275871090779261,0.13793554538963,FALSE,FALSE
snp_1234,0.0635011733496582,-0.00513571759766768,-0.000163129888617907,0.0317637964930141,0.00298320413500843,9.47690044471233e-05,0.0317675224886532,0.967171717171717,2450,lowH,NA,NA,NA,FALSE,FALSE
snp_1236,0.034814933504246,-0.000632659698359767,-1.10254990538526e-05,0.0174272189021006,0.00694637622914637,0.000121068544364889,0.0174290220355322,0.0177215189873418,2454,lowH,NA,NA,NA,FALSE,FALSE
snp_1238,0.0709934862269015,0.00363108461413142,0.000129138106667358,0.0355646095838086,0.0112985941153261,0.000401874084149407,0.0355685034834805,0.0368550368550369,2458,lowH,NA,NA,NA,FALSE,FALSE
snp_1240,0.0533271070087054,-0.00179456619222243,-4.78951961669493e-05,0.0266890106224697,0.00596533899183893,0.000159226934913099,0.0266920178603319,0.0274151436031332,2462,lowH,NA,NA,NA,FALSE,FALSE
snp_1242,0.0478181468665899,0.0034998158060512,8.3829130059073e-05,0.0239524405581951,0.0107254285707446,0.000256924922576151,0.0239547465056041,0.0245098039215686,2466,lowH,NA,NA,NA,FALSE,FALSE
snp_1244,0.0798611111111109,-0.00407638614398099,-0.00016285923435368,0.0399518663348787,0.0035735436263853,0.000142784287778196,0.0399559380565403,0.0416666666666667,2470,lowH,NA,NA,NA,FALSE,FALSE
snp_1246,0.0513780884287913,0.00913963555177602,0.000235468698669709,0.0257634669714978,0.0168207549888042,0.000433405603619998,0.0257661207186282,0.0263852242744063,2474,lowH,NA,NA,NA,FALSE,FALSE
snp_1248,0.0861719214753125,0.0108709848370262,0.000469865678575547,0.0432219974197003,0.0182217116504507,0.000787660182168998,0.0432264650697354,0.0451219512195122,2478,lowH,NA,NA,NA,FALSE,FALSE
snp_1250,0.0266617969320671,0.00398444379705221,5.32179987884037e-05,0.0133564435838638,0.0113064785127915,0.000151029073997493,0.0133577465190976,0.0135135135135135,2482,lowH,NA,NA,NA,FALSE,FALSE
snp_1252,0.0384467512495195,-0.00124922604332791,-2.40379770213339e-05,0.0192422957796311,0.00607902143506328,0.000116985699655836,0.0192441663358962,0.0196078431372549,2486,lowH,NA,NA,NA,FALSE,FALSE
snp_1254,0.0132094556360345,0.00619857915401812,4.10394337177171e-05,0.00662078077862634,0.0141721468673649,9.38428308568735e-05,0.00662163832587504,0.00664893617021277,2490,lowH,NA,NA,NA,FALSE,FALSE
snp_1256,0.231951294604857,0.00331409573837869,0.000385092088685254,0.116198239002488,0.0113551778311687,0.00131962223821617,0.116213260403016,0.133906633906634,2494,goodH,0.821364305356277,0.5654640218275,0.28273201091375,FALSE,FALSE
snp_1258,0.0744801224138032,-0.00404148428254377,-0.000150585082139846,0.0372598460397984,0.00356896362430827,0.000132992982567481,0.0372637540101734,0.961259079903148,2498,lowH,NA,NA,NA,FALSE,FALSE
snp_1260,0.0357450042416816,0.000246539322850853,4.41245511005448e-06,0.0178975713043709,0.00849921951306414,0.000152132547064451,0.0178995902895094,0.0182038834951456,2502,lowH,NA,NA,NA,FALSE,FALSE
snp_1262,0.0947637450830456,-0.00624202235100833,-0.000295819586993376,0.047391625719762,0.00189004557716736,8.95844693433729e-05,0.0473980471294426,0.0498687664041995,2506,lowH,NA,NA,NA,FALSE,FALSE
snp_1264,0.00745331185751352,0.0125190485525822,4.68544280829496e-05,0.0037426508800691,0.0249648500029346,9.3450333487045e-05,0.00374327638564061,0.00374064837905237,2510,lowH,NA,NA,NA,FALSE,FALSE
snp_1266,0.0886435948587156,0.0093504515864337,0.0004156073888872,0.0444478413737999,0.0164942100397499,0.000733200658687592,0.0444520020613677,0.0464824120603015,2514,lowH,NA,NA,NA,FALSE,FALSE
snp_1268,0.066018266303477,0.00169372406014263,5.59934697570286e-05,0.0330593814392135,0.00910457096393921,0.000301021387558027,0.0330626658576547,0.0341772151898734,2518,lowH,NA,NA,NA,FALSE,FALSE
snp_1270,0.132346875,0.0114621598356968,0.00076089456935386,0.0663831756196762,0.0183246335161432,0.00121655177850918,0.0663888736130767,0.07125,2522,goodH,0.609425705207173,0.160375185580835,0.0801875927904174,FALSE,FALSE
snp_1272,0.00498749999999992,0.00460482176071607,1.15069927400835e-05,0.00249890079096007,0.0121407487912231,3.03418527522604e-05,0.00249917474399895,0.0025,2526,lowH,NA,NA,NA,FALSE,FALSE
snp_1274,0.0253765174694853,-0.00272776860902842,-3.46380815242612e-05,0.0126983210414606,0.00503276162997273,6.39140846217921e-05,0.0126996049725761,0.012853470437018,2530,lowH,NA,NA,NA,FALSE,FALSE
snp_1276,0.0380085331410374,-0.00126220308579021,-2.40123482946206e-05,0.019024155910368,0.00647584087790659,0.000123211229166088,0.0190262904059986,0.0193798449612403,2534,lowH,NA,NA,NA,FALSE,FALSE
snp_1278,0.0437736689685897,-0.00534990976319044,-0.000117124363907233,0.0218927737273432,0.0021343794627136,4.67326649707364e-05,0.0218951998869599,0.0223880597014925,2538,lowH,NA,NA,NA,FALSE,FALSE
snp_1280,0.0220831357868099,-0.00310231442824356,-3.42777754727615e-05,0.0110490977834792,0.00441534128770025,4.8790743124812e-05,0.011050276738681,0.011166253101737,2542,lowH,NA,NA,NA,FALSE,FALSE
snp_1282,0.0531005055138571,0.0262678893803556,0.000701513696790522,0.026706131072531,0.0332526300465647,0.000888137171622759,0.0267087797379959,0.0272952853598015,2546,lowH,NA,NA,NA,FALSE,FALSE
snp_1284,0.0262170645756026,-0.00546379604702892,-7.16389142271568e-05,0.0131115644893283,0.00186723798578379,2.44848969033904e-05,0.013112895672542,0.0132850241545894,2550,lowH,NA,NA,NA,FALSE,FALSE
snp_1286,0.0677526396942001,0.00497511430539353,0.00016888394397319,0.0339457414656992,0.012016474657558,0.000407948862563347,0.0339491301890907,0.0351089588377724,2554,lowH,NA,NA,NA,FALSE,FALSE
snp_1288,0.0422163673374731,0.00314531319766156,6.65113729733044e-05,0.0211461844317296,0.0106639640811824,0.00022552636658783,0.0211484551964867,0.0215736040609137,2558,lowH,NA,NA,NA,FALSE,FALSE
snp_1290,0.0430413495854283,-0.00414903112153217,-8.93313491108226e-05,0.0215306529390008,0.00319269734470746,6.87482690232567e-05,0.0215329740343916,0.0220048899755501,2562,lowH,NA,NA,NA,FALSE,FALSE
snp_1292,0.0817221891731112,0.0073031127229575,0.000299148037180875,0.0409617170827031,0.0143066637159102,0.000586085449656574,0.0409659066078975,0.0426829268292683,2566,lowH,NA,NA,NA,FALSE,FALSE
snp_1294,0.180395917066954,-0.00448970174340279,-0.000405124586411127,0.090234186938235,0.00291502977081711,0.000263068383835423,0.0902455221792409,0.100247524752475,2570,goodH,0.856274538687053,0.23880066000669,0.880599669996655,FALSE,FALSE
snp_1296,0.0936688587444492,0.0162743958500413,0.000765313045564212,0.0470255886987208,0.0231811239180942,0.00109022801822851,0.0470308524332388,0.0492610837438424,2574,lowH,NA,NA,NA,FALSE,FALSE
snp_1298,0.0429387269482451,-0.0033553520207968,-7.20805423704583e-05,0.0214822593646497,0.00395934790822938,8.50649831247613e-05,0.0214845942050095,0.0219512195121951,2578,lowH,NA,NA,NA,FALSE,FALSE
snp_1300,0.0404890197570925,-0.00164265922605588,-3.32871624378199e-05,0.0202641922985721,0.00612073422817793,0.000124049447502873,0.0202670860845074,0.020671834625323,2582,lowH,NA,NA,NA,FALSE,FALSE
snp_1302,0.130110875459744,-0.00526438840548925,-0.000342651359034355,0.0650885407081794,0.00372759106383307,0.000242665272786924,0.0650997570901439,0.930051813471503,2586,goodH,0.852938297158161,0.362149410401658,0.818925294799171,FALSE,FALSE
snp_1304,0.068540802391198,-0.00415570878568974,-0.000142500310926746,0.034290254268405,0.0039396604133186,0.000135109621355445,0.034294737916671,0.0355329949238579,2590,lowH,NA,NA,NA,FALSE,FALSE
snp_1306,0.0936688587444492,0.00937958193280387,0.000440530343763675,0.0469669487317956,0.0163659441642271,0.000768734060279254,0.0469715680662997,0.0492610837438424,2594,lowH,NA,NA,NA,FALSE,FALSE
snp_1308,0.0472947469804248,0.000465797734022971,1.10295410804235e-05,0.0236788208159886,0.00804965778420478,0.000190628999231187,0.0236816277587904,0.024234693877551,2598,lowH,NA,NA,NA,FALSE,FALSE
snp_1310,0.1727229110376,-0.0033570485411682,-0.000290117575771319,0.0864204291995025,0.00442098046106668,0.000382102592854165,0.0864293783288906,0.0954773869346734,2602,goodH,0.852801777383794,0.474495527167202,0.762752236416399,FALSE,FALSE
snp_1312,0.0299182823265502,0.00374207736143548,5.60850107496586e-05,0.0149876673656325,0.0112741058568435,0.000168989023208116,0.0149891286594172,0.0151898734177215,2606,lowH,NA,NA,NA,FALSE,FALSE
snp_1314,0.0239199385585893,0.00454776624423857,5.45134872915423e-05,0.0119868709964159,0.0132634078743169,0.000159006580165195,0.0119883654089454,0.0121065375302663,2610,lowH,NA,NA,NA,FALSE,FALSE
snp_1316,0.126400459638035,0.0163429254109166,0.00103703185613543,0.0634544813771666,0.022964917471089,0.00145736497958969,0.0634604927896821,0.0677966101694915,2614,goodH,0.530595716350412,0.0645388773231053,0.0322694386615526,FALSE,FALSE
snp_1318,0.239705175452652,0.000509329114975327,6.11295611635567e-05,0.120019765935662,0.00843148248588351,0.0010120562192997,0.120033009733952,0.139240506329114,2618,goodH,0.849781367212677,0.900783551370599,0.4503917756853,FALSE,FALSE
snp_1320,0.0378169586508152,0.00463379824041501,8.78161524527044e-05,0.0189512248692208,0.0133148488841738,0.000252365478246205,0.0189536870032502,0.019280205655527,2622,lowH,NA,NA,NA,FALSE,FALSE
snp_1322,0.0249959942316935,-0.00186234616817547,-2.32970904502644e-05,0.0125095381558888,0.00578089011655884,7.23242872599431e-05,0.0125109257919947,0.0126582278481013,2626,lowH,NA,NA,NA,FALSE,FALSE
snp_1324,0.0248716761098666,-0.00585699963179378,-7.28517185605071e-05,0.0124384024484214,0.00181269828538567,2.25497658197357e-05,0.0124398891980736,0.0125944584382872,2630,lowH,NA,NA,NA,FALSE,FALSE
snp_1326,0.0248716761098666,-0.00585699963179378,-7.28517185605071e-05,0.0124384024484214,0.00181269828538567,2.25497658197357e-05,0.0124398891980736,0.0125944584382872,2634,lowH,NA,NA,NA,FALSE,FALSE
snp_1328,0.0469443999359078,0.0217980116673264,0.000514277437169279,0.023592859982736,0.0290286146414645,0.000684948548651706,0.0235956333814609,0.0240506329113924,2638,lowH,NA,NA,NA,FALSE,FALSE
snp_1330,0.107231803644279,0.00151950462054513,8.15962080748343e-05,0.0536992168181505,0.00931138634533657,0.000500087322855475,0.0537070747908484,0.0568475452196382,2642,goodH,0.847246047458463,0.787336048115954,0.393668024057977,FALSE,FALSE
snp_1332,0.0428545807205867,0.0187413090790718,0.00040344538708336,0.0215270654457048,0.026183273097445,0.00056372795905052,0.0215300797937874,0.0219072164948454,2646,lowH,NA,NA,NA,FALSE,FALSE
snp_1334,0.0477041624571828,-0.00259979365278086,-6.20637100753892e-05,0.0238725523500694,0.00547194768422168,0.000130645748535423,0.0238755478076186,0.0244498777506112,2650,lowH,NA,NA,NA,FALSE,FALSE
snp_1336,0.0641269262807165,0.0105010972273439,0.000337739097060699,0.0321622674039487,0.0178483160155782,0.000574096713882429,0.0321653153934159,0.0331632653061225,2654,lowH,NA,NA,NA,FALSE,FALSE
snp_1338,0.415676444444444,-0.00602456925798328,-0.00125240580712617,0.20788304582383,0.0019473429466559,0.000404874978871276,0.207911492717065,0.294666666666667,2658,goodH,0.863405330577964,0.114140988474448,0.942929505762776,FALSE,FALSE
snp_1340,0.0385950771901542,0.00232960286861721,4.5032076083985e-05,0.0193303659995555,0.0101331699222709,0.000195899791032852,0.019332527978466,0.0196850393700787,2662,lowH,NA,NA,NA,FALSE,FALSE
snp_1342,0.0712431018325699,0.0205791042779327,0.000736714491038972,0.0357991524358503,0.0283219891498803,0.0010140221521379,0.0358033521858822,0.963010204081633,2666,lowH,NA,NA,NA,FALSE,FALSE
snp_1344,0.174119571683522,-0.00365820441535941,-0.000318678639151712,0.087113404000526,0.00407473507442795,0.000355004358336727,0.0871232980432636,0.0963414634146341,2670,goodH,0.852938297158161,0.417872509669026,0.791063745165487,FALSE,FALSE
snp_1346,0.0278073635765943,0.00189484467404882,2.64000332161526e-05,0.0139325579440462,0.012449444221562,0.000173479646327499,0.0139347301967937,0.0141025641025641,2674,lowH,NA,NA,NA,FALSE,FALSE
snp_1348,0.0739644970414202,-0.00362399704648215,-0.000134138790260708,0.0370140451386179,0.00555671975189247,0.000205704566145651,0.0370190643635741,0.0384615384615385,2678,lowH,NA,NA,NA,FALSE,FALSE
snp_1350,0.0572353714661407,-0.00283204419127159,-8.11162349989428e-05,0.0286422914052487,0.00548895924135088,0.000157235878556102,0.028645845531439,0.0294871794871795,2682,lowH,NA,NA,NA,FALSE,FALSE
snp_1352,0.201532152485937,-0.00249012965381209,-0.000251115742286219,0.100844444746799,0.00493901219496812,0.000498123463302168,0.10085487616525,0.113691931540342,2686,goodH,0.852801777383794,0.560200192206878,0.719899903896561,FALSE,FALSE
snp_1354,0.0638357016038882,-0.00191312341813266,-6.11144577331745e-05,0.0319448589431969,0.00530592936414572,0.000169514202276297,0.0319480699124592,0.0330073349633252,2690,lowH,NA,NA,NA,FALSE,FALSE
snp_1356,0.0483778606439473,0.00620080287438226,0.000150413963916083,0.024257175556652,0.0164821224077268,0.000399888139965531,0.0242619324182463,0.0248041775456919,2694,lowH,NA,NA,NA,FALSE,FALSE
snp_1358,0.120045366080974,-0.00329900537791781,-0.000198173239463062,0.0600706021243711,0.00526418975720576,0.000316274789920937,0.0600804310840071,0.0641361256544503,2698,goodH,0.852801777383794,0.614104176441633,0.692947911779183,FALSE,FALSE
snp_1360,0.130423342890875,0.00481226050512342,0.000314547092533634,0.0653636876471563,0.0136710273594581,0.000893735099327284,0.0653743918308352,0.92987012987013,2702,goodH,0.781244920003683,0.379109376970208,0.189554688485104,FALSE,FALSE
snp_1362,0.0405071009525164,-0.00276195824950935,-5.59790950058511e-05,0.0202679005071114,0.00452364715778053,9.16935694511333e-05,0.0202698323394704,0.0206812652068127,2706,lowH,NA,NA,NA,FALSE,FALSE
snp_1364,0.00492607834171621,0.000136099155646229,3.36055323224042e-07,0.00246919476927228,0.0151411079587875,3.73936410896374e-05,0.00246967667038759,0.00246913580246914,2710,lowH,NA,NA,NA,FALSE,FALSE
snp_1366,0.0914454366764543,0.00848182281306725,0.000388898958814888,0.0458508704303211,0.0162937880614447,0.000747164400851775,0.0458557824634874,0.0480295566502463,2714,lowH,NA,NA,NA,FALSE,FALSE
snp_1368,0.0223573899648999,9.93185332727119e-05,1.11165399403035e-06,0.0111928152520933,0.00771660911583584,8.63843051369126e-05,0.0111945938740938,0.0113065326633166,2718,lowH,NA,NA,NA,FALSE,FALSE
snp_1370,0.106673442589834,0.0122211968204295,0.000654059813481995,0.0535184747527049,0.0192892952359624,0.00103248016174377,0.0535260697248722,0.0565326633165829,2722,goodH,0.570030884806912,0.13320721729172,0.0666036086458602,FALSE,FALSE
snp_1372,0.445302432412582,-0.00265801706076636,-0.000592255159607676,0.222818419170311,0.00474966291186989,0.00105840619943016,0.22283817169111,0.665374677002584,2726,goodH,0.852801777383794,0.528803807445175,0.735598096277413,FALSE,FALSE
snp_1374,0.112274448652261,0.0155819278212009,0.000878172942409168,0.0563584270499778,0.0224714298382556,0.00126658665541688,0.0563643107952405,0.0597014925373134,2730,goodH,0.530595716350412,0.0712355759818932,0.0356177879909466,FALSE,FALSE
snp_1376,0.140500451695185,0.01413874071919,0.000996940925141864,0.0705112955207358,0.0211604302705087,0.00149222255843293,0.0705194809064278,0.0760309278350515,2734,goodH,0.530595716350412,0.0924074284970109,0.0462037142485054,FALSE,FALSE
snp_1378,0.0280198171851318,0.0035763332411194,5.01998128653571e-05,0.0140366709366391,0.0112884614887492,0.000158470433063313,0.0140382667045686,0.0142118863049096,2738,lowH,NA,NA,NA,FALSE,FALSE
snp_1380,0.0644444444444445,0.0074431797989662,0.0002404492857979,0.0323046456342888,0.0148809127473783,0.000480773794983061,0.0323080850714459,0.0333333333333333,2742,lowH,NA,NA,NA,FALSE,FALSE
snp_1382,0.0239199385585893,-0.00028517290634626,-3.41541347618197e-06,0.0119766408385057,0.00849856728248573,0.000101797214197836,0.0119781618258909,0.0121065375302663,2746,lowH,NA,NA,NA,FALSE,FALSE
snp_1384,0.0565557545480253,0.0153518788256543,0.000435813642082862,0.0283882935132721,0.0223196978057741,0.000633682365250312,0.0283911713664142,0.029126213592233,2750,lowH,NA,NA,NA,FALSE,FALSE
snp_1386,0.162700342961289,-0.00023493179499278,-1.91345582972109e-05,0.0814472911076123,0.00728781196605677,0.000593641401274792,0.0814567395591018,0.0893300248138958,2754,goodH,0.849781367212677,0.936203986314185,0.531898006842908,FALSE,FALSE
snp_1388,0.0550456211021866,-0.00568485476782806,-0.000156508917501164,0.0275308559133094,0.00237276781436298,6.53332702093108e-05,0.0275346242535117,0.0283251231527094,2758,lowH,NA,NA,NA,FALSE,FALSE
snp_1390,0.00243604997025582,0.0115004203355969,1.40534488439284e-05,0.00122199436488675,0.0187664537714068,2.29348938717964e-05,0.00122212188574172,0.00121951219512195,2762,lowH,NA,NA,NA,FALSE,FALSE
snp_1392,0.0245662236083266,-0.00355487414498904,-4.36911720962639e-05,0.0122904975856462,0.00398372063236849,4.8967429120887e-05,0.012291883302011,0.0124378109452736,2766,lowH,NA,NA,NA,FALSE,FALSE
snp_1394,0.0525931336742147,0.0117499275300622,0.000309995257351368,0.0263827378133392,0.0188663094256967,0.000497794915681286,0.0263853891319766,0.027027027027027,2770,lowH,NA,NA,NA,FALSE,FALSE
snp_1396,0.354484072022161,2.74549578555228e-05,4.87231619372127e-06,0.177465804877977,0.00769042049092849,0.0013649616659857,0.177488560943552,0.230263157894737,2774,goodH,0.849781367212677,0.995494095524763,0.502252952237618,FALSE,FALSE
snp_1398,0.0645984462307618,0.0039919133405132,0.000129194000509051,0.0323639291459273,0.0118052784517417,0.000382111718956068,0.0323678700606756,0.0334158415841584,2778,lowH,NA,NA,NA,FALSE,FALSE
snp_1400,0.0843425605536332,0.00497670115110204,0.000210319536285571,0.0422608330096329,0.0124651932820489,0.000526845654328254,0.0422653417726754,0.0441176470588235,2782,lowH,NA,NA,NA,FALSE,FALSE
snp_1402,0.0557117182107076,0.00456982194082551,0.000127553173970093,0.0279120665141388,0.0118737273595514,0.000331452587389739,0.027914788452938,0.0286783042394015,2786,lowH,NA,NA,NA,FALSE,FALSE
snp_1404,0.1472,0.00233550785025321,0.000172190179446156,0.0737270822821202,0.0102891705123403,0.000758674490169989,0.0737352432113039,0.08,2790,goodH,0.843330227695123,0.673998958956492,0.336999479478246,FALSE,FALSE
snp_1406,0.160299848054112,0.000572093222613663,4.59180457784909e-05,0.0802632227816121,0.00853834532521684,0.000685389672588949,0.080271955101739,0.0878712871287129,2794,goodH,0.849781367212677,0.886432990440519,0.44321649522026,FALSE,FALSE
snp_1408,0.0411938780511716,-0.00428980669775588,-8.8397411792348e-05,0.0206063857932319,0.00314473853923929,6.48082746782463e-05,0.0206084778971556,0.021039603960396,2798,lowH,NA,NA,NA,FALSE,FALSE
snp_1410,0.0388951877047117,0.00505914935914656,9.86046729922388e-05,0.0194903660659808,0.0128931568762088,0.000251323072411654,0.0194927491245692,0.0198412698412698,2802,lowH,NA,NA,NA,FALSE,FALSE
snp_1412,0.0463655919967141,0.0182751924496387,0.000425724899003879,0.023295234793125,0.0276832566300991,0.000644982220242144,0.0232986396384043,0.0237467018469657,2806,lowH,NA,NA,NA,FALSE,FALSE
snp_1414,0.0588446195724064,-0.00148413691413914,-4.37163563127906e-05,0.0294557435343813,0.00705725464560664,0.00020790425851779,0.0294596509490013,0.0303430079155673,2810,lowH,NA,NA,NA,FALSE,FALSE
snp_1416,0.186718972995175,0.00263477862305162,0.000246439481763925,0.0935332781311614,0.0110734747211079,0.00103587414207696,0.0935455372560163,0.104221635883905,2814,goodH,0.834442802798143,0.592660006025783,0.296330003012892,FALSE,FALSE
snp_1418,0.127169143227175,0.0113764952988078,0.000725713336559949,0.0637905890609387,0.0186290425193247,0.00118848726692338,0.0637975497501015,0.068241469816273,2818,goodH,0.594363155795028,0.151286484900209,0.0756432424501043,FALSE,FALSE
snp_1420,0.0505987518974531,-0.00631828249906824,-0.000159873884793371,0.0253033771150542,0.00146852430066268,3.71624444765166e-05,0.025305978566202,0.025974025974026,2822,lowH,NA,NA,NA,FALSE,FALSE
snp_1422,0.0331961544948558,0.00525658349847856,8.74415138505775e-05,0.0166346665806576,0.012950775664039,0.000215453723659451,0.0166363567131899,0.0168831168831169,2826,lowH,NA,NA,NA,FALSE,FALSE
snp_1424,0.0293333497527848,-0.00296041756311424,-4.34589559941813e-05,0.0146800088391802,0.00581646132200974,8.53973818771734e-05,0.0146820166333826,0.0148883374689826,2830,lowH,NA,NA,NA,FALSE,FALSE
snp_1426,0.0725360470695184,-0.00261046422023457,-9.47551337685573e-05,0.0362981928785228,0.00532834277513351,0.000193434239860342,0.0363028896645065,0.0376884422110553,2834,lowH,NA,NA,NA,FALSE,FALSE
snp_1428,0.457927859681837,-0.000978466540156025,-0.000224310117510122,0.229246589744759,0.00763136552813744,0.00174972617692152,0.229280876465705,0.645038167938931,2838,goodH,0.849781367212677,0.986922037938957,0.506538981030522,FALSE,FALSE
snp_1430,0.119133176647307,0.018736996298633,0.00112118729161896,0.0598381551530094,0.0257211741423215,0.00153929439712558,0.0598454171885113,0.0636132315521628,2842,goodH,0.526636164901687,0.0369249571559933,0.0184624785779967,FALSE,FALSE
snp_1432,0.256251594377326,-0.00394810516157151,-0.000506205286954741,0.128214742576221,0.00452656321517025,0.000580435719076948,0.12822878892571,0.150895140664962,2846,goodH,0.852801777383794,0.491899579729347,0.754050210135327,FALSE,FALSE
snp_1434,0.0277372596987198,-0.00133562315731053,-1.85467083656684e-05,0.0138861835871541,0.00778804546293566,0.000108158984715595,0.0138878214348309,0.0140664961636829,2850,lowH,NA,NA,NA,FALSE,FALSE
snp_1436,0.0376273048972731,0.0047742940275014,9.00101579636507e-05,0.0188530822452837,0.0123365365077256,0.000232604476480046,0.0188549254755887,0.0191815856777494,2854,lowH,NA,NA,NA,FALSE,FALSE
snp_1438,0.0227529908883382,-0.00669722688083667,-7.61980411499004e-05,0.011377551112675,0.0010901202350825,1.24041472157002e-05,0.0113786964194473,0.0115089514066496,2858,lowH,NA,NA,NA,FALSE,FALSE
snp_1440,0.0521364795918369,0.00735446595803606,0.000192203524881455,0.0261342599147445,0.0147944945952022,0.000386678607301294,0.0261366554168531,0.0267857142857143,2862,lowH,NA,NA,NA,FALSE,FALSE
snp_1442,0.103495124940061,0.0187644844228534,0.000975352003082906,0.0519786198812379,0.025490161042164,0.00132506405886209,0.0519833537603101,0.0547445255474453,2866,goodH,0.526636164901687,0.0387105112924464,0.0193552556462232,FALSE,FALSE
snp_1444,0.0312797030146879,0.00174827765122925,2.73894523160367e-05,0.015666534601514,0.0102140832075673,0.000160038287714011,0.0156683947508321,0.0158924205378973,2870,lowH,NA,NA,NA,FALSE,FALSE
snp_1446,0.0451601636267842,0.00882511445039645,0.000199846711476383,0.0226452260307407,0.0167400524187181,0.000379125240802722,0.0226477929291786,0.0231143552311436,2874,lowH,NA,NA,NA,FALSE,FALSE
snp_1448,0.0381716897247826,-0.00211318090583894,-4.03649884479162e-05,0.0191015299903493,0.00518207199362404,9.89958436945276e-05,0.0191035253497695,0.0194647201946472,2878,lowH,NA,NA,NA,FALSE,FALSE
snp_1450,0.0381716897247826,-0.00211318090583894,-4.03649884479162e-05,0.0191015299903493,0.00518207199362404,9.89958436945276e-05,0.0191035253497695,0.0194647201946472,2882,lowH,NA,NA,NA,FALSE,FALSE
snp_1452,0.122755607650914,0.00230507572281062,0.000141705414003315,0.0614753834770038,0.00946025034502351,0.000581632106371468,0.0614816823190552,0.0656934306569343,2886,goodH,0.847246047458463,0.769214436050458,0.384607218025229,FALSE,FALSE
snp_1454,0.0216060656046755,-0.00209273221513677,-2.26266916759752e-05,0.0108120339106533,0.00524970547437812,5.67659670878008e-05,0.0108131717797988,0.0109223300970874,2890,lowH,NA,NA,NA,FALSE,FALSE
snp_1456,0.403965550598292,-0.00424050797141597,-0.000856876567200161,0.202069321170038,0.00296295567368281,0.000598782182959626,0.202089483915691,0.280871670702179,2894,goodH,0.856150345910198,0.245704484003086,0.877147757998457,FALSE,FALSE
snp_1458,0.0980975029726516,-0.00138025246908959,-6.77706155299327e-05,0.0491001588822615,0.00648195543704163,0.000318299060921893,0.0491054071589182,0.0517241379310345,2898,lowH,NA,NA,NA,FALSE,FALSE
snp_1460,0.0708261245674739,0.011316923519487,0.000402040865120555,0.0355256324237119,0.0183402433459505,0.000651610643697083,0.0355290075167382,0.0367647058823529,2902,lowH,NA,NA,NA,FALSE,FALSE
snp_1462,0.0522661416395758,0.00828698579023899,0.000217150211000156,0.02620376292378,0.0157384321875384,0.000412446552675581,0.0262063303231788,0.0268542199488491,2906,lowH,NA,NA,NA,FALSE,FALSE
snp_1464,0.370460808479986,-0.00279476044734753,-0.000518044112253784,0.185362617660291,0.00460157915860286,0.000853055963009902,0.185383307253354,0.245501285347044,2910,goodH,0.852801777383794,0.504292065839396,0.747853967080302,FALSE,FALSE
snp_1466,0.0599426081411414,0.00641454664204806,0.000192711624664879,0.0300429064466744,0.0139306105920501,0.000418563162647776,0.0300462897790454,0.0309278350515464,2914,lowH,NA,NA,NA,FALSE,FALSE
snp_1468,0.33085172844648,-0.00246099871036319,-0.000407447757453071,0.165561954883325,0.00520422922649588,0.000861712595155913,0.165579292850658,0.209183673469388,2918,goodH,0.852801777383794,0.604175588512407,0.697912205743797,FALSE,FALSE
snp_1470,0.00497509343847358,-0.000317642691903837,-7.92081251423212e-07,0.00249362340646265,0.0149177731112762,3.72094312164109e-05,0.00249430199392728,0.00249376558603491,2922,lowH,NA,NA,NA,FALSE,FALSE
snp_1472,0.161404079861111,0.00381906216148749,0.000308807205025225,0.0808594340619341,0.0114700263042568,0.000927588522908601,0.0808706535018449,0.0885416666666667,2926,goodH,0.821364305356277,0.554675305901927,0.277337652950964,FALSE,FALSE
snp_1474,0.0278778226419334,-0.000752304525225488,-1.04982165791294e-05,0.0139547433613839,0.00699750967387641,9.76610246603109e-05,0.0139565401424032,0.0141388174807198,2930,lowH,NA,NA,NA,FALSE,FALSE
snp_1476,0.1083875,0.0132100815013758,0.000718421933456074,0.0543843679829874,0.0201802944166452,0.00109760236336828,0.0543898092221567,0.0575,2934,goodH,0.549965151381081,0.112017368873985,0.0560086844369923,FALSE,FALSE
snp_1478,0.0269227690583649,0.0109921584676395,0.000148472541405951,0.0135071325475382,0.0196804398454323,0.000265858209653648,0.0135087534497026,0.0136476426799007,2938,lowH,NA,NA,NA,FALSE,FALSE
snp_1480,0.201003749785863,0.00641198800235923,0.000646040969052803,0.100755174341421,0.014744352381093,0.00148574614974447,0.100767135194739,0.113350125944584,2942,goodH,0.717712944459635,0.31273182637393,0.156365913186965,FALSE,FALSE
snp_1482,0.311127537133032,-0.00439521484907891,-0.000684100482515298,0.155646653464202,0.00362193683344348,0.000563806728299817,0.155664428792313,0.192695214105793,2946,goodH,0.852938297158161,0.34547373305405,0.827263133472975,FALSE,FALSE
snp_1484,0.114135555199487,-0.00351520427003121,-0.000200752821271136,0.0571098592996853,0.00476883282707953,0.000272377754380918,0.0571162303770091,0.0607594936708861,2950,goodH,0.852801777383794,0.531980452629542,0.734009773685229,FALSE,FALSE
snp_1486,0.0439874999999998,0.00337833456567408,7.44378990854436e-05,0.0220339038773062,0.0107840428783475,0.000237642196223827,0.0220364661847712,0.0225,2954,lowH,NA,NA,NA,FALSE,FALSE
snp_1488,0.136553797487458,0.000242324932023868,1.65675901924004e-05,0.0683693174038261,0.0082043484002135,0.000560988370410061,0.0683769561023837,0.0737100737100737,2958,goodH,0.849781367212677,0.931800730743368,0.465900365371684,FALSE,FALSE
snp_1490,0.0956631190046424,-0.00616245901574675,-0.000294820700157488,0.0478414054201644,0.00177836434064441,8.50889289118642e-05,0.0478467358837343,0.0503685503685504,2962,lowH,NA,NA,NA,FALSE,FALSE
snp_1492,0.0218685292395366,-0.00136674749248693,-1.49589721952376e-05,0.010944942118034,0.00605275173321042,6.62539144107146e-05,0.0109460816056919,0.0110565110565111,2966,lowH,NA,NA,NA,FALSE,FALSE
snp_1494,0.00487801961968182,0.0215755071610081,5.29527125444295e-05,0.00245429746560614,0.0361167138794315,8.86584290946004e-05,0.00245477563076666,0.00244498777506112,2970,lowH,NA,NA,NA,FALSE,FALSE
snp_1496,0.0708261245674739,0.0123616742213852,0.00043923619942768,0.0355320963456406,0.0193692217774486,0.000688293249694892,0.0355354106428926,0.0367647058823529,2974,lowH,NA,NA,NA,FALSE,FALSE
snp_1498,0.00732590830449831,0.0422592856633133,0.000156271476323797,0.003697920442121,0.0540563589624883,0.000199927688989117,0.00369850453908399,0.00367647058823529,2978,lowH,NA,NA,NA,FALSE,FALSE
snp_1500,0.0355755093467758,-0.0039717771543295,-7.06833814986195e-05,0.0177964117200206,0.0033055544665502,5.88331170250517e-05,0.0177982597535149,0.0181159420289855,2982,lowH,NA,NA,NA,FALSE,FALSE
snp_1502,0.0471422903685033,-0.00309194379438879,-7.29449652550817e-05,0.0235919441315399,0.00563408144159081,0.000132935485554379,0.0235948817802044,0.0241545893719807,2986,lowH,NA,NA,NA,FALSE,FALSE
snp_1504,0.021762782384132,-0.00148539692549176,-1.6178532203255e-05,0.0108917232327641,0.00590071403972817,6.42756627887277e-05,0.0108928618394273,0.0110024449877751,2990,lowH,NA,NA,NA,FALSE,FALSE
snp_1506,0.0424328639860647,0.0177254818730131,0.000377695510722346,0.0213080531986769,0.0246635499527061,0.000525582829329748,0.0213101046012267,0.0216867469879518,2994,lowH,NA,NA,NA,FALSE,FALSE
snp_1508,0.0223573899648999,0.0104624852982181,0.000117319332934943,0.0112133331221908,0.0178849344143177,0.000200571196429326,0.0112145335164752,0.988693467336683,2998,lowH,NA,NA,NA,FALSE,FALSE
snp_1510,0.263328,-0.00208663727424286,-0.000275029642736225,0.131805199749448,0.00671193629858163,0.000884783524092239,0.131822395912669,0.156,3002,goodH,0.849781367212677,0.848146745300682,0.575926627349659,FALSE,FALSE
snp_1512,0.00497509343847358,0.00351561112164506,8.76159417163274e-06,0.00249219662484539,0.011047722988811,2.75361082906496e-05,0.0024924691104708,0.00249376558603491,3006,lowH,NA,NA,NA,FALSE,FALSE
snp_1514,0.1083875,0.0146204605769613,0.000795327701860167,0.0543982658872891,0.0215744462327035,0.00117373353311917,0.0544038776457667,0.0575,3010,goodH,0.530595716350412,0.0851458201274842,0.0425729100637421,FALSE,FALSE
snp_1516,0.0289792387543251,0.000569152471914016,8.2576102528161e-06,0.014508608255792,0.00791376706429955,0.000114829322018252,0.014510071004777,0.0147058823529412,3014,lowH,NA,NA,NA,FALSE,FALSE
snp_1518,0.0587005845141848,0.00217516439407135,6.39413490828297e-05,0.0293960995578582,0.00929442014457646,0.000273247822971164,0.0293991253591663,0.0302663438256659,3018,lowH,NA,NA,NA,FALSE,FALSE
snp_1520,0.00241837614103391,0.0115647822368782,1.40296083136095e-05,0.00121313207860252,0.0187772711673285,2.27816718773049e-05,0.0012132578623535,0.00121065375302663,3022,lowH,NA,NA,NA,FALSE,FALSE
snp_1522,0.495150367309458,0.00508530950535565,0.00126176257187777,0.248119130320177,0.0129049130286613,0.00320230763522285,0.248146394176439,0.549242424242424,3026,goodH,0.800792999760211,0.433805287444354,0.216902643722177,FALSE,FALSE
snp_1524,0.239915359004716,0.00209936344755736,0.000252281589196355,0.120170516205705,0.0105960277898085,0.00127348919766039,0.120185528286861,0.139386189258312,3030,goodH,0.840267703072198,0.641176585299263,0.320588292649631,FALSE,FALSE
snp_1526,0.099607845481555,0.00686443195311832,0.000342748341723222,0.0499310567959701,0.0149015950424672,0.000744137466793699,0.049936766143022,0.0525672371638142,3034,lowH,NA,NA,NA,FALSE,FALSE
snp_1528,0.0105537926812966,0.0033808093177691,1.78744394089139e-05,0.00528702974017733,0.0113707738008795,6.01245100085992e-05,0.00528763574594621,0.00530503978779841,3038,lowH,NA,NA,NA,FALSE,FALSE
snp_1530,0.00518131219429918,0.0284435427190565,7.41523510468962e-05,0.00260700123677688,0.0359121918057279,9.36319681757107e-05,0.00260724738501693,0.0025974025974026,3042,lowH,NA,NA,NA,FALSE,FALSE
snp_1532,0.0257025824652779,0.011097747887045,0.000143082115211798,0.0128928965289278,0.0187544814131397,0.000241823037653646,0.012894146861572,0.0130208333333333,3046,lowH,NA,NA,NA,FALSE,FALSE
snp_1534,0.02230199559048,0.00364148626644974,4.06828226782595e-05,0.0111720379266796,0.0111423084454582,0.00012449591688995,0.0111732606846561,0.0112781954887218,3050,lowH,NA,NA,NA,FALSE,FALSE
snp_1536,0.0368873311097293,-0.000840118440848382,-1.55116530651504e-05,0.0184636502556546,0.00666433191248256,0.00012306136660789,0.0184656719118973,0.018796992481203,3054,lowH,NA,NA,NA,FALSE,FALSE
snp_1538,0.112274448652261,0.000966177301539706,5.43260769849449e-05,0.0562278547616163,0.00972424835021214,0.000546839914131678,0.0562346717646046,0.0597014925373134,3058,goodH,0.843330227695123,0.737844240913385,0.368922120456693,FALSE,FALSE
snp_1540,0.147763803345812,0.00344005383782925,0.000254600792857834,0.074010700082093,0.0102972058753894,0.000762175895504864,0.074017738863169,0.0803357314148681,3062,goodH,0.843330227695123,0.673122908633698,0.336561454316849,FALSE,FALSE
snp_1542,0.0289792387543251,0.00565085451914843,8.20683169720091e-05,0.0145231693178285,0.0135859403628709,0.000197331968504251,0.0145247191753867,0.0147058823529412,3066,lowH,NA,NA,NA,FALSE,FALSE
snp_1544,0.0825710531062382,0.000497371714077348,2.05610298927912e-05,0.0413393631178505,0.00789745039717739,0.0003265171722386,0.0413446309653682,0.0431472081218274,3070,lowH,NA,NA,NA,FALSE,FALSE
snp_1546,0.0474126935328785,0.00533002802021479,0.000126632323295064,0.0237582847247322,0.0128499677737107,0.000305325037407562,0.0237607628893992,0.0242966751918159,3074,lowH,NA,NA,NA,FALSE,FALSE
snp_1548,0.0331961544948558,-7.30274971043925e-05,-1.21365154069445e-06,0.0166191036091452,0.00771026793225788,0.000128152428941306,0.0166210085132252,0.0168831168831169,3078,lowH,NA,NA,NA,FALSE,FALSE
snp_1550,0.0649266537133852,0.00369203367484198,0.000120084048573954,0.0325251769484723,0.0112446492462487,0.000365775677914114,0.0325288650542958,0.0335917312661499,3082,lowH,NA,NA,NA,FALSE,FALSE
snp_1552,0.0529242395769014,0.0132391814404226,0.000351602738883665,0.0265577400284078,0.0207260854851862,0.000550499389870319,0.0265607024666469,0.0272020725388601,3086,lowH,NA,NA,NA,FALSE,FALSE
snp_1554,0.108817106523102,0.00333204625151191,0.000181646527810065,0.0545150079257283,0.0115781723050544,0.000631268825818756,0.0545223208971573,0.057742782152231,3090,goodH,0.821364305356277,0.544672628922206,0.272336314461103,FALSE,FALSE
snp_1556,0.199124901664566,-0.00179667378191515,-0.000179124966228876,0.0996981021440293,0.00845859482710489,0.000843439012236219,0.0997138448496772,0.112137203166227,3094,goodH,0.849781367212677,0.897127868265898,0.448563934132949,FALSE,FALSE
snp_1558,0.0366172867008243,-0.000376831450616843,-6.90842113459057e-06,0.0183329207880128,0.00809154469064438,0.00014835948520918,0.0183351252302563,0.0186567164179104,3098,lowH,NA,NA,NA,FALSE,FALSE
snp_1560,0.0291906721536352,0.00103247220492759,1.50903994637459e-05,0.0146157924559376,0.00842875953745019,0.000123206050501818,0.0146173407788413,0.0148148148148148,3102,lowH,NA,NA,NA,FALSE,FALSE
snp_1562,0.0468287674727068,-0.00160875950986312,-3.77037948963969e-05,0.02343656380288,0.00593766438240809,0.000139175970423426,0.0234395145060358,0.023989898989899,3106,lowH,NA,NA,NA,FALSE,FALSE
snp_1564,0.00506325852250766,0.00478540853732375,1.21405808121954e-05,0.0025369998647984,0.0124430050564645,3.15717211629087e-05,0.00253730678559087,0.00253807106598985,3110,lowH,NA,NA,NA,FALSE,FALSE
snp_1566,0.118291500867258,0.0132094030163492,0.000784031230123295,0.0593540244894417,0.0202015901636558,0.00119916645468773,0.0593600030974355,0.0631313131313131,3114,goodH,0.549965151381081,0.11155221849349,0.0557761092467448,FALSE,FALSE
snp_1568,0.12232394945314,0.00149594596870428,9.16463262917118e-05,0.0612631259477184,0.00991924063190899,0.00060775901827199,0.0612707202925295,0.0654450261780105,3118,goodH,0.843330227695123,0.71530270042349,0.357651350211745,FALSE,FALSE
snp_1570,0.0341360392589081,0.0173923887503539,0.000298184653279622,0.0171445485470508,0.0256709458495137,0.00044016813009924,0.0171465489693898,0.0173697270471464,3122,lowH,NA,NA,NA,FALSE,FALSE
snp_1574,0.0410076478166717,0.00307362056417772,6.31362625779583e-05,0.0205413326920687,0.010840750669224,0.000222709432778891,0.0205437279736674,0.0209424083769634,3129,lowH,NA,NA,NA,FALSE,FALSE
snp_1576,0.360840721681443,0.00438240300595639,0.000792438309114295,0.180822783307981,0.0131240414952972,0.00237348343977193,0.180850040791354,0.763779527559055,3133,goodH,0.797483515033524,0.417499655178895,0.208749827589448,FALSE,FALSE
snp_1578,0.0630398050263503,0.00564951094989623,0.000178464737146186,0.0315894134428509,0.0129377754292012,0.000408734227274897,0.0315923111752554,0.0325814536340852,3137,lowH,NA,NA,NA,FALSE,FALSE
snp_1580,0.0247485882626364,-0.00215827711305004,-2.67301321637044e-05,0.0123849398217126,0.00540639056809942,6.69647079602663e-05,0.0123862135220851,0.012531328320802,3141,lowH,NA,NA,NA,FALSE,FALSE
snp_1582,0.37315045668854,-0.00220068495016567,-0.000410899285837984,0.186714270848742,0.00471516840187382,0.000880473341307846,0.186732109283296,0.248157248157248,3145,goodH,0.852801777383794,0.523089440707877,0.738455279646062,FALSE,FALSE
snp_1584,0.0414953887102691,0.004231144802313,8.7959189462258e-05,0.0207885084467386,0.0115977067079418,0.000241122339299973,0.0207905187958288,0.0211970074812968,3149,lowH,NA,NA,NA,FALSE,FALSE
snp_1586,0.0379904906518769,0.00858053587622003,0.000163430075336966,0.0190466047452693,0.015691389007115,0.000298896559135627,0.0190484449146023,0.0193704600484262,3153,lowH,NA,NA,NA,FALSE,FALSE
snp_1588,0.10638936947328,-0.00436793795447034,-0.000232440134578389,0.0532150724211865,0.00271459203347711,0.000144471933630268,0.0532204956946016,0.0563725490196078,3157,goodH,0.856951771465273,0.210562792669225,0.894718603665388,FALSE,FALSE
snp_1590,0.0568233194527068,0.0100986445656856,0.000287771646344503,0.0284960664248277,0.0171663297508977,0.000489220994773497,0.0284988696985686,0.0292682926829268,3161,lowH,NA,NA,NA,FALSE,FALSE
snp_1592,0.0956798152389775,0.0157478086238799,0.000756407974594034,0.0480325861623071,0.0228178566517875,0.0010961356366782,0.0480385013108728,0.0503778337531486,3165,lowH,NA,NA,NA,FALSE,FALSE
snp_1594,0.154238227146815,-0.00339042773222014,-0.000261667839362076,0.0771784152410555,0.00506669559124443,0.000391099050597925,0.0771901614286377,0.0842105263157895,3169,goodH,0.852801777383794,0.581378896171211,0.709310551914394,FALSE,FALSE
snp_1596,0.0221374470928937,-0.00498947908200805,-5.52619987036859e-05,0.0110757050576601,0.00427794217096925,4.73875973004978e-05,0.0110771944562685,0.0111940298507463,3173,lowH,NA,NA,NA,FALSE,FALSE
snp_1598,0.12314979827232,-0.00017025177781819,-1.04971814026874e-05,0.0616568093279895,0.00810233876429429,0.000499624326809422,0.0616642109573579,0.0659203980099503,3177,goodH,0.849781367212677,0.945956591487425,0.472978295743712,FALSE,FALSE
snp_1600,0.0122095515215908,0.00492663324479285,3.01689260241188e-05,0.00612363951710949,0.0183123649684734,0.000112160606805773,0.0061248564562179,0.00614250614250614,3181,lowH,NA,NA,NA,FALSE,FALSE
snp_1602,0.00245398402646568,-0.0019209161471678,-2.35904570661281e-06,0.00122808364648867,0.00558671974792347,6.86172374024738e-06,0.00122822050323856,0.00122850122850123,3185,lowH,NA,NA,NA,FALSE,FALSE
snp_1604,0.00490193119185744,0.00409381635222204,1.00533883785053e-05,0.00245574972434916,0.0115038203576518,2.82534504198305e-05,0.00245600587817226,0.00245700245700246,3189,lowH,NA,NA,NA,FALSE,FALSE
snp_1606,0.0421118410511137,-0.00301845167571563,-6.36111738855039e-05,0.0210741070984423,0.00548449475405163,0.000115593626219286,0.02107644029268,0.0215189873417722,3193,lowH,NA,NA,NA,FALSE,FALSE
snp_1608,0.056532606954014,-0.00789508192613215,-0.000223181111586658,0.0282683718389222,0.00106956479736174,3.02383843710053e-05,0.0282716712868574,0.0291139240506329,3197,lowH,NA,NA,NA,FALSE,FALSE
snp_1610,0.0977090224994317,-0.00156209688710707,-7.63902799428696e-05,0.0489023956025806,0.00609180172341667,0.000297935748165297,0.0489076568300053,0.0515075376884422,3201,lowH,NA,NA,NA,FALSE,FALSE
snp_1612,0.0227529908883382,0.000153022006354792,1.74310701317721e-06,0.0113912178692501,0.00784992444815483,8.94297456633289e-05,0.0113924339341062,0.0115089514066496,3205,lowH,NA,NA,NA,FALSE,FALSE
snp_1614,0.00968500068079159,0.00704638015331223,3.42269539626264e-05,0.00485738112590159,0.0180376187867804,8.76291344345301e-05,0.00485813207776366,0.0048661800486618,3209,lowH,NA,NA,NA,FALSE,FALSE
snp_1616,0.00968500068079159,0.00704638015331223,3.42269539626264e-05,0.00485738112590159,0.0180376187867804,8.76291344345301e-05,0.00485813207776366,0.0048661800486618,3213,lowH,NA,NA,NA,FALSE,FALSE
snp_1618,0.137890903989389,0.0142872223986853,0.000988695139019714,0.0692013542891789,0.0211727579759605,0.00146534183976849,0.0692088315292809,0.0744949494949495,3217,goodH,0.530595716350412,0.0921829376764238,0.0460914688382119,FALSE,FALSE
snp_1620,0.0349016980597283,-0.00507163174549551,-8.85348492519322e-05,0.0174568765428536,0.00260957208996079,4.55606782080531e-05,0.0174590609637987,0.0177664974619289,3221,lowH,NA,NA,NA,FALSE,FALSE
snp_1622,0.0647651185035605,-0.00507519529554779,-0.000164422393700591,0.0323972545144873,0.00320444739188866,0.000103827640280943,0.0324011062075037,0.0335051546391753,3225,lowH,NA,NA,NA,FALSE,FALSE
snp_1624,0.074725614357898,0.00297992437680639,0.00011154012062552,0.0374305205506788,0.0107626672192706,0.000402892124731975,0.0374342267138574,0.0388739946380697,3229,lowH,NA,NA,NA,FALSE,FALSE
snp_1626,0.0490012877579016,0.0101108512780608,0.000248483190059334,0.0245758921010448,0.017806498487552,0.000437654831011816,0.0245783768952536,0.0251322751322751,3233,lowH,NA,NA,NA,FALSE,FALSE
snp_1628,0.0246875,0.0235778619939644,0.000292618119794729,0.0124107147573276,0.0307710605436174,0.000381930580984217,0.0124120057689541,0.0125,3237,lowH,NA,NA,NA,FALSE,FALSE
snp_1630,0.0469443999359078,-0.000630395653875591,-1.48134446005993e-05,0.0234986464604065,0.00689777369776024,0.000162105003634737,0.0235010614638421,0.0240506329113924,3241,lowH,NA,NA,NA,FALSE,FALSE
snp_1632,0.00492607834171621,0.000414690916124774,1.02400289137863e-06,0.00246931594486753,0.0154235710630688,3.80934144914091e-05,0.00246981806843828,0.00246913580246914,3245,lowH,NA,NA,NA,FALSE,FALSE
snp_1634,0.0221374470928937,-0.000249383462570268,-2.76363616114123e-06,0.0110818742055221,0.00726966183056836,8.05718785926572e-05,0.0110833049006294,0.0111940298507463,3249,lowH,NA,NA,NA,FALSE,FALSE
snp_1636,0.103462785574614,0.0108619399422908,0.000563658837384761,0.0518930173044102,0.0178733016217847,0.000927611228012612,0.0518992655997033,0.054726368159204,3253,goodH,0.619605068186003,0.174793850814578,0.0873969254072888,FALSE,FALSE
snp_1638,0.0347285991225383,-0.00424945056338875,-7.38235454939607e-05,0.0173724919004799,0.00341203091225947,5.92846406219699e-05,0.0173751768804202,0.0176767676767677,3257,lowH,NA,NA,NA,FALSE,FALSE
snp_1640,0.100917312994409,-0.00265660046802048,-0.00013415337279834,0.0504981364014824,0.00511408456204828,0.000258292160070063,0.0505060401204262,0.0532994923857868,3261,goodH,0.852801777383794,0.589236618643176,0.705381690678412,FALSE,FALSE
snp_1642,0.034988896010981,0.000809927876648926,1.41890783899007e-05,0.0175189406353168,0.00846252213631778,0.000148278187437939,0.0175217488414698,0.0178117048346056,3265,lowH,NA,NA,NA,FALSE,FALSE
snp_1644,0.0251215611625843,-0.00223517170341395,-2.81066686564709e-05,0.012574724623411,0.00708117867170333,8.90612478031718e-05,0.0125771784518111,0.0127226463104326,3269,lowH,NA,NA,NA,FALSE,FALSE
snp_1646,0.0265331986298505,0.00495621550253261,6.58892652235658e-05,0.013294269627682,0.0122367908124442,0.000162696131208279,0.0132956535501795,0.0134474327628362,3273,lowH,NA,NA,NA,FALSE,FALSE
snp_1648,0.026988812158115,0.00786032956119861,0.000106347456771926,0.0135296435020861,0.0152149456248339,0.000205872242773743,0.0135309220190519,0.013681592039801,3277,lowH,NA,NA,NA,FALSE,FALSE
snp_1650,0.0483963327155514,-0.0019603735124386,-4.74782873143182e-05,0.0242190006205795,0.00545707842978996,0.000132181856126921,0.0242220920640147,0.0248138957816377,3281,lowH,NA,NA,NA,FALSE,FALSE
snp_1652,0.0273919753086418,-0.00238464073006309,-3.26868436036895e-05,0.013707240336713,0.00525515420266389,7.20429524408572e-05,0.0137090082731231,0.0138888888888889,3285,lowH,NA,NA,NA,FALSE,FALSE
snp_1654,0.038202057682577,-0.005107829493205,-9.76181822050171e-05,0.0191114801962124,0.00380866174245347,7.27991096887372e-05,0.0191140916709084,0.0194805194805195,3289,lowH,NA,NA,NA,FALSE,FALSE
snp_1656,0.141504469556418,-0.00596450794473152,-0.000422160575125603,0.0707787765625325,0.00284154521696309,0.000201148235263386,0.0707883281471634,0.0766233766233766,3293,goodH,0.856303354098092,0.22832585138392,0.88583707430804,FALSE,FALSE
snp_1658,0.0026007758246529,0.0123557894743917,1.61233178706646e-05,0.00130492008657815,0.0200961883923579,2.62267024371384e-05,0.00130505854767523,0.00130208333333333,3297,lowH,NA,NA,NA,FALSE,FALSE
snp_1660,0.0597934192874749,0.00711658595830925,0.000213300367754694,0.0299722885389513,0.0146258344551534,0.000438428607608848,0.0299763141004491,0.0308483290488432,3301,lowH,NA,NA,NA,FALSE,FALSE
snp_1662,0.137404467176964,0.00470049184002501,0.000323634922639598,0.0688512891106042,0.0127668784335305,0.000879117577709559,0.0688592424754881,0.0742092457420925,3305,goodH,0.80407526067032,0.444357380896755,0.222178690448378,FALSE,FALSE
snp_1664,0.0364457640594109,0.00112661717069292,2.05690606351904e-05,0.0182573647644119,0.011403749179961,0.000208236212574961,0.0182603290627332,0.0185676392572944,3309,lowH,NA,NA,NA,FALSE,FALSE
snp_1666,0.0234037396121882,-3.73967162657451e-06,-4.38181616520654e-08,0.0117171147703688,0.00794575531892678,9.31143637644137e-05,0.0117187554898167,0.0118421052631579,3313,lowH,NA,NA,NA,FALSE,FALSE
snp_1668,0.435010387811634,-0.00437906738073103,-0.000953117723764562,0.217653130426472,0.00462156207285537,0.00100605692124745,0.217687635779361,0.680263157894737,3317,goodH,0.852801777383794,0.507596375564506,0.746201812217747,FALSE,FALSE
snp_1670,0.133937490097202,0.0164616623771588,0.00110699488757282,0.0672468467770802,0.0236104815291576,0.00158791173499303,0.0672545256238018,0.0721784776902887,3321,goodH,0.530595716350412,0.056685476475816,0.028342738237908,FALSE,FALSE
snp_1672,0.023162841796875,0.00536037814547669,6.22193918382145e-05,0.0116072766043041,0.0131143723013597,0.000152237614382409,0.0116084560422785,0.01171875,3325,lowH,NA,NA,NA,FALSE,FALSE
snp_1674,0.00732590830449831,0.0146719795702479,5.39933740151952e-05,0.00368003334224129,0.0268972615878001,9.9001512479525e-05,0.00368072832084993,0.00367647058823529,3329,lowH,NA,NA,NA,FALSE,FALSE
snp_1676,0.00732590830449831,0.0146719795702479,5.39933740151952e-05,0.00368003334224129,0.0268972615878001,9.9001512479525e-05,0.00368072832084993,0.00367647058823529,3333,lowH,NA,NA,NA,FALSE,FALSE
snp_1678,0.0432480727321023,-0.00225083027595898,-4.87111616536657e-05,0.0216414192460211,0.00510550351849359,0.00011050286618466,0.0216438723006236,0.0221130221130221,3337,lowH,NA,NA,NA,FALSE,FALSE
snp_1680,0.108206866930446,0.0141750897716038,0.000769764733244995,0.0543040464397638,0.0212722510175366,0.00115528390058309,0.0543094334318772,0.0573979591836735,3341,goodH,0.530595716350412,0.0903900481258606,0.0451950240629303,FALSE,FALSE
snp_1682,0.431343245123554,-0.0013061940030353,-0.000282036743676865,0.215922552868468,0.00715041712100131,0.00154409169492563,0.215944282521717,0.685279187817259,3345,goodH,0.849781367212677,0.915528125691346,0.542235937154327,FALSE,FALSE
snp_1684,0.0467137028976772,-0.00282157534031587,-6.59513361456276e-05,0.0233739412176194,0.00471041162278142,0.000110113303729645,0.0233765777914383,0.0239294710327456,3349,lowH,NA,NA,NA,FALSE,FALSE
snp_1686,0.00258064085358134,-0.00175333180631622,-2.26458985583023e-06,0.00129159229740329,0.00612616016766506,7.91331934971014e-06,0.00129172583365972,0.00129198966408269,3353,lowH,NA,NA,NA,FALSE,FALSE
snp_1688,0.454534886810501,0.0125293845518716,0.00285784299533261,0.228091250891147,0.0209614853173567,0.00478165707178257,0.228116328561088,0.349226804123711,3357,goodH,0.530595716350412,0.0961029888194609,0.0480514944097304,FALSE,FALSE
snp_1690,0.0468287674727068,0.0050884161824555,0.000119397989052131,0.0234646665624182,0.0125448638885667,0.000294399015179408,0.0234676930570543,0.023989898989899,3361,lowH,NA,NA,NA,FALSE,FALSE
snp_1692,0.0251848188254893,-0.00404521275628312,-5.09667713834945e-05,0.0125992807929155,0.00369052148020917,4.65033023942211e-05,0.0126007402053071,0.0127551020408163,3365,lowH,NA,NA,NA,FALSE,FALSE
snp_1694,0.111798836875455,0.0128516346025507,0.000720912130772839,0.0560949757029162,0.0200501758760179,0.00112483686809017,0.0561010973193306,0.0594315245478036,3369,goodH,0.550507687705534,0.114899592950632,0.0574497964753161,FALSE,FALSE
snp_1696,0.242274819197896,-0.000135699662437838,-1.64587002991318e-05,0.121287702588585,0.00756179643811744,0.000917260650692112,0.121301949635723,0.141025641025641,3373,goodH,0.849781367212677,0.976767970287639,0.51161601485618,FALSE,FALSE
snp_1698,0.017009683775471,0.0309777210626047,0.000265419084720401,0.00856806361526724,0.0422260623138323,0.000361853416291264,0.00856943310512591,0.00857843137254902,3377,lowH,NA,NA,NA,FALSE,FALSE
snp_1700,0.00734384149617573,0.0187579553622858,6.91919660634481e-05,0.00368867313772179,0.0259628650478282,9.57787580125394e-05,0.00368906735971157,0.00368550368550369,3381,lowH,NA,NA,NA,FALSE,FALSE
snp_1702,0.066272587466359,0.00670457039459088,0.00022269134280468,0.0332148563887618,0.0138152579743927,0.000458918155921701,0.0332182111092192,0.0343137254901961,3384,lowH,NA,NA,NA,FALSE,FALSE
snp_1704,0.0438803241273376,0.00781926557420568,0.000172002095867842,0.0219972188226022,0.0151295024041072,0.000332840040618201,0.0219994043246157,0.0224438902743142,3388,lowH,NA,NA,NA,FALSE,FALSE
snp_1706,0.0882218750000001,0.0103833528404735,0.000459404157381226,0.0442442980065652,0.0174813254778522,0.000773522748389177,0.0442485181898354,0.04625,3392,lowH,NA,NA,NA,FALSE,FALSE
snp_1708,0.0283081894347907,-0.000430132179470842,-6.09552231147389e-06,0.0141712771152643,0.00741412813075988,0.000105079213857363,0.014172834890917,0.0143603133159269,3396,lowH,NA,NA,NA,FALSE,FALSE
snp_1710,0.0121207614515169,0.00569618076300992,3.45976385915166e-05,0.00607383087562602,0.0129988459796423,7.89605943902888e-05,0.00607443110826533,0.00609756097560976,3400,lowH,NA,NA,NA,FALSE,FALSE
snp_1712,0.0614039262343844,-0.00543184016999579,-0.000166805246603524,0.0307087913825073,0.00183162780700787,5.62529831961051e-05,0.0307120163719285,0.0317073170731707,3404,lowH,NA,NA,NA,FALSE,FALSE
snp_1714,0.0617418523531861,-0.0027046715996231,-8.35590812583124e-05,0.0308943537803098,0.00485148636046526,0.000149899769370547,0.0308976998455731,0.0318877551020408,3408,lowH,NA,NA,NA,FALSE,FALSE
snp_1716,0.0661798809554484,0.00644208252131065,0.00021367085075946,0.0331679779097254,0.0137990014101971,0.000457727859326616,0.0331710857706245,0.0342639593908629,3412,lowH,NA,NA,NA,FALSE,FALSE
snp_1718,0.116081904907662,0.00873190001233626,0.000508299655305296,0.0582118043710051,0.0171266691436658,0.000997088596289389,0.0582184771554459,0.0618686868686869,3416,goodH,0.637735236730722,0.201322798267504,0.100661399133752,FALSE,FALSE
snp_1720,0.104938271604938,-0.00176609437166251,-9.27695953994335e-05,0.0525281077205998,0.0069751029393178,0.000366432684622278,0.052534376597762,0.0555555555555556,3420,goodH,0.849781367212677,0.888835635437989,0.555582182281005,FALSE,FALSE
snp_1722,0.00982777015698844,0.00731157416876115,3.60411684242971e-05,0.00492933089269391,0.0184552047854067,9.09854869823788e-05,0.00493007192498481,0.00493827160493827,3424,lowH,NA,NA,NA,FALSE,FALSE
snp_1724,0.0287520491947455,0.00388470817257741,5.59583872822029e-05,0.0144047853265322,0.0117999498767622,0.000169996590980866,0.0144065519562623,0.0145888594164456,3428,lowH,NA,NA,NA,FALSE,FALSE
snp_1726,0.00265603779990942,0.0138658573511707,1.84841011636425e-05,0.00133306586787307,0.0217625337145635,2.90144375841419e-05,0.0013332288402028,0.00132978723404255,3432,lowH,NA,NA,NA,FALSE,FALSE
snp_1728,0.0483778606439473,0.00413111993303271,0.000100156639536888,0.0242444279421735,0.0135536231776322,0.000328649162393798,0.0242480669623584,0.0248041775456919,3436,lowH,NA,NA,NA,FALSE,FALSE
snp_1730,0.110591114534832,0.00836513544860093,0.000463837566743391,0.0554489009285519,0.0160830983961853,0.000891892676674161,0.0554552770059347,0.0587467362924282,3440,goodH,0.662210906285023,0.244669503269518,0.122334751634759,FALSE,FALSE
snp_1732,0.0776643102073094,0.00598495232454752,0.000232968067791907,0.0389256346849045,0.0140639170452541,0.000547516410309947,0.0389305773454278,0.0404699738903394,3444,lowH,NA,NA,NA,FALSE,FALSE
snp_1734,0.154944525824653,0.000452429619250078,3.50997142425439e-05,0.0775804959470231,0.00846226941969592,0.000656591887536881,0.0775905203406386,0.0846354166666667,3448,goodH,0.849781367212677,0.896633177847982,0.448316588923991,FALSE,FALSE
snp_1736,0.0293333497527848,0.000403830568659909,5.93052659096856e-06,0.0146856802115024,0.00783265883550225,0.000115038751151282,0.0146870626650887,0.0148883374689826,3452,lowH,NA,NA,NA,FALSE,FALSE
snp_1738,0.450302118469266,0.00854527379048346,0.00192928709080156,0.225772413863454,0.0159730594421467,0.0036066844985674,0.22579797637582,0.657635467980296,3456,goodH,0.670118621662015,0.249707360071951,0.124853680035975,FALSE,FALSE
snp_1740,0.0405916937367445,-0.00223801510776945,-4.54621980945689e-05,0.0203136243078714,0.00552184994692726,0.000112181259845312,0.0203158834310116,0.0207253886010363,3460,lowH,NA,NA,NA,FALSE,FALSE
snp_1742,0.0575213890955468,-0.00261621919905847,-7.53037444551978e-05,0.0287834232247429,0.00503601388490473,0.00014496970005772,0.0287865965763641,0.029639175257732,3464,lowH,NA,NA,NA,FALSE,FALSE
snp_1744,0.0847387706568954,0.00941937455034719,0.000400264022007249,0.0424936942328613,0.0168984229227017,0.000718164774968181,0.0424989230209988,0.0443349753694581,3468,lowH,NA,NA,NA,FALSE,FALSE
snp_1746,0.221048723505726,-0.00215622217075098,-0.000238513971392154,0.110616602791485,0.00528127960299989,0.000584263653947763,0.110629184187841,0.126535626535627,3472,goodH,0.852801777383794,0.616932534394654,0.691533732802673,FALSE,FALSE
snp_1748,0.0436675307402914,0.00133977788456181,2.92948821285338e-05,0.0218654767078165,0.00871054561987905,0.000190480511645584,0.0218678048377214,0.0223325062034739,3476,lowH,NA,NA,NA,FALSE,FALSE
snp_1750,0.3724875,-0.00291485870694375,-0.000543242282568889,0.186370022421595,0.00438953691277049,0.000818166805912069,0.186390232539513,0.2475,3480,goodH,0.852801777383794,0.469322525509309,0.765338737245345,FALSE,FALSE
snp_1752,0.0223573899648999,-0.00584708031662597,-6.53764491163153e-05,0.0111810417466679,0.00180780661818975,2.0215462677061e-05,0.0111823147861378,0.0113065326633166,3484,lowH,NA,NA,NA,FALSE,FALSE
snp_1754,0.152079492942097,-0.00375771311056142,-0.000285895976250117,0.0760824383975931,0.00377374851923966,0.000287149463915687,0.07609130880124,0.0829145728643216,3488,goodH,0.852938297158161,0.369480537304229,0.815259731347886,FALSE,FALSE
snp_1756,0.104441807025075,-0.00443781308396843,-0.000231852813932864,0.0522448353605587,0.0032099080977875,0.000167720973903688,0.0522510205258814,0.0552763819095477,3492,goodH,0.856150345910198,0.282111219236901,0.85894439038155,FALSE,FALSE
snp_1758,0.0153052120987833,0.000927461391072278,7.11081145941952e-06,0.00766696223462025,0.0113189390491616,8.67953310057713e-05,0.00766815075412922,0.0077120822622108,3496,lowH,NA,NA,NA,FALSE,FALSE
snp_1760,0.333351046870018,-0.00346692231689816,-0.000578240249770936,0.166787772241832,0.00439572035568198,0.000733234353881609,0.166806415001768,0.211340206185567,3500,goodH,0.852801777383794,0.470339407609269,0.764830296195366,FALSE,FALSE
snp_1762,0.163928447259168,-0.00164568738010249,-0.00013500707814846,0.0820368921708883,0.00555871887684821,0.000456072080166354,0.0820462574687617,0.0900783289817232,3504,goodH,0.852801777383794,0.662723264290934,0.668638367854533,FALSE,FALSE
snp_1764,0.337371826171875,-0.00394084527178617,-0.000665158849788335,0.16878583245844,0.00396991564103655,0.000670145842999494,0.168806066323495,0.78515625,3508,goodH,0.852938297158161,0.400914530709286,0.799542734645357,FALSE,FALSE
snp_1766,0.0180630154079862,0.00464014669487085,4.19962481957795e-05,0.0090506294213072,0.0124417076140224,0.000112618599353243,0.00905169956142647,0.00911458333333333,3512,lowH,NA,NA,NA,FALSE,FALSE
snp_1768,0.0250586204230978,-0.000471908013452284,-5.92113625279976e-06,0.0125472254846515,0.00874176154161133,0.000109700224254449,0.012548983832637,0.0126903553299492,3516,lowH,NA,NA,NA,FALSE,FALSE
snp_1770,0.099607845481555,0.0154106847737782,0.00077050304282872,0.049997975699286,0.0222419055989537,0.00111216314318884,0.0500030511432957,0.0525672371638142,3520,lowH,NA,NA,NA,FALSE,FALSE
snp_1772,0.0612594052841269,0.00104244963263262,3.19796778137059e-05,0.0306774320913174,0.00938038948861728,0.000287801916050676,0.0306812330553984,0.0316301703163017,3524,lowH,NA,NA,NA,FALSE,FALSE
snp_1774,0.0463655919967141,0.00028711941432877,6.6651567365477e-06,0.0232138838543174,0.00811761622153764,0.000188460618400611,0.0232162513301119,0.0237467018469657,3528,lowH,NA,NA,NA,FALSE,FALSE
snp_1776,0.0260371342444008,0.00808043885414436,0.000105510717502343,0.013057547913778,0.0175063251458672,0.000228617745375092,0.0130591511051115,0.0131926121372032,3532,lowH,NA,NA,NA,FALSE,FALSE
snp_1778,0.0260371342444008,-0.0033084223009414,-4.31136643796385e-05,0.0130314876572349,0.00628854156121397,8.19592944703853e-05,0.0130331164503846,0.0131926121372032,3536,lowH,NA,NA,NA,FALSE,FALSE
snp_1780,0.497646911397164,0.00118039825502756,0.000294179958525466,0.249220936469951,0.00960112057118539,0.00239306268938453,0.249248269682866,0.465699208443272,3540,goodH,0.843330227695123,0.75235317753839,0.376176588769195,FALSE,FALSE
snp_1782,0.0234647489226614,-0.000751728802054895,-8.83254910205595e-06,0.011749648381054,0.00899574852498275,0.000105710300711268,0.0117511400432873,0.0118733509234828,3544,lowH,NA,NA,NA,FALSE,FALSE
snp_1784,0.0633466362961506,0.00736654111472851,0.000233911294480347,0.0317532055869029,0.0146773548991196,0.000466101143504648,0.0317564811035949,0.0327455919395466,3548,lowH,NA,NA,NA,FALSE,FALSE
snp_1786,0.0263426100480726,-0.00238232893461937,-3.14027500703576e-05,0.0131815340921319,0.00495454005584793,6.53158824836201e-05,0.013183036517492,0.0133495145631068,3552,lowH,NA,NA,NA,FALSE,FALSE
snp_1788,0.0270551800050993,-0.00161817539251166,-2.1910746354171e-05,0.0135404026384075,0.00589475380162036,7.98257127122575e-05,0.0135418230173268,0.013715710723192,3556,lowH,NA,NA,NA,FALSE,FALSE
snp_1790,0.065064893875038,0.00422812759270669,0.000137819966443672,0.0325959809447105,0.0115006729613493,0.000374913663554414,0.0325992804781425,0.0336658354114713,3560,lowH,NA,NA,NA,FALSE,FALSE
snp_1792,0.135685214489345,0.00319399771232709,0.000217089545294519,0.0679679714411417,0.010945122549728,0.000744002269091607,0.0679756910634225,0.0732009925558313,3564,goodH,0.834442802798143,0.605400721089077,0.302700360544538,FALSE,FALSE
snp_1794,0.110461786755518,0.0241026406116448,0.00133853189802021,0.0555346577824139,0.0310585683617347,0.00172501269259324,0.0555406376914179,0.0586734693877551,3568,goodH,0.361767894174072,0.0121787610398207,0.00608938051991037,FALSE,FALSE
snp_1796,0.0414953887102691,0.00676235712183578,0.000140644744086904,0.0207981834666436,0.0141205665262049,0.000293718343306113,0.0208007478142631,0.0211970074812968,3572,lowH,NA,NA,NA,FALSE,FALSE
snp_1798,0.0416988586755107,0.00524883765065543,0.000109670661731881,0.0208942758437549,0.0126350816285775,0.000264025893915318,0.0208962554953468,0.0213032581453634,3576,lowH,NA,NA,NA,FALSE,FALSE
snp_1800,0.0418013434004192,-0.00745129115908476,-0.000155745590044019,0.0209018258337859,0.00108015947232635,2.25804560838087e-05,0.0209047429220585,0.021356783919598,3580,lowH,NA,NA,NA,FALSE,FALSE
snp_1802,0.074676038467095,0.00243715167111222,9.11629612693262e-05,0.0374055346451717,0.0107673944217868,0.000402813198761746,0.0374104618984413,0.0388471177944862,3584,lowH,NA,NA,NA,FALSE,FALSE
snp_1804,0.12954654702772,0.0139912127890432,0.000909546735806655,0.0650084270406451,0.0209190897783083,0.00136003416320145,0.0650140220064314,0.069620253164557,3588,goodH,0.530595716350412,0.0969084823634883,0.0484542411817441,FALSE,FALSE
snp_1806,0.0311299364791826,0.00216427581413804,3.37402445818772e-05,0.0155896232640361,0.00943463214511616,0.000147098433464681,0.0155913268479499,0.0158150851581509,3592,lowH,NA,NA,NA,FALSE,FALSE
snp_1808,0.138645569849501,-0.00243360353788147,-0.000168837396812364,0.069377527680348,0.00500811136940345,0.000347486553904124,0.0693847497136462,0.0749385749385749,3596,goodH,0.852801777383794,0.571662311365673,0.714168844317164,FALSE,FALSE
snp_1810,0.136553797487458,-0.00051532326630685,-3.52229075288774e-05,0.0683510911147254,0.0066541865510219,0.000454868463624763,0.0683582373498242,0.0737100737100737,3600,goodH,0.849781367212677,0.839123258245251,0.580438370877374,FALSE,FALSE
snp_1812,0.0393929446226104,-0.00489819308644523,-9.65288580486169e-05,0.0197070340725728,0.00363082135939589,7.15604012226593e-05,0.0197091495667982,0.0201005025125628,3604,lowH,NA,NA,NA,FALSE,FALSE
snp_1814,0.141678822090384,-0.00572202954186477,-0.00040561563184613,0.0708866720939618,0.00461362687950831,0.000327097958366598,0.0708982253895353,0.0767263427109974,3608,goodH,0.852801777383794,0.506284091218306,0.746857954390847,FALSE,FALSE
snp_1816,0.0431444636678202,-0.00214014494741529,-4.6205723421751e-05,0.021589997199748,0.00518504796997076,0.000111956474426813,0.021592177174678,0.0220588235294118,3612,lowH,NA,NA,NA,FALSE,FALSE
snp_1818,0.0642911742580505,0.0181502117637144,0.000586017280047352,0.0322870767391766,0.0251438994021777,0.000811900797429974,0.0322901704482501,0.0332512315270936,3616,lowH,NA,NA,NA,FALSE,FALSE
snp_1820,0.0279486396003825,0.00269945881714856,3.7789748581449e-05,0.0139990091130067,0.0104570465474998,0.000146412657681863,0.0140013393855333,0.0141752577319588,3620,lowH,NA,NA,NA,FALSE,FALSE
snp_1822,0.0755332057543359,0.00668447738442423,0.000253067251517931,0.0378589434841403,0.0142601198161126,0.000539932066904822,0.0378630806660367,0.0393120393120393,3624,lowH,NA,NA,NA,FALSE,FALSE
snp_1824,0.0472947469804248,-0.00478364493901824,-0.000113181394390796,0.0236600742391272,0.00370968238989665,8.77826164060258e-05,0.0236631083688195,0.024234693877551,3628,lowH,NA,NA,NA,FALSE,FALSE
snp_1826,0.0816357190072712,0.000250077878377717,1.02215757721236e-05,0.0408735704190714,0.00830753465727033,0.000339611168221957,0.040879897855707,0.0426356589147287,3632,lowH,NA,NA,NA,FALSE,FALSE
snp_1828,0.010470914127424,-0.00509284514552309,-2.66920286312517e-05,0.00524108388701266,0.0069880618851145,3.66314735337657e-05,0.005242007603252,0.00526315789473684,3636,lowH,NA,NA,NA,FALSE,FALSE
snp_1830,0.424704834038761,0.00372706942879947,0.000793105924661238,0.212796123016336,0.0123575894331267,0.00262999097596386,0.212823948408069,0.694029850746269,3640,goodH,0.810648381061125,0.476954550210988,0.238477275105494,FALSE,FALSE
snp_1832,0.0528456028044504,-0.00376862153720043,-9.96314768318e-05,0.0264371139018147,0.00358670838896382,9.48312373081291e-05,0.0264396284905463,0.0271604938271605,3644,lowH,NA,NA,NA,FALSE,FALSE
snp_1836,0.0026212274646773,0.0131136986811584,1.72496668525949e-05,0.00131539295449719,0.0209160807277532,2.75161412482814e-05,0.00131554958151269,0.00131233595800525,3651,lowH,NA,NA,NA,FALSE,FALSE
snp_1838,0.050855892398203,0.0194704894545312,0.000497440846436551,0.0255484510339716,0.026936345307347,0.00068825972266489,0.0255513401989676,0.0261096605744125,3655,lowH,NA,NA,NA,FALSE,FALSE
snp_1840,0.0316604989706892,-0.0043670948559603,-6.91633532692895e-05,0.015837382871337,0.00310889717460196,4.92419027862454e-05,0.0158390258733951,0.0160891089108911,3659,lowH,NA,NA,NA,FALSE,FALSE
snp_1842,0.0623571846104793,0.107499231460277,0.00342029458502545,0.0318169212799379,0.113540615189306,0.0036127935416648,0.0318193937529861,0.0322164948453608,3663,lowH,NA,NA,NA,FALSE,FALSE
snp_1844,0.0119185227357681,0.00434283682562024,2.59433928355613e-05,0.00597383550828119,0.0144753584280999,8.64855631997661e-05,0.00597467507484156,0.00599520383693046,3667,lowH,NA,NA,NA,FALSE,FALSE
snp_1846,0.0399363962067756,0.00335782171161609,6.71683114959995e-05,0.0200035371930668,0.0104645651821027,0.000209348951659438,0.0200055088784275,0.0203836930455636,3671,lowH,NA,NA,NA,FALSE,FALSE
snp_1848,0.335114204489756,0.0161310679629284,0.00271410155238574,0.168253060406363,0.0237506630632069,0.00399656590279262,0.168271761178064,0.212871287128713,3675,goodH,0.530595716350412,0.0551058591660869,0.0275529295830435,FALSE,FALSE
snp_1850,0.0644444444444445,-0.00489980557852784,-0.000157972387629679,0.0322405420170044,0.0039828747562361,0.000128429660126894,0.0322454679062675,0.0333333333333333,3679,lowH,NA,NA,NA,FALSE,FALSE
snp_1852,0.0376273048972731,0.0112651254557721,0.000212661492332949,0.0188778627604173,0.0197888233737004,0.000373611812628639,0.0188799407409525,0.0191815856777494,3683,lowH,NA,NA,NA,FALSE,FALSE
snp_1854,0.128495958116319,-0.00290127896409302,-0.000186530333541687,0.0642924502780444,0.00450164678295512,0.000289456323648571,0.064300096743387,0.0690104166666667,3687,goodH,0.852801777383794,0.487788070938158,0.756105964530921,FALSE,FALSE
snp_1856,0.057641407705127,-0.00336420257150851,-9.70384279316266e-05,0.0288444069193237,0.00528483112752805,0.000152456193233733,0.0288478836040015,0.0297029702970297,3691,lowH,NA,NA,NA,FALSE,FALSE
snp_1858,0.0798611111111109,0.00157861343855565,6.31266433468747e-05,0.0399886646123019,0.00870636591362273,0.000348193375324715,0.03999296362905,0.0416666666666667,3695,lowH,NA,NA,NA,FALSE,FALSE
snp_1860,0.0446417068205829,-0.00331604923767567,-7.4065853941445e-05,0.022335571227332,0.00427711326531065,9.55414879852865e-05,0.0223378437882793,0.0228426395939086,3699,lowH,NA,NA,NA,FALSE,FALSE
snp_1862,0.00265603779990942,0.000268311623193296,3.56814066233917e-07,0.00132984945634227,0.00833832478239676,1.10897811785501e-05,0.0013299771198601,0.00132978723404255,3703,lowH,NA,NA,NA,FALSE,FALSE
snp_1864,0.0242681815163388,0.00794069952876436,9.6606414413407e-05,0.0121659828663029,0.0152321438625231,0.000185334628690888,0.0121673370711055,0.0122850122850123,3707,lowH,NA,NA,NA,FALSE,FALSE
snp_1866,0.00250940632812302,0.0112177677691744,1.41204521656394e-05,0.00125875775432268,0.0186961126014944,2.35361535785187e-05,0.00125887953716311,0.00125628140703518,3711,lowH,NA,NA,NA,FALSE,FALSE
snp_1868,0.12618011193397,0.00690276226093636,0.000436575294312147,0.0632464624752882,0.0144853120781689,0.000916235323685187,0.0632527154914436,0.0676691729323308,3715,goodH,0.72572731084281,0.327723175106909,0.163861587553455,FALSE,FALSE
snp_1870,0.0974774027801333,-0.00260104129476997,-0.000126888667940535,0.0487837960111114,0.00582501615842043,0.000284197616672859,0.0487891550759105,0.0513784461152882,3719,lowH,NA,NA,NA,FALSE,FALSE
snp_1872,0.0287020454331228,0.00864924118772567,0.000124463617135098,0.0143901198305958,0.015812583232589,0.000227566996760795,0.0143915129750458,0.0145631067961165,3723,lowH,NA,NA,NA,FALSE,FALSE
snp_1874,0.281010057956086,-0.00642358185607065,-0.000902647025041483,0.140520825493713,0.00123597157681763,0.000173698529260576,0.140536022444637,0.169099756690998,3727,goodH,0.868371627825925,0.0468228646850497,0.976588567657475,FALSE,FALSE
snp_1876,0.0275981068184321,-0.000332384181635737,-4.5920846107302e-06,0.0138155931131606,0.00731751373701387,0.000101107026961674,0.0138171284121065,0.0139949109414758,3731,lowH,NA,NA,NA,FALSE,FALSE
snp_1878,0.216257765832448,0.00170666352095291,0.000184859818648288,0.108316499637299,0.0103934915402334,0.00112590775287433,0.108328154067949,0.123342175066313,3735,goodH,0.843330227695123,0.662694905039961,0.331347452519981,FALSE,FALSE
snp_1880,0.00754706152433426,0.0108353304695626,4.10522082279367e-05,0.00378873614821957,0.0234762060042032,8.89613825775448e-05,0.00378942758304375,0.00378787878787879,3739,lowH,NA,NA,NA,FALSE,FALSE
snp_1882,0.215797264329377,0.00263741602533429,0.000285117485882386,0.108104858370324,0.0113841163099038,0.00123082483481095,0.108117731873503,0.12303664921466,3743,goodH,0.821364305356277,0.562729378475645,0.281364689237823,FALSE,FALSE
snp_1884,0.0535991071982143,0.0042699714894808,0.00011468075536003,0.0268574990822654,0.0127601395705508,0.000342746947748238,0.0268607522553488,0.0275590551181102,3747,lowH,NA,NA,NA,FALSE,FALSE
snp_1886,0.11691469580413,0.0176649365712311,0.00103710779994485,0.0587099645539553,0.0245247733882363,0.00144000496245463,0.0587163412137931,0.0623441396508728,3751,goodH,0.530595716350412,0.0471176059911738,0.0235588029955869,FALSE,FALSE
snp_1888,0.0523430634680566,0.00434479863985958,0.000113932836851838,0.0262228117562476,0.0115278264127016,0.000302322538618142,0.0262254589716096,0.0268948655256724,3755,lowH,NA,NA,NA,FALSE,FALSE
snp_1890,0.0499077929803688,0.0206162323568084,0.000516943076907186,0.0250745659032344,0.0275672075736647,0.000691301001918916,0.0250769324412576,0.025609756097561,3759,lowH,NA,NA,NA,FALSE,FALSE
snp_1892,0.0464852607709751,-0.00177288091656087,-4.12439556360834e-05,0.0232638048335985,0.00570957268469649,0.000132841529832458,0.0232664574335863,0.0238095238095238,3763,lowH,NA,NA,NA,FALSE,FALSE
snp_1894,0.498502512314052,-0.00246630750358413,-0.000615245180144563,0.249460044722917,0.00531691152299391,0.0013265087779921,0.249488593567033,0.472636815920398,3767,goodH,0.852801777383794,0.622827239777887,0.688586380111057,FALSE,FALSE
snp_1896,0.0464852607709751,-0.00569546008624983,-0.000132416770281715,0.0232495300250458,0.0022403080763751,5.20913310670502e-05,0.0232518605884491,0.0238095238095238,3771,lowH,NA,NA,NA,FALSE,FALSE
snp_1898,0.223921222772811,0.00218054395778926,0.000244539784876626,0.112146230303264,0.00988951712339008,0.00110918032281675,0.112157177036823,0.871536523929471,3775,goodH,0.843330227695123,0.71870435583158,0.35935217791579,FALSE,FALSE
snp_1900,0.0589954088631337,0.000116462442671272,3.43985895837748e-06,0.0295362082357044,0.00793154353525768,0.000234295770734045,0.0295397446527958,0.0304232804232804,3779,lowH,NA,NA,NA,FALSE,FALSE
snp_1902,0.176189249587513,-0.000252973608411957,-2.23126698705799e-05,0.0882015717396285,0.00741043123197762,0.000653688050852899,0.0882118773374609,0.0976253298153034,3783,goodH,0.849781367212677,0.954469727650877,0.522765136174561,FALSE,FALSE
snp_1904,0.0248716761098666,-0.00312837143068421,-3.89309050532397e-05,0.0124444638099528,0.0044939816737456,5.59313425966443e-05,0.0124458323725266,0.0125944584382872,3787,lowH,NA,NA,NA,FALSE,FALSE
snp_1906,0.0445313251081558,-0.00503889834735269,-0.000112232856279465,0.0222732924029772,0.00257965669928696,5.74644470848082e-05,0.0222760056020989,0.0227848101265823,3791,lowH,NA,NA,NA,FALSE,FALSE
snp_1908,0.064138630477697,0.00553279077619703,0.000177835320969858,0.0321420650379433,0.013268802699586,0.000426538041281578,0.0321459329028146,0.0331695331695332,3795,lowH,NA,NA,NA,FALSE,FALSE
snp_1910,0.183137235962789,0.0137919621506239,0.00126760057543893,0.0919086466157092,0.021250530299441,0.00195333136334321,0.0919191820542281,0.101965601965602,3799,goodH,0.530595716350412,0.0907786052553077,0.0453893026276538,FALSE,FALSE
snp_1912,0.0218685292395366,-0.00383000903589045,-4.19008528851527e-05,0.0109401446556668,0.00363331244686498,3.97535218198453e-05,0.0109413991780825,0.0110565110565111,3803,lowH,NA,NA,NA,FALSE,FALSE
snp_1914,0.0682302201070792,0.00251370654338062,8.59019521611046e-05,0.0341734210730808,0.0101676478638283,0.000347500780615854,0.0341771061773389,0.0353658536585366,3807,lowH,NA,NA,NA,FALSE,FALSE
snp_1916,0.0810355029585799,0.0202070462589238,0.000822676089859111,0.0407123376330077,0.0273831159837796,0.00111494078122704,0.0407163590106941,0.0423076923076923,3811,lowH,NA,NA,NA,FALSE,FALSE
snp_1918,0.0435123763054739,0.00132296985521021,2.88310372932904e-05,0.0217926638159939,0.0100763201561486,0.000219621497380231,0.0217958038229081,0.0222513089005236,3815,lowH,NA,NA,NA,FALSE,FALSE
snp_1920,0.0350765306122449,0.00688853247604002,0.000121112266640531,0.017581722531147,0.0144271937297338,0.000253683465118695,0.0175837012984629,0.0178571428571429,3819,lowH,NA,NA,NA,FALSE,FALSE
snp_1922,0.0247485882626364,0.00301003383914464,3.7312961251446e-05,0.0123961932806872,0.0104991146864055,0.000130161880739953,0.0123974148895135,0.012531328320802,3823,lowH,NA,NA,NA,FALSE,FALSE
snp_1924,0.0486315383610798,0.00251215092809898,6.11941434248939e-05,0.0243592623119986,0.0106523609707383,0.000259512045678981,0.0243619275005657,0.0249376558603491,3827,lowH,NA,NA,NA,FALSE,FALSE
snp_1926,0.125017702220936,0.0213660186730576,0.00134214336054997,0.0628167269292148,0.028082853796467,0.00176422945224965,0.0628222995083072,0.0669975186104218,3831,goodH,0.420173391784782,0.0226951357272085,0.0113475678636042,FALSE,FALSE
snp_1928,0.0246267125204445,-0.00142344491819572,-1.75446073458446e-05,0.0123254557458276,0.00609942606669849,7.51863221663589e-05,0.0123267863802562,0.987531172069825,3835,lowH,NA,NA,NA,FALSE,FALSE
snp_1930,0.111495198902606,0.00141148873689018,7.88066181906573e-05,0.0558322685339207,0.00910703947181144,0.000508522374074891,0.0558383847625669,0.0592592592592593,3839,goodH,0.849781367212677,0.812719316414849,0.406359658207424,FALSE,FALSE
snp_1932,0.125175452651819,0.0133826982319377,0.000840655094019379,0.0628165620601951,0.0209798195436189,0.00131802793955026,0.0628236070767894,0.0670886075949367,3843,goodH,0.530595716350412,0.0957566229784355,0.0478783114892177,FALSE,FALSE
snp_1934,0.0299182823265502,0.000456429820181561,6.83688115093969e-06,0.0149790413523377,0.0080486907842625,0.000120575182118871,0.0149807198898273,0.0151898734177215,3847,lowH,NA,NA,NA,FALSE,FALSE
snp_1936,0.361212315461045,0.00204716247227057,0.000370332529246396,0.180900409353269,0.00971977280199555,0.00175851452283064,0.180921360885062,0.236572890025575,3851,goodH,0.843330227695123,0.738367890550321,0.36918394527516,FALSE,FALSE
snp_1938,0.0350765306122449,0.00601600391520951,0.000105755998461573,0.0175791106442274,0.0135762500070809,0.000238687508650647,0.0175812546561941,0.0178571428571429,3855,lowH,NA,NA,NA,FALSE,FALSE
snp_1940,0.0426397107166339,0.0182522269161294,0.000390952946845057,0.0214194656159778,0.026578851161434,0.000569380292713068,0.0214223063764035,0.0217948717948718,3859,lowH,NA,NA,NA,FALSE,FALSE
snp_1942,0.0243865264441396,0.00201606330790456,2.46273973094175e-05,0.0122155872848133,0.0109461098427371,0.00013373129422942,0.0122172439479175,0.0123456790123457,3863,lowH,NA,NA,NA,FALSE,FALSE
snp_1944,0.0525931336742147,-0.00211066402007927,-5.55489951575852e-05,0.0263182555959327,0.0051951441240621,0.000136741176355044,0.0263209591667931,0.027027027027027,3867,lowH,NA,NA,NA,FALSE,FALSE
snp_1946,0.0224130601678838,-0.0041384242125891,-4.64011363274277e-05,0.0112122716144651,0.0035181428626511,3.94511263883784e-05,0.0112136226209557,0.0113350125944584,3871,lowH,NA,NA,NA,FALSE,FALSE
snp_1948,0.174046639231825,0.000393137855689634,3.42583866934836e-05,0.0871409003169849,0.00818381854511553,0.000713230095203314,0.0871512596804827,0.0962962962962963,3875,goodH,0.849781367212677,0.934638499595379,0.467319249797689,FALSE,FALSE
snp_1950,0.0736137783874411,0.0113699736399517,0.000419836805268404,0.0369250464920327,0.0184439653544584,0.000681117240393705,0.0369290023757858,0.0382716049382716,3879,lowH,NA,NA,NA,FALSE,FALSE
snp_1952,0.231824343924083,0.0145503129122296,0.00169302332783677,0.116356489241807,0.0220153418696717,0.00256188981050178,0.116368386449226,0.1338199513382,3883,goodH,0.530595716350412,0.0780123002352953,0.0390061501176476,FALSE,FALSE
snp_1954,0.146585633551255,-0.00273039318215105,-0.000200270128080205,0.0733484574270831,0.00486429144687644,0.000356828240110381,0.0733566736301368,0.0796344647519582,3887,goodH,0.852801777383794,0.547806634346587,0.726096682826707,FALSE,FALSE
snp_1956,0.00483088955202882,0.0292005113048047,7.09829322032456e-05,0.00243087976995684,0.0361620869058157,8.79141920662735e-05,0.00243111500437589,0.00242130750605327,3891,lowH,NA,NA,NA,FALSE,FALSE
snp_1958,0.026791647614693,-0.00209107404021215,-2.80354265211954e-05,0.0134071897895835,0.00536893546610056,7.19908212682011e-05,0.013408770085383,0.0135802469135802,3895,lowH,NA,NA,NA,FALSE,FALSE
snp_1960,0.059397227028066,-0.00127133271731386,-3.77970761988372e-05,0.0297302788515479,0.00659484384325821,0.000196088784630619,0.0297336509083649,0.0306372549019608,3899,lowH,NA,NA,NA,FALSE,FALSE
snp_1962,0.334933435357273,0.00684807976423895,0.00114965198596907,0.167879467755708,0.0143665875712016,0.0024121154011737,0.167897588012401,0.212713936430318,3903,goodH,0.73797261764172,0.334806524424822,0.167403262212411,FALSE,FALSE
snp_1964,0.101007333337438,-0.00497097426799944,-0.000251139000617887,0.0505210824032202,0.00262640681840648,0.000132706262431565,0.0505276872956345,0.0533498759305211,3907,goodH,0.856951771465273,0.198488055964059,0.900755972017971,FALSE,FALSE
snp_1966,0.0956631190046424,0.0108530181183867,0.00052072104556635,0.0479793767859068,0.0177960527309773,0.000853929640582322,0.047984216134396,0.0503685503685504,3911,lowH,NA,NA,NA,FALSE,FALSE
snp_1970,0.0837894569029651,0.011302400459394,0.000475053617572895,0.0420312144556916,0.0186530985078015,0.000784109495843938,0.0420364206791698,0.0438144329896907,3916,lowH,NA,NA,NA,FALSE,FALSE
snp_1972,0.03205067807363,-0.0051056711379569,-8.18477841824001e-05,0.0160307591246765,0.00246840618630073,3.95744090521346e-05,0.0160323731449736,0.0162907268170426,3920,lowH,NA,NA,NA,FALSE,FALSE
snp_1974,0.118314246997556,-0.0026601878306414,-0.000157493582562892,0.0592039331767479,0.00504497685285846,0.000298715519700419,0.0592104836974956,0.0631443298969072,3924,goodH,0.852801777383794,0.577776953192855,0.711111523403573,FALSE,FALSE
snp_1976,0.263228690615368,0.0053950631637543,0.000711511156054132,0.131881895439943,0.0118769135256089,0.00156649567317269,0.131894171814506,0.155927835051546,3928,goodH,0.811598925536587,0.517819529638261,0.25890976481913,FALSE,FALSE
snp_1978,0.342159102986502,0.00224754074102355,0.000385033397462503,0.171313200439319,0.00810529994651784,0.00138866167732212,0.171327611129149,0.219072164948454,3932,goodH,0.849781367212677,0.945543717519418,0.472771858759709,FALSE,FALSE
snp_1980,0.0614764424288234,0.00782050198152691,0.000241029774900846,0.0308202434409186,0.0155054427723762,0.000477935385251445,0.0308237173402692,0.0317460317460317,3936,lowH,NA,NA,NA,FALSE,FALSE
snp_1982,0.0356116942736717,0.00112618007654694,2.00821488978771e-05,0.0178320939218286,0.00886114843362991,0.000158030742386371,0.0178341152470273,0.0181347150259067,3940,lowH,NA,NA,NA,FALSE,FALSE
snp_1984,0.00486615110053545,0.00328650949597712,8.01070203669247e-06,0.00243744983743332,0.0106469091910764,2.59538291079129e-05,0.00243768671659808,0.0024390243902439,3944,lowH,NA,NA,NA,FALSE,FALSE
snp_1986,0.0286771087035638,0.0143179338945295,0.000206090605148032,0.0143938788002628,0.0220595040849703,0.000317560322472801,0.014395623820445,0.0145502645502645,3948,lowH,NA,NA,NA,FALSE,FALSE
snp_1988,0.0660803324099724,-0.00547045776534905,-0.000180799660876097,0.0330501886005442,0.00235160191848833,7.77300888260299e-05,0.0330541016380854,0.0342105263157895,3952,lowH,NA,NA,NA,FALSE,FALSE
snp_1990,0.0209400632681056,-0.00742090083182719,-7.77229248496815e-05,0.0104735161688644,0.00270824189749144,2.83691491575123e-05,0.0104751164154834,0.0105820105820106,3956,lowH,NA,NA,NA,FALSE,FALSE
snp_1992,0.00527700792251062,0.00701850272311429,1.85659139189107e-05,0.0026452812873844,0.0149609768426711,3.95807343893456e-05,0.00264559826578001,0.00264550264550265,3960,lowH,NA,NA,NA,FALSE,FALSE
snp_1994,0.0442034292063334,0.00862958141185173,0.000191254043029417,0.0221626095058043,0.0159849554826209,0.000354304682777746,0.0221648839224452,0.0226130653266332,3964,lowH,NA,NA,NA,FALSE,FALSE
snp_1996,0.0550456211021866,0.013922760019079,0.000384595982295827,0.0276235445966747,0.0210144217861607,0.000580549695310082,0.0276262512106048,0.0283251231527094,3968,lowH,NA,NA,NA,FALSE,FALSE
snp_1998,0.0728514067176136,0.00464236948002913,0.00016946834989407,0.0365047096365554,0.0127807076735277,0.0004666073088787,0.0365087224274105,0.0378590078328982,3972,lowH,NA,NA,NA,FALSE,FALSE
snp_2000,0.0196059209881385,-0.00369430717553838,-3.62359270745193e-05,0.00980858530510218,0.00382815755518402,3.7553024509229e-05,0.00980968624407199,0.0099009900990099,3976,lowH,NA,NA,NA,FALSE,FALSE
snp_2002,0.087196268906697,-0.00345204070152631,-0.000150615633836923,0.0436308974486682,0.00485541644719452,0.000211870303717235,0.0436358664640713,0.0456852791878173,3980,lowH,NA,NA,NA,FALSE,FALSE
snp_2004,0.0365408555907649,-0.00202708404200693,-3.70707981680471e-05,0.0182877460430032,0.00596449658725453,0.00010909082413218,0.0182900304386618,0.0186170212765957,3984,lowH,NA,NA,NA,FALSE,FALSE
snp_2006,0.0457763671875,0.00610412330775842,0.000140042686829025,0.0229423096107887,0.0137772947003812,0.000316122918625564,0.0229452098906483,0.0234375,3988,lowH,NA,NA,NA,FALSE,FALSE
snp_2008,0.03076171875,-0.00148933801236097,-2.29306789462847e-05,0.0153965579042288,0.00634854183037512,9.77573020127139e-05,0.0153983866885757,0.015625,3992,lowH,NA,NA,NA,FALSE,FALSE
snp_2010,0.0973044049967127,0.0110108842382858,0.000537400883706387,0.0488063330861112,0.0182474334016888,0.000890684505499286,0.0488114950684983,0.0512820512820513,3996,lowH,NA,NA,NA,FALSE,FALSE
snp_2012,0.00786357340720212,-0.00320196505492459,-1.26100531169251e-05,0.00393822321624998,0.010160805191687,4.00220044549334e-05,0.00393886150751881,0.00394736842105263,4000,lowH,NA,NA,NA,FALSE,FALSE
snp_2014,0.138311722818578,0.00714435926845529,0.000495356990833272,0.0693353976500646,0.0151378063275998,0.00104970591188091,0.0693433308079155,0.0747422680412371,4004,goodH,0.694518491911557,0.291138546734843,0.145569273367421,FALSE,FALSE
snp_2016,0.0767051493251143,0.00453932161515052,0.000174465111424255,0.0384341816279238,0.0125278522708899,0.000481552805241146,0.0384385762881398,0.0399484536082474,4008,lowH,NA,NA,NA,FALSE,FALSE
snp_2018,0.0452019217425208,-0.00510927530726612,-0.000115549423747368,0.0226156190062885,0.00439379981619472,9.9382123833293e-05,0.0226187191020832,0.0231362467866324,4012,lowH,NA,NA,NA,FALSE,FALSE
snp_2020,0.0254410670634497,0.00430821793954142,5.49150632854311e-05,0.0127465843316358,0.0120209015229211,0.000153245949918675,0.0127482909352906,0.0128865979381443,4016,lowH,NA,NA,NA,FALSE,FALSE
snp_2022,0.121144191790384,0.0185674498776035,0.001129761471255,0.0608463455510791,0.0256613171138282,0.00156157561982384,0.0608532918593779,0.0647668393782383,4020,goodH,0.526636164901687,0.0373798047678062,0.0186899023839031,FALSE,FALSE
snp_2024,0.0440952004070325,-0.00104914625205017,-2.31552706324041e-05,0.0220705841413012,0.00642128574536135,0.00014173598484543,0.0220728356385352,0.0225563909774436,4024,lowH,NA,NA,NA,FALSE,FALSE
snp_2026,0.139069478206795,-0.00418725013922874,-0.000291307051389623,0.0695700141389879,0.00343312466981662,0.000238867467332603,0.0695772773510615,0.075187969924812,4028,goodH,0.852938297158161,0.316079525776702,0.841960237111649,FALSE,FALSE
snp_2028,0.0276675083298625,0.0022352495548724,3.09729794652444e-05,0.0138566091637193,0.00985136718149213,0.000136519417466462,0.0138579158558766,0.014030612244898,4032,lowH,NA,NA,NA,FALSE,FALSE
snp_2030,0.127545865938152,-0.00281697791569757,-0.000179786223934177,0.0638223760762627,0.00499135062573658,0.000318598916606757,0.0638302015819098,0.0684596577017115,4036,goodH,0.852801777383794,0.568882117941436,0.715558941029282,FALSE,FALSE
snp_2032,0.073034593349963,0.0135373409221298,0.000496177930330379,0.0366525400508505,0.0210329523636282,0.000771017105110427,0.0366575786309358,0.0379581151832461,4040,lowH,NA,NA,NA,FALSE,FALSE
snp_2034,0.0443121902937016,0.00601974400969001,0.000133680519588729,0.0222070106924054,0.0134320681823012,0.000298317581402594,0.0222093558008939,0.977329974811083,4044,lowH,NA,NA,NA,FALSE,FALSE
snp_2036,0.0495956594086073,-0.00698743256319128,-0.000173344172872996,0.0248079922497064,0.00303368355582706,7.52692640642187e-05,0.0248111784499219,0.0254452926208651,4048,lowH,NA,NA,NA,FALSE,FALSE
snp_2038,0.0360022955386445,0.00312274690208329,5.6311573380771e-05,0.0180327049058006,0.0103855656004188,0.000187298311350915,0.0180344834896004,0.0183374083129584,4052,lowH,NA,NA,NA,FALSE,FALSE
snp_2040,0.0825710531062382,-0.000900940313143956,-3.72350921653303e-05,0.0413291442530675,0.00648952666625187,0.000268232899860339,0.0413331994235045,0.0431472081218274,4056,lowH,NA,NA,NA,FALSE,FALSE
snp_2042,0.393221992653811,0.00377196185908523,0.00074304373150772,0.196991316261062,0.0114379773031256,0.00225340561699122,0.197010848795393,0.731060606060606,4060,goodH,0.821364305356277,0.557668677328149,0.278834338664075,FALSE,FALSE
snp_2044,0.0827716592532162,0.00215975459820946,8.95262465148398e-05,0.0414520457968054,0.00953385538864843,0.000395240055161195,0.0414564768448021,0.0432569974554707,4064,lowH,NA,NA,NA,FALSE,FALSE
snp_2046,0.293833260326213,0.00149506558647964,0.000219974942599635,0.147133974983399,0.00886060455839772,0.00130383578414634,0.147149754348378,0.178934010152284,4068,goodH,0.849781367212677,0.844109456262523,0.422054728131261,FALSE,FALSE
snp_2048,0.244897959183673,0.00102647043053902,0.000125870427789194,0.122624504364044,0.00862245014368556,0.00105743767100871,0.122637725169463,0.142857142857143,4072,goodH,0.849781367212677,0.875248748502905,0.437624374251452,FALSE,FALSE
snp_2050,0.00762377655143687,-0.00226148001628473,-8.63542309035121e-06,0.00381848304126865,0.0107049373440661,4.08841449420932e-05,0.00381918582314317,0.0038265306122449,4076,lowH,NA,NA,NA,FALSE,FALSE
snp_2052,0.00508902540608069,0.00436403707877088,1.11270768289797e-05,0.00254972096435845,0.0120542437941117,3.07383130813781e-05,0.00254999928708869,0.00255102040816327,4080,lowH,NA,NA,NA,FALSE,FALSE
snp_2054,0.0259022740267703,0.018936400448654,0.000246528313286015,0.0130187526375182,0.0297951105339521,0.000387963644941469,0.0130210507022411,0.0131233595800525,4084,lowH,NA,NA,NA,FALSE,FALSE
snp_2056,0.0305270115978609,-0.00341004765624734,-5.20951157739836e-05,0.0152769465489854,0.00575757475569443,8.7972916785429e-05,0.0152795092583767,0.0155038759689922,4088,lowH,NA,NA,NA,FALSE,FALSE
snp_2058,0.12155,0.00159551526413359,9.71277396929782e-05,0.0608754688070761,0.00990576406273993,0.000603085215669186,0.0608822511670416,0.065,4092,goodH,0.843330227695123,0.716843469382536,0.358421734691268,FALSE,FALSE
snp_2060,0.0263426100480726,-0.000591506210825552,-7.79944391347634e-06,0.0131857346055434,0.00671178636199305,8.85090614860758e-05,0.0131871094686919,0.0133495145631068,4096,lowH,NA,NA,NA,FALSE,FALSE
snp_2062,0.0228106508875738,0.00939859249786109,0.000107512624243764,0.0114392260615865,0.0170234326921622,0.000194763394066463,0.0114409001749767,0.0115384615384615,4100,lowH,NA,NA,NA,FALSE,FALSE
snp_2064,0.0635011733496582,7.40715396264324e-05,2.35495827231074e-06,0.0317930244758997,0.00811446547461243,0.000258012196371594,0.0317965733145125,0.0328282828282828,4104,lowH,NA,NA,NA,FALSE,FALSE
snp_2066,0.0465992020403525,-0.00123589405228547,-2.88288478357792e-05,0.0233263100364207,0.00707270023218486,0.000164999245746014,0.0233290313924478,0.0238693467336683,4108,lowH,NA,NA,NA,FALSE,FALSE
snp_2068,0.0254410670634497,-0.00643679709883165,-8.18905853350314e-05,0.0127222567493848,0.00141223895692743,1.79689792121749e-05,0.0127237526794117,0.0128865979381443,4112,lowH,NA,NA,NA,FALSE,FALSE
snp_2070,0.0422163673374731,0.0112031934962336,0.00023728004131711,0.0211796789368033,0.0195396958931471,0.000413896007668638,0.0211823157295809,0.0215736040609137,4116,lowH,NA,NA,NA,FALSE,FALSE
snp_2072,0.0488690397673381,-0.00500525370531531,-0.000122343172858523,0.0244429513590093,0.00249641555154888,6.10257728900393e-05,0.0244453584068471,0.025062656641604,4120,lowH,NA,NA,NA,FALSE,FALSE
snp_2074,0.0407986111111112,0.0153359521585671,0.000314262456793751,0.0204918777487314,0.0259387794620861,0.000531633409084344,0.0204956987225022,0.0208333333333333,4124,lowH,NA,NA,NA,FALSE,FALSE
snp_2076,0.0252483958111211,0.00905798958502721,0.000114680212616576,0.0126606695161299,0.0166413796865397,0.000210718165668164,0.012662301421955,0.0127877237851662,4128,lowH,NA,NA,NA,FALSE,FALSE
snp_2078,0.0214515894904921,0.000820689931412341,8.81434037288955e-06,0.0107401590241527,0.00806698387271653,8.66493118942121e-05,0.0107412278568289,0.0108433734939759,4132,lowH,NA,NA,NA,FALSE,FALSE
snp_2080,0.122021281758839,-0.00106142546951965,-6.48268807425703e-05,0.0610753016619321,0.00654509998261329,0.000399789545539206,0.0610822671313236,0.0652709359605911,4136,goodH,0.849781367212677,0.821990007873905,0.589004996063047,FALSE,FALSE
snp_2082,0.0413943961783125,-0.00662112110309874,-0.000137067228080409,0.0207015135271065,0.00178569619723939,3.69706201595125e-05,0.0207037570089848,0.0211442786069652,4140,lowH,NA,NA,NA,FALSE,FALSE
snp_2084,0.122865727884538,-0.00811724374928551,-0.000498702336828515,0.0614373982390774,0.00116292674053985,7.14567702775553e-05,0.0614456334922557,0.0657568238213399,4144,goodH,0.869063534860847,0.0414052335399252,0.979297383230037,FALSE,FALSE
snp_2086,0.0228686038289463,-0.0032130637550333,-3.67649418894048e-05,0.0114423318964064,0.00458612296830847,5.24823900029307e-05,0.0114437380693017,0.0115681233933162,4148,lowH,NA,NA,NA,FALSE,FALSE
snp_2088,0.234043756006558,0.00455004125168876,0.000533562414488634,0.117265401558854,0.0122383451348111,0.00143529595711221,0.117278597825257,0.864661654135338,4152,goodH,0.810648381061125,0.486827815886075,0.243413907943038,FALSE,FALSE
snp_2090,0.00747187500000002,0.013258416914525,4.97522701454834e-05,0.00375250457624231,0.0257314606957263,9.65742972262013e-05,0.00375316031873158,0.00375,4156,lowH,NA,NA,NA,FALSE,FALSE
snp_2092,0.280092576812167,-0.00537157523934592,-0.00075249910263507,0.140089092883431,0.00240385098101733,0.000336796462827616,0.140107047186877,0.168407310704961,4160,goodH,0.856951771465273,0.169064676453574,0.915467661773213,FALSE,FALSE
snp_2094,0.0383975621893939,-0.000233938865697951,-4.49691534981667e-06,0.0192226090196694,0.00757946089557709,0.000145715127158345,0.0192249988707476,0.0195822454308094,4164,lowH,NA,NA,NA,FALSE,FALSE
snp_2096,0.161540130455474,0.00593735647193802,0.000480739860762547,0.0809686706591879,0.0144362355155984,0.00116901381147764,0.0809777459099028,0.0886243386243386,4168,goodH,0.730472196824823,0.330634783825972,0.165317391912986,FALSE,FALSE
snp_2098,0.0929150613596263,0.00440142585092711,0.000204890864541694,0.0465510203922978,0.0117933942099051,0.000549065375691699,0.0465570272577292,0.0488431876606684,4172,lowH,NA,NA,NA,FALSE,FALSE
snp_2100,0.03205067807363,0.000560348487802743,8.99175103490081e-06,0.0160467124131263,0.00804999777995601,0.000129188190016795,0.0160482267881447,0.0162907268170426,4176,lowH,NA,NA,NA,FALSE,FALSE
snp_2102,0.0880473372781065,-0.00273367434276112,-0.000120444655287595,0.0440596209298073,0.005190451477907,0.000228714088980711,0.0440643920773029,0.0461538461538462,4180,lowH,NA,NA,NA,FALSE,FALSE
snp_2104,0.25343423086159,-0.00418245002179561,-0.000530286506555766,0.12678848612472,0.00392860854743663,0.00049817913917227,0.126808037287738,0.148883374689826,4184,goodH,0.852938297158161,0.394260809306424,0.802869595346788,FALSE,FALSE
snp_2106,0.00490193119185744,0.0214878297258449,5.29958070940762e-05,0.00246631734196657,0.0361012056696765,8.90544079800329e-05,0.00246679872120822,0.00245700245700246,4188,lowH,NA,NA,NA,FALSE,FALSE
snp_2108,0.029049375486722,0.0157825313262311,0.000230152879159317,0.0145827608006578,0.0229336822400164,0.000334468339887444,0.0145841534031478,0.0147420147420147,4192,lowH,NA,NA,NA,FALSE,FALSE
snp_2110,0.0759546803415243,0.00578715389069795,0.000220274850021236,0.0380627255092174,0.0131563076275037,0.000500816615362789,0.0380666543792131,0.0395408163265306,4196,lowH,NA,NA,NA,FALSE,FALSE
snp_2112,0.049255177682209,-0.00638140516408561,-0.000157204805420446,0.0246348259322556,0.00252130194384579,6.21221201372418e-05,0.0246389054229998,0.0252659574468085,4200,lowH,NA,NA,NA,FALSE,FALSE
snp_2114,0.0261547394396864,-0.00587398709430628,-7.68283451041815e-05,0.0130794201401382,0.00144426180667419,1.88920053506259e-05,0.0130807345754921,0.0132530120481928,4204,lowH,NA,NA,NA,FALSE,FALSE
snp_2116,0.00254129194750363,0.000220317889815229,2.80313489792655e-07,0.00127231379180212,0.00795031802932315,1.01163136226956e-05,0.00127244137723593,0.00127226463104326,4208,lowH,NA,NA,NA,FALSE,FALSE
snp_2118,0.0592040090903794,0.00805968167392816,0.000239215592176493,0.0296805260870685,0.015444959865254,0.000458458457480282,0.0296833699459238,0.0305343511450382,4212,lowH,NA,NA,NA,FALSE,FALSE
snp_2120,0.280506078769201,-0.00238217924754709,-0.000334375993141492,0.140365588981516,0.00507860955377321,0.000712935643321536,0.140380085488528,0.16871921182266,4216,goodH,0.852801777383794,0.583354601791708,0.708322699104146,FALSE,FALSE
snp_2122,0.0647651185035605,0.01113161250884,0.000361627915011247,0.0324865705416951,0.0185485617853951,0.000602640285469527,0.0324898659228684,0.0335051546391753,4220,lowH,NA,NA,NA,FALSE,FALSE
snp_2124,0.0840730032069896,-0.00183121333636282,-7.70570411460319e-05,0.042079772801941,0.00640812677238878,0.000269683041715502,0.0420845359797667,0.0439698492462312,4224,lowH,NA,NA,NA,FALSE,FALSE
snp_2126,0.0271888995672138,-0.0012270626635846,-1.66983084073244e-05,0.0136083583201398,0.00631122449848117,8.58939037885074e-05,0.0136097050277927,0.0137844611528822,4228,lowH,NA,NA,NA,FALSE,FALSE
snp_2128,0.0296962197924293,-0.00265064444839916,-3.93959809741531e-05,0.0148627934606416,0.00620352672008235,9.22119497734795e-05,0.0148644398475736,0.0150753768844221,4232,lowH,NA,NA,NA,FALSE,FALSE
snp_2130,0.0533271070087054,0.000644852882690754,1.72201927374854e-05,0.0267040641357318,0.00922859849496694,0.00024649174637607,0.0267095536240416,0.0274151436031332,4236,lowH,NA,NA,NA,FALSE,FALSE
snp_2132,0.060546875,0.000962602560731529,2.91832913368396e-05,0.0303170722033627,0.0087046887686768,0.00026394993780434,0.0303227312105798,0.03125,4240,lowH,NA,NA,NA,FALSE,FALSE
snp_2134,0.0854709141274239,0.0114828787511854,0.000492346515614017,0.0428765753155055,0.018968134452831,0.000813383445546431,0.0428815731757443,0.955263157894737,4244,lowH,NA,NA,NA,FALSE,FALSE
snp_2136,0.179222829672919,-0.00393591081010177,-0.000352886449194456,0.0896581417162071,0.00349023250419781,0.000312958932019732,0.0896670727933819,0.0995145631067961,4248,goodH,0.852938297158161,0.324911042723197,0.837544478638401,FALSE,FALSE
snp_2138,0.129600752456622,-0.00237033855638332,-0.000153726537960985,0.0648542536453283,0.00525290992641547,0.000340709424454582,0.0648610825670636,0.0696517412935323,4252,goodH,0.852801777383794,0.612236995715492,0.693881502142254,FALSE,FALSE
snp_2140,0.183536970079351,-0.00203591045336781,-0.000187006570053292,0.0918540251826623,0.00585491011530359,0.000537860007382033,0.0918647761946289,0.102216748768473,4256,goodH,0.852801777383794,0.711238629412798,0.644380685293601,FALSE,FALSE
snp_2142,0.022246875,0.00107664653111342,1.19931400106096e-05,0.0111393476540595,0.00860202436805581,9.58321543950209e-05,0.0111406513507332,0.01125,4260,lowH,NA,NA,NA,FALSE,FALSE
snp_2144,0.0649086656270885,0.00111596672811294,3.62687072146018e-05,0.0324998105238593,0.00842052435913517,0.000273694988880685,0.0325033189392489,0.0335820895522388,4264,lowH,NA,NA,NA,FALSE,FALSE
snp_2146,0.0794652205428334,0.0132501029963782,0.000528336142168779,0.0398741158701329,0.0205939879203834,0.000821238442810788,0.0398775820392682,0.0414507772020725,4268,lowH,NA,NA,NA,FALSE,FALSE
snp_2148,0.113995192760863,-0.00142773409740509,-8.14536157772506e-05,0.0570509704330049,0.00583040811190952,0.000332666957463711,0.0570572335724127,0.939320388349515,4272,goodH,0.852801777383794,0.707243529466342,0.646378235266829,FALSE,FALSE
snp_2150,0.078571635941356,0.0113462308138727,0.000447154581673431,0.0394099669757035,0.0182182778263724,0.000718049154417232,0.0394136680349555,0.0409638554216867,4276,lowH,NA,NA,NA,FALSE,FALSE
snp_2152,0.00241254171625949,0.010917061707188,1.32102352424551e-05,0.0012100540966767,0.018114961837503,2.19222229294317e-05,0.00121017218397042,0.00120772946859903,4280,lowH,NA,NA,NA,FALSE,FALSE
snp_2154,0.0215028355387525,0.00967571328475441,0.000104329830621944,0.0107826500797964,0.0168186648848532,0.000181367340493133,0.0107836942905302,0.0108695652173913,4284,lowH,NA,NA,NA,FALSE,FALSE
snp_2156,0.413019873235524,0.00554902990952207,0.00114850585125336,0.206974168454659,0.0131510942336819,0.00272225026358511,0.206998004516842,0.291457286432161,4288,goodH,0.797483515033524,0.415524050880802,0.207762025440401,FALSE,FALSE
snp_2158,0.0794771596676853,-0.00240597760270749,-9.56921521895232e-05,0.0397726695717529,0.00544313961915164,0.000216513932474376,0.0397773982707651,0.958542713567839,4292,lowH,NA,NA,NA,FALSE,FALSE
snp_2160,0.0223573899648999,0.00185354702597594,2.07528514814833e-05,0.0111962907822942,0.00940235022131483,0.000105283485018278,0.0111975710902156,0.0113065326633166,4296,lowH,NA,NA,NA,FALSE,FALSE
snp_2162,0.0294774286229562,-0.00543437625558444,-8.01173324824804e-05,0.0147426914726692,0.00212717057474973,3.13636930884085e-05,0.0147443244376857,0.0149625935162095,4300,lowH,NA,NA,NA,FALSE,FALSE
snp_2164,0.146864758303742,-0.00407743950437876,-0.000299592738842417,0.0734757041816768,0.00395371803192145,0.000290536393116875,0.0734843483453164,0.0798004987531172,4304,goodH,0.852938297158161,0.398303375197382,0.800848312401309,FALSE,FALSE
snp_2166,0.0529727477698265,-0.00255454629840731,-6.77117887059135e-05,0.0265063853992899,0.00480874211229027,0.00012747539587986,0.0265090938343431,0.0272277227722772,4308,lowH,NA,NA,NA,FALSE,FALSE
snp_2168,0.0514976936596261,0.00452151320433013,0.000116659340320874,0.0258009509314608,0.011916092633116,0.000307476347282968,0.0258034539298948,0.026448362720403,4312,lowH,NA,NA,NA,FALSE,FALSE
snp_2170,0.0291198524594141,-0.00482862511482742,-7.03295549228699e-05,0.014565130497894,0.00264096299388537,3.84704917274629e-05,0.0145668424042797,0.0147783251231527,4315,lowH,NA,NA,NA,FALSE,FALSE
snp_2172,0.0438803241273376,0.00509735582160156,0.00011207501980568,0.0219868935440467,0.0124626770486003,0.00027404768293171,0.0219894715929022,0.0224438902743142,4319,lowH,NA,NA,NA,FALSE,FALSE
snp_2174,0.161382702843888,-0.00213234935898156,-0.000172210960069715,0.0807611376364544,0.00547476345129765,0.000442201664191143,0.0807709169765738,0.0885286783042394,4323,goodH,0.852801777383794,0.648895415059805,0.675552292470097,FALSE,FALSE
snp_2176,0.00727263040119364,0.0423690265788097,0.000155537470223233,0.00367101825985833,0.0540760388464794,0.000198544748270803,0.00367158454106572,0.00364963503649635,4327,lowH,NA,NA,NA,FALSE,FALSE
snp_2178,0.0986465768249631,-0.000472552095148947,-2.33354425353794e-05,0.0493817354212009,0.00723000921678504,0.000357065722689601,0.0493866206782482,0.0520304568527919,4331,lowH,NA,NA,NA,FALSE,FALSE
snp_2180,0.0494730603725939,0.00704693377117772,0.000174748532894031,0.0247978111570681,0.014468805785678,0.000358828918241347,0.0248001751876811,0.0253807106598985,4335,lowH,NA,NA,NA,FALSE,FALSE
snp_2182,0.0546830541401484,-0.00643012184502412,-0.000175848475896699,0.0273476117770268,0.00196965003932034,5.38723093485479e-05,0.0273512087290072,0.0281329923273657,4339,lowH,NA,NA,NA,FALSE,FALSE
snp_2184,0.178331163194444,0.00436769565031316,0.000390296583931377,0.089359839874235,0.012792925694196,0.00114335222982524,0.0893737880728846,0.0989583333333333,4343,goodH,0.80407526067032,0.442349390585709,0.221174695292855,FALSE,FALSE
snp_2186,0.114905463324653,0.0163111212938861,0.000941026542816009,0.0576923269627537,0.0235257357466795,0.00135743748295965,0.0577001075577941,0.0611979166666667,4347,goodH,0.530595716350412,0.0576614420919908,0.0288307210459954,FALSE,FALSE
snp_2188,0.061163434903047,-0.00481299621261389,-0.000147268513413888,0.0305980945981065,0.00371507671836416,0.00011368926489566,0.0306021311306109,0.0315789473684211,4351,lowH,NA,NA,NA,FALSE,FALSE
snp_2190,0.0534627614374605,0.00659532239325033,0.00017673245431112,0.0267966361268386,0.0142500371522903,0.000381894588637654,0.0267995503840687,0.0274869109947644,4355,lowH,NA,NA,NA,FALSE,FALSE
snp_2192,0.065064893875038,0.0131765513549491,0.000430178597796016,0.032647282753119,0.020320532417021,0.000663473311230264,0.0326503901381305,0.0336658354114713,4359,lowH,NA,NA,NA,FALSE,FALSE
snp_2194,0.0105537926812966,0.0056120341538738,2.9702331237772e-05,0.00529261412589043,0.0176046123020666,9.31891107193116e-05,0.00529344862132365,0.00530503978779841,4363,lowH,NA,NA,NA,FALSE,FALSE
snp_2196,0.0788786751343171,0.0139873905082652,0.000553705021706133,0.0395860129435112,0.0212899181650257,0.000842875289059091,0.0395903489400789,0.0411311053984576,4367,lowH,NA,NA,NA,FALSE,FALSE
snp_2198,0.145995905311975,-0.0072905613862738,-0.00053225714225528,0.073006331619041,0.00129326050741012,9.44270890147825e-05,0.0730147472019244,0.0792838874680307,4371,goodH,0.867587336536095,0.0512826661914648,0.974358666904268,FALSE,FALSE
snp_2200,0.143504659516868,0.00243064202618415,0.000174698973169024,0.0718735919510461,0.0100605590996286,0.000723163381768403,0.0718810331122749,0.0778061224489796,4375,goodH,0.843330227695123,0.699298861212711,0.349649430606355,FALSE,FALSE
snp_2202,0.281728316326531,-0.00371261496669101,-0.000523334369019752,0.14096112139692,0.00448987564524593,0.000632968342443892,0.140976809260654,0.169642857142857,4379,goodH,0.852801777383794,0.485846574841514,0.757076712579243,FALSE,FALSE
snp_2204,0.13265306122449,0.00101310183526445,6.72933518470859e-05,0.0664230874969451,0.00875784162747758,0.000581784723985359,0.0664301489718676,0.0714285714285714,4383,goodH,0.849781367212677,0.857449474440532,0.428724737220266,FALSE,FALSE
snp_2206,0.00246002086922759,0.011406079550363,1.407516349518e-05,0.00123400537695988,0.0187403217684374,2.31279863397255e-05,0.00123412962837585,0.00123152709359606,4387,lowH,NA,NA,NA,FALSE,FALSE
snp_2208,0.0529727477698265,0.00514146953433086,0.000136466466880776,0.0265423077914895,0.0123952520149419,0.000329030626684259,0.0265448920512167,0.0272277227722772,4391,lowH,NA,NA,NA,FALSE,FALSE
snp_2210,0.244897959183674,0.000116209035488945,1.42470924367394e-05,0.12259883559652,0.007427387456306,0.000910682214739184,0.122611378509141,0.857142857142857,4395,goodH,0.849781367212677,0.956981457347297,0.521509271326352,FALSE,FALSE
snp_2212,0.0277372596987198,-0.00301575316629747,-4.18549669940219e-05,0.0138787774350274,0.00470768507509159,6.53440230697644e-05,0.0138802876631447,0.0140664961636829,4399,lowH,NA,NA,NA,FALSE,FALSE
snp_2214,0.0326133642232402,0.00870030369879429,0.000142324874895714,0.0163586099776538,0.0186244198176627,0.000304707391869522,0.0163606380683359,0.0165816326530612,4403,lowH,NA,NA,NA,FALSE,FALSE
snp_2216,0.0370695835897696,0.00631682862252793,0.000117357770766847,0.0185785902673233,0.0137656432815805,0.000255776056626604,0.0185807558277245,0.0188916876574307,4407,lowH,NA,NA,NA,FALSE,FALSE
snp_2218,0.0242681815163388,0.0120874378889527,0.00014716293734791,0.0121748660634202,0.0193169762700071,0.000235206397970408,0.0121761498633513,0.0122850122850123,4411,lowH,NA,NA,NA,FALSE,FALSE
snp_2220,0.063625346260388,-0.00206294014989735,-6.57016617003213e-05,0.0318485544544715,0.00704111972392554,0.000224279167254061,0.0318527700206498,0.0328947368421053,4415,lowH,NA,NA,NA,FALSE,FALSE
snp_2222,0.265927977839335,-0.000697022650100791,-9.27910302740513e-05,0.133124842156325,0.00741749804110344,0.000987569752416181,0.133140547788978,0.157894736842105,4419,goodH,0.849781367212677,0.955516956379024,0.522241521810488,FALSE,FALSE
snp_2224,0.326064544254878,0.0964214310930711,0.0160143643666764,0.166087188139932,0.103978344524744,0.0172712256316555,0.166104064366456,0.205097087378641,4423,goodH,1.93788857183463e-07,8.15953082877741e-10,4.0797654143887e-10,TRUE,TRUE
snp_2226,0.0168459562635499,0.00312269067587237,2.63485482385239e-05,0.00843777081159761,0.0104060466872831,8.78124250354608e-05,0.00843859610420292,0.00849514563106796,4427,lowH,NA,NA,NA,FALSE,FALSE
snp_2228,0.1472,0.000755337503796198,5.56733069342771e-05,0.0737065307289423,0.00872758704344662,0.000643349224494343,0.0737144437851722,0.08,4431,goodH,0.849781367212677,0.861404882772306,0.430702441386153,FALSE,FALSE
snp_2230,0.100472106325943,-0.00559997622102242,-0.000281493924831747,0.0502669857373703,0.00425046190051373,0.00021368898542132,0.0502742973406002,0.0530503978779841,4435,goodH,0.852801777383794,0.446508966032734,0.776745516983633,FALSE,FALSE
snp_2232,0.08843223346587,-0.00105692155028289,-4.6783385240084e-05,0.04426381998509,0.00666281669637954,0.000294956276184813,0.044269006581719,0.0463659147869674,4439,lowH,NA,NA,NA,FALSE,FALSE
snp_2234,0.0410943453741808,-0.00227256583580095,-4.67396285976355e-05,0.0205668974959145,0.00601642188211349,0.000123752846392258,0.0205691769654932,0.0209876543209877,4443,lowH,NA,NA,NA,FALSE,FALSE
snp_2236,0.165655560678492,0.0180339952834066,0.00150015856229004,0.083185036854832,0.024543466829254,0.00204184347418061,0.0831929526657942,0.0911330049261084,4447,goodH,0.530595716350412,0.0469392306422651,0.0234696153211326,FALSE,FALSE
snp_2238,0.0403150631122888,2.8921633945396e-05,5.83769349586189e-07,0.0201845217558712,0.00813046463321959,0.000164127640098107,0.0201867479292034,0.0205811138014528,4451,lowH,NA,NA,NA,FALSE,FALSE
snp_2240,0.0502659237302971,0.0030546073017329,7.69051189932053e-05,0.0251767613301966,0.0103111961065025,0.000259632071433658,0.0251796269561711,0.0257985257985258,4455,lowH,NA,NA,NA,FALSE,FALSE
snp_2242,0.0338064220128103,0.0166985860940362,0.000283493243139364,0.0169770806667644,0.0249199470755096,0.000423122671321281,0.0169792764823771,0.0171990171990172,4459,lowH,NA,NA,NA,FALSE,FALSE
snp_2244,0.0549143067570586,0.00737586484283481,0.000203026053346309,0.027525728531148,0.0145394233137234,0.000400247496918299,0.0275284299990437,0.0282555282555283,4463,lowH,NA,NA,NA,FALSE,FALSE
snp_2246,0.0315070736974934,-0.00727823088021557,-0.000114672305726748,0.0157555191108958,0.00137293509807658,2.16338736953261e-05,0.0157573899346256,0.0160098522167488,4466,lowH,NA,NA,NA,FALSE,FALSE
snp_2248,0.165655560678492,0.00172492882622279,0.000143158127157864,0.0829936429732863,0.01201213421015,0.000997071561351171,0.0830053630693426,0.0911330049261084,4470,goodH,0.810680365824651,0.506035217825281,0.253017608912641,FALSE,FALSE
snp_2252,0.0606998479776943,-0.00282720153952413,-8.58709627416679e-05,0.0303731310064728,0.00492196806868431,0.000149513482643915,0.0303767681052594,0.031331592689295,4477,lowH,NA,NA,NA,FALSE,FALSE
snp_2254,0.0676707707876538,-2.61554099802888e-05,-8.86084743314926e-07,0.0338776851130491,0.00759595520025499,0.00025735997631532,0.0338811867014014,0.0350649350649351,4481,lowH,NA,NA,NA,FALSE,FALSE
snp_2256,0.031971875,-0.000274347186561868,-4.39088837755144e-06,0.0160048602377822,0.00722906482137739,0.000115713477928484,0.0160067008371958,0.01625,4485,lowH,NA,NA,NA,FALSE,FALSE
snp_2258,0.05695805261805,0.0124797729515162,0.000356619772199927,0.0285758221391841,0.0195340505836125,0.000558257637080891,0.0285786931231366,0.0293398533007335,4489,lowH,NA,NA,NA,FALSE,FALSE
snp_2260,0.0255059458232343,-0.00107065261967936,-1.36760711324579e-05,0.0127735839627924,0.00987491144860997,0.000126154511806047,0.0127752549946972,0.0129198966408269,4493,lowH,NA,NA,NA,FALSE,FALSE
snp_2262,0.0820408163265305,0.00998249743011876,0.000410710975134413,0.0411431085266533,0.0173818090341414,0.000715205192400132,0.0411467638952497,0.0428571428571429,4497,lowH,NA,NA,NA,FALSE,FALSE
snp_2264,0.0304495695610585,0.000459037245776491,6.99819490774631e-06,0.0152453749061439,0.00817453106004746,0.000124636540652944,0.0152469346238218,0.0154639175257732,4501,lowH,NA,NA,NA,FALSE,FALSE
snp_2266,0.0822975085874349,0.013279927902778,0.000548378139377856,0.0412937587758396,0.0202454295465201,0.000836090430354259,0.0412977372711744,0.042997542997543,4505,lowH,NA,NA,NA,FALSE,FALSE
snp_2268,0.217324146771351,-0.00191314967034425,-0.000208061653863138,0.108753464032796,0.00527072496913833,0.000573265939523983,0.108764153485645,0.124050632911392,4509,goodH,0.852801777383794,0.615185832207814,0.692407083896093,FALSE,FALSE
snp_2270,0.056532606954014,0.00900530111874684,0.000255322406211499,0.0283524562748912,0.0177331203243544,0.000502837568097951,0.0283558425646817,0.0291139240506329,4513,lowH,NA,NA,NA,FALSE,FALSE
snp_2272,0.118291500867258,-0.00367696217939543,-0.000217593038954348,0.0591773938208212,0.00354225085434121,0.000209640930546138,0.0591829712707139,0.0631313131313131,4517,goodH,0.852938297158161,0.333001058595981,0.833499470702009,FALSE,FALSE
snp_2274,0.0220290902852662,0.00760892379316748,8.40254927120531e-05,0.0110430193541306,0.0149744056776711,0.000165382297375522,0.0110443313033872,0.0111386138613861,4521,lowH,NA,NA,NA,FALSE,FALSE
snp_2276,0.0757116163944769,0.0196476659159212,0.000747257346934776,0.0380328813678191,0.0265791519934756,0.00101098559801656,0.0380367890692948,0.0394088669950739,4525,lowH,NA,NA,NA,FALSE,FALSE
snp_2278,0.0291198524594141,-0.00320898589375465,-4.67528616153678e-05,0.0145693571624477,0.0042314032778577,6.16556225774671e-05,0.0145709634673919,0.0147783251231527,4529,lowH,NA,NA,NA,FALSE,FALSE
snp_2280,0.300800779335359,0.0990405824010153,0.0151867225548737,0.153338380961681,0.106603466655647,0.0163485222196235,0.153358260594216,0.184405940594059,4533,goodH,1.39745455947823e-07,4.41301439835229e-10,2.20650719917614e-10,TRUE,TRUE
snp_2282,0.375,0.0596639911465009,0.0113236309514646,0.189790034723962,0.0678818672011303,0.012884948320058,0.189814288429642,0.25,4537,goodH,0.000413354701768454,3.48088169910277e-06,1.74044084955138e-06,TRUE,TRUE
snp_2284,0.169408733802673,0.0294709502759868,0.00251314935093198,0.0852754772885525,0.0380222779225917,0.0032427988598048,0.0852868117582725,0.0934343434343434,4541,goodH,0.108821598475402,0.00274917722464174,0.00137458861232087,FALSE,FALSE
snp_2286,0.346455468913577,0.0567200008311303,0.00993997168672177,0.175246324772025,0.0648482710367018,0.011365849492914,0.175268350431136,0.222921914357683,4545,goodH,0.000600336072964503,6.95125979222055e-06,3.47562989611028e-06,TRUE,TRUE
snp_2288,0.362748954691674,0.0636472671602211,0.0116935845678918,0.183724849308222,0.0719608329812227,0.0132226929299119,0.183748469578753,0.238035264483627,4549,goodH,0.000185766507942997,1.36880584800103e-06,6.84402924000516e-07,TRUE,TRUE
snp_2290,0.0263426100480726,0.00760023610847011,0.000100359613031387,0.0132048020086561,0.0147899433054694,0.000195317825693678,0.0132061240303368,0.0133495145631068,4553,lowH,NA,NA,NA,FALSE,FALSE
snp_2292,0.0173899661434287,0.00739182155614273,6.44600385617916e-05,0.00872045382483892,0.0170727900098347,0.000148906227335897,0.00872184495036375,0.0087719298245614,4557,lowH,NA,NA,NA,FALSE,FALSE
snp_2294,0.136308231913981,0.0118177417548416,0.000808051314688719,0.0683761188433206,0.0186596552716773,0.00127601170433926,0.0683834554154956,0.0735660847880299,4561,goodH,0.594363155795028,0.150399684140893,0.0751998420704466,FALSE,FALSE
snp_2296,0.0638125177149631,0.000532790967797691,1.70218663649288e-05,0.0319484889830044,0.00800475411000744,0.000255769512415088,0.0319522010170591,0.032994923857868,4565,lowH,NA,NA,NA,FALSE,FALSE
snp_2298,0.0233430466860933,0.00752923012129628,8.81362254085387e-05,0.0117058748356286,0.0171369826977552,0.000200635528077468,0.011707751102751,0.0118110236220472,4569,lowH,NA,NA,NA,FALSE,FALSE
snp_2300,0.0843425605536332,0.0135604165598013,0.00057391364705614,0.0423227151264261,0.0205091909757853,0.000868099551477727,0.0423273425315836,0.0441176470588235,4573,lowH,NA,NA,NA,FALSE,FALSE
snp_2302,0.484378755811431,0.00989293861950651,0.00240290184189387,0.242890604532401,0.0166989138724329,0.00405641155886322,0.242914694323903,0.411622276029056,4577,goodH,0.643540974224351,0.218154647854599,0.1090773239273,FALSE,FALSE
snp_2304,0.0318934583740151,-0.00435941545436635,-6.95498113398526e-05,0.0159539305367632,0.00319123593867226,5.09190878357287e-05,0.0159559145153379,0.0162094763092269,4581,lowH,NA,NA,NA,FALSE,FALSE
snp_2306,0.0485136506522115,0.00776972179757073,0.00018895529054374,0.0243194409615565,0.0150383989206653,0.000365759847888586,0.0243217279856814,0.0248756218905473,4585,lowH,NA,NA,NA,FALSE,FALSE
snp_2308,0.49441691465618,-0.00182521787919724,-0.000451637030003513,0.247442804035072,0.00592655278582113,0.00146664771097588,0.24747062313943,0.552835051546392,4589,goodH,0.852801777383794,0.722898792255726,0.638550603872137,FALSE,FALSE
snp_2310,0.0356116942736717,-0.00501124596503427,-8.92982657019993e-05,0.0178195734803428,0.00509726316657148,9.08434895752364e-05,0.0178220128344559,0.0181347150259067,4593,lowH,NA,NA,NA,FALSE,FALSE
snp_2312,0.038202057682577,-0.00657355045655603,-0.0001256212035056,0.0191100995323332,0.00342171823379702,6.53981326217015e-05,0.0191126586566219,0.0194805194805195,4597,lowH,NA,NA,NA,FALSE,FALSE
snp_2314,0.00760445195501425,-0.0020450209883576,-7.78932524578689e-06,0.00380892190844587,0.0108987332647736,4.15206141148566e-05,0.00380967339104056,0.00381679389312977,4601,lowH,NA,NA,NA,FALSE,FALSE
snp_2316,0.0302958579881656,-7.7654740035548e-05,-1.17803650673452e-06,0.015170181578037,0.00894802766894467,0.000135762481371046,0.0151723358927719,0.0153846153846154,4605,lowH,NA,NA,NA,FALSE,FALSE
snp_2318,0.0276675083298625,0.000797592408034879,1.10491734789488e-05,0.0138531577879132,0.00846156846251734,0.000117233766091487,0.0138548505056484,0.014030612244898,4609,lowH,NA,NA,NA,FALSE,FALSE
snp_2320,0.287403579187904,-0.000200192667461055,-2.88024434879561e-05,0.143873618615723,0.00728537328180272,0.00104828425466931,0.143888887243114,0.173965936739659,4613,goodH,0.849781367212677,0.935838910065218,0.532080544967391,FALSE,FALSE
snp_2322,0.120987104279597,0.00950533265171953,0.000576681550051047,0.0606692654724424,0.0167498879693158,0.00101631779199169,0.0606760949000665,0.0646766169154229,4617,goodH,0.643540974224351,0.216082842485808,0.108041421242904,FALSE,FALSE
snp_2324,0.18950441850486,0.0139204048382296,0.00132395580430405,0.0951090014758819,0.0216224670518999,0.00205671742210062,0.0951194614917866,0.105985037406484,4621,goodH,0.530595716350412,0.0843396609088956,0.0421698304544478,FALSE,FALSE
snp_2326,0.0285283933518006,-0.00521845044114579,-7.44835829863621e-05,0.0142731226110884,0.00422994213420701,6.03821596281736e-05,0.0142749375079793,0.0144736842105263,4625,lowH,NA,NA,NA,FALSE,FALSE
snp_2328,0.0513780884287913,0.00255411349567743,6.57267197847196e-05,0.0257336723273868,0.0103353081120678,0.000265994047152068,0.0257364409718455,0.0263852242744063,4629,lowH,NA,NA,NA,FALSE,FALSE
snp_2330,0.381865085723442,-0.00332136388213579,-0.000634790485423067,0.19112343842761,0.00637528697358403,0.00121863896764064,0.191150449021363,0.256962025316456,4633,goodH,0.849781367212677,0.795099471962658,0.602450264018671,FALSE,FALSE
snp_2332,0.0722434909039744,0.00954104985884926,0.000345621898024447,0.0362247240227851,0.0164981130263623,0.000597696434662849,0.0362281694705201,0.0375302663438257,4637,lowH,NA,NA,NA,FALSE,FALSE
snp_2334,0.00258064085358134,0.000228622863151328,2.95390532670368e-07,0.00129204283683057,0.00812262160611646,1.04963122956135e-05,0.00129223209015542,0.00129198966408269,4641,lowH,NA,NA,NA,FALSE,FALSE
snp_2336,0.0330275290614213,0.00405006757297495,6.70158744515249e-05,0.0165468534151638,0.0117640164103916,0.000194685319323666,0.0165492220115991,0.0167958656330749,4645,lowH,NA,NA,NA,FALSE,FALSE
snp_2338,0.0301436901291128,0.000494197396906095,7.45848961946329e-06,0.0150921264785223,0.00812884301306682,0.000122693606613258,0.0150936125123874,0.0153061224489796,4649,lowH,NA,NA,NA,FALSE,FALSE
snp_2340,0.1678875,-0.00481357247449879,-0.000404239377850796,0.0839790779078044,0.00300955666680434,0.000252769918057189,0.0839890874444275,0.0925,4653,goodH,0.856150345910198,0.252470153548473,0.873764923225763,FALSE,FALSE
snp_2342,0.0343875,-0.000645480776080046,-1.11106233564483e-05,0.0172129423031345,0.00685258716146897,0.000117966662998533,0.0172149087955921,0.0175,4657,lowH,NA,NA,NA,FALSE,FALSE
snp_2344,0.201359548849261,-0.00397299267868028,-0.000400199640821163,0.10073002222448,0.00337845481824043,0.000340347292590606,0.100740519231767,0.11358024691358,4661,goodH,0.852938297158161,0.307676418171545,0.846161790914227,FALSE,FALSE
snp_2346,0.0916598079561042,-0.00395326880605545,-0.000181300595708792,0.0458609329654192,0.00445842220105389,0.000204491782482556,0.0458664014444882,0.0481481481481481,4665,lowH,NA,NA,NA,FALSE,FALSE
snp_2348,0.0281632653061223,-5.76206162901053e-05,-8.12620131526543e-07,0.0141029406460216,0.0092061330659319,0.000129851436255056,0.0141048837036239,0.0142857142857143,4669,lowH,NA,NA,NA,FALSE,FALSE
snp_2350,0.0562563051602383,0.00311779471027462,8.78838919305948e-05,0.0281878379102304,0.0126005760989692,0.000355239241810772,0.0281923016075299,0.0289672544080605,4673,lowH,NA,NA,NA,FALSE,FALSE
snp_2352,0.280986720810287,0.0113902716231337,0.00160555171169621,0.140958158402063,0.0191152921639293,0.00269473858870345,0.140972921867679,0.830917874396135,4677,goodH,0.576544966310605,0.137763902476323,0.0688819512381615,FALSE,FALSE
snp_2354,0.0555102040816327,0.00500082982853056,0.000139115182221265,0.0278184195406109,0.0133721073957149,0.000372043818629001,0.0278223774023998,0.0285714285714286,4681,lowH,NA,NA,NA,FALSE,FALSE
snp_2356,0.038202057682577,0.004306843286131,8.24335669185565e-05,0.0191401361605171,0.0120229164221335,0.000230150434476967,0.0191426461264651,0.0194805194805195,4685,lowH,NA,NA,NA,FALSE,FALSE
snp_2358,0.158883454208129,-0.000323764001622517,-2.57502749451745e-05,0.0795340890776279,0.00712084509469952,0.000566421578209139,0.0795441511051492,0.087012987012987,4689,goodH,0.849781367212677,0.91104969625591,0.544475151872045,FALSE,FALSE
snp_2360,0.0234037396121882,-0.00279789504411153,-3.27670251567937e-05,0.0117113131980256,0.00517461937689939,6.06090059696393e-05,0.011712746688232,0.0118421052631579,4693,lowH,NA,NA,NA,FALSE,FALSE
snp_2362,0.0481633897271758,0.000440004021923825,1.06096469535514e-05,0.02411261357831,0.00776377997090047,0.000187224021191254,0.0241150601759698,0.0246913580246914,4697,lowH,NA,NA,NA,FALSE,FALSE
snp_2364,0.0228106508875738,0.000520679775849881,5.94833382693967e-06,0.0114241691397183,0.0100068828483863,0.000114337916096241,0.0114259273170844,0.0115384615384615,4701,lowH,NA,NA,NA,FALSE,FALSE
snp_2366,0.0376273048972731,-0.0023294052367689,-4.38692057781964e-05,0.0188327926312414,0.00641378257869423,0.000120805842390173,0.0188353504204328,0.0191815856777494,4705,lowH,NA,NA,NA,FALSE,FALSE
snp_2368,0.078492422210739,0.0110027453199107,0.000433192105913176,0.0393712744699512,0.0183161310243717,0.000721211361081283,0.0393757480835678,0.040920716112532,4709,lowH,NA,NA,NA,FALSE,FALSE
snp_2370,0.0677526396942001,0.0121735795008541,0.000413765345489302,0.0339887988952035,0.0191146220867787,0.000649744889829634,0.0339920343117352,0.0351089588377724,4713,lowH,NA,NA,NA,FALSE,FALSE
snp_2372,0.0262796873992344,-0.000252440573112181,-3.3208532379007e-06,0.0131549900911727,0.00702466714626654,9.24186475910186e-05,0.0131563027353029,0.013317191283293,4717,lowH,NA,NA,NA,FALSE,FALSE
snp_2374,0.0366172867008243,0.0010999550955919,2.01672354036452e-05,0.018334598825412,0.00852056766704013,0.000156237805660664,0.0183365488974443,0.0186567164179104,4721,lowH,NA,NA,NA,FALSE,FALSE
snp_2376,0.00754706152433426,0.0531780952530553,0.000203010480272285,0.00381755832558936,0.0651950080640927,0.000248932803393021,0.00381828012274034,0.00378787878787879,4725,lowH,NA,NA,NA,FALSE,FALSE
snp_2378,0.0298438934802572,-0.00377464416274393,-5.63574402930574e-05,0.0149305306310222,0.00386581140117671,5.77255474481787e-05,0.0149323237627702,0.0151515151515152,4729,lowH,NA,NA,NA,FALSE,FALSE
snp_2380,0.13875,-0.00592755968761649,-0.000411343007648269,0.0693950005273878,0.00224839973460032,0.0001560452227214,0.069402793604732,0.075,4733,goodH,0.856951771465273,0.149487210297615,0.925256394851193,FALSE,FALSE
snp_2382,0.00250312498037064,0.0105793833456563,1.32819961105382e-05,0.00125546033039738,0.0180466519817616,2.26590158007228e-05,0.00125558002800866,0.0012531328320802,4737,lowH,NA,NA,NA,FALSE,FALSE
snp_2384,0.0228106508875738,-0.00499970243054112,-5.7044970038325e-05,0.0114096730417116,0.00280613868734291,3.2021088346414e-05,0.0114110854502114,0.0115384615384615,4741,lowH,NA,NA,NA,FALSE,FALSE
snp_2386,0.0403150631122888,0.00987869642251238,0.000199716351250473,0.0202168730274313,0.0169731989144022,0.000343181648434181,0.0202190317903469,0.0205811138014528,4744,lowH,NA,NA,NA,FALSE,FALSE
snp_2388,0.0446417068205829,0.00477666100394595,0.000106872374362847,0.0223738662372233,0.0140120776677905,0.000313544407142528,0.0223767248923599,0.0228426395939086,4748,lowH,NA,NA,NA,FALSE,FALSE
snp_2390,0.0667581484834765,0.0217986881009451,0.00073138179427982,0.0335516426902824,0.0292981781735382,0.000983115273164038,0.0335555087193775,0.0345744680851064,4752,lowH,NA,NA,NA,FALSE,FALSE
snp_2392,0.0262796873992344,-0.00177379262616603,-2.33331987543895e-05,0.0131544118575029,0.00687761456228367,9.04814094424304e-05,0.013155929083119,0.013317191283293,4756,lowH,NA,NA,NA,FALSE,FALSE
snp_2394,0.0682302201070792,0.0257862575568317,0.000884764736408839,0.0343114829462499,0.0325950824532344,0.00111849424070453,0.0343148155035128,0.0353658536585366,4760,lowH,NA,NA,NA,FALSE,FALSE
snp_2396,0.129653098678272,-0.0031337583530756,-0.000203296764504751,0.0648731464266309,0.00464299870525851,0.000301239288981541,0.0648803301711816,0.0696821515892421,4764,goodH,0.852801777383794,0.511142387981919,0.74442880600904,FALSE,FALSE
snp_2398,0.0335633551457466,-0.00510831858730302,-8.57517444837687e-05,0.0167866868556141,0.00226468256526421,3.80205577108698e-05,0.0167884710616978,0.0170731707317073,4768,lowH,NA,NA,NA,FALSE,FALSE
snp_2400,0.0426397107166339,0.000793985816830329,1.69513017922515e-05,0.0213496279567345,0.00841550609354722,0.000179686378623536,0.0213518208680657,0.0217948717948718,4772,lowH,NA,NA,NA,FALSE,FALSE
snp_2402,0.0376273048972731,-0.00481148083975751,-9.05587398757093e-05,0.0188213863655899,0.00289117112954021,5.44214711256698e-05,0.0188233309919378,0.0191815856777494,4776,lowH,NA,NA,NA,FALSE,FALSE
snp_2404,0.022246875,-0.00106306832578962,-1.18374109797602e-05,0.0111351365595129,0.00647649608007509,7.21239983757421e-05,0.011136268359311,0.98875,4780,lowH,NA,NA,NA,FALSE,FALSE
snp_2406,0.0221920261689916,-0.00592112981135396,-6.57319790125165e-05,0.0111012561971658,0.00337768127638806,3.75013837869144e-05,0.0111027005564648,0.0112219451371571,4784,lowH,NA,NA,NA,FALSE,FALSE
snp_2408,0.098498903693709,0.00561567814397449,0.00027718379184779,0.0493589170784658,0.0130143242346488,0.000642439790802822,0.0493640529634584,0.051948051948052,4788,lowH,NA,NA,NA,FALSE,FALSE
snp_2410,0.0810355029585799,0.0116925651773028,0.000475314990060783,0.0406510447325493,0.0189872827100382,0.000771928237120875,0.0406550136167072,0.0423076923076923,4792,lowH,NA,NA,NA,FALSE,FALSE
snp_2412,0.0940857790718648,-0.00146138422884946,-6.8812512761974e-05,0.0470872145761075,0.00592496786565547,0.000279029191055237,0.0470937897693338,0.049492385786802,4796,lowH,NA,NA,NA,FALSE,FALSE
snp_2414,0.100917312994409,0.0239335025715845,0.00121428366417175,0.0507357274824216,0.0309097185877311,0.00156840705945258,0.0507415509138645,0.0532994923857868,4800,goodH,0.361767894174072,0.0125666742186783,0.00628333710933915,FALSE,FALSE
snp_2416,0.2947998046875,0.00335162453530121,0.000494986716936246,0.147685610879968,0.0114720326100393,0.0016944675838417,0.147704216108909,0.8203125,4804,goodH,0.821364305356277,0.554488360693548,0.277244180346774,FALSE,FALSE
snp_2418,0.0410076478166717,-0.00272376466771665,-5.58922896520631e-05,0.0205202344807997,0.00513281172477544,0.000105339412447772,0.0205227501214026,0.0209424083769634,4808,lowH,NA,NA,NA,FALSE,FALSE
snp_2420,0.092167840793838,0.00377426148593497,0.000174266308563283,0.0461722933645952,0.0113026017976733,0.000521929390577931,0.0461778093151412,0.0484293193717278,4812,lowH,NA,NA,NA,FALSE,FALSE
snp_2422,0.0513780884287913,0.0173687404449099,0.000448146773107997,0.0258019154888881,0.0249510548300528,0.000643864676736111,0.025805108486259,0.973614775725594,4816,lowH,NA,NA,NA,FALSE,FALSE
snp_2424,0.0487500000000001,5.81827681655219e-05,1.41995129800923e-06,0.0244050144532428,0.00749174798880436,0.000182857823810771,0.0244078984082264,0.025,4820,lowH,NA,NA,NA,FALSE,FALSE
snp_2426,0.0246875,0.00103580158401975,1.28038283286413e-05,0.0123612750995728,0.00853714297078701,0.000105540728181808,0.0123625349303573,0.0125,4824,lowH,NA,NA,NA,FALSE,FALSE
snp_2428,0.234001355085556,0.002458273658828,0.00028811501799728,0.117202174364363,0.0102530034956307,0.0012018019452984,0.117214623579379,0.135309278350515,4828,goodH,0.843330227695123,0.677953122258052,0.338976561129026,FALSE,FALSE
snp_2430,0.030068177845114,-0.00404658753687412,-6.08695443969649e-05,0.0150421914371794,0.00364932470784934,5.49001613088738e-05,0.0150439233841782,0.0152671755725191,4832,lowH,NA,NA,NA,FALSE,FALSE
snp_2432,0.198848810934354,-0.0018394898989108,-0.000183064291256713,0.0995190521921916,0.00595983905414735,0.00059318674508895,0.0995306651236096,0.888040712468193,4836,goodH,0.852801777383794,0.728305060611726,0.635847469694137,FALSE,FALSE
snp_2434,0.162849202773953,0.00147544418028839,0.00012031949727553,0.0815479832330979,0.00908008520338184,0.000740537022047588,0.0815561754609724,0.0894206549118388,4840,goodH,0.849781367212677,0.816111260345831,0.408055630172916,FALSE,FALSE
snp_2436,0.00741646091041748,0.0117554012652748,4.37725109909099e-05,0.00372360840801012,0.0241511400353615,8.99443903535051e-05,0.00372422959006534,0.00372208436724566,4844,lowH,NA,NA,NA,FALSE,FALSE
snp_2438,0.0356600554614261,-0.00227054793552926,-4.05225239009988e-05,0.0178470241772514,0.0060081554096235,0.000107241028645889,0.017849243459002,0.0181598062953995,4848,lowH,NA,NA,NA,FALSE,FALSE
snp_2440,0.0356600554614261,0.004296387703851,7.67543907594253e-05,0.0178648660340005,0.0114847100619407,0.000205194961472773,0.0178667951011467,0.0181598062953995,4852,lowH,NA,NA,NA,FALSE,FALSE
snp_2442,0.19775705161591,0.00320978062147088,0.000318014515906718,0.0990767137727275,0.0118644392768787,0.00117567653802725,0.0990924653572461,0.111256544502618,4856,goodH,0.811598925536587,0.518918181796106,0.259459090898053,FALSE,FALSE
snp_2444,0.0682073257830833,0.00542834420676268,0.000185581605666793,0.0341875162292755,0.0144650482419758,0.000494585706869056,0.034191777213285,0.0353535353535354,4860,lowH,NA,NA,NA,FALSE,FALSE
snp_2446,0.0633466362961506,0.00489745831862248,0.000155441629577787,0.0317392450256745,0.012235948738748,0.000388397295266551,0.0317423114103609,0.0327455919395466,4864,lowH,NA,NA,NA,FALSE,FALSE
snp_2448,0.0454843089196464,0.0195642382990818,0.000447024498501954,0.022849062236322,0.026600342227242,0.000607862145124409,0.0228516663406639,0.0232843137254902,4868,lowH,NA,NA,NA,FALSE,FALSE
snp_2450,0.0727513384889946,0.00211470188670232,7.70554473345448e-05,0.0364379716210049,0.0102220472852769,0.00037251437817438,0.0364422476024858,0.0378048780487805,4872,lowH,NA,NA,NA,FALSE,FALSE
snp_2452,0.0568233194527068,-0.00547141687111166,-0.000155502302137363,0.0284208470676752,0.00244984724875325,6.96347162328337e-05,0.0284241053266776,0.0292682926829268,4876,lowH,NA,NA,NA,FALSE,FALSE
snp_2454,0.229195186542405,-0.00426442874885701,-0.00048890947495517,0.114648292596332,0.00306462312391503,0.000351390807696564,0.114660365561578,0.132029339853301,4880,goodH,0.856150345910198,0.260529612720337,0.869735193639832,FALSE,FALSE
snp_2456,0.0546535470256635,-0.00231232425867267,-6.32377303189404e-05,0.0273481238981769,0.00495413683783683,0.000135500493893013,0.027350979258009,0.0281173594132029,4884,lowH,NA,NA,NA,FALSE,FALSE
snp_2458,0.0422163673374731,0.00558566568817899,0.000118167066758781,0.0211554134019977,0.0130783848358165,0.000276710619930855,0.0211578588185487,0.0215736040609137,4888,lowH,NA,NA,NA,FALSE,FALSE
snp_2460,0.0296229295042116,-0.00239267072810722,-3.54677565819702e-05,0.0148235008542223,0.00516778842830006,7.66135156416055e-05,0.0148252036058696,0.0150375939849624,4892,lowH,NA,NA,NA,FALSE,FALSE
snp_2462,0.0723613545141049,-0.000449678487416706,-1.62894304805763e-05,0.0362246158897997,0.0074306987554021,0.000269206437274675,0.0362289531760338,0.037593984962406,4896,lowH,NA,NA,NA,FALSE,FALSE
snp_2464,0.18886970968046,0.00794039250250372,0.00075184551616399,0.094686190377481,0.0154890459117095,0.0014667488415733,0.0946958805554614,0.105582524271845,4900,goodH,0.686770499642736,0.273009902470879,0.136504951235439,FALSE,FALSE
snp_2466,0.0450531388443776,-0.00148871866208151,-3.35711607075538e-05,0.0225503727216094,0.00654241751470962,0.000147550015172311,0.0225528277338717,0.0230582524271845,4904,lowH,NA,NA,NA,FALSE,FALSE
snp_2468,0.0991221105789255,0.0131621626508765,0.000654640727577005,0.0497365626714401,0.0203214913173659,0.00101082588613462,0.0497417177877499,0.0522959183673469,4908,lowH,NA,NA,NA,FALSE,FALSE
snp_2470,0.0704347292571357,0.00824349752712574,0.000291098668167803,0.0353125196204553,0.015761023440817,0.000556611801591919,0.0353157143431713,0.0365535248041775,4912,lowH,NA,NA,NA,FALSE,FALSE
snp_2472,0.0329438569454779,-0.00169973273284316,-2.80250284033038e-05,0.0164879029872102,0.0060441851368697,9.96669462238331e-05,0.0164897242501494,0.0167525773195876,4916,lowH,NA,NA,NA,FALSE,FALSE
snp_2474,0.0304495695610585,-0.0071633469813748,-0.000109084981714643,0.015228214129271,0.00200036270908511,3.04659821593822e-05,0.0152302290084763,0.0154639175257732,4920,lowH,NA,NA,NA,FALSE,FALSE
snp_2476,0.0220290902852662,0.00105260524240861,1.16103548665346e-05,0.0110301130934588,0.00850018361920797,9.37684370289529e-05,0.0110313425250089,0.0111386138613861,4924,lowH,NA,NA,NA,FALSE,FALSE
snp_2478,0.487494154072022,0.00306836464733303,0.000749315398402855,0.244206763056714,0.0111906746343221,0.00273315282427391,0.244234857467061,0.420924574209246,4928,goodH,0.829031681237662,0.581218041929396,0.290609020964698,FALSE,FALSE
snp_2480,0.0217102914931588,-0.00271318526993231,-2.94735228497374e-05,0.0108630704936979,0.00467112229344191,5.07479987478023e-05,0.0108641982718052,0.0109756097560976,4932,lowH,NA,NA,NA,FALSE,FALSE
snp_2482,0.0264693634741227,0.00828644270560919,0.000109961387142177,0.0132700352912286,0.0155024127181644,0.000205738437284647,0.0132713817536015,0.0134146341463415,4936,lowH,NA,NA,NA,FALSE,FALSE
snp_2484,0.493613000984008,0.00201127631811052,0.000497201868251211,0.24720714094536,0.00968906632619742,0.00239546844395205,0.247234187826246,0.556511056511056,4940,goodH,0.843330227695123,0.741968211911565,0.370984105955783,FALSE,FALSE
snp_2486,0.0256367009613763,-0.00571177116398829,-7.32344254231706e-05,0.0128216665760177,0.0022121462039167,2.83674711812764e-05,0.0128235064802907,0.012987012987013,4944,lowH,NA,NA,NA,FALSE,FALSE
snp_2488,0.0229853975121688,-0.00319828500927435,-3.67830570950428e-05,0.0115008690558783,0.0046421462163617,5.33953955381925e-05,0.0115023079949518,0.0116279069767442,4948,lowH,NA,NA,NA,FALSE,FALSE
snp_2490,0.0025157192799905,0.0119181439597695,1.50419281021837e-05,0.00126210323964526,0.0194171712035334,2.45091379123862e-05,0.00126224039822681,0.00125944584382872,4952,lowH,NA,NA,NA,FALSE,FALSE
snp_2492,0.18161412100806,-0.00174550193169609,-0.000158705633779397,0.0909226342850186,0.00788812501728609,0.000717307882346586,0.0909351564249645,0.898989898989899,4956,goodH,0.849781367212677,0.976130304896991,0.488065152448495,FALSE,FALSE
snp_2494,0.0270551800050993,8.59594220082089e-06,1.16425889710797e-07,0.0135442848486904,0.00749808914070654,0.0001015667958476,0.0135456906341914,0.013715710723192,4960,lowH,NA,NA,NA,FALSE,FALSE
snp_2496,0.0600925425154739,0.0159742095482943,0.000481918375875191,0.0301685272387483,0.0233578305568764,0.000704739883374618,0.0301714614145596,0.0310077519379845,4964,lowH,NA,NA,NA,FALSE,FALSE
snp_2498,0.0930171388262864,-0.000119126472560982,-5.546725922979e-06,0.0465616567311651,0.00694767809763485,0.000323527463720555,0.0465662713749924,0.0488997555012225,4968,lowH,NA,NA,NA,FALSE,FALSE
snp_2500,0.090702947845805,0.00550587219768988,0.000250241488958122,0.0454499269095124,0.012689740074718,0.000576810091367251,0.0454548389463421,0.0476190476190476,4972,lowH,NA,NA,NA,FALSE,FALSE
snp_2502,0.0262796873992344,-0.00428042414913139,-5.62685993245352e-05,0.0131455662719672,0.00306684237316965,4.03200704103804e-05,0.0131470957761382,0.013317191283293,4976,lowH,NA,NA,NA,FALSE,FALSE
snp_2504,0.0611155622584598,0.0145734199843266,0.000447008866476988,0.0306728871436998,0.0215349320415674,0.00066060687189549,0.0306760602086121,0.0315533980582524,4980,lowH,NA,NA,NA,FALSE,FALSE
snp_2506,0.0479326769253059,0.0115185306167251,0.000276951745602663,0.0240440169686683,0.0186589529914005,0.000448682116528701,0.024046478745913,0.0245700245700246,4984,lowH,NA,NA,NA,FALSE,FALSE
snp_2508,0.0692176199868508,0.00152772600244619,5.2957532237078e-05,0.0346642867584125,0.00960768563156175,0.000333082512151917,0.0346683400066426,0.0358974358974359,4988,lowH,NA,NA,NA,FALSE,FALSE
snp_2510,0.0926890203813282,0.00676913958271049,0.000314515665875354,0.0464631674428282,0.0149496453308405,0.000694690110822822,0.0464686683495898,0.0487179487179487,4992,lowH,NA,NA,NA,FALSE,FALSE
snp_2512,0.0229853975121688,0.00235200523804652,2.70767395958485e-05,0.0115121935775693,0.0101010357274864,0.000116298173824173,0.0115134899986255,0.0116279069767442,4996,lowH,NA,NA,NA,FALSE,FALSE
snp_2514,0.0427349420303516,0.00211983083851753,4.53725810877204e-05,0.0214038687725909,0.010164133257134,0.000217577676915049,0.021406417193747,0.0218446601941748,5000,lowH,NA,NA,NA,FALSE,FALSE
snp_2516,0.0192289565463286,0.00643670843607709,6.20498418735638e-05,0.00963999573536387,0.0155386027407517,0.000149812245293412,0.00964129450973816,0.00970873786407767,5004,lowH,NA,NA,NA,FALSE,FALSE
snp_2518,0.203998374022057,-0.000261770571080153,-2.67312609111646e-05,0.102117135630879,0.00705712232640584,0.000720731180227522,0.102128197144995,0.115291262135922,5008,goodH,0.849781367212677,0.901366002103638,0.549316998948181,FALSE,FALSE
snp_2520,0.021658053172785,0.000711247112641041,7.71236784710398e-06,0.0108434434531003,0.00802739317502178,8.70532053706548e-05,0.0108445174507624,0.0109489051094891,5012,lowH,NA,NA,NA,FALSE,FALSE
snp_2522,0.315002279171921,0.00180342726957558,0.000284506518310202,0.157758797989762,0.00978438705947523,0.00154373992250886,0.157775843609324,0.195863746958637,5016,goodH,0.843330227695123,0.73083516612543,0.365417583062715,FALSE,FALSE
snp_2524,0.101325471670189,0.0136886916916466,0.000695980691441695,0.0508434777493316,0.0204929738084991,0.00104203005306664,0.0508481620483251,0.0535279805352798,5020,goodH,0.532265492748342,0.105368677159728,0.0526843385798638,FALSE,FALSE
snp_2526,0.0265331986298505,-0.00321074320199762,-4.26230921512516e-05,0.0132751482973577,0.00417334172713724,5.54071386717166e-05,0.0132764442248835,0.0134474327628362,5024,lowH,NA,NA,NA,FALSE,FALSE
snp_2528,0.00730806248169236,-0.00349696828899142,-1.27857787322584e-05,0.00365624669017116,0.00396501531300099,1.4498504253155e-05,0.00365660737945084,0.00366748166259169,5028,lowH,NA,NA,NA,FALSE,FALSE
snp_2530,0.0431444636678202,0.0161423752896021,0.000349795292335519,0.0216693817396772,0.0257694810596487,0.000558493936895202,0.0216726885420182,0.0220588235294118,5032,lowH,NA,NA,NA,FALSE,FALSE
snp_2532,0.143359553276598,-0.00155913648342763,-0.000111865693788169,0.0717484934623819,0.00599063978963755,0.000429871167381301,0.0717571382150002,0.922279792746114,5036,goodH,0.852801777383794,0.733301055270301,0.633349472364849,FALSE,FALSE
snp_2534,0.0430716260839217,-0.00166702343705545,-3.59356262745776e-05,0.0215567612762857,0.00608662055001856,0.000131224061911418,0.0215594287228925,0.022020725388601,5040,lowH,NA,NA,NA,FALSE,FALSE
snp_2536,0.112174366770595,-0.00624470904112861,-0.000350438061158674,0.0561175963284495,0.00389938913153549,0.000218859134823044,0.0561265181392304,0.940355329949239,5044,goodH,0.852938297158161,0.389564797042137,0.805217601478932,FALSE,FALSE
snp_2538,0.0381716897247826,0.000221338235557342,4.22964210130465e-06,0.0191094055243288,0.00748561577255625,0.000143060650462225,0.0191114071051728,0.0194647201946472,5048,lowH,NA,NA,NA,FALSE,FALSE
snp_2540,0.00794689339067456,0.0124783275122438,4.9800826758874e-05,0.00399098570782096,0.0257417859719462,0.00010275235421195,0.00399165599169892,0.00398936170212766,5052,lowH,NA,NA,NA,FALSE,FALSE
snp_2542,0.0542913931643279,0.00120689856704557,3.28114385881282e-05,0.0271865751472794,0.00904252108691516,0.000245858257133682,0.0271891273208583,0.0279255319148936,5056,lowH,NA,NA,NA,FALSE,FALSE
snp_2544,0.00527700792251062,0.021414309484193,5.68642109518249e-05,0.00265543051919555,0.0371310227402957,9.86176525598082e-05,0.0026559368765457,0.00264550264550265,5060,lowH,NA,NA,NA,FALSE,FALSE
snp_2546,0.0729222087385897,-0.000657478096090728,-2.40056884129121e-05,0.0365117690697934,0.00850548829866523,0.000310591762237362,0.0365166291847234,0.0378973105134474,5064,lowH,NA,NA,NA,FALSE,FALSE
snp_2548,0.0534874999999999,0.00986241276177009,0.0002645424914896,0.0268233035748668,0.0171369058175047,0.000459720638616916,0.0268263503057435,0.0275,5068,lowH,NA,NA,NA,FALSE,FALSE
snp_2550,0.0470314994919436,-0.00433423454804838,-0.000102002857019017,0.0235342263756693,0.0051331820515183,0.000120821015678788,0.0235372551501561,0.0240963855421687,5072,lowH,NA,NA,NA,FALSE,FALSE
snp_2552,0.0261547394396864,0.00838846469760115,0.000109992158413776,0.0131123110579735,0.0155139032032775,0.000203442830989792,0.0131135813034344,0.0132530120481928,5076,lowH,NA,NA,NA,FALSE,FALSE
snp_2554,0.0125465513723089,0.0110133537605845,6.9314525464641e-05,0.00629368010611892,0.0185402031243198,0.000116702915616735,0.00629458667923937,0.00631313131313131,5080,lowH,NA,NA,NA,FALSE,FALSE
snp_2556,0.092746875,0.0112093697781851,0.00052148083741021,0.0465218694475652,0.0183014985953153,0.000851523549284743,0.0465275313302874,0.04875,5084,lowH,NA,NA,NA,FALSE,FALSE
snp_2558,0.10594543940025,-0.00823022069695839,-0.000435993652116566,0.0529747218416263,0.00109751501345232,5.8149909497305e-05,0.0529832474130715,0.0561224489795918,5088,goodH,0.869250487428704,0.0368149460255486,0.981592526987226,FALSE,FALSE
snp_2560,0.452419029744715,0.00650232332107741,0.00147457090769744,0.226776005265316,0.0146402909366177,0.00332045048154965,0.226802219704847,0.345758354755784,5092,goodH,0.72572731084281,0.318678621553536,0.159339310776768,FALSE,FALSE
snp_2562,0.125596233854267,0.00481706069074168,0.000303141641030203,0.0629308328236008,0.0124073053230257,0.000780890033760061,0.062937923540164,0.0673316708229426,5096,goodH,0.810648381061125,0.472888854955772,0.236444427477886,FALSE,FALSE
snp_2564,0.0343875,-0.00459020051329701,-7.89558030050339e-05,0.0172009485808545,0.00295886951290447,5.09010085993862e-05,0.017202856826701,0.0175,5100,lowH,NA,NA,NA,FALSE,FALSE
snp_2566,0.0312797030146879,0.00461087344468925,7.22591710783899e-05,0.0156714713481493,0.0118779682938856,0.000186164678451932,0.0156731078788755,0.0158924205378973,5104,lowH,NA,NA,NA,FALSE,FALSE
snp_2568,0.0359161213563355,-0.00134413286161932,-2.41612371746754e-05,0.0179753340347379,0.00596916680612772,0.000107309180710817,0.0179772461042063,0.0182926829268293,5108,lowH,NA,NA,NA,FALSE,FALSE
snp_2570,0.021658053172785,-0.00100296189770398,-1.08722736115147e-05,0.0108401661482893,0.00634255637966943,6.87616182268528e-05,0.0108413097354976,0.0109489051094891,5112,lowH,NA,NA,NA,FALSE,FALSE
snp_2572,0.498810232004759,-0.00475187371671225,-0.00118564100812141,0.249510209825555,0.00298220851284668,0.000744174679553599,0.249538111217865,0.475609756097561,5116,goodH,0.856150345910198,0.248493463336571,0.875753268331714,FALSE,FALSE
snp_2574,0.0950000000000001,-0.000944585904334897,-4.49195580641486e-05,0.0475547622063844,0.00714332056778755,0.00033974931544763,0.0475618183761362,0.05,5120,lowH,NA,NA,NA,FALSE,FALSE
snp_2576,0.0336253462603877,0.00303512244314997,5.11225674257589e-05,0.0168436589901467,0.0109020834781203,0.000183657481019462,0.0168460901430492,0.0171052631578947,5124,lowH,NA,NA,NA,FALSE,FALSE
snp_2578,0.0529727477698265,0.0117035037236555,0.000311001054125858,0.0265733289337323,0.0188761423515187,0.000501654893459687,0.0265761342607869,0.0272277227722772,5128,lowH,NA,NA,NA,FALSE,FALSE
snp_2580,0.0232226001949702,-0.00467323557728347,-5.43041557919948e-05,0.011620247876218,0.00502382539395729,5.83850193467196e-05,0.011621625906216,0.0117493472584856,5132,lowH,NA,NA,NA,FALSE,FALSE
snp_2582,0.0434013457041769,0.0110182464524984,0.000239946406549654,0.0217771863775335,0.0205209903632526,0.000446941375695083,0.0217797176346533,0.0221932114882507,5136,lowH,NA,NA,NA,FALSE,FALSE
snp_2584,0.0483778606439473,0.00354170251384344,8.58444961979331e-05,0.0242382006569985,0.0120831861294548,0.000292905285358096,0.0242407327190045,0.0248041775456919,5140,lowH,NA,NA,NA,FALSE,FALSE
snp_2586,0.0251215611625843,0.0063146107870558,7.95245627597593e-05,0.0125937394150682,0.0154258313533616,0.000194290571198123,0.0125951442581915,0.0127226463104326,5144,lowH,NA,NA,NA,FALSE,FALSE
snp_2588,0.435638948779209,-0.00092949874429733,-0.000202768487395342,0.218148210139465,0.00922164300593197,0.00201193491538114,0.218175320177427,0.679389312977099,5148,goodH,0.849781367212677,0.798411388323556,0.399205694161778,FALSE,FALSE
snp_2590,0.0765161477917804,0.00646054251758612,0.000247757617736515,0.0383493517861849,0.013887465977297,0.000532637652685288,0.0383538403302688,0.0398457583547558,5152,lowH,NA,NA,NA,FALSE,FALSE
snp_2592,0.307703863950484,0.00750112126955355,0.00115716003613976,0.154264941807645,0.0156618789833223,0.00241634770959079,0.154282108306664,0.810077519379845,5156,goodH,0.684641040426375,0.264470913629317,0.132235456814658,FALSE,FALSE
snp_2594,0.219710716633793,-0.0019092905996385,-0.000209962650445404,0.109968933218001,0.0064465629602128,0.000709004566808078,0.109981795133926,0.874358974358974,5160,goodH,0.849781367212677,0.806417876450401,0.596791061774799,FALSE,FALSE
snp_2596,0.0377218934911243,0.00140231172237582,2.64888018847677e-05,0.018889382055432,0.00903996666557645,0.000170777640097041,0.0188914015299802,0.0192307692307692,5164,lowH,NA,NA,NA,FALSE,FALSE
snp_2598,0.0457763671875,-0.00393619955723354,-9.0144256598563e-05,0.022901343107187,0.00387637953907445,8.87851240207087e-05,0.0229041359664972,0.0234375,5168,lowH,NA,NA,NA,FALSE,FALSE
snp_2600,0.453030865238658,-0.00292751007883515,-0.000663595063098818,0.226675586156431,0.00454713868729904,0.00103083279160812,0.226699219552598,0.346753246753247,5172,goodH,0.852801777383794,0.495296603230144,0.752351698384928,FALSE,FALSE
snp_2602,0.420592956572885,0.00471625558030984,0.000993932586078783,0.210746124579933,0.0125837803002176,0.00265227035130605,0.210768965130469,0.300742574257426,5176,goodH,0.810648381061125,0.458695395635194,0.229347697817597,FALSE,FALSE
snp_2604,0.00488994617454819,0.000270529140375378,6.63093296536033e-07,0.00245109748848477,0.0151829443964275,3.72228318082524e-05,0.00245162142706725,0.00245098039215686,5180,lowH,NA,NA,NA,FALSE,FALSE
snp_2606,0.0566527591132,0.00417205118147704,0.000118432620229728,0.0283871446149899,0.0126893178855089,0.000360251503999822,0.0283901394267399,0.0291777188328912,5184,lowH,NA,NA,NA,FALSE,FALSE
snp_2608,0.084145838439512,-0.0037602893375255,-0.000158319697913175,0.0421030627439322,0.00470086835961343,0.000197945882483646,0.042108365378673,0.0440097799511002,5188,lowH,NA,NA,NA,FALSE,FALSE
snp_2610,0.0285283933518006,0.00747190027118947,0.000106861047978445,0.0143017230021773,0.0152750471793893,0.000218486406515503,0.0143034848894154,0.0144736842105263,5192,lowH,NA,NA,NA,FALSE,FALSE
snp_2612,0.00756609517705509,0.00047480397813114,1.79862910056087e-06,0.0037881508652063,0.0081697642244553,3.09522284179374e-05,0.00378863178514813,0.00379746835443038,5196,lowH,NA,NA,NA,FALSE,FALSE
snp_2614,0.0517513219035413,0.000581652282777498,1.50745165266144e-05,0.0259167151457411,0.00960394158776565,0.000248939669039193,0.0259205730026841,0.0265822784810127,5200,lowH,NA,NA,NA,FALSE,FALSE
snp_2616,0.0460350103750407,0.00619363351480775,0.000142891997279578,0.0230707866291979,0.0134935818086446,0.000311342292040034,0.0230733615770257,0.0235732009925558,5204,lowH,NA,NA,NA,FALSE,FALSE
snp_2618,0.126474078937401,0.00208144698712773,0.000131866719266606,0.0633533883313422,0.0109928197583827,0.000696534577296571,0.0633626851532264,0.0678391959798995,5208,goodH,0.834442802798143,0.600640383870445,0.300320191935223,FALSE,FALSE
snp_2620,0.0436675307402914,-0.00339115170702764,-7.41078364506945e-05,0.0218532943533954,0.0057753776756591,0.000126229381536152,0.0218564721867728,0.0223325062034739,5212,lowH,NA,NA,NA,FALSE,FALSE
snp_2622,0.00487801961968182,0.0304143238472825,7.46716461963578e-05,0.00245514733687001,0.0374269110333706,9.18975015518311e-05,0.00245538568411092,0.00244498777506112,5216,lowH,NA,NA,NA,FALSE,FALSE
snp_2624,0.183216059996574,-0.0068379055815194,-0.000626480988217819,0.0916188415808182,0.00133123609332052,0.000121980971626522,0.0916298560702805,0.897984886649874,5220,goodH,0.867587336536095,0.0543391444861858,0.972830427756907,FALSE,FALSE
snp_2626,0.356106228298611,-0.00484712017440627,-0.000863671825288353,0.178182465920426,0.0048196904018395,0.000858898098403607,0.178206072754341,0.768229166666667,5224,goodH,0.852801777383794,0.540410808401273,0.729794595799364,FALSE,FALSE
snp_2628,0.444444444444444,-0.0072214544776759,-0.00160529769512365,0.222295619267032,0.00261028685567373,0.000580333518508316,0.222325572090631,0.333333333333333,5228,goodH,0.856951771465273,0.196305343496866,0.901847328251567,FALSE,FALSE
snp_2630,0.00966160806862093,0.0311500899276689,0.00015158752832231,0.00486635925206955,0.0417722746635349,0.000203309555134978,0.00486709322804623,0.00485436893203883,5232,lowH,NA,NA,NA,FALSE,FALSE
snp_2632,0.0479326769253059,0.00152627838752359,3.66377199898238e-05,0.0240046116680385,0.00957136921532812,0.000229783850310321,0.024007416822071,0.0245700245700246,5236,lowH,NA,NA,NA,FALSE,FALSE
snp_2634,0.421963115378753,0.0043946969196933,0.00092907008995556,0.211407090621484,0.0118580753427137,0.00250716206815118,0.211430775711147,0.302469135802469,5240,goodH,0.811598925536587,0.519479430404326,0.259739715202163,FALSE,FALSE
snp_2636,0.00492607834171621,0.0256633752532887,6.36557418340749e-05,0.00248041191798875,0.0403090718577813,0.000100005093097579,0.00248095747404996,0.00246913580246914,5244,lowH,NA,NA,NA,FALSE,FALSE
snp_2638,0.0941084207430645,0.00957833662435935,0.000452000416444333,0.047189865440187,0.0166058484372323,0.000783714069870188,0.0471950634038671,0.0495049504950495,5248,lowH,NA,NA,NA,FALSE,FALSE
snp_2640,0.0284546124647806,-0.00470654497504095,-6.69929783481847e-05,0.0142340036488447,0.0032332266748401,4.60265255868391e-05,0.0142354775014701,0.0144356955380577,5252,lowH,NA,NA,NA,FALSE,FALSE
snp_2642,0.122622467467157,0.0123161903566053,0.000757851640428639,0.0615329593393458,0.0209270935739197,0.0012878506367134,0.0615398708934131,0.0656167979002625,5256,goodH,0.530595716350412,0.0967559245817906,0.0483779622908953,FALSE,FALSE
snp_2644,0.120274119256415,-0.00585866607878938,-0.00035246111669227,0.0601606427047131,0.00284917749904581,0.000171427890400003,0.0601675011323143,0.06426735218509,5260,goodH,0.856303354098092,0.229407392610406,0.885296303694797,FALSE,FALSE
snp_2646,0.0934115437570189,-0.00191380707892477,-8.94805887974537e-05,0.0467552815447451,0.00665143974783484,0.000311033847592294,0.0467618830484845,0.0491183879093199,5264,lowH,NA,NA,NA,FALSE,FALSE
snp_2648,0.0224130601678838,-0.00269856380808837,-3.02647178439272e-05,0.0112151203366825,0.00494346064260084,5.54484899751331e-05,0.0112165331098824,0.0113350125944584,5268,lowH,NA,NA,NA,FALSE,FALSE
snp_2650,0.0494730603725939,0.00279384874537876,6.92301441312517e-05,0.0247794889561447,0.0102983370800516,0.000255217842925327,0.0247824324394759,0.0253807106598985,5272,lowH,NA,NA,NA,FALSE,FALSE
snp_2652,0.00727263040119364,-0.00222324530581569,-8.0976532561796e-06,0.00364226711060508,0.0101515891517007,3.69815921160848e-05,0.00364293625002437,0.00364963503649635,5276,lowH,NA,NA,NA,FALSE,FALSE
snp_2654,0.49071755435973,-0.000164622062758896,-4.04377608200162e-05,0.245639983744105,0.00698638310081844,0.00171631721251838,0.245666060356369,0.431873479318735,5280,goodH,0.849781367212677,0.89056330897682,0.55471834551159,FALSE,FALSE
snp_2656,0.0435619056955201,-0.00060120233669745,-1.31092427163282e-05,0.0218050428551898,0.00677979110685755,0.000147849580480443,0.0218073946748739,0.0222772277227723,5284,lowH,NA,NA,NA,FALSE,FALSE
snp_2658,0.0268570483285953,0.00494629285504478,6.65608939457355e-05,0.0134567232261327,0.0123182695845368,0.000165781402735207,0.0134581729680046,0.0136138613861386,5288,lowH,NA,NA,NA,FALSE,FALSE
snp_2660,0.0224130601678838,-0.00103593097070998,-1.1621544593964e-05,0.0112184546292685,0.00657503947684053,7.37704805643195e-05,0.0112197775882812,0.0113350125944584,5292,lowH,NA,NA,NA,FALSE,FALSE
snp_2662,0.0440952004070325,0.00083167795252052,1.83617038363669e-05,0.0220779014048877,0.00828125123354557,0.000182852233842465,0.0220802664580167,0.0225563909774436,5296,lowH,NA,NA,NA,FALSE,FALSE
snp_2664,0.00975586312956556,0.0296882005262388,0.000145845131566091,0.00491256219578521,0.0404284058784018,0.000198635921158671,0.00491327611966984,0.00490196078431373,5300,lowH,NA,NA,NA,FALSE,FALSE
snp_2666,0.0940857790718648,0.0184514907233261,0.000871888018990403,0.0472529852500305,0.0255174363159329,0.00120589082093662,0.0472575225036878,0.049492385786802,5304,lowH,NA,NA,NA,FALSE,FALSE
snp_2668,0.0322894347515561,-0.00277674504159413,-4.4863509269093e-05,0.0161568702192899,0.00483358930704767,7.81045534876245e-05,0.0161587070241452,0.0164141414141414,5308,lowH,NA,NA,NA,FALSE,FALSE
snp_2670,0.0981755688195083,-0.00444258348670671,-0.000218194472336923,0.0491143212029248,0.00369003730035534,0.000181255468920558,0.0491202267530205,0.0517676767676768,5312,lowH,NA,NA,NA,FALSE,FALSE
snp_2672,0.0482795804332909,0.00966240486046576,0.000233958053027266,0.0242132322548931,0.0176456149874063,0.000427304012803113,0.0242158753383252,0.0247524752475248,5316,lowH,NA,NA,NA,FALSE,FALSE
snp_2674,0.0549560206448543,0.00219394474159601,6.03915887544694e-05,0.0275264857904019,0.010520428180603,0.000289630939807075,0.0275303376283753,0.0282776349614396,5320,lowH,NA,NA,NA,FALSE,FALSE
snp_2676,0.0765161477917804,-0.00293293159330895,-0.000112307323320109,0.038291831823259,0.005697513843689,0.000218201286392667,0.0382976316300422,0.0398457583547558,5324,lowH,NA,NA,NA,FALSE,FALSE
snp_2678,0.217309541408023,-0.0028890185615568,-0.000314166858876717,0.108745185322528,0.00530733871989747,0.000577214255694838,0.108757757165721,0.124040920716113,5328,goodH,0.852801777383794,0.621243904893654,0.689378047553173,FALSE,FALSE
snp_2680,0.213208261245675,0.00316438244023202,0.000337884396962977,0.106777358092722,0.00957540689342731,0.00102254638862964,0.106788818481597,0.121323529411765,5332,goodH,0.843330227695123,0.755410101920131,0.377705050960065,FALSE,FALSE
snp_2682,0.00526312125368111,-0.000254452926208647,-6.71349546431973e-07,0.0026384037174777,0.0158147298143125,4.1735563469855e-05,0.00263903107798173,0.00263852242744063,5336,lowH,NA,NA,NA,FALSE,FALSE
snp_2684,0.0363511659807956,0.00105391298104171,1.91839771347719e-05,0.0182026196468422,0.00894873141391296,0.000162908889926386,0.0182046909658172,0.0185185185185185,5340,lowH,NA,NA,NA,FALSE,FALSE
snp_2686,0.0622855602391923,0.00518107656510574,0.000161694523842504,0.0312086729100873,0.0124007581659258,0.000387051010761972,0.0312118828206402,0.0321782178217822,5344,lowH,NA,NA,NA,FALSE,FALSE
snp_2688,0.0981755688195083,0.00721490081256587,0.000355042625786657,0.0492096336471175,0.0143992899203797,0.000708664126838104,0.0492152134415403,0.0517676767676768,5348,lowH,NA,NA,NA,FALSE,FALSE
snp_2690,0.338417830125059,-0.00219272826454608,-0.000371367133491404,0.169363043974025,0.0056971355559172,0.000964980082363081,0.169379870443986,0.215762273901809,5352,goodH,0.852801777383794,0.685452632240126,0.657273683879937,FALSE,FALSE
snp_2692,0.095697373955892,0.00125366060176522,6.00727743272322e-05,0.0479178928034004,0.00867932256190157,0.000415933738300881,0.0479223735878475,0.0503875968992248,5356,lowH,NA,NA,NA,FALSE,FALSE
snp_2694,0.144643486620734,-0.00104428479772156,-7.56116415769765e-05,0.0724051922827443,0.00710966531231896,0.000514837990418579,0.0724138152504192,0.0784810126582278,5360,goodH,0.849781367212677,0.909354041203451,0.545322979398275,FALSE,FALSE
snp_2696,0.0599426081411414,-0.00262941926401969,-7.88865526588865e-05,0.0300015116411256,0.00636322428649846,0.000190931383145989,0.0300054460678226,0.0309278350515464,5364,lowH,NA,NA,NA,FALSE,FALSE
snp_2698,0.040285221482808,-0.00317474918520668,-6.3992514759358e-05,0.0201567150745459,0.00454189956447512,9.15600778369209e-05,0.0201589833806688,0.0205655526992288,5368,lowH,NA,NA,NA,FALSE,FALSE
snp_2700,0.0380808747290036,0.00273251106203207,5.21235170795454e-05,0.0190753178656057,0.0108890209575023,0.000207736492310684,0.0190776097430097,0.0194174757281553,5372,lowH,NA,NA,NA,FALSE,FALSE
snp_2702,0.0839145258035311,0.00964463539390582,0.000405875350645085,0.0420830165235221,0.017252441428737,0.000726126571168915,0.0420883371300379,0.0438829787234043,5376,lowH,NA,NA,NA,FALSE,FALSE
snp_2704,0.0682302201070792,-0.00238062772779355,-8.12770134026439e-05,0.0341410009023017,0.00480409388512227,0.000164032283112911,0.0341442709146255,0.0353658536585366,5380,lowH,NA,NA,NA,FALSE,FALSE
snp_2706,0.00243604997025582,0.0108292003280007,1.32315266490156e-05,0.0012218378318114,0.0180968736512361,2.21135875217285e-05,0.00122195623110945,0.00121951219512195,5384,lowH,NA,NA,NA,FALSE,FALSE
snp_2708,0.184089414858646,-0.00140538289054943,-0.000129504317119355,0.0921487788062695,0.00713177912231879,0.00065731338975872,0.0921668181929061,0.102564102564103,5388,goodH,0.849781367212677,0.912706713847198,0.543646643076401,FALSE,FALSE
snp_2710,0.231851341699827,-0.00441775063130941,-0.000512344768407872,0.115974126012634,0.00300879807873797,0.000348986832657577,0.115988784732261,0.866161616161616,5392,goodH,0.856150345910198,0.252359612164774,0.873820193917613,FALSE,FALSE
snp_2712,0.0446417068205829,-0.000598823032509868,-1.33852781727997e-05,0.0223526441805311,0.00875179381855131,0.00019565830779955,0.0223563662325785,0.0228426395939086,5396,lowH,NA,NA,NA,FALSE,FALSE
snp_2714,0.194452317761344,-0.00526986526907468,-0.00051255823150198,0.0972621130391781,0.00283096421821913,0.000275385278676201,0.0972761424902212,0.109137055837563,5400,goodH,0.856303354098092,0.226828956551482,0.886585521724259,FALSE,FALSE
snp_2716,0.0558468750000001,0.00682394407930662,0.000191009620944122,0.027991088251053,0.0141200791352398,0.000395277208091832,0.0279939796587491,0.02875,5404,lowH,NA,NA,NA,FALSE,FALSE
snp_2718,0.0786850756081525,-0.00511503024938954,-0.00020130478482797,0.0393555414167872,0.00243170155356031,9.57107321931424e-05,0.0393595719232115,0.041025641025641,5408,lowH,NA,NA,NA,FALSE,FALSE
snp_2720,0.0251215611625843,-0.00497383229457763,-6.24990120352302e-05,0.0125655648067116,0.00275048179345743,3.45651769818233e-05,0.0125669535657511,0.0127226463104326,5412,lowH,NA,NA,NA,FALSE,FALSE
snp_2722,0.220179476720471,-0.00560483439434871,-0.000617170616147392,0.110113978883957,0.00182795543367414,0.000201304852202726,0.110125689332649,0.125954198473282,5416,goodH,0.864453405348127,0.101155081636434,0.949422459181783,FALSE,FALSE
snp_2724,0.0739644970414202,-0.00263427948058336,-9.74963014483667e-05,0.0370106141610974,0.00491013177237498,0.00018174765403036,0.0370148220976257,0.0384615384615385,5420,lowH,NA,NA,NA,FALSE,FALSE
snp_2726,0.202618935904468,-0.00519288496167796,-0.000526248022399179,0.101340204199158,0.00229999567184864,0.000233107111327813,0.101351108691631,0.11439588688946,5424,goodH,0.856951771465273,0.155890989232101,0.922054505383949,FALSE,FALSE
snp_2728,0.0228686038289463,-0.0011402790265587,-1.30522728036586e-05,0.011446560446744,0.00661817457705031,7.57637762712485e-05,0.0114478358630751,0.0115681233933162,5428,lowH,NA,NA,NA,FALSE,FALSE
snp_2730,0.029405212742259,-0.00335932555496569,-4.94220948066085e-05,0.0147119098753479,0.00415705649838912,6.11651088298903e-05,0.0147135620729697,0.0149253731343284,5432,lowH,NA,NA,NA,FALSE,FALSE
snp_2732,0.345679012345679,-0.00421939345629564,-0.000729817739053069,0.17296745293192,0.00488225453964193,0.000844584300048611,0.172990632338181,0.777777777777778,5436,goodH,0.852801777383794,0.550785803991467,0.724607098004266,FALSE,FALSE
snp_2734,0.0245662236083266,-0.0016428615275563,-2.01983613288379e-05,0.0122946219082032,0.00588525867146806,7.23663341592586e-05,0.0122962028007525,0.0124378109452736,5440,lowH,NA,NA,NA,FALSE,FALSE
snp_2736,0.0743185676705991,-0.00677737421058134,-0.000251860329454072,0.0371619334610222,0.00114235637261141,4.24579193493978e-05,0.0371669650271565,0.0386533665835411,5444,lowH,NA,NA,NA,FALSE,FALSE
snp_2738,0.363894139886578,-0.00434800563300079,-0.000791386022745842,0.182011268968772,0.0025133759889569,0.000457506354974799,0.182028616882217,0.239130434782609,5448,goodH,0.856951771465273,0.183349300926016,0.908325349536992,FALSE,FALSE
snp_2740,0.0246875,0.00396707013354851,4.90637858231896e-05,0.0123677636571811,0.011447600359916,0.00014159843460958,0.0123692678078971,0.0125,5452,lowH,NA,NA,NA,FALSE,FALSE
snp_2742,0.06189454543076,0.00206858316334479,6.41268505254927e-05,0.0310003734255493,0.0102393374812622,0.000317467119864497,0.0310046543973628,0.0319693094629156,5456,lowH,NA,NA,NA,FALSE,FALSE
snp_2744,0.0233430466860933,0.000997952876093853,1.16682797959559e-05,0.0116922152092265,0.0106868933798155,0.000124971529997909,0.0116939063164928,0.0118110236220472,5460,lowH,NA,NA,NA,FALSE,FALSE
snp_2746,0.0124839019216687,-0.000660230895687636,-4.12579951925603e-06,0.00624902522163701,0.00697702256008938,4.36052393829123e-05,0.00624983494138991,0.00628140703517588,5464,lowH,NA,NA,NA,FALSE,FALSE
snp_2748,0.0248099795459711,-0.00121789370490193,-1.51234523582831e-05,0.0124177112480444,0.00637812846410751,7.92119646587729e-05,0.0124193115746309,0.0125628140703518,5468,lowH,NA,NA,NA,FALSE,FALSE
snp_2750,0.459801313892005,0.0048136688238998,0.00110898433716388,0.230382350289199,0.0122546364792705,0.00282361699597691,0.230412138357041,0.358227848101266,5472,goodH,0.810648381061125,0.485468741506706,0.242734370753353,FALSE,FALSE
snp_2752,0.116356353148534,0.0197251644425815,0.00115300664681294,0.0584535885705416,0.0266739547370044,0.00155937668876096,0.0584606483791344,0.0620253164556962,5476,goodH,0.497396568457421,0.0303673694426634,0.0151836847213317,FALSE,FALSE
snp_2754,0.102935427014901,0.00925130370803693,0.000477607838082733,0.0516260035510259,0.0178955652398491,0.000923982483691814,0.0516319250779701,0.0544303797468354,5480,goodH,0.619605068186003,0.174055144641636,0.087027572320818,FALSE,FALSE
snp_2756,0.122980291619933,0.011091240064245,0.000684281988739036,0.0616957152469331,0.0193639074607533,0.00119480126202061,0.0617024877051407,0.0658227848101266,5484,goodH,0.567960535499537,0.131297108569371,0.0656485542846855,FALSE,FALSE
snp_2758,0.0368873311097293,0.000630486092620619,1.16441025672835e-05,0.01846845268051,0.00811617570768633,0.000149909849414993,0.0184705032042398,0.018796992481203,5488,lowH,NA,NA,NA,FALSE,FALSE
snp_2760,0.0842036027812828,-0.000811304141936584,-3.41947876464948e-05,0.0421479268734803,0.00673117310285075,0.000283735556384674,0.0421524676381458,0.0440414507772021,5492,lowH,NA,NA,NA,FALSE,FALSE
snp_2762,0.0497188671386921,0.00894477765037942,0.000222993478186484,0.0249300191578295,0.0163984659615796,0.000408862135311548,0.0249329502082378,0.0255102040816327,5496,lowH,NA,NA,NA,FALSE,FALSE
snp_2764,0.078492422210739,0.00582465092736706,0.000229111020128233,0.0393347211678828,0.0131991373937316,0.00051923731620321,0.0393387310635768,0.040920716112532,5500,lowH,NA,NA,NA,FALSE,FALSE
snp_2766,0.140833550334181,-0.00454098634839818,-0.00032003624719274,0.070477253759116,0.00564374059564344,0.000397816413450309,0.0704880755429111,0.0762273901808786,5504,goodH,0.852801777383794,0.676695563925259,0.66165221803737,FALSE,FALSE
snp_2768,0.0600925425154739,0.00481494232221621,0.000144976091141985,0.0301096215572643,0.012373558761987,0.000372605632304527,0.0301130531217271,0.0310077519379845,5508,lowH,NA,NA,NA,FALSE,FALSE
snp_2770,0.0985565140672484,0.00618768713686394,0.000305609812430639,0.0493899910695112,0.0132313210846397,0.000653560541436716,0.0493949574087077,0.051980198019802,5512,lowH,NA,NA,NA,FALSE,FALSE
snp_2772,0.0196059209881385,0.00338998484103922,3.32926561483116e-05,0.00982088643738759,0.0108117759828383,0.000106192705674569,0.0098219483869376,0.0099009900990099,5516,lowH,NA,NA,NA,FALSE,FALSE
snp_2774,0.0251215611625843,-0.00548119478910016,-6.88681419474608e-05,0.0125644397977629,0.0022504522819871,2.82788036125948e-05,0.0125658312504299,0.0127226463104326,5520,lowH,NA,NA,NA,FALSE,FALSE
snp_2776,0.161382702843888,-0.00662129696793903,-0.000534382051777092,0.080706552562832,0.00174480634408693,0.000140834772970975,0.0807165640176959,0.0885286783042394,5524,goodH,0.864453405348127,0.0924845951886869,0.953757702405656,FALSE,FALSE
snp_2778,0.0359776321921002,0.00889077258139014,0.00016039358432127,0.0180404551857507,0.0165991375720039,0.000299492022651263,0.0180426254889523,0.0183246073298429,5528,lowH,NA,NA,NA,FALSE,FALSE
snp_2780,0.0723073102633629,0.0206047837146464,0.000748584777642754,0.0363306302075202,0.0278912027290005,0.00101340784704883,0.0363343186342809,0.0375647668393782,5532,lowH,NA,NA,NA,FALSE,FALSE
snp_2782,0.0697041685064148,-0.000721397097435336,-2.51714822079351e-05,0.0348926857308175,0.00714654577082573,0.000249390507343622,0.0348966501217562,0.0361596009975062,5536,lowH,NA,NA,NA,FALSE,FALSE
snp_2784,0.0537486427110425,-0.00188201213745482,-5.06226256226433e-05,0.0268981398234253,0.00560615344388694,0.0001508147357861,0.0269016425068693,0.0276381909547739,5540,lowH,NA,NA,NA,FALSE,FALSE
snp_2786,0.122404177426416,-0.00387886652861299,-0.000237508450294948,0.0612314057580827,0.00333604422707358,0.00020429636252182,0.0612391049446703,0.0654911838790932,5544,goodH,0.853019753765932,0.301193758452399,0.849403120773801,FALSE,FALSE
snp_2788,0.0537486427110425,0.00635660777003202,0.000171233492986752,0.0269378730262429,0.0137289709238621,0.00036987669673039,0.0269413271236167,0.0276381909547739,5548,lowH,NA,NA,NA,FALSE,FALSE
snp_2790,0.152416933715635,-0.00216769636512014,-0.000165329637161647,0.076269739536369,0.00505054839224735,0.000385239552773293,0.0762767768673674,0.0831168831168831,5552,goodH,0.852801777383794,0.578700998534096,0.710649500732952,FALSE,FALSE
snp_2792,0.0697041685064148,-0.00680151501065588,-0.000237109245653971,0.0348612397800334,0.00224987778461575,7.8444648877599e-05,0.0348661822495377,0.0361596009975062,5556,lowH,NA,NA,NA,FALSE,FALSE
snp_2794,0.0392962355764097,0.00652969002697308,0.00012862380651309,0.0196983020605521,0.0149023267078777,0.000293589177826196,0.019700895275031,0.0200501253132832,5560,lowH,NA,NA,NA,FALSE,FALSE
snp_2796,0.0792865622703374,-0.00136929945353579,-5.4361416985956e-05,0.039700167005533,0.00886441748933991,0.00035197547632955,0.0397065545201166,0.0413533834586466,5564,lowH,NA,NA,NA,FALSE,FALSE
snp_2798,0.0373463629570461,-0.000919008889029843,-1.71794262562632e-05,0.0186934277364812,0.00668733730486157,0.000125024042166633,0.0186956387074633,0.0190355329949239,5568,lowH,NA,NA,NA,FALSE,FALSE
snp_2800,0.114678631781365,0.0241598763022964,0.00139293386901844,0.0576548427479342,0.0310760367195376,0.00179187525999293,0.0576609969979335,0.0610687022900763,5572,goodH,0.361767894174072,0.0121340122866918,0.00606700614334588,FALSE,FALSE
snp_2802,0.350090205589442,-0.00465571629045653,-0.000815292264451832,0.175116397475304,0.00291875942194897,0.000511182408485199,0.175136876524021,0.773778920308483,5576,goodH,0.856274538687053,0.239335911515005,0.880332044242497,FALSE,FALSE
snp_2804,0.0825710531062382,0.00592983739028595,0.000245368967039134,0.0413787007787244,0.0132210687036359,0.000547122065562346,0.0413825900028704,0.0431472081218274,5580,lowH,NA,NA,NA,FALSE,FALSE
snp_2806,0.0717712677024338,-0.000904560862331231,-3.24957535779374e-05,0.0359243417786057,0.00664190053205897,0.000238632421626476,0.0359283341378948,0.0372750642673522,5584,lowH,NA,NA,NA,FALSE,FALSE
snp_2808,0.368797457708574,-0.00567935861455975,-0.00104762164538981,0.184461259886654,0.00252817622761706,0.000466402281691496,0.184481713179902,0.756127450980392,5588,goodH,0.856951771465273,0.185309168698605,0.907345415650697,FALSE,FALSE
snp_2810,0.0923089775005568,0.0122674660651274,0.000568483802264526,0.0463407682765513,0.0233657577855664,0.00108296641064761,0.0463484394808109,0.0485074626865672,5592,lowH,NA,NA,NA,FALSE,FALSE
snp_2812,0.0369782328729074,0.00318732724517624,5.90371595715269e-05,0.0185224656993959,0.010665275644593,0.000197571013357064,0.0185246982769946,0.0188442211055276,5596,lowH,NA,NA,NA,FALSE,FALSE
snp_2814,0.0457030017714577,0.00848781693185064,0.000194484372647139,0.0229133561914294,0.0156956308527469,0.000359676374893051,0.0229157004434838,0.0233990147783251,5600,lowH,NA,NA,NA,FALSE,FALSE
snp_2816,0.417606117047348,-0.000732050053018245,-0.000153027236496033,0.209039307988711,0.00693883627443299,0.00145064524993241,0.209061749342249,0.297029702970297,5604,goodH,0.849781367212677,0.883271686713545,0.558364156643227,FALSE,FALSE
snp_2818,0.0516241965105602,0.00748103441920684,0.000193593404580281,0.0258778925121971,0.0148536119524623,0.000384417913910832,0.0258804333344058,0.0265151515151515,5608,lowH,NA,NA,NA,FALSE,FALSE
snp_2820,0.0462465373961218,0.00993161086069225,0.000230389146827547,0.0231975608045006,0.0185383559752238,0.000430105478484404,0.0232008425698175,0.0236842105263158,5612,lowH,NA,NA,NA,FALSE,FALSE
snp_2822,0.055577213435311,-0.00534618924376166,-0.000148619153413139,0.027799082044572,0.00276407762945968,7.68478262435184e-05,0.0278023400734011,0.0286069651741294,5616,lowH,NA,NA,NA,FALSE,FALSE
snp_2824,0.0221374470928937,-0.000329683848343213,-3.65346517811686e-06,0.0110817232827053,0.00716989768525848,7.94634335232909e-05,0.0110829243333095,0.0111940298507463,5620,lowH,NA,NA,NA,FALSE,FALSE
snp_2826,0.140228583450905,0.00384647105493374,0.00027024344004212,0.0702574999740316,0.0120838737687619,0.000849074899478963,0.0702651248868484,0.0758706467661692,5624,goodH,0.810648381061125,0.499875609568841,0.249937804784421,FALSE,FALSE
snp_2828,0.183536970079351,-0.00239220313357745,-0.000219727066478992,0.091851341299097,0.00570190849957916,0.000523789278974554,0.0918620982804642,0.102216748768473,5628,goodH,0.852801777383794,0.686234714005403,0.656882642997298,FALSE,FALSE
snp_2830,0.0339767711634222,-0.000688320495628597,-1.17097990910088e-05,0.0170121319434416,0.00853831501386799,0.000145272318068076,0.017014167061314,0.0172872340425532,5632,lowH,NA,NA,NA,FALSE,FALSE
snp_2832,0.318515470202713,-0.00363037871123785,-0.000578577871545213,0.159371216494363,0.00463898364572186,0.000739405432539448,0.159389532062985,0.198765432098765,5636,goodH,0.852801777383794,0.510478123489254,0.744760938255373,FALSE,FALSE
snp_2834,0.0383546248527926,0.000982375991029002,1.88652130529819e-05,0.0192036585027096,0.00826199705485698,0.000158675790510367,0.01920550073509,0.019559902200489,5640,lowH,NA,NA,NA,FALSE,FALSE
snp_2836,0.0275290525393594,0.00525855562141959,7.25403741004466e-05,0.0137947336346447,0.012825948053634,0.000176952787225355,0.0137964684158548,0.0139593908629442,5644,lowH,NA,NA,NA,FALSE,FALSE
snp_2838,0.0631928486654376,0.0156013416235161,0.000494933883869935,0.0317238027224477,0.0228080176156422,0.000723651395510239,0.0317279391705636,0.0326633165829146,5648,lowH,NA,NA,NA,FALSE,FALSE
snp_2840,0.0469443999359078,0.00855702053862457,0.000201411558075659,0.0235375803022244,0.0159949937920116,0.000376536466116532,0.0235408947957571,0.0240506329113924,5652,lowH,NA,NA,NA,FALSE,FALSE
snp_2842,0.0469443999359078,0.00855702053862457,0.000201411558075659,0.0235375803022244,0.0159949937920116,0.000376536466116532,0.0235408947957571,0.0240506329113924,5656,lowH,NA,NA,NA,FALSE,FALSE
snp_2844,0.100676173690114,0.00246415158095953,0.000124252389524098,0.0504240041417075,0.010133910070857,0.000511066513940547,0.0504313251614762,0.0531645569620253,5660,goodH,0.843330227695123,0.691102049630678,0.345551024815339,FALSE,FALSE
snp_2846,0.0826855662246608,0.011646541314913,0.000483058328013748,0.0414765478395898,0.0186639414914098,0.000774188509394005,0.0414804402248223,0.0432098765432099,5664,lowH,NA,NA,NA,FALSE,FALSE
snp_2848,0.154473610272535,0.00102414195382601,7.92252564203062e-05,0.077357690625147,0.0094213128335039,0.000728897538156798,0.0773668756189377,0.0843520782396088,5668,goodH,0.847246047458463,0.773924280309018,0.386962140154509,FALSE,FALSE
snp_2850,0.271193771626298,0.00611288905001668,0.000830882899536595,0.135923111435227,0.0140782700501897,0.00191377855161341,0.13593847431472,0.838235294117647,5672,goodH,0.759525277705188,0.352579628913671,0.176289814456836,FALSE,FALSE
snp_2852,0.06189454543076,0.0101504111524943,0.000315160105912487,0.0310489990186301,0.0188646459702824,0.000585824354623452,0.0310540868641959,0.0319693094629156,5676,lowH,NA,NA,NA,FALSE,FALSE
snp_2854,0.0350765306122449,0.00496267288855014,8.72563492552828e-05,0.0175825308689195,0.0148228969831702,0.00026067216750942,0.0175857774499402,0.0178571428571429,5680,lowH,NA,NA,NA,FALSE,FALSE
snp_2856,0.296356152622409,0.00330355203094931,0.000490449148404767,0.148461154481599,0.0113075882120977,0.00167894522126384,0.148479515682008,0.180904522613065,5684,goodH,0.821364305356277,0.569984993146048,0.284992496573024,FALSE,FALSE
snp_2858,0.0775431078461382,-0.00269374178303187,-0.000104525814486827,0.0388032049490583,0.00522569761502724,0.000202798763140995,0.0388079789687445,0.0404040404040404,5688,lowH,NA,NA,NA,FALSE,FALSE
snp_2860,0.0436239761368413,0.0016920044154204,3.69644958952278e-05,0.0218465717691662,0.00948719695919642,0.000207286740214949,0.0218491026492303,0.0223097112860892,5692,lowH,NA,NA,NA,FALSE,FALSE
snp_2862,0.123992919921875,-0.00269762060415419,-0.000167393353168744,0.0620522222105537,0.00571693071109199,0.00035479266509074,0.062059990407505,0.06640625,5696,goodH,0.852801777383794,0.688695433962675,0.655652283018662,FALSE,FALSE
snp_2864,0.168644731193657,-0.000870771744660941,-7.35082989951323e-05,0.0844174141453737,0.00691839347072586,0.00058409414340726,0.084426268306185,0.092964824120603,5700,goodH,0.849781367212677,0.880129164359675,0.559935417820162,FALSE,FALSE
snp_2866,0.238417852766519,-0.00578566272910855,-0.000689868651956379,0.119237619656871,0.00201676620397324,0.000240503681296885,0.119252137815017,0.138349514563107,5704,goodH,0.862635827559654,0.121971354861911,0.939014322569045,FALSE,FALSE
snp_2868,0.111495198902606,0.00818207956107959,0.000457324192129468,0.0558933934479031,0.0151272895386948,0.00084560576435687,0.0558993573960395,0.0592592592592593,5708,goodH,0.694518491911557,0.291697766602854,0.145848883301427,FALSE,FALSE
snp_2870,0.0190913049789518,-0.00257961252907255,-2.46423387146734e-05,0.00955272872842381,0.00472144276678356,4.5107184169907e-05,0.0095536865314235,0.00963855421686747,5712,lowH,NA,NA,NA,FALSE,FALSE
snp_2872,0.157403797225765,0.00748264226351407,0.000590685615967956,0.0789407798964523,0.017781851920455,0.00140391174265077,0.0789519420660462,0.0861182519280206,5716,goodH,0.625388273971262,0.17785888708966,0.0889294435448298,FALSE,FALSE
snp_2874,0.0328606075825564,0.00706260980735089,0.000116355838839392,0.0164749068705858,0.0158784144242466,0.000261627059847245,0.0164769008326005,0.0167095115681234,5720,lowH,NA,NA,NA,FALSE,FALSE
snp_2876,0.257333747464001,0.00380905943525984,0.000491174811869734,0.128949106785525,0.012995360877018,0.00167595150792795,0.128965368779549,0.848329048843188,5724,goodH,0.797483515033524,0.427009185134696,0.213504592567348,FALSE,FALSE
snp_2878,0.304888283846921,0.00105733548258012,0.000161454933201885,0.152699815585401,0.0100963973293578,0.00154190931503454,0.1527187634099,0.812339331619537,5728,goodH,0.843330227695123,0.695284645689095,0.347642322844548,FALSE,FALSE
snp_2880,0.0255711562726517,-0.00913702400058635,-0.00011684575349973,0.0127881631362938,0.00197432934399107,2.52518085608871e-05,0.0127900690114046,0.0129533678756477,5732,lowH,NA,NA,NA,FALSE,FALSE
snp_2882,0.375655306866169,-0.00123667856516827,-0.000232554914455477,0.188047986765126,0.00722440711095341,0.00135868835693098,0.188069184926052,0.250656167979003,5736,goodH,0.849781367212677,0.926689597126849,0.536655201436575,FALSE,FALSE
snp_2884,0.0334523450563307,-0.00132004879385426,-2.21027298866598e-05,0.0167438734004101,0.00652539061870989,0.000109271180333617,0.016745538576696,0.0170157068062827,5740,lowH,NA,NA,NA,FALSE,FALSE
snp_2886,0.025835366355089,0.00302363897888964,3.91297698565211e-05,0.0129412837080472,0.0108433040112474,0.000140340942087632,0.0129426364825759,0.0130890052356021,5744,lowH,NA,NA,NA,FALSE,FALSE
snp_2888,0.0483778606439473,0.000939314806669165,2.27537856517693e-05,0.0242238123898577,0.00868446548298373,0.00021039518901224,0.0242266135347635,0.0248041775456919,5748,lowH,NA,NA,NA,FALSE,FALSE
snp_2890,0.187062424585347,0.00734231487656793,0.000688524611605843,0.0937748684414479,0.0151567340187431,0.00142148658039859,0.0937858102306704,0.10443864229765,5752,goodH,0.694518491911557,0.290134525505044,0.145067262752522,FALSE,FALSE
snp_2892,0.119753355739012,-0.00428066545506541,-0.00025647434504724,0.0599145968633797,0.00423857292802296,0.000253984333123221,0.0599221335662353,0.0639686684073107,5756,goodH,0.852801777383794,0.444564340809292,0.777717829595354,FALSE,FALSE
snp_2894,0.0631437940131843,-0.000329347360049029,-1.04140420172603e-05,0.0316202383274303,0.00933859994182974,0.000295330912045412,0.0316247525201885,0.0326370757180157,5760,lowH,NA,NA,NA,FALSE,FALSE
snp_2896,0.274867236125408,0.00281120180003284,0.000387096300424692,0.137697799005454,0.0114296193311783,0.00157403372511608,0.137715323626076,0.164490861618799,5764,goodH,0.821364305356277,0.558451504526026,0.279225752263013,FALSE,FALSE
snp_2898,0.498480996961994,-0.00777394266748839,-0.0019374330590683,0.249221423663296,0.000258618031597739,6.44610782105266e-05,0.249252064182404,0.47244094488189,5767,goodH,0.872010515555737,0.00171906066859181,0.999140469665704,FALSE,FALSE
snp_2900,0.350251231405163,-0.00133954055227946,-0.000234801713707903,0.17528525979176,0.00565273986753309,0.00099093746759821,0.175302152729463,0.22636815920398,5771,goodH,0.852801777383794,0.678172492341841,0.66091375382908,FALSE,FALSE
snp_2902,0.361899941392722,0.00861576968426206,0.00156343050879941,0.181461502116896,0.016397985592942,0.00297594032839484,0.1814820675093,0.237226277372263,5775,goodH,0.643540974224351,0.230762895167377,0.115381447583688,FALSE,FALSE
snp_2904,0.0283812121378253,-0.000901602562422027,-1.28119043429732e-05,0.0142101463293935,0.00842881971458858,0.000119789240610177,0.0142118641359532,0.0143979057591623,5779,lowH,NA,NA,NA,FALSE,FALSE
snp_2906,0.0303725193462905,0.00678564050701201,0.000103302881816721,0.0152237481060147,0.0143984691113183,0.000219222449658988,0.0152253998646747,0.0154241645244216,5783,lowH,NA,NA,NA,FALSE,FALSE
snp_2908,0.169921875,0.00726132979491345,0.000618508182234157,0.085178362600666,0.0148894171878838,0.00126839938836132,0.0851879809905167,0.90625,5787,goodH,0.707525044162601,0.304608150592109,0.152304075296054,FALSE,FALSE
snp_2910,0.144884665769187,-0.00584734112638538,-0.000423667463197212,0.0724547198530058,0.00159820031998042,0.000115810615401563,0.0724631411680493,0.921375921375921,5791,goodH,0.866426285263235,0.0779836480973518,0.961008175951324,FALSE,FALSE
snp_2912,0.0335386226328009,0.00480197280409152,8.07156963570742e-05,0.0168088616179376,0.0138630448597586,0.000233057679309304,0.0168114351260465,0.0170603674540682,5795,lowH,NA,NA,NA,FALSE,FALSE
snp_2914,0.0365408555907649,-0.00553801955275981,-0.000101213791945942,0.0182761709274759,0.00252398491171811,4.61354256752518e-05,0.0182788040693345,0.0186170212765957,5799,lowH,NA,NA,NA,FALSE,FALSE
snp_2916,0.14934844330122,-0.00220506212228784,-0.000164802710339979,0.0747383525725753,0.00540473065471467,0.000403983037237477,0.0747461923722458,0.0812807881773399,5803,goodH,0.852801777383794,0.637340069038734,0.681329965480633,FALSE,FALSE
snp_2918,0.0615491299071622,-0.00256425884837811,-7.89714301932108e-05,0.030796980672665,0.00468899443346087,0.000144423694187777,0.0308005684880246,0.0317848410757946,5807,lowH,NA,NA,NA,FALSE,FALSE
snp_2920,0.301783264746228,-0.00499824254694213,-0.000754703838636216,0.150993840644635,0.00455458481676911,0.000687808166964823,0.151014460073824,0.185185185185185,5811,goodH,0.852801777383794,0.496526352902141,0.751736823548929,FALSE,FALSE
snp_2922,0.0513780884287913,0.0101287278160489,0.000261033864292562,0.0257716338155474,0.0186248110195218,0.000480049974498401,0.025774756801303,0.0263852242744063,5815,lowH,NA,NA,NA,FALSE,FALSE
snp_2924,0.02955,-0.00286247491574121,-4.23417450909656e-05,0.0147920056375417,0.00725918651368908,0.000107394047451935,0.0147942262193451,0.015,5819,lowH,NA,NA,NA,FALSE,FALSE
snp_2926,0.156157049375372,-0.00326870247839627,-0.000255361103294371,0.0781230794121278,0.00374218578267415,0.00029237921992954,0.0781305998444062,0.0853658536585366,5823,goodH,0.852938297158161,0.364464566500211,0.817767716749894,FALSE,FALSE
snp_2928,0.0314309171803031,0.00651203560362147,0.000102581060747815,0.0157525337685143,0.0137811814357441,0.00021710968810889,0.0157540693532831,0.015970515970516,5827,lowH,NA,NA,NA,FALSE,FALSE
snp_2930,0.0609723924042469,0.007995707463683,0.000244389044015984,0.0305650306900314,0.0150217372354458,0.000459184143516818,0.0305679786778131,0.0314769975786925,5831,lowH,NA,NA,NA,FALSE,FALSE
snp_2932,0.0304495695610585,-0.00590875653728465,-8.99998001635488e-05,0.0152315973074274,0.00323495836879787,4.92800095525078e-05,0.0152335838469602,0.0154639175257732,5835,lowH,NA,NA,NA,FALSE,FALSE
snp_2934,0.0341360392589081,0.0010236337646633,1.74959082212075e-05,0.0170919608410555,0.00843612962634874,0.000144205199757914,0.0170937629155809,0.0173697270471464,5839,lowH,NA,NA,NA,FALSE,FALSE
snp_2936,0.0410076478166717,0.0120367008295221,0.000247638991215943,0.0205736600687596,0.0196604536745242,0.000404528819496307,0.0205757621972118,0.0209424083769634,5843,lowH,NA,NA,NA,FALSE,FALSE
snp_2938,0.025835366355089,-0.00289674665281198,-3.74586286707007e-05,0.0129312753789974,0.00661992592219205,8.56147469471212e-05,0.0129328859496923,0.0130890052356021,5847,lowH,NA,NA,NA,FALSE,FALSE
snp_2940,0.48073581042574,-0.000480824300331192,-0.00011570527326459,0.240639404424634,0.00690153207128409,0.00166094691514409,0.240663507463069,0.401856763925729,5851,goodH,0.849781367212677,0.877533826773024,0.561233086613488,FALSE,FALSE
snp_2942,0.0930929985162789,0.0138630775846108,0.00064766690119949,0.0467188398280664,0.0212997339864681,0.00099519832906855,0.0467235097725074,0.0489417989417989,5855,lowH,NA,NA,NA,FALSE,FALSE
snp_2944,0.0338064220128103,-0.000521671604192445,-8.82778183373625e-06,0.0169221053298498,0.00684049195122395,0.000115767656614454,0.0169238787853175,0.0171990171990172,5859,lowH,NA,NA,NA,FALSE,FALSE
snp_2946,0.496276636862583,-0.00111919069956441,-0.000278025958070851,0.248416966097966,0.00693288770778331,0.00172245377536286,0.248446801385392,0.456852791878173,5863,goodH,0.849781367212677,0.882357718924929,0.558821140537536,FALSE,FALSE
snp_2948,0.251075781390915,-0.00633104903103548,-0.000794957193693475,0.125564845540843,0.00188238939328663,0.000236390887564567,0.125580227134531,0.147208121827411,5867,goodH,0.864453405348127,0.106999067860753,0.946500466069624,FALSE,FALSE
snp_2950,0.111260168780275,0.00338349258888542,0.000188597514468198,0.0557404839862012,0.0117602432533484,0.000655600082348493,0.0557471532029602,0.0591259640102828,5871,goodH,0.818536979333971,0.528171756138656,0.264085878069328,FALSE,FALSE
snp_2952,0.0808373833242848,-0.00190593018977818,-7.71038431952042e-05,0.0404547047991185,0.00556149899964826,0.000225010624825436,0.0404586290206411,0.0421994884910486,5875,lowH,NA,NA,NA,FALSE,FALSE
snp_2954,0.0291906721536352,0.000534995991548537,7.81870684602049e-06,0.0146145148179323,0.00794534831580603,0.000116130566048607,0.0146161705481915,0.0148148148148148,5879,lowH,NA,NA,NA,FALSE,FALSE
snp_2956,0.0215543269879053,0.00655846848246669,7.0848651868729e-05,0.0108026213830462,0.0137675008596165,0.000148740647084901,0.0108037507025835,0.0108958837772397,5883,lowH,NA,NA,NA,FALSE,FALSE
snp_2958,0.0355755093467758,0.0135586525210498,0.000242044579599716,0.0178516691997189,0.0206010507916596,0.000367800617817206,0.0178534882291592,0.0181159420289855,5887,lowH,NA,NA,NA,FALSE,FALSE
snp_2960,0.0586260936875431,0.0106388540441782,0.00031282667793558,0.0294041704714206,0.0179270797520055,0.000527186583296199,0.0294072760644255,0.0302267002518892,5891,lowH,NA,NA,NA,FALSE,FALSE
snp_2962,0.0755849158700301,0.00114369635881101,4.3284570889408e-05,0.0378462085289898,0.00854450693889727,0.000323411297657427,0.0378502001309353,0.0393401015228426,5895,lowH,NA,NA,NA,FALSE,FALSE
snp_2964,0.067840576171875,-0.00689876299808339,-0.000234067651709965,0.0339289307046775,0.00204424311289701,6.93663529372434e-05,0.0339325359589645,0.03515625,5899,lowH,NA,NA,NA,FALSE,FALSE
snp_2966,0.0025542742394411,-0.00186106307008887,-2.37907339456448e-06,0.00127834109053106,0.00599414007406801,7.66376274335413e-06,0.00127854248460247,0.00127877237851662,5903,lowH,NA,NA,NA,FALSE,FALSE
snp_2968,0.0472536041132914,0.00634287858907324,0.000150207429785954,0.0236812714726581,0.0134508487451432,0.000318565268679901,0.0236836555607636,0.0242130750605327,5907,lowH,NA,NA,NA,FALSE,FALSE
snp_2970,0.0292618370747966,-0.000822922183255549,-1.20530620139695e-05,0.0146466607161889,0.00662342235623092,9.70219796580713e-05,0.0146483153934459,0.0148514851485149,5911,lowH,NA,NA,NA,FALSE,FALSE
snp_2972,0.0796743204548036,0.0204391533491977,0.000818139742077046,0.0400280641814922,0.0272854302353441,0.00109228709751575,0.0400318810476684,0.0415647921760391,5915,lowH,NA,NA,NA,FALSE,FALSE
snp_2974,0.102028066128412,0.00169454114279146,8.65713813709815e-05,0.0510883915325717,0.00871178731627321,0.000445114749175066,0.051093390255707,0.053921568627451,5919,goodH,0.849781367212677,0.863475543162194,0.431737771581097,FALSE,FALSE
snp_2976,0.0568116336136848,0.00864770993907047,0.000246325738431199,0.0284845051657314,0.0160476915180021,0.000457160169708954,0.0284875970600579,0.0292620865139949,5923,lowH,NA,NA,NA,FALSE,FALSE
snp_2978,0.200246622715468,-0.00485506128021618,-0.000486307682133585,0.100165096600373,0.00305911960721987,0.000306458941559803,0.100178803351306,0.112860892388451,5927,goodH,0.856150345910198,0.259721039257718,0.870139480371141,FALSE,FALSE
snp_2980,0.0384960664455469,0.00133599588338795,2.5759113777243e-05,0.0192808331953243,0.0102441486077522,0.000197546275225331,0.019283815843499,0.980366492146597,5931,lowH,NA,NA,NA,FALSE,FALSE
snp_2982,0.0026212274646773,-0.00210592534780777,-2.76264037796244e-06,0.00131184155261643,0.00593693140117295,7.78939956192417e-06,0.00131202451832023,0.00131233595800525,5935,lowH,NA,NA,NA,FALSE,FALSE
snp_2984,0.0145977508650519,0.0160429797820144,0.000117619912605873,0.00733155026086458,0.0257313130495989,0.000188676485644498,0.00733256345219582,0.00735294117647059,5939,lowH,NA,NA,NA,FALSE,FALSE
snp_2986,0.388728576689265,-0.00320155875040656,-0.000622737677723322,0.19451077624118,0.00485718196116599,0.000944881508916758,0.194532862155721,0.264127764127764,5943,goodH,0.852801777383794,0.546627599140142,0.726686200429929,FALSE,FALSE
snp_2988,0.0880125123599977,0.00676982860607154,0.000298689821111129,0.0441207360616557,0.0151973830348651,0.000670601757806863,0.0441261338395169,0.0461346633416459,5947,lowH,NA,NA,NA,FALSE,FALSE
snp_2990,0.140414744329104,-0.00350853787419404,-0.000246503462570194,0.0702581734640157,0.00469195437959931,0.000329685328838712,0.0702660985520637,0.0759803921568627,5951,goodH,0.852801777383794,0.519245197512464,0.740377401243768,FALSE,FALSE
snp_2992,0.00760445195501425,0.0131188991037484,5.01027981038964e-05,0.00381913129353825,0.0258156184066687,9.86107249302182e-05,0.00381980874433537,0.00381679389312977,5955,lowH,NA,NA,NA,FALSE,FALSE
snp_2994,0.0401840894148586,-0.00748969767618167,-0.000150474040498817,0.0200908029942713,0.000265379068807146,5.33226055748376e-06,0.0200929959602759,0.0205128205128205,5959,lowH,NA,NA,NA,FALSE,FALSE
snp_2996,0.0194156093810072,-0.0057641368129501,-5.5967698912165e-05,0.00970964096244631,0.00172341411900414,1.6735764626864e-05,0.00971082019249939,0.00980392156862745,5963,lowH,NA,NA,NA,FALSE,FALSE
snp_2998,0.221949892695524,0.00387372172405458,0.000430725363450272,0.111191612132489,0.0115075636064923,0.00127969654686729,0.111204820640341,0.127139364303178,5967,goodH,0.821364305356277,0.551186265473972,0.275593132736986,FALSE,FALSE
snp_3000,0.0780547116649788,-0.00426969799331643,-0.000166777746401178,0.0390607829083565,0.00561126403360171,0.000219213481182506,0.0390666844172363,0.0406824146981627,5971,lowH,NA,NA,NA,FALSE,FALSE
snp_3002,0.0994757545070646,0.000414034502051848,2.0624595571996e-05,0.0498137123108963,0.00923624532435804,0.000460153735565052,0.0498204323732636,0.05249343832021,5975,lowH,NA,NA,NA,FALSE,FALSE
snp_3004,0.00507610926584179,-0.00255536349719755,-6.49096705942866e-06,0.00254013453136795,0.005219750219962,1.32604101424596e-05,0.00254043001746474,0.00254452926208651,5979,lowH,NA,NA,NA,FALSE,FALSE
snp_3006,0.0757693478106043,0.00597062534715129,0.000226750301861536,0.037977647009743,0.014365809794838,0.000545648189818716,0.0379824178108483,0.039440203562341,5983,lowH,NA,NA,NA,FALSE,FALSE
snp_3008,0.0612882550873257,0.00681403333736326,0.000209319289601403,0.0307188531722682,0.0141871012486459,0.000435860444070842,0.0307223044674079,0.0316455696202532,5987,lowH,NA,NA,NA,FALSE,FALSE
snp_3010,0.0611385317824711,0.000932515035349248,2.85459422502913e-05,0.0306117769346209,0.00837557149997375,0.000256421504963307,0.0306154039714318,0.0315656565656566,5991,lowH,NA,NA,NA,FALSE,FALSE
snp_3012,0.416322314049587,0.00399007632451275,0.000832149788992343,0.208554854923474,0.0111211723190785,0.00231963778406445,0.208578530887889,0.295454545454545,5995,goodH,0.833704957198235,0.587981390866123,0.293990695433062,FALSE,FALSE
snp_3014,0.142176181001939,0.00633653893050053,0.000451603567441316,0.0712697534718126,0.0149435635745094,0.00106516245119878,0.0712790122575394,0.077020202020202,5999,goodH,0.706888224458564,0.301624938561085,0.150812469280542,FALSE,FALSE
snp_3016,0.0779200700868357,0.00136049043529892,5.30953461681709e-05,0.0390266221581374,0.0102687104864113,0.000400808930427472,0.0390320606426551,0.0406091370558376,6003,lowH,NA,NA,NA,FALSE,FALSE
snp_3018,0.42922262523282,-0.00319564647874571,-0.0006862631145644,0.214749384554501,0.00419071699337356,0.000900048779727564,0.214772026159423,0.311881188118812,6007,goodH,0.852801777383794,0.436746720609785,0.781626639695108,FALSE,FALSE
snp_3020,0.498768541152276,0.00608025374230722,0.00151995179347537,0.249981638578559,0.0140090466583453,0.00350240885932183,0.250010507120085,0.524813895781638,6011,goodH,0.763501067907148,0.356969733357541,0.178484866678771,FALSE,FALSE
snp_3022,0.0248099795459711,0.00204464188378317,2.54109471655077e-05,0.012428067412221,0.01112340655322,0.000138260584091012,0.0124296979913036,0.0125628140703518,6015,lowH,NA,NA,NA,FALSE,FALSE
snp_3024,0.0248099795459711,0.00114590551163612,1.42355546003991e-05,0.0124229741945072,0.00871850291029248,0.000108324709140073,0.0124246915158097,0.0125628140703518,6019,lowH,NA,NA,NA,FALSE,FALSE
snp_3026,0.0249959942316935,0.001968093017515,2.46366405454018e-05,0.0125180264988233,0.00956444643313883,0.000119742061763266,0.0125194973488883,0.0126582278481013,6023,lowH,NA,NA,NA,FALSE,FALSE
snp_3028,0.0291906721536352,0.00344673252956344,5.03981066308213e-05,0.0146219952370962,0.0108042074600822,0.000157994850647023,0.0146234558370671,0.0148148148148148,6027,lowH,NA,NA,NA,FALSE,FALSE
snp_3030,0.0275981068184321,0.0099213540178573,0.000137319769813409,0.0138408295446619,0.0174363327484011,0.000241362253332107,0.0138424895197209,0.0139949109414758,6031,lowH,NA,NA,NA,FALSE,FALSE
snp_3032,0.00784301568603141,0.00515141277133362,2.02461133258665e-05,0.00393020598903106,0.0130359051202072,5.12392548404509e-05,0.00393062502127482,0.00393700787401575,6035,lowH,NA,NA,NA,FALSE,FALSE
snp_3034,0.0243865264441396,-0.00178993836394854,-2.18449885047984e-05,0.0122043244308195,0.0056576427098365,6.90546130890363e-05,0.0122055450707371,0.0123456790123457,6039,lowH,NA,NA,NA,FALSE,FALSE
snp_3036,0.105188271110399,-0.000760685222013406,-4.00524082930506e-05,0.0526530648078565,0.00688550405267572,0.000362584316998533,0.0526590811979308,0.0556962025316456,6043,goodH,0.849781367212677,0.875063965131235,0.562468017434383,FALSE,FALSE
snp_3038,0.438971318698926,-0.0020042392609768,-0.000440298627782438,0.219683665695607,0.00567174796330662,0.00124613330852742,0.219708865166309,0.325316455696203,6047,goodH,0.852801777383794,0.681290716904223,0.659354641547888,FALSE,FALSE
snp_3040,0.0486315383610798,0.00353609479635132,8.61412382905613e-05,0.0243605568435114,0.01088759193508,0.000265254708298339,0.0243630281039175,0.0249376558603491,6051,lowH,NA,NA,NA,FALSE,FALSE
snp_3042,0.0275981068184321,-0.00109834944319538,-1.51722967572832e-05,0.0138137246313369,0.00656195650989105,9.06551038994583e-05,0.0138152552158508,0.0139949109414758,6055,lowH,NA,NA,NA,FALSE,FALSE
snp_3044,0.208641687547346,-0.00190406664943027,-0.00019882855296494,0.104423105685105,0.00618741322556615,0.000646201668969239,0.104438098024415,0.118320610687023,6059,goodH,0.852801777383794,0.76505915418616,0.61747042290692,FALSE,FALSE
snp_3046,0.0239199385585893,0.0114997514109117,0.000137980720286616,0.0119985828698602,0.0186258799248299,0.000223505713075484,0.0119997398231657,0.0121065375302663,6063,lowH,NA,NA,NA,FALSE,FALSE
snp_3048,0.0331659166787632,-0.00439508491786434,-7.29263628972204e-05,0.0165927085050854,0.00394150558770328,6.54077406072941e-05,0.016594608114055,0.0168674698795181,6067,lowH,NA,NA,NA,FALSE,FALSE
snp_3050,0.12152692272513,-0.00245673485097978,-0.000149460068390436,0.0608368739226494,0.00757619029757033,0.000460981583472456,0.0608460935333544,0.0649867374005305,6071,goodH,0.849781367212677,0.978873775183162,0.510563112408419,FALSE,FALSE
snp_3052,0.00244199879245111,2.2149375281778e-05,2.70775816037102e-08,0.00122249866008575,0.00745960395193364,9.12030023707432e-06,0.00122262526212403,0.00122249388753056,6075,lowH,NA,NA,NA,FALSE,FALSE
snp_3054,0.021762782384132,0.00129133747013258,1.40756495644315e-05,0.0109000550901589,0.0103080192350368,0.000112372084571092,0.0109014236400667,0.0110024449877751,6079,lowH,NA,NA,NA,FALSE,FALSE
snp_3056,0.212513515788383,0.0133345649066916,0.00142200927959139,0.106640845767513,0.0205960747659309,0.00219665449204487,0.106654035635882,0.120865139949109,6083,goodH,0.530595716350412,0.103259654197974,0.0516298270989869,FALSE,FALSE
snp_3058,0.0615899099379085,0.000461246048181457,1.42227462505235e-05,0.0308354864103426,0.00797430232942432,0.000245922950967247,0.0308394315650433,0.0318066157760814,6087,lowH,NA,NA,NA,FALSE,FALSE
snp_3060,0.168884709496043,-0.000724118696745529,-6.12156101614323e-05,0.0845380880739015,0.00698794776907747,0.000590825858960621,0.0845492666065849,0.0931122448979592,6091,goodH,0.849781367212677,0.890802844834035,0.554598577582982,FALSE,FALSE
snp_3062,0.0663422877454694,0.0160385661377336,0.000534203682675698,0.0333074464442858,0.0233090464074409,0.000776460962597319,0.0333115713540925,0.0343511450381679,6095,lowH,NA,NA,NA,FALSE,FALSE
snp_3064,0.174817898022893,0.00892555657180083,0.000782461695146821,0.0876653112724544,0.0170470388897166,0.00149459926947958,0.0876750079089208,0.0967741935483871,6099,goodH,0.637735236730722,0.204362302459592,0.102181151229796,FALSE,FALSE
snp_3066,0.100771370453877,-0.00474240998084047,-0.000239059032232225,0.0504087654163248,0.00317643770971828,0.000160137525659381,0.0504141873046785,0.0532178217821782,6103,goodH,0.856150345910198,0.277100040092271,0.861449979953864,FALSE,FALSE
snp_3068,0.0220290902852662,-0.00166644858555913,-1.83774192026381e-05,0.0110278945068516,0.00749979666525729,8.27172641793628e-05,0.0110292675750197,0.0111386138613861,6107,lowH,NA,NA,NA,FALSE,FALSE
snp_3070,0.0304495695610585,0.00404121553356465,6.16633243847103e-05,0.0152586081768123,0.0130837935421964,0.00019967510038846,0.015261254294826,0.0154639175257732,6111,lowH,NA,NA,NA,FALSE,FALSE
snp_3072,0.0873740746116998,0.00731285342553019,0.000320320749000703,0.0438024298261495,0.0154121513067201,0.000675165080259862,0.0438073223408774,0.0457831325301205,6115,lowH,NA,NA,NA,FALSE,FALSE
snp_3074,0.209658708540298,0.00491963204842719,0.000516912255542925,0.105071324532936,0.0135755639874431,0.00142658853927933,0.105085029292254,0.118987341772152,6119,goodH,0.784876600415121,0.385577465380966,0.192788732690483,FALSE,FALSE
snp_3076,0.499947671718526,-0.00139779305275244,-0.00034977869820268,0.250236397665533,0.00652092738873356,0.00163196943511501,0.250266463315421,0.505115089514066,6123,goodH,0.849781367212677,0.818178193853171,0.590910903073414,FALSE,FALSE
snp_3078,0.0790732277606547,-0.00166920788399867,-6.61014741099124e-05,0.0396005043731061,0.00995266674514398,0.000394193480660066,0.03960682003669,0.958762886597938,6127,lowH,NA,NA,NA,FALSE,FALSE
snp_3080,0.0179242700425322,-0.00230123602727673,-2.0642095989843e-05,0.00897000383496986,0.00553017559185139,4.96110675629674e-05,0.00897097510539599,0.00904392764857881,6131,lowH,NA,NA,NA,FALSE,FALSE
snp_3082,0.289627465303141,-0.00138931884220224,-0.000201375501389171,0.144945490748521,0.00567504010039255,0.000822663368744116,0.144961683827963,0.175675675675676,6135,goodH,0.852801777383794,0.681830598861817,0.659084700569091,FALSE,FALSE
snp_3084,0.0478181468665899,0.00336574716606057,8.06265139677318e-05,0.023955012064112,0.0113711692481458,0.000272429545210279,0.0239579184220393,0.0245098039215686,6139,lowH,NA,NA,NA,FALSE,FALSE
snp_3086,0.0381716897247826,-0.00147446064542725,-2.81676040942353e-05,0.0191036662671137,0.00581764950220399,0.000111150649626264,0.019105765925595,0.0194647201946472,6143,lowH,NA,NA,NA,FALSE,FALSE
snp_3088,0.0344721452754695,-0.00313494874241206,-5.40709456883703e-05,0.0172477925896701,0.00440970581013755,7.60659249567624e-05,0.0172496597804536,0.0175438596491228,6147,lowH,NA,NA,NA,FALSE,FALSE
snp_3090,0.0436675307402914,-0.0040340721884343,-8.81234165098871e-05,0.0218447792685856,0.00340645755849046,7.4420967325187e-05,0.0218470261400133,0.0223325062034739,6151,lowH,NA,NA,NA,FALSE,FALSE
snp_3092,0.0503441967296303,-0.00270117823271437,-6.80474416018474e-05,0.025191762904689,0.00501238206773741,0.000126285862053014,0.0251947797167863,0.0258397932816537,6155,lowH,NA,NA,NA,FALSE,FALSE
snp_3094,0.0591469721168798,0.00800879816510475,0.000237487364045724,0.0296533086675206,0.0157130035193248,0.000465991011339078,0.0296563932392667,0.0305039787798408,6159,lowH,NA,NA,NA,FALSE,FALSE
snp_3096,0.107816671698605,0.0154857938331054,0.000838065726197597,0.054118357459079,0.0222435445681015,0.00120390373043033,0.0541237358436476,0.0571776155717762,6163,goodH,0.530595716350412,0.0745479725672225,0.0372739862836112,FALSE,FALSE
snp_3098,0.49206653405674,0.00178323386176065,0.000439408533711777,0.246411053050515,0.00917298762266977,0.00226059749754176,0.246440700732552,0.437017994858612,6167,goodH,0.849781367212677,0.80446334323541,0.402231671617705,FALSE,FALSE
snp_3100,0.0101778507466592,0.0395138571134322,0.00020289822230685,0.00513486247936747,0.0506043400278205,0.000259893706414437,0.00513579875306261,0.0051150895140665,6171,lowH,NA,NA,NA,FALSE,FALSE
snp_3102,0.182047994740302,0.0015915442918264,0.000145101037300957,0.091169964949228,0.00960600953029622,0.000875884006197178,0.0911808387691833,0.101282051282051,6175,goodH,0.843330227695123,0.751773014991288,0.375886507495644,FALSE,FALSE
snp_3104,0.26334207651703,0.00216304485986821,0.000285288081588781,0.131891893174219,0.0100019601912906,0.00131933031422547,0.131907175092969,0.843989769820972,6179,goodH,0.843330227695123,0.705901107392447,0.352950553696224,FALSE,FALSE
snp_3106,0.0692058376629743,-0.00550866709802801,-0.000190656812112342,0.0346103347179199,0.001840891036621,6.37213100162306e-05,0.0346143844196191,0.0358910891089109,6183,lowH,NA,NA,NA,FALSE,FALSE
snp_3108,0.0507514977618235,-0.00634995842846638,-0.000161147931221637,0.02537779310479,0.00110918461946469,2.81520101176287e-05,0.0253808154419012,0.0260545905707196,6187,lowH,NA,NA,NA,FALSE,FALSE
snp_3110,0.375,0.00213760045188976,0.000401468076617116,0.187812496138928,0.00993602164825813,0.00186634074326785,0.187835816923269,0.25,6191,goodH,0.843330227695123,0.713387691115335,0.356693845557668,FALSE,FALSE
snp_3112,0.196433172717668,0.00854984895421909,0.000842091239753326,0.0984919434556537,0.0162139255956037,0.00159713592700057,0.0985039630028664,0.889593908629442,6195,goodH,0.650031368870483,0.23880099761663,0.119400498808315,FALSE,FALSE
snp_3114,0.0550456211021866,-0.00520616180475528,-0.000143359741060046,0.0275365511938376,0.00349554003382062,9.62672234234174e-05,0.027540014559123,0.0283251231527094,6199,lowH,NA,NA,NA,FALSE,FALSE
snp_3116,0.0372536452491588,0.0011065934007152,2.06420178976661e-05,0.0186536607613284,0.00866217975156001,0.000161599832712321,0.0186557930390694,0.0189873417721519,6203,lowH,NA,NA,NA,FALSE,FALSE
snp_3118,0.0736137783874411,0.00153721890351894,5.66629490971351e-05,0.0368606897608561,0.00874908003639209,0.000322533160093731,0.0368648085001101,0.0382716049382716,6207,lowH,NA,NA,NA,FALSE,FALSE
snp_3120,0.0435123763054739,0.0126748433527391,0.000276824541056804,0.0218404703989481,0.0222247048874239,0.000485477760721544,0.0218440588156587,0.0222513089005236,6211,lowH,NA,NA,NA,FALSE,FALSE
snp_3122,0.0232826676900306,0.00942783045820925,0.000110080249785037,0.0116760956057695,0.0171927206334369,0.000200770306083602,0.0116776344107598,0.0117801047120419,6215,lowH,NA,NA,NA,FALSE,FALSE
snp_3124,0.0099499999999999,0.00664421799717155,3.31558553287688e-05,0.00499018174040696,0.0179431169255967,8.95536323724048e-05,0.00499097412917443,0.005,6219,lowH,NA,NA,NA,FALSE,FALSE
snp_3126,0.177996875,-0.00145412339165486,-0.000129535014444181,0.0890811709567264,0.00577560552793567,0.000514549969142775,0.0890902203507458,0.09875,6223,goodH,0.852801777383794,0.698295020530196,0.650852489734902,FALSE,FALSE
snp_3128,0.0511156577868712,-0.00488206941515494,-0.000124842716541194,0.0255716799424558,0.00381801381924943,9.76476162486891e-05,0.0255755009990732,0.026246719160105,6227,lowH,NA,NA,NA,FALSE,FALSE
snp_3130,0.0875967464857244,-0.00151141637555724,-6.62582151720013e-05,0.0438384923198761,0.00571189536297655,0.000250427997082875,0.0438432396199171,0.0459057071960298,6231,lowH,NA,NA,NA,FALSE,FALSE
snp_3132,0.033712519406019,0.00531063383055249,8.97179285184499e-05,0.0168940151742897,0.0131345726645469,0.000221920981188399,0.0168959422476996,0.0171503957783641,6235,lowH,NA,NA,NA,FALSE,FALSE
snp_3134,0.0923974070170361,-0.000696059450148526,-3.21980576516308e-05,0.0462576259035924,0.00780860906789366,0.000361250473971805,0.0462631015115284,0.0485564304461942,6239,lowH,NA,NA,NA,FALSE,FALSE
snp_3136,0.0610081220162439,0.013975432619636,0.000427899357657599,0.0306179686385082,0.0215003211980081,0.000658361268395092,0.0306209968833435,0.031496062992126,6243,lowH,NA,NA,NA,FALSE,FALSE
snp_3138,0.0440952004070325,0.00773310784670461,0.000170938994426962,0.0221048248408699,0.0150851739813601,0.000333490052431012,0.0221071399536451,0.0225563909774436,6247,lowH,NA,NA,NA,FALSE,FALSE
snp_3140,0.00786357340720212,0.0135336419326202,5.34561533817975e-05,0.00394987200399857,0.0266671238561062,0.000105352028459153,0.00395063333517422,0.00394736842105263,6251,lowH,NA,NA,NA,FALSE,FALSE
snp_3142,0.299942822107866,-0.00528465466553783,-0.000792998929362735,0.150056906184244,0.00392987429115056,0.000589782830608916,0.150076767579312,0.183727034120735,6255,goodH,0.852938297158161,0.394464436102103,0.802767781948949,FALSE,FALSE
snp_3144,0.0880125123599977,0.00662498242618237,0.000292231058050141,0.0441104653946288,0.0137725905570819,0.000607582368893746,0.0441153293837903,0.0461346633416459,6259,lowH,NA,NA,NA,FALSE,FALSE
snp_3146,0.0486253194728612,0.0194314613264691,0.000474682724060541,0.0244285654118015,0.0269595020160095,0.000658665256852517,0.0244316551715747,0.0249343832020997,6263,lowH,NA,NA,NA,FALSE,FALSE
snp_3148,0.0358854447163728,0.00375255762571743,6.75006946809653e-05,0.0179879168859027,0.0149667460247845,0.000269262945201098,0.0179907472709971,0.0182767624020888,6267,lowH,NA,NA,NA,FALSE,FALSE
snp_3150,0.0902730704411043,0.0162434985012268,0.000736165300187831,0.0453206124365532,0.0232450182931204,0.00105359006952431,0.0453254136537346,0.0473815461346633,6271,lowH,NA,NA,NA,FALSE,FALSE
snp_3152,0.00729030339083869,0.0120120988779412,4.39678495569928e-05,0.00366029700585753,0.0241897027498278,8.85557508419059e-05,0.00366088627701455,0.00365853658536585,6275,lowH,NA,NA,NA,FALSE,FALSE
snp_3154,0.0493510655343696,0.0035818656791749,8.85499179484132e-05,0.024721730483431,0.0110521397123889,0.000273259088508292,0.0247245416380306,0.0253164556962025,6279,lowH,NA,NA,NA,FALSE,FALSE
snp_3156,0.0025157192799905,0.0126836965611208,1.60104313069376e-05,0.00126228432143467,0.0201775627727803,2.54727296825642e-05,0.0012624284691572,0.00125944584382872,6283,lowH,NA,NA,NA,FALSE,FALSE
snp_3158,0.0025157192799905,0.0126836965611208,1.60104313069376e-05,0.00126228432143467,0.0201775627727803,2.54727296825642e-05,0.0012624284691572,0.00125944584382872,6287,lowH,NA,NA,NA,FALSE,FALSE
snp_3160,0.0273239472365157,0.00521889066175488,7.14552216778962e-05,0.0136916494920146,0.0127199785554496,0.000174177392905811,0.013693214351465,0.0138539042821159,6291,lowH,NA,NA,NA,FALSE,FALSE
snp_3162,0.0230442427984645,-0.0039730217966176,-4.58040982420502e-05,0.0115287810102238,0.0038950345430903,4.49104735784592e-05,0.0115301862105766,0.0116580310880829,6295,lowH,NA,NA,NA,FALSE,FALSE
snp_3164,0.0231033901163771,0.020975623598513,0.000243596308234428,0.0116133047053579,0.0302794656101867,0.000351697628690499,0.011615054017736,0.0116883116883117,6299,lowH,NA,NA,NA,FALSE,FALSE
snp_3166,0.0356116942736717,0.00901228724472507,0.000160964497756599,0.017860560076002,0.0177915628059145,0.000317812346166147,0.0178630932893931,0.0181347150259067,6303,lowH,NA,NA,NA,FALSE,FALSE
snp_3168,0.123561822996588,-0.00404479698062273,-0.000250022017012175,0.0618132425953508,0.00353658320071707,0.000218631440786798,0.0618199624831303,0.0661577608142494,6307,goodH,0.852938297158161,0.332117565441675,0.833941217279162,FALSE,FALSE
snp_3170,0.0710687670363679,0.0182126340265431,0.000650125768936126,0.0356964164540194,0.0259703467312368,0.000927157287232318,0.0357006125804683,0.0368956743002544,6311,lowH,NA,NA,NA,FALSE,FALSE
snp_3172,0.479281186670033,0.0284344514582323,0.00685753879442213,0.24117007512859,0.036008739480775,0.00868522725508451,0.241197758664158,0.601781170483461,6315,goodH,0.161290693512424,0.00424449193453724,0.00212224596726862,FALSE,FALSE
snp_3174,0.030068177845114,-0.000983057648881178,-1.47953578362175e-05,0.015050346084033,0.00667073027346869,0.000100408439425281,0.0150520910468577,0.0152671755725191,6319,lowH,NA,NA,NA,FALSE,FALSE
snp_3176,0.0503441967296303,0.00970380197682527,0.000244991878913425,0.0252469990111626,0.0172264634877573,0.000434962169659058,0.0252496497594055,0.0258397932816537,6323,lowH,NA,NA,NA,FALSE,FALSE
snp_3178,0.0228106508875738,0.010518362272355,0.000120344357384151,0.0114413588606325,0.0181130383186969,0.00020726509830213,0.011442867544104,0.0115384615384615,6327,lowH,NA,NA,NA,FALSE,FALSE
snp_3180,0.0127383300460222,0.000644170853015807,4.10854381426501e-06,0.0063780343289829,0.00842158163494384,5.37203887045005e-05,0.00637889544187251,0.00641025641025641,6331,lowH,NA,NA,NA,FALSE,FALSE
snp_3182,0.04274687584671,-0.0045164224442775,-9.65898824630524e-05,0.0213863702199594,0.0041768827667359,8.93420016821422e-05,0.021389635925061,0.0218508997429306,6335,lowH,NA,NA,NA,FALSE,FALSE
snp_3184,0.157403797225765,0.00469808793461036,0.000370554231185217,0.0788734132572061,0.0127748284535701,0.00100773729307769,0.0788846047318983,0.0861182519280206,6339,goodH,0.80407526067032,0.443743679455109,0.221871839727555,FALSE,FALSE
snp_3186,0.023162841796875,0.00179591057252687,2.08325915106833e-05,0.0116000160750608,0.00960181450982926,0.000111392609721722,0.0116012040857164,0.01171875,6343,lowH,NA,NA,NA,FALSE,FALSE
snp_3188,0.0408967153438897,-0.00103393389795088,-2.11638594221428e-05,0.0204692577195571,0.00631079596766188,0.000129191351045826,0.0204714827904174,0.0208845208845209,6347,lowH,NA,NA,NA,FALSE,FALSE
snp_3190,0.133870448751269,0.00185097351063276,0.000124095518742555,0.0670433790811694,0.00965788732385781,0.000647568278306938,0.067050717883947,0.0721393034825871,6351,goodH,0.843330227695123,0.745637499678993,0.372818749839496,FALSE,FALSE
snp_3192,0.382934443288241,0.0817711143235084,0.0159091497450156,0.194557086284464,0.0894673068191564,0.0174084419337019,0.194578808199628,0.258064516129032,6355,goodH,4.56941372295461e-06,2.40495459102874e-08,1.20247729551437e-08,TRUE,TRUE
snp_3194,0.0783470983236938,-0.00157213451489394,-6.16517818533878e-05,0.0392153351187936,0.00662360233406309,0.000259777423398947,0.0392199607248451,0.0408415841584158,6359,lowH,NA,NA,NA,FALSE,FALSE
snp_3196,0.0407986111111112,0.00804411487853824,0.000164525720813476,0.0204529302847765,0.0152459115630371,0.000311856469017302,0.0204550884168436,0.0208333333333333,6363,lowH,NA,NA,NA,FALSE,FALSE
snp_3198,0.184341608665817,0.059332007427065,0.00553441636794617,0.0932787648344691,0.067003738983291,0.00625073294060773,0.0932893154241213,0.102722772277228,6367,goodH,0.000448971741913903,4.25341650234223e-06,2.12670825117112e-06,TRUE,TRUE
snp_3200,0.0506292275267131,0.004601797425984,0.000116728445093504,0.0253658373648518,0.0118827489678398,0.000301448304335853,0.0253685662426861,0.025990099009901,6371,lowH,NA,NA,NA,FALSE,FALSE
snp_3202,0.0268570483285953,0.000894790329751935,1.20350690146174e-05,0.0134501554324508,0.00971244800534285,0.0001306509546161,0.0134519077522194,0.986386138613861,6375,lowH,NA,NA,NA,FALSE,FALSE
snp_3204,0.246624533180121,0.0100209019847236,0.00123945921297336,0.123687390103491,0.0176092848196021,0.0021782743054169,0.123700327851595,0.144067796610169,6379,goodH,0.627541199194784,0.183779343578591,0.0918896717892953,FALSE,FALSE
snp_3206,0.0191828526871822,-0.00420026697290586,-4.03174759942487e-05,0.00959878889944844,0.00501800364238178,4.81728770131927e-05,0.00960000837909468,0.00968523002421308,6383,lowH,NA,NA,NA,FALSE,FALSE
snp_3208,0.0504711535880158,-0.00315226528315893,-7.96156927315568e-05,0.0252566600777244,0.00540489638219498,0.000136528705619298,0.0252601892737586,0.0259067357512953,6387,lowH,NA,NA,NA,FALSE,FALSE
snp_3210,0.0935998281833068,-0.00297123214746755,-0.000139150995127992,0.0468327576647263,0.00457296719384069,0.000214191047459933,0.0468385270177372,0.0492227979274611,6391,lowH,NA,NA,NA,FALSE,FALSE
snp_3212,0.0715003431036174,0.00186392962895639,6.67373009637617e-05,0.0358046247706936,0.00909322110034192,0.00032561414560164,0.0358084491742312,0.0371287128712871,6395,lowH,NA,NA,NA,FALSE,FALSE
snp_3214,0.0265331986298505,0.00324266325151534,4.30956451514097e-05,0.0132902006186645,0.0105375732774326,0.00014005980906211,0.0132914671504173,0.0134474327628362,6399,lowH,NA,NA,NA,FALSE,FALSE
snp_3218,0.0491088706863188,0.00311940494359898,7.67319843945461e-05,0.024598276203928,0.0105637541936773,0.000259880677619271,0.0246011666737585,0.0251889168765743,6406,lowH,NA,NA,NA,FALSE,FALSE
snp_3220,0.314423484777076,0.0110274669821717,0.00173907232447165,0.15770369816416,0.0180701809640403,0.00285000362968072,0.15771859924105,0.195388349514563,6410,goodH,0.619605068186003,0.16836150728517,0.0841807536425848,FALSE,FALSE
snp_3222,0.0048425864831747,0.0217045373292525,5.28827487061564e-05,0.00243648357502111,0.0361382541695329,8.8067317640554e-05,0.00243695551056257,0.00242718446601942,6414,lowH,NA,NA,NA,FALSE,FALSE
snp_3224,0.0802487824989049,0.00350233963787504,0.000140799652191227,0.0402015985738761,0.011357969240206,0.000456669292329931,0.0402069492064982,0.0418781725888325,6418,lowH,NA,NA,NA,FALSE,FALSE
snp_3226,0.040995292290519,0.00504718997266979,0.000103673071108153,0.0205407507285313,0.0123253935274346,0.000253199955922688,0.0205429510513479,0.020935960591133,6422,lowH,NA,NA,NA,FALSE,FALSE
snp_3228,0.0294774286229562,-0.00261896677042988,-3.86296258670041e-05,0.0147499488359921,0.00492184077178488,7.26062510161002e-05,0.0147518488270335,0.0149625935162095,6426,lowH,NA,NA,NA,FALSE,FALSE
snp_3230,0.0753556324490581,-0.00157191038784145,-5.9298434715495e-05,0.0377238010348183,0.00755145154505268,0.000284905955933534,0.0377286345855175,0.0392156862745098,6430,lowH,NA,NA,NA,FALSE,FALSE
snp_3232,0.0247485882626364,-0.00658126564260018,-8.14444791218827e-05,0.0123752000822907,0.00105815217424513,1.30963722124363e-05,0.0123766434839857,0.012531328320802,6434,lowH,NA,NA,NA,FALSE,FALSE
snp_3234,0.231470468089196,-0.00498054435290149,-0.000576608207352657,0.115772125795194,0.0023475991498057,0.000271813479861954,0.115783599548692,0.133578431372549,6438,goodH,0.856951771465273,0.161883079479033,0.919058460260483,FALSE,FALSE
snp_3236,0.0723613545141049,0.010687691051951,0.00038788498663811,0.0362926833076171,0.0178740645603098,0.000648762418459686,0.0362963005012466,0.037593984962406,6442,lowH,NA,NA,NA,FALSE,FALSE
snp_3238,0.499682759233293,0.00243580415310283,0.000609585471819212,0.250260461639617,0.00997824828280605,0.00249743794993589,0.250288214840207,0.512594458438287,6446,goodH,0.843330227695123,0.708586326569727,0.354293163284864,FALSE,FALSE
snp_3240,0.0633466362961506,-0.00342514811989844,-0.000108552393869206,0.0316927589900621,0.0040415906967189,0.000128103220821342,0.031696238049375,0.0327455919395466,6450,lowH,NA,NA,NA,FALSE,FALSE
snp_3242,0.0272562561551475,-0.0023654173172721,-3.22626015094239e-05,0.0136392852431767,0.00523674557402296,7.14346705874685e-05,0.0136410428151832,0.0138190954773869,6454,lowH,NA,NA,NA,FALSE,FALSE
snp_3244,0.0697041685064148,0.00827289073410341,0.000289100136313303,0.0349454798334931,0.0154846823307565,0.000541182423927985,0.0349495335046725,0.0361596009975062,6458,lowH,NA,NA,NA,FALSE,FALSE
snp_3246,0.245660785691631,-0.00282469946213187,-0.000347207089104664,0.122918240952479,0.00463464500118889,0.000569750750521689,0.122932986318377,0.143391521197007,6462,goodH,0.852801777383794,0.50976037510028,0.74511981244986,FALSE,FALSE
snp_3248,0.065064893875038,-0.00554047505006233,-0.000180284852519835,0.0325396019097328,0.00188395423840788,6.13104401573532e-05,0.0325434869422128,0.0336658354114713,6465,lowH,NA,NA,NA,FALSE,FALSE
snp_3250,0.2020621729763,-0.000934644967093811,-9.45276335210138e-05,0.101137476634511,0.0065001112996261,0.000657481252911166,0.101149230006106,0.114035087719298,6469,goodH,0.849781367212677,0.814891335088263,0.592554332455869,FALSE,FALSE
snp_3252,0.464042311292014,-0.00293227999735227,-0.000680801030297303,0.232174632337989,0.00430806835133877,0.00100033738011766,0.232200907352548,0.634085213032581,6473,goodH,0.852801777383794,0.455944491950576,0.772027754024712,FALSE,FALSE
snp_3254,0.0630398050263503,-0.00617461922293107,-0.000194665595686707,0.0315267368980042,0.00190931720936571,6.0202146896516e-05,0.0315307203021103,0.0325814536340852,6477,lowH,NA,NA,NA,FALSE,FALSE
snp_3256,0.110981653979197,0.000630591672431216,3.50458677275249e-05,0.0555761664159111,0.00928451905441206,0.000516056690298499,0.0555824903017745,0.058968058968059,6481,goodH,0.847751581150384,0.79063989568341,0.395319947841705,FALSE,FALSE
snp_3258,0.034053034016273,-0.0033640229426599,-5.73134653470909e-05,0.0170371802820625,0.00408703361612236,6.96386290664645e-05,0.0170389176129496,0.0173267326732673,6485,lowH,NA,NA,NA,FALSE,FALSE
snp_3260,0.061988885922978,0.00778413159928895,0.000241884558629111,0.0310740582355013,0.0149309600938267,0.000464011478487746,0.0310771360697424,0.0320197044334975,6489,lowH,NA,NA,NA,FALSE,FALSE
snp_3262,0.0220290902852662,-0.00171080235484079,-1.886113885515e-05,0.0110247328113511,0.00576725665567444,6.35890898942838e-05,0.0110258817477315,0.0111386138613861,6493,lowH,NA,NA,NA,FALSE,FALSE
snp_3264,0.100632453499498,0.00165396960896431,8.33457363168766e-05,0.0503913348015301,0.00892829862598979,0.000449954214471191,0.0503964118271535,0.0531400966183575,6497,goodH,0.849781367212677,0.835402209484182,0.417701104742091,FALSE,FALSE
snp_3266,0.0496718587991329,0.0131772063519147,0.000328418105708084,0.0249231966880722,0.0201972136253344,0.000503427738701676,0.0249256035035547,0.0254854368932039,6501,lowH,NA,NA,NA,FALSE,FALSE
snp_3268,0.0048425864831747,0.0259877167068335,6.33699536224248e-05,0.0024384579198434,0.0403919093633005,9.85165056195457e-05,0.00243901581213827,0.00242718446601942,6505,lowH,NA,NA,NA,FALSE,FALSE
snp_3270,0.0358854447163728,-0.005516414237105,-9.90029174320817e-05,0.0179469693856853,0.00250232139077505,4.49200416849574e-05,0.0179513478366758,0.0182767624020888,6509,lowH,NA,NA,NA,FALSE,FALSE
snp_3272,0.078492422210739,0.0045725283473069,0.000179854126130998,0.0393336273654656,0.0130354530107725,0.00051282114396243,0.0393404926962366,0.040920716112532,6513,lowH,NA,NA,NA,FALSE,FALSE
snp_3274,0.0334831074881157,0.00959922320169648,0.000161171086843134,0.0167900134684492,0.0167506224181244,0.000281271008282411,0.0167916750351958,0.0170316301703163,6517,lowH,NA,NA,NA,FALSE,FALSE
snp_3276,0.0246875,0.00466073837639028,5.76494337117586e-05,0.0123691632218172,0.0121112801982606,0.000149821533343853,0.0123704126146277,0.0125,6521,lowH,NA,NA,NA,FALSE,FALSE
snp_3278,0.0312046400951815,0.0025278406577741,3.95203572846914e-05,0.0156340381515547,0.0121266433001542,0.000189614979622406,0.0156362296580453,0.0158536585365854,6525,lowH,NA,NA,NA,FALSE,FALSE
snp_3280,0.0220290902852662,0.00430356346958541,4.74960897513759e-05,0.011036456203573,0.0117038597690307,0.000129183147130272,0.0110376533621925,0.0111386138613861,6529,lowH,NA,NA,NA,FALSE,FALSE
snp_3282,0.113168498670541,-0.00482716446197501,-0.000273310206521354,0.0566192034007332,0.00418755549174605,0.000237127262099137,0.0566266554715588,0.0602094240837696,6533,goodH,0.852801777383794,0.436230846102559,0.781884576948721,FALSE,FALSE
snp_3284,0.0707903638029497,0.00837634788277508,0.000297299636107056,0.0354927517657684,0.0159569777992297,0.000566424059242804,0.0354969510122492,0.036745406824147,6537,lowH,NA,NA,NA,FALSE,FALSE
snp_3286,0.0979417419056017,-0.00199495638643386,-9.77830063641464e-05,0.0490151098184865,0.00569914135663602,0.000279378650402514,0.0490211828273409,0.0516372795969773,6541,lowH,NA,NA,NA,FALSE,FALSE
snp_3288,0.0755332057543359,-0.00142081547641471,-5.37178611833279e-05,0.0378077674934114,0.00675383367432579,0.000255377692174608,0.0378122566366134,0.0393120393120393,6545,lowH,NA,NA,NA,FALSE,FALSE
snp_3290,0.0359161213563355,-0.00413704032032527,-7.43283481974656e-05,0.0179665515543299,0.00320404908716386,5.75712741996781e-05,0.0179682871995693,0.0182926829268293,6549,lowH,NA,NA,NA,FALSE,FALSE
snp_3292,0.0288273822996832,-0.00517032980025772,-7.45892855339702e-05,0.0144264076791102,0.00590567732666102,8.52135001010414e-05,0.0144290816087001,0.0146276595744681,6553,lowH,NA,NA,NA,FALSE,FALSE
snp_3294,0.0236497000905389,0.000955470463922104,1.131510587895e-05,0.0118424444357,0.00896717302110338,0.000106207486363261,0.0118440322399615,0.011968085106383,6557,lowH,NA,NA,NA,FALSE,FALSE
snp_3296,0.0832805396787826,-0.00179827028306602,-7.49509714076492e-05,0.0416794806172624,0.00592010991765666,0.000246778593673897,0.0416847992868988,0.0435356200527705,6561,lowH,NA,NA,NA,FALSE,FALSE
snp_3298,0.0275290525393594,-0.00366671855395467,-5.05012010187064e-05,0.013772859922461,0.00401275283070172,5.52733275648102e-05,0.0137744161917754,0.0139593908629442,6565,lowH,NA,NA,NA,FALSE,FALSE
snp_3300,0.239883788356119,0.00792097027549376,0.000952479820293841,0.12024787206192,0.0148133349525694,0.00178144191536865,0.120259342077434,0.139364303178484,6569,goodH,0.713874848537521,0.3088448028936,0.1544224014468,FALSE,FALSE
snp_3302,0.0247485882626364,0.00054768001178405,6.78621915339867e-06,0.0123908468583558,0.00808856342636084,0.000100235827746463,0.0123922905048616,0.012531328320802,6573,lowH,NA,NA,NA,FALSE,FALSE
snp_3304,0.049255177682209,-0.00504751897349295,-0.000124359905518857,0.0246378282423371,0.00290726119573421,7.1635708504807e-05,0.0246402726421408,0.0252659574468085,6577,lowH,NA,NA,NA,FALSE,FALSE
snp_3306,0.255932444444444,-0.0101811939343112,-0.00130279626129877,0.127961049529592,0.000531114071119614,6.79710557353494e-05,0.127978261980639,0.849333333333333,6581,goodH,0.871346796510036,0.00809505615178533,0.995952471924107,FALSE,FALSE
snp_3308,0.460049777777778,0.000566760372653108,0.000130579988178016,0.23039717397098,0.00977395642242949,0.00225215231800063,0.230423814130411,0.358666666666667,6585,goodH,0.843330227695123,0.732047199874595,0.366023599937298,FALSE,FALSE
snp_3310,0.437105777777778,-0.00242855733039676,-0.000531364248841319,0.218798313793361,0.00700021942682083,0.00153181756118608,0.218824220754713,0.322666666666667,6589,goodH,0.849781367212677,0.892680593667839,0.55365970316608,FALSE,FALSE
snp_3312,0.0630398050263503,0.00421067869311694,0.000132993190102942,0.0315847396098738,0.0121338157320323,0.00038328542829729,0.0315882024881462,0.0325814536340852,6593,lowH,NA,NA,NA,FALSE,FALSE
snp_3314,0.0489886619024773,3.92188087927197e-05,9.61947916521481e-07,0.0245277188709528,0.00827632468720247,0.000203022211179518,0.0245304792710039,0.0251256281407035,6597,lowH,NA,NA,NA,FALSE,FALSE
snp_3316,0.0287020454331228,0.00311399427713597,4.47671545528826e-05,0.0143761197255816,0.0103563009312333,0.000148898588444921,0.0143775841812265,0.0145631067961165,6601,lowH,NA,NA,NA,FALSE,FALSE
snp_3318,0.186952116127816,-0.00629384182316999,-0.000588376990512083,0.0934845531621157,0.00109155118684761,0.000102053773802818,0.0934942630565484,0.104368932038835,6605,goodH,0.869250487428704,0.0364088989242128,0.981795550537894,FALSE,FALSE
snp_3320,0.0219217889296028,0.00560476795533348,6.15694688556795e-05,0.0109851949886864,0.012955617140679,0.000142335957147315,0.0109864281725645,0.0110837438423645,6609,lowH,NA,NA,NA,FALSE,FALSE
snp_3322,0.0314309171803031,0.00128752460301994,2.02631692373312e-05,0.0157380831323946,0.00863790735045584,0.000135958806506833,0.0157397852269924,0.015970515970516,6613,lowH,NA,NA,NA,FALSE,FALSE
snp_3324,0.495386323375962,-0.00260180343733514,-0.000644946538124837,0.247884420809827,0.00495570485561118,0.00122858960417685,0.247914199891416,0.451970443349754,6617,goodH,0.852801777383794,0.562969181776427,0.718515409111787,FALSE,FALSE
snp_3326,0.0175205336190185,-0.00577451240692824,-5.05974941329182e-05,0.00876221065387469,0.00195427799901547,1.71260499611159e-05,0.00876336425510788,0.00883838383838384,6621,lowH,NA,NA,NA,FALSE,FALSE
snp_3328,0.0249336802367106,0.00193834632295362,2.42098371728483e-05,0.0124899440756065,0.0110878936768902,0.000138508759682842,0.0124918910407237,0.0126262626262626,6625,lowH,NA,NA,NA,FALSE,FALSE
snp_3330,0.124882027344149,-0.00653705450666645,-0.000408224925419222,0.0624478387021122,0.00134094119698998,8.37500261851132e-05,0.062456151226547,0.0669191919191919,6629,goodH,0.867587336536095,0.0551329193894597,0.97243354030527,FALSE,FALSE
snp_3332,0.48964072543618,-0.0017473420448226,-0.000428189652888169,0.245051994345871,0.00594829199956173,0.00145783036951004,0.245083860983531,0.571969696969697,6633,goodH,0.852801777383794,0.726430445700181,0.636784777149909,FALSE,FALSE
snp_3334,0.0223573899648999,-0.00212218071377892,-2.37439040881982e-05,0.0111884458915461,0.00546671389092337,6.11701068832184e-05,0.0111895570362264,0.0113065326633166,6637,lowH,NA,NA,NA,FALSE,FALSE
snp_3336,0.0568116336136848,0.010698397580876,0.000304843950055983,0.0284943560707549,0.0180549029167142,0.000514510994340026,0.0284970235904022,0.0292620865139949,6641,lowH,NA,NA,NA,FALSE,FALSE
snp_3338,0.022246875,-0.0055215156929163,-6.143452008947e-05,0.0111263869390584,0.00208451400287498,2.31955853272722e-05,0.0111275747225879,0.01125,6645,lowH,NA,NA,NA,FALSE,FALSE
snp_3340,0.0287708455431828,0.00381772838526329,5.50225684269998e-05,0.0144123842438323,0.0110635906822047,0.0001594682963953,0.0144137921381887,0.0145985401459854,6649,lowH,NA,NA,NA,FALSE,FALSE
snp_3342,0.029049375486722,-0.00257852743172308,-3.74806656890531e-05,0.0145356862323574,0.00483223339353373,7.02473360568093e-05,0.0145372398921813,0.0147420147420147,6653,lowH,NA,NA,NA,FALSE,FALSE
snp_3344,0.026791647614693,-0.00395917546614078,-5.30638828422968e-05,0.0134027610789428,0.00352299294217253,4.72232439807027e-05,0.0134042970723585,0.0135802469135802,6657,lowH,NA,NA,NA,FALSE,FALSE
snp_3346,0.202948435685779,0.00884851826230067,0.000900468634514852,0.101764906600388,0.016559757501143,0.00168540751528982,0.101777306532025,0.114609571788413,6661,goodH,0.643540974224351,0.223904063067397,0.111952031533698,FALSE,FALSE
snp_3348,0.00749053083837414,0.0109941419801018,4.13433775998291e-05,0.00376049151217585,0.0235693403676199,8.86512273151949e-05,0.00376129437364255,0.0037593984962406,6665,lowH,NA,NA,NA,FALSE,FALSE
snp_3350,0.00490193119185744,0.0214878297258449,5.29958070940762e-05,0.00246631734196657,0.0361012056696765,8.90544079800329e-05,0.00246679872120822,0.00245700245700246,6669,lowH,NA,NA,NA,FALSE,FALSE
snp_3352,0.157199862359567,0.0117760478959102,0.000928801096383414,0.0788720549197139,0.0200230272195699,0.00157943121966333,0.0788807407762818,0.085995085995086,6673,goodH,0.550507687705534,0.115509738712888,0.0577548693564442,FALSE,FALSE
snp_3354,0.00491397510252622,-8.93154467205843e-05,-2.19985312585562e-07,0.00246301530880506,0.0149047172493852,3.67185361253905e-05,0.00246355133821174,0.00246305418719212,6677,lowH,NA,NA,NA,FALSE,FALSE
snp_3356,0.0392962355764097,-0.00319254250794593,-6.27793550761666e-05,0.0196643756253565,0.005303902887448,0.000104310400324846,0.0196667251528497,0.0200501253132832,6681,lowH,NA,NA,NA,FALSE,FALSE
snp_3358,0.0392962355764097,0.00740047284978788,0.000145774345827111,0.0196979772490199,0.0147744313770308,0.000291056207168661,0.019699993843496,0.0200501253132832,6685,lowH,NA,NA,NA,FALSE,FALSE
snp_3360,0.0464852607709751,0.0122633395209244,0.000286022272979737,0.0233233592278603,0.0199538584893532,0.000465445191804347,0.0233260746062069,0.0238095238095238,6689,lowH,NA,NA,NA,FALSE,FALSE
snp_3362,0.0283081894347907,0.00289480835375636,4.10473777051816e-05,0.0141796529127456,0.0107065452366317,0.000151834121965261,0.0141814300140227,0.0143603133159269,6693,lowH,NA,NA,NA,FALSE,FALSE
snp_3364,0.0780547116649788,0.00381910599567679,0.000149338469807117,0.0391029916363063,0.0114294854573724,0.00044697886134365,0.0391075226448914,0.0406824146981627,6697,lowH,NA,NA,NA,FALSE,FALSE
snp_3366,0.0461280922561844,-0.0031417148143144,-7.25133242523085e-05,0.0230808104930214,0.00471620009424391,0.000108866742835534,0.023083571659397,0.0236220472440945,6701,lowH,NA,NA,NA,FALSE,FALSE
snp_3368,0.020831024930748,-0.00154103631170513,-1.60725797598726e-05,0.0104297216345854,0.00845465597112696,8.81937396109662e-05,0.0104313812309042,0.0105263157894737,6705,lowH,NA,NA,NA,FALSE,FALSE
snp_3370,0.0537361495844877,0.00292259385411867,7.86659909136545e-05,0.0269164977551685,0.0106836811985388,0.000287602810924837,0.0269198233811181,0.0276315789473684,6709,lowH,NA,NA,NA,FALSE,FALSE
snp_3372,0.0565073766131967,0.00501975568031005,0.000142136675414209,0.0283154568601294,0.0127886110172894,0.000362163808802619,0.0283192450151932,0.0291005291005291,6713,lowH,NA,NA,NA,FALSE,FALSE
snp_3374,0.0505075445816185,-0.00454195811191151,-0.00011474750875898,0.0252638852960906,0.00284793378296555,7.19577595450472e-05,0.0252666547148852,0.0259259259259259,6717,lowH,NA,NA,NA,FALSE,FALSE
snp_3376,0.0699079169910601,-0.00269765255994556,-9.43663488824469e-05,0.0349809127697123,0.00494662969724707,0.000173057900249631,0.0349850121883881,0.0362694300518135,6720,lowH,NA,NA,NA,FALSE,FALSE
snp_3378,0.00498749999999992,0.000772974374882394,1.93270370270764e-06,0.00250034640928646,0.0160247582514986,4.00781715193062e-05,0.00250101567151931,0.0025,6724,lowH,NA,NA,NA,FALSE,FALSE
snp_3380,0.144108393007777,0.00243386744044684,0.000175690559182603,0.0721857551742211,0.0108803815238371,0.000785503606957768,0.0721944910880987,0.0781637717121588,6728,goodH,0.834442802798143,0.611910967738265,0.305955483869133,FALSE,FALSE
snp_3382,0.0292618370747966,-0.00125630176811644,-1.84069425968831e-05,0.0146516888410342,0.00873813648006283,0.000128046835434854,0.0146537921131135,0.0148514851485149,6732,lowH,NA,NA,NA,FALSE,FALSE
snp_3384,0.0224130601678838,-0.00269101356676346,-3.01802891686108e-05,0.0112152125657654,0.00492736735998261,5.52671233323081e-05,0.011216359425757,0.0113350125944584,6736,lowH,NA,NA,NA,FALSE,FALSE
snp_3386,0.0633466362961506,0.0136120652728605,0.000432700520528906,0.0317880139314066,0.0208302700526965,0.000662217082912892,0.0317910944619351,0.0327455919395466,6740,lowH,NA,NA,NA,FALSE,FALSE
snp_3388,0.0292618370747966,-0.00189713088304223,-2.77814166127813e-05,0.0146439114249362,0.00555148838954321,8.13036758757705e-05,0.0146453833946432,0.0148514851485149,6744,lowH,NA,NA,NA,FALSE,FALSE
snp_3390,0.499832979978049,-0.00373019181420623,-0.000932854271861335,0.250082118648325,0.00433321512528631,0.00108377734448904,0.250109286789087,0.490861618798956,6748,goodH,0.852801777383794,0.460069815283818,0.769965092358091,FALSE,FALSE
snp_3392,0.0219217889296028,-0.00159235144170365,-1.74699868756189e-05,0.0109711879036752,0.00585161228653081,6.42060525835038e-05,0.0109723695692028,0.0110837438423645,6752,lowH,NA,NA,NA,FALSE,FALSE
snp_3394,0.0582,0.0107731761218626,0.000314544509310518,0.0291970079902615,0.0193055265117256,0.000563730191364409,0.0292004567201011,0.03,6756,lowH,NA,NA,NA,FALSE,FALSE
snp_3396,0.0587005845141848,0.000922799760294232,2.71207154860274e-05,0.0293895996216774,0.00806118749476283,0.000236940047838359,0.029392697787056,0.0302663438256659,6760,lowH,NA,NA,NA,FALSE,FALSE
snp_3398,0.0240349038899841,0.0022729595525274,2.73590597246961e-05,0.0120367560849353,0.00956369142569312,0.000115127755852046,0.0120380040224585,0.0121654501216545,6764,lowH,NA,NA,NA,FALSE,FALSE
snp_3400,0.141853063652588,0.00583089885207468,0.000414543140971802,0.0710942088841594,0.013842330114626,0.000984224083640545,0.0711024860330849,0.0768292682926829,6768,goodH,0.771203345613447,0.367742226908307,0.183871113454153,FALSE,FALSE
snp_3402,0.298929208804283,0.00268729247882588,0.000402363545890626,0.149728229830206,0.0104810014041874,0.0015694795191959,0.149745187379601,0.817073170731707,6772,goodH,0.842588349058658,0.653328319664903,0.326664159832452,FALSE,FALSE
snp_3404,0.0844122111654579,-0.00473728610825503,-0.00020003698864924,0.0422260729198227,0.00339385154925906,0.00014332942785242,0.0422320852200244,0.955844155844156,6775,lowH,NA,NA,NA,FALSE,FALSE
snp_3406,0.17583066284365,-0.00456210970274815,-0.000401279063056697,0.0879590998907747,0.00352614466962499,0.000310200439622364,0.0879715578020667,0.0974025974025974,6779,goodH,0.852938297158161,0.330491667525966,0.834754166237017,FALSE,FALSE
snp_3408,0.0898001699514817,0.0162826886284225,0.000734129860036706,0.0450865257446018,0.0236394825358688,0.00106594594355262,0.0450917629831887,0.0471204188481675,6783,lowH,NA,NA,NA,FALSE,FALSE
snp_3410,0.283326178631853,-0.00359782718238939,-0.000509964333326133,0.14174230930888,0.00376888908290668,0.000534275600653056,0.14175943863039,0.170854271356784,6787,goodH,0.852938297158161,0.368707465941325,0.815646267029337,FALSE,FALSE
snp_3412,0.0219753086419752,0.00172744287241616,1.90201361878917e-05,0.0110105731955629,0.0125185226782513,0.00013785769814028,0.0110122976714962,0.0111111111111111,6791,lowH,NA,NA,NA,FALSE,FALSE
snp_3414,0.0219217889296028,-0.00664350125561614,-7.28422138518168e-05,0.0109644314118612,0.00255813395429653,2.80522747935616e-05,0.0109659131596475,0.0110837438423645,6795,lowH,NA,NA,NA,FALSE,FALSE
snp_3416,0.0452019217425208,-0.00167627280560473,-3.79216015295871e-05,0.0226225715783217,0.00602811597000097,0.000136390907437132,0.0226257935507352,0.0231362467866324,6799,lowH,NA,NA,NA,FALSE,FALSE
snp_3418,0.0265331986298505,0.00945025151877762,0.000125734234042787,0.0133048558329853,0.0166708292737204,0.000221826179638553,0.0133062474575416,0.986552567237164,6803,lowH,NA,NA,NA,FALSE,FALSE
snp_3420,0.0727513384889946,-0.00284060047696906,-0.000103398481530638,0.0364002197313453,0.00433066356464199,0.00015765214309963,0.0364036921239489,0.0378048780487805,6807,lowH,NA,NA,NA,FALSE,FALSE
snp_3422,0.0217102914931588,-0.00309721584707958,-3.36430622722983e-05,0.010862356365644,0.00428669539564647,4.65681866585969e-05,0.010863423304089,0.0109756097560976,6811,lowH,NA,NA,NA,FALSE,FALSE
snp_3424,0.0279486396003825,-0.00153359179853113,-2.14523233665716e-05,0.0139882877484859,0.00624727747714288,8.74000187269526e-05,0.0139900971337876,0.0141752577319588,6815,lowH,NA,NA,NA,FALSE,FALSE
snp_3426,0.0363511659807956,0.00121733129861896,2.21593271666232e-05,0.0182032017017574,0.00913422836366718,0.000166295222198392,0.0182057219917839,0.0185185185185185,6819,lowH,NA,NA,NA,FALSE,FALSE
snp_3428,0.00519476996527768,-0.000584606085398277,-1.52225404249862e-06,0.00260389701804344,0.0152861419766532,3.98131037694746e-05,0.00260452269972907,0.00260416666666667,6823,lowH,NA,NA,NA,FALSE,FALSE
snp_3430,0.0392000000000001,0.00664819323355168,0.000130616485779507,0.0196469147617912,0.0140039601084437,0.00027515980148362,0.0196487136033552,0.02,6827,lowH,NA,NA,NA,FALSE,FALSE
snp_3432,0.142357967406066,0.00171054634458997,0.000121965186801146,0.0713018897072805,0.0103423013836673,0.000737531294437229,0.071312106181894,0.0771276595744681,6831,goodH,0.843330227695123,0.668222983497704,0.334111491748852,FALSE,FALSE
snp_3434,0.333461832277048,-0.00734331384709562,-0.00122431365253959,0.166724952525871,0.000525292180179849,8.75907512599966e-05,0.166746726041129,0.211436170212766,6835,goodH,0.871346796510036,0.00790736834010061,0.99604631582995,FALSE,FALSE
snp_3436,0.0576654714927656,0.00438827160823941,0.000126781605573429,0.0288910115170137,0.0119364332449641,0.000344885490272536,0.0288935130951316,0.0297157622739018,6839,lowH,NA,NA,NA,FALSE,FALSE
snp_3438,0.0325317742426303,0.0105506852524955,0.000172160618670316,0.0163174821871969,0.0180666332117984,0.0002948461813955,0.0163199295595901,0.0165394402035623,6843,lowH,NA,NA,NA,FALSE,FALSE
snp_3440,0.0238060676440703,0.0103515249235772,0.000123586715818214,0.011938986451815,0.0174596104277371,0.00020847019715037,0.0119401402461527,0.0120481927710843,6847,lowH,NA,NA,NA,FALSE,FALSE
snp_3442,0.0238060676440703,-0.000329548726385149,-3.92708155364837e-06,0.0119165429547396,0.00692216611321188,8.2496421485898e-05,0.0119177176821057,0.0120481927710843,6851,lowH,NA,NA,NA,FALSE,FALSE
snp_3444,0.0219217889296028,-0.0016035431528997,-1.75927432643778e-05,0.0109711692089887,0.00583904633166558,6.40679666339538e-05,0.0109723340070978,0.0110837438423645,6855,lowH,NA,NA,NA,FALSE,FALSE
snp_3446,0.0589954088631337,-0.00223368410965846,-6.59471008641226e-05,0.0295239154806926,0.00561516690230363,0.000165801494386963,0.0295274383240403,0.0304232804232804,6859,lowH,NA,NA,NA,FALSE,FALSE
snp_3448,0.0361758899842439,0.00950293404307281,0.000172385403869498,0.0181402294373662,0.016718119460091,0.000303301675718801,0.01814209286175,0.0184275184275184,6863,lowH,NA,NA,NA,FALSE,FALSE
snp_3450,0.0335633551457466,-0.0011137802292047,-1.870985978353e-05,0.0167985202941606,0.00620998052711995,0.000104330032766704,0.0168003800190803,0.0170731707317073,6867,lowH,NA,NA,NA,FALSE,FALSE
snp_3452,0.021762782384132,-0.000813474120447155,-8.8611901942789e-06,0.0108930204066087,0.00655739074082166,7.14368123464871e-05,0.010894091136246,0.0110024449877751,6871,lowH,NA,NA,NA,FALSE,FALSE
snp_3454,0.0284976048773407,-0.000488890486054869,-6.9737932148091e-06,0.014264530429063,0.00674784702212246,9.62644354056538e-05,0.0142659481001949,0.0144578313253012,6875,lowH,NA,NA,NA,FALSE,FALSE
snp_3456,0.0480113560095572,0.0259569277696909,0.0006267768666797,0.02414680474673,0.0332791359810758,0.000803670583341984,0.0241493824779282,0.0246113989637306,6879,lowH,NA,NA,NA,FALSE,FALSE
snp_3458,0.0231033901163771,0.00201538909248446,2.33398817900416e-05,0.0115808316503636,0.0151376475551442,0.000175340503447785,0.0115830747683249,0.0116883116883117,6883,lowH,NA,NA,NA,FALSE,FALSE
snp_3460,0.0226385408775711,0.00324696429175699,3.68207458810856e-05,0.0113400526068494,0.0108677424986713,0.000123254605506379,0.0113413255348522,0.0114503816793893,6887,lowH,NA,NA,NA,FALSE,FALSE
snp_3462,0.0225817465020999,0.00300070161778115,3.39411723077749e-05,0.0113110787512663,0.0106069134372958,0.000119989202993182,0.0113123580863099,0.0114213197969543,6891,lowH,NA,NA,NA,FALSE,FALSE
snp_3464,0.0299182823265502,0.0102711342505746,0.000154120464154493,0.0150052039428724,0.0177310671982219,0.000266089288831951,0.0150069528166153,0.0151898734177215,6895,lowH,NA,NA,NA,FALSE,FALSE
snp_3466,0.0508743595455559,-0.00474448798862903,-0.000120732179553211,0.0254468300568083,0.002690663336583,6.84756421055534e-05,0.0254493533897533,0.0261194029850746,6899,lowH,NA,NA,NA,FALSE,FALSE
snp_3468,0.0646043840577315,-0.00223647418866446,-7.23045861526791e-05,0.032329720825375,0.00534552248338444,0.000172835801817743,0.032332817298023,0.0334190231362468,6903,lowH,NA,NA,NA,FALSE,FALSE
snp_3470,0.012421875,0.0247326335478958,0.00015455669643709,0.00624909984364521,0.0350037450202417,0.000218774255406578,0.00625002425540658,0.00625,6907,lowH,NA,NA,NA,FALSE,FALSE
snp_3472,0.00747187500000002,0.0439378134691499,0.000165777869899127,0.0037730113724372,0.0559574662761743,0.000211164716088088,0.00377366471608809,0.00375,6911,lowH,NA,NA,NA,FALSE,FALSE
snp_3474,0.101482577844665,9.83217902374141e-05,4.99555723073969e-06,0.0508082411709256,0.00801652966973089,0.000407353982778537,0.0508142549907399,0.0536159600997506,6915,goodH,0.849781367212677,0.95797120719901,0.478985603599505,FALSE,FALSE
snp_3476,0.0485136506522115,0.00682381421224127,0.000165925567507194,0.0243156631095758,0.0141194234475699,0.000343360275585326,0.0243182929430749,0.0248756218905473,6919,lowH,NA,NA,NA,FALSE,FALSE
snp_3478,0.0669052053720225,0.00489294687664376,0.000164018917654609,0.0335214997811535,0.0120931488362287,0.000405420651222528,0.0335248210960546,0.0346534653465347,6923,lowH,NA,NA,NA,FALSE,FALSE
snp_3480,0.0245662236083266,0.00117409938078,1.44423373259622e-05,0.0123007792716555,0.00863901013823573,0.000106277585130917,0.0123020558409277,0.0124378109452736,6927,lowH,NA,NA,NA,FALSE,FALSE
snp_3482,0.107880993044727,0.0096989898863207,0.000524768137936086,0.0541054423281965,0.0177271288662951,0.000959241210741576,0.0541114817845884,0.0572139303482587,6931,goodH,0.625388273971262,0.179716840835952,0.089858420417976,FALSE,FALSE
snp_3484,0.359389348025712,0.000185974810574887,3.34693125844446e-05,0.179966913158745,0.00919155689493629,0.00165439091585937,0.179990281817304,0.234848484848485,6935,goodH,0.849781367212677,0.802149696544231,0.401074848272116,FALSE,FALSE
snp_3486,0.0309815968904081,-0.00118876993849589,-1.84366172959178e-05,0.0155089868097144,0.00723495562170058,0.000112219938149444,0.0155107984094402,0.0157384987893462,6939,lowH,NA,NA,NA,FALSE,FALSE
snp_3488,0.0471422903685033,0.00665652023555494,0.00015727147418246,0.0236266800996735,0.0137408029039804,0.000324681250096237,0.0236289867750148,0.0241545893719807,6943,lowH,NA,NA,NA,FALSE,FALSE
snp_3490,0.240726712377549,-0.00602879156392291,-0.000725800589863665,0.120389066725569,0.00186918195277468,0.00022505654388865,0.120403764627926,0.860050890585242,6947,goodH,0.864453405348127,0.105569151647845,0.947215424176078,FALSE,FALSE
snp_3492,0.0859266063533812,0.0128221723097267,0.000552819093352538,0.0431143085585567,0.0201144400751534,0.000867320148963959,0.0431192787730305,0.044987146529563,6951,lowH,NA,NA,NA,FALSE,FALSE
snp_3494,0.0287708455431828,0.00147763822429413,2.12875192193967e-05,0.0144064486620639,0.00875453594240779,0.000126134054086952,0.0144078515316782,0.0145985401459854,6955,lowH,NA,NA,NA,FALSE,FALSE
snp_3496,0.0193686073134427,-0.00358147221033165,-3.47148507532843e-05,0.00969289965538213,0.00572963055159454,5.55445128854074e-05,0.00969425731471456,0.0097799511002445,6959,lowH,NA,NA,NA,FALSE,FALSE
snp_3498,0.329266324328525,0.0025286917203183,0.00041695301354088,0.16488882776442,0.0092126453018666,0.00151921502969153,0.164905407720811,0.207823960880196,6963,goodH,0.849781367212677,0.799528052336855,0.399764026168427,FALSE,FALSE
snp_3500,0.337731123080326,-0.00197103185082958,-0.000333131336627591,0.169013674988246,0.00551831969267068,0.000932776567980917,0.169032716466176,0.215158924205379,6967,goodH,0.852801777383794,0.656072913624894,0.671963543187553,FALSE,FALSE
snp_3502,0.0407009762017205,-0.0032503763043472,-6.61879662228145e-05,0.0203631702994794,0.00409124748089531,8.33199698414006e-05,0.0203654191613867,0.0207823960880196,6971,lowH,NA,NA,NA,FALSE,FALSE
snp_3504,0.0842750096758436,0.0146790105178282,0.000620883156483045,0.0422973439339769,0.0217879742305289,0.000921660798610719,0.042301353437407,0.044080604534005,6975,lowH,NA,NA,NA,FALSE,FALSE
snp_3506,0.0357450042416816,0.00282287643182119,5.05374832311733e-05,0.0179028322534716,0.0100545287831973,0.000180025208266339,0.017904887652934,0.0182038834951456,6979,lowH,NA,NA,NA,FALSE,FALSE
snp_3508,0.0452019217425208,0.00338303638229341,7.66017931193811e-05,0.0226429114154107,0.010982137941674,0.000248694536722514,0.0226453663251479,0.0231362467866324,6983,lowH,NA,NA,NA,FALSE,FALSE
snp_3510,0.0371613865932048,0.00931259123933621,0.00017356477095003,0.0186376451504599,0.0177730497396142,0.000331288937640742,0.0186399600796894,0.0189393939393939,6987,lowH,NA,NA,NA,FALSE,FALSE
snp_3512,0.0492296704417918,-0.00246356026537619,-6.06884649277465e-05,0.0246344551747668,0.00506946121134996,0.000124897223447669,0.0246371790296054,0.0252525252525253,6991,lowH,NA,NA,NA,FALSE,FALSE
snp_3514,0.0468287674727068,0.00665428317301725,0.000156182078989986,0.0234709096275457,0.0140690206533341,0.000330248655667425,0.0234734644155322,0.023989898989899,6995,lowH,NA,NA,NA,FALSE,FALSE
snp_3516,0.0332446498167984,-0.0012726233440601,-2.11743817208906e-05,0.0166383728694911,0.00597383315339692,9.94047783910527e-05,0.0166400325952404,0.983091787439614,6999,lowH,NA,NA,NA,FALSE,FALSE
snp_3518,0.0309079558449439,0.00612767557296694,9.49301636673374e-05,0.0154920348730822,0.0144302262355727,0.00022357912116172,0.0154938056764878,0.0157004830917874,7003,lowH,NA,NA,NA,FALSE,FALSE
snp_3520,0.0606880534184933,0.00263533408213889,8.01126254227927e-05,0.0303994191726052,0.0108637717480995,0.000330289673006003,0.0304028546129741,0.0313253012048193,7007,lowH,NA,NA,NA,FALSE,FALSE
snp_3522,0.0250586204230978,0.00210883063507743,2.64720905243815e-05,0.0125529713406356,0.0112868157570482,0.000141703095162129,0.0125547451302765,0.0126903553299492,7011,lowH,NA,NA,NA,FALSE,FALSE
snp_3524,0.0373463629570461,0.00447037785528132,8.36469141193351e-05,0.0187113744804624,0.0120053234920145,0.000224663550972036,0.0187136607457077,0.0190355329949239,7015,lowH,NA,NA,NA,FALSE,FALSE
snp_3526,0.0463655919967141,0.00259135432587537,6.0180271672008e-05,0.0232234824358413,0.0104216386366154,0.00024205953377437,0.0232266289606241,0.0237467018469657,7019,lowH,NA,NA,NA,FALSE,FALSE
snp_3528,0.264444459129929,-0.00379086353637361,-0.00050161292856544,0.13232154725498,0.00493542851991201,0.000653152612053227,0.132339595116833,0.15681233933162,7023,goodH,0.852801777383794,0.55960573508812,0.72019713245594,FALSE,FALSE
snp_3530,0.0323698125300431,-0.00335324699835868,-5.43078300538125e-05,0.0161955949205039,0.00426604901038047,6.9097821125844e-05,0.0161971465770107,0.0164556962025316,7027,lowH,NA,NA,NA,FALSE,FALSE
snp_3532,0.00244797673971542,0.010789045374221,1.32470238575918e-05,0.00122782168376489,0.0180950505420539,2.22197075249957e-05,0.00122794393269894,0.00122549019607843,7031,lowH,NA,NA,NA,FALSE,FALSE
snp_3534,0.0867768595041321,0.0117317516364492,0.000510696543067748,0.0435311417163889,0.0188999961347548,0.000822826438532487,0.043535799302065,0.0454545454545455,7035,lowH,NA,NA,NA,FALSE,FALSE
snp_3536,0.121827608646446,0.00743380673599229,0.000454161474011597,0.0610940652805354,0.01732746209532,0.00105874855797257,0.0611023444834733,0.0651595744680851,7039,goodH,0.630654523056012,0.193843284981427,0.0969216424907133,FALSE,FALSE
snp_3538,0.110174287007696,0.00315516314138082,0.000174201260494621,0.0552114907181579,0.0134360754281332,0.000741930212133236,0.0552192651865993,0.0585106382978723,7043,goodH,0.792073190303823,0.39520283389896,0.19760141694948,FALSE,FALSE
snp_3540,0.192221452014486,-0.0027596071348058,-0.000265527341956257,0.0962192547653864,0.00709048441084308,0.000682333160296791,0.0962322347473661,0.107712765957447,7047,goodH,0.849781367212677,0.906441571393632,0.546779214303184,FALSE,FALSE
snp_3542,0.061634149258772,-0.00492159752753017,-0.00015181973773732,0.0308476540164201,0.00643536917825998,0.000198546668954227,0.03085241319565,0.0318302387267905,7051,lowH,NA,NA,NA,FALSE,FALSE
snp_3544,0.0390978666817565,0.00640153255452012,0.000125515962968325,0.0196071740476736,0.0175355716956771,0.000343875116218871,0.0196101457190383,0.0199468085106383,7055,lowH,NA,NA,NA,FALSE,FALSE
snp_3546,0.107822402670892,0.00709390307651307,0.000383398013251289,0.0540461307570816,0.0145972971728793,0.000789008008590768,0.0540516507437203,0.0571808510638298,7059,goodH,0.72572731084281,0.321165049096902,0.160582524548451,FALSE,FALSE
snp_3548,0.0248716761098666,-0.00580135432819023,-7.21603773206291e-05,0.0124385399061016,0.00186567478542209,2.3208999777503e-05,0.0124400029195078,0.0125944584382872,7063,lowH,NA,NA,NA,FALSE,FALSE
snp_3550,0.0223573899648999,0.00124628965678714,1.39523237736631e-05,0.0111950891172694,0.00880593153375206,9.85947033484408e-05,0.0111963967662637,0.0113065326633166,7067,lowH,NA,NA,NA,FALSE,FALSE
snp_3552,0.0520074587727988,0.000183924487987732,4.78881302747778e-06,0.0260368430537493,0.00774297433274986,0.000201628582404925,0.0260401976992372,0.0267175572519084,7071,lowH,NA,NA,NA,FALSE,FALSE
snp_3554,0.034814933504246,6.93420102034467e-05,1.20858780059988e-06,0.0174293735796515,0.007653723235837,0.000133415437447479,0.0174314426242627,0.0177215189873418,7075,lowH,NA,NA,NA,FALSE,FALSE
snp_3556,0.369653005235016,0.00873888693174598,0.00161984735294103,0.185360832059352,0.0167257914862198,0.00310070060868552,0.185384387413903,0.244708994708995,7079,goodH,0.643540974224351,0.217059956337252,0.108529978168626,FALSE,FALSE
snp_3558,0.0273919753086418,-0.000295024566659587,-4.04548555095172e-06,0.0137123684198801,0.00729025623326357,9.99770088846836e-05,0.013713785316422,0.0138888888888889,7083,lowH,NA,NA,NA,FALSE,FALSE
snp_3560,0.0653796144496581,0.00890982442874835,0.000292071324285027,0.0327808170206624,0.016149684499441,0.00052945190949641,0.0327840404259746,0.0338345864661654,7087,lowH,NA,NA,NA,FALSE,FALSE
snp_3562,0.0658574380165289,1.27604665413216e-05,4.20822238667338e-07,0.032978593478899,0.00919889060484007,0.000303404991739013,0.032982780725686,0.0340909090909091,7091,lowH,NA,NA,NA,FALSE,FALSE
snp_3564,0.0395877971635548,-0.00457434830633227,-9.05978964006987e-05,0.019805640133543,0.00400760430540202,7.9382937561139e-05,0.0198080777221781,0.0202020202020202,7095,lowH,NA,NA,NA,FALSE,FALSE
snp_3566,0.0612882550873257,-0.00383422304198253,-0.000117585660177303,0.0306674022063423,0.00495707223443768,0.000152039841503458,0.0306712983618051,0.0316455696202532,7099,lowH,NA,NA,NA,FALSE,FALSE
snp_3568,0.326101249178172,-0.00529849357302624,-0.000864394177522846,0.163139610458968,0.00376373973031239,0.000614091950584458,0.163160046811603,0.205128205128205,7103,goodH,0.852938297158161,0.367888590769781,0.81605570461511,FALSE,FALSE
snp_3570,0.355971799391123,0.0113382366437373,0.0020249518442149,0.178594953328425,0.0198416155793001,0.00354399879975438,0.17861442711609,0.231645569620253,7107,goodH,0.554550441637249,0.119666147932248,0.0598330739661241,FALSE,FALSE
snp_3572,0.067840576171875,-0.00437947555708161,-0.00014864051796639,0.0339402551810202,0.00393106956908749,0.000133436249449064,0.0339440061041806,0.03515625,7111,lowH,NA,NA,NA,FALSE,FALSE
snp_3574,0.0702582465277779,0.00247432941898402,8.70680340830847e-05,0.0351885377165486,0.0100662004000259,0.000354250636316014,0.0351920905841596,0.0364583333333333,7115,lowH,NA,NA,NA,FALSE,FALSE
snp_3576,0.0650889956777363,0.010764711452054,0.00035155860858366,0.0326584330801156,0.0201393807929169,0.000657830175271016,0.0326638729380586,0.0336787564766839,7119,lowH,NA,NA,NA,FALSE,FALSE
snp_3578,0.0692058376629743,-0.00148942335094491,-5.15863472432469e-05,0.0346351137911997,0.00579801334965841,0.000200836839139188,0.0346389059540576,0.0358910891089109,7123,lowH,NA,NA,NA,FALSE,FALSE
snp_3580,0.233405425938634,-0.000246269433992375,-2.87736911334327e-05,0.116838255836181,0.00708845772541819,0.000828294306516605,0.116851131600385,0.13490099009901,7127,goodH,0.849781367212677,0.90613359419119,0.546933202904405,FALSE,FALSE
snp_3582,0.0211057777777779,0.0111890871140599,0.000118467702873132,0.0105877898407162,0.0190647759434974,0.000201877363936895,0.0105890236809078,0.0106666666666667,7131,lowH,NA,NA,NA,FALSE,FALSE
snp_3584,0.061952,-0.00482678266540814,-0.00014957944384158,0.0309894714990098,0.00311466165133882,9.65338297056766e-05,0.0309933599574715,0.032,7135,lowH,NA,NA,NA,FALSE,FALSE
snp_3586,0.0471773854152504,0.00268936011931867,6.35651965466012e-05,0.0236358069304252,0.0118927192058085,0.000281134051364236,0.0236391733882802,0.0241730279898219,7139,lowH,NA,NA,NA,FALSE,FALSE
snp_3588,0.126769410376311,0.00593709831867929,0.000377212295768346,0.0635347901485076,0.0138768362360748,0.00088175691700121,0.0635416388866042,0.0680100755667506,7143,goodH,0.770609560866534,0.365489277472579,0.18274463873629,FALSE,FALSE
snp_3590,0.135423738492091,0.00397745020962552,0.000269911233693255,0.0678603676898491,0.0129804558711363,0.000880966174842928,0.0678686622094583,0.0730478589420655,7147,goodH,0.797483515033524,0.42812272912326,0.21406136456163,FALSE,FALSE
snp_3592,0.0512465373961217,-0.000119933998160372,-3.07792521973893e-06,0.0256634921452649,0.0095455771482069,0.000245005786163796,0.0256669431674772,0.0263157894736842,7151,lowH,NA,NA,NA,FALSE,FALSE
snp_3594,0.494459833795014,-0.000437507819193596,-0.000108313420270471,0.247569107382154,0.00837247578831808,0.00207302041120158,0.247599451298984,0.552631578947368,7155,goodH,0.849781367212677,0.908774304710063,0.454387152355032,FALSE,FALSE
snp_3596,0.0633466362961506,0.0102554740414323,0.00032580914301781,0.031769291375663,0.0175225215369426,0.000556733387933135,0.0317724470624493,0.0327455919395466,7159,lowH,NA,NA,NA,FALSE,FALSE
snp_3598,0.0692058376629743,0.00449444278695277,0.000155829784528053,0.0346716582933087,0.0116882184558108,0.000405289260654816,0.0346750244433811,0.0358910891089109,7163,lowH,NA,NA,NA,FALSE,FALSE
snp_3600,0.0328606075825564,0.00358642433441814,5.90376739523268e-05,0.0164614302289205,0.0112188323806238,0.00018469518498594,0.0164629596663669,0.0167095115681234,7167,lowH,NA,NA,NA,FALSE,FALSE
snp_3602,0.0252483958111211,0.00107885461936488,1.36395262076976e-05,0.0126425988848498,0.00876837614102943,0.00011086865236344,0.0126441487660021,0.0127877237851662,7171,lowH,NA,NA,NA,FALSE,FALSE
snp_3604,0.0517768220914441,-0.00409545009084674,-0.000106100602290598,0.0259069454973292,0.00466762273512074,0.000120937460196807,0.0259098618418395,0.0265957446808511,7175,lowH,NA,NA,NA,FALSE,FALSE
snp_3606,0.0624349635796044,0.00467868900238856,0.000146367279995235,0.0312838232933439,0.0125150454669965,0.000391559391986739,0.0312870930448733,0.032258064516129,7179,lowH,NA,NA,NA,FALSE,FALSE
snp_3608,0.0367068612757384,-0.00531833365092795,-9.76547855257406e-05,0.0183619140759816,0.00323086512102193,5.93314947564691e-05,0.0183639652334674,0.0187032418952618,7183,lowH,NA,NA,NA,FALSE,FALSE
snp_3610,0.0224690082644627,0.00774535773706522,8.72444981590233e-05,0.0112641018169525,0.0152569619676088,0.000171876940256839,0.0112654760903082,0.0113636363636364,7187,lowH,NA,NA,NA,FALSE,FALSE
snp_3612,0.12954654702772,0.0101233669348542,0.000657679701565908,0.064966498379265,0.0171327822770195,0.00111318404777203,0.0649739213265534,0.069620253164557,7191,goodH,0.637735236730722,0.201091195746319,0.10054559787316,FALSE,FALSE
snp_3614,0.0327777777777778,8.940450591838e-05,1.46711518740534e-06,0.0164098573369972,0.00777634646567258,0.000127623705148061,0.0164117822825198,0.0166666666666667,7195,lowH,NA,NA,NA,FALSE,FALSE
snp_3616,0.0816357190072712,0.00714754324830053,0.000292481982648553,0.0409206313957031,0.0145879638908285,0.00059702392532106,0.0409257885328611,0.0426356589147287,7199,lowH,NA,NA,NA,FALSE,FALSE
snp_3618,0.0278073635765943,0.00690533312027188,9.62494805062556e-05,0.0139384268405093,0.0145216515261424,0.000202433794931771,0.013940135842493,0.0141025641025641,7203,lowH,NA,NA,NA,FALSE,FALSE
snp_3620,0.100331176678752,0.0100109129934897,0.000503807720171685,0.0503258514482465,0.0185130546978724,0.000931798085235693,0.050331946858169,0.0529715762273902,7207,goodH,0.599822646828706,0.154691103655824,0.077345551827912,FALSE,FALSE
snp_3622,0.0362633162658641,-0.00433141648126939,-7.85837371667798e-05,0.018142734023986,0.00411769297837904,7.47157546885494e-05,0.0181450523584111,0.0184729064039409,7211,lowH,NA,NA,NA,FALSE,FALSE
snp_3624,0.0259022740267703,-0.00244794152601005,-3.17310466860556e-05,0.0129623384990632,0.00548403904976927,7.10943496775622e-05,0.0129638664189587,0.0131233595800525,7215,lowH,NA,NA,NA,FALSE,FALSE
snp_3626,0.021762782384132,-0.00105959940472534,-1.15417354921654e-05,0.0108925462214251,0.00631696644128577,6.88147778527259e-05,0.0108936430947256,0.0110024449877751,7219,lowH,NA,NA,NA,FALSE,FALSE
snp_3628,0.05002660194523,0.00737410049553026,0.000184932827161807,0.0250786963472904,0.015248219735074,0.000382446582988532,0.025081392427001,0.0256723716381418,7223,lowH,NA,NA,NA,FALSE,FALSE
snp_3630,0.0193686073134427,0.00218844181465506,2.1227428358515e-05,0.00969979106429241,0.00952995416259582,9.24478289133218e-05,0.00970076322886954,0.0097799511002445,7227,lowH,NA,NA,NA,FALSE,FALSE
snp_3632,0.028909439804879,0.000297345286611167,4.30345663812121e-06,0.0144729270376791,0.00762582243052536,0.000110378839274594,0.0144743521476135,0.0146699266503667,7231,lowH,NA,NA,NA,FALSE,FALSE
snp_3634,0.0905978584176086,-0.00508547959756096,-0.000230458391457195,0.0453169434732812,0.00283890913806825,0.000128664566384353,0.0453218331855115,0.0475609756097561,7235,lowH,NA,NA,NA,FALSE,FALSE
snp_3636,0.13265306122449,0.0044486601354284,0.000295660123145289,0.0664604879097641,0.0118667903258744,0.00078876166043751,0.0664679866060908,0.0714285714285714,7239,goodH,0.811598925536587,0.518710966777713,0.259355483388857,FALSE,FALSE
snp_3638,0.225860963813298,-0.00136993956161937,-0.000154878188131023,0.113054759837686,0.00682878928921274,0.000772125574285368,0.113069175454729,0.129770992366412,7243,goodH,0.849781367212677,0.866302707806794,0.566848646096603,FALSE,FALSE
snp_3640,0.0403868636411946,0.0127374037995562,0.000258117358130573,0.0202645187506395,0.0202424507405848,0.000410247543327624,0.0202666934248779,0.0206185567010309,7247,lowH,NA,NA,NA,FALSE,FALSE
snp_3642,0.0229268519502603,0.00702171917252444,8.06957179740485e-05,0.0114923020974416,0.0146819397478655,0.00016874776694839,0.0114935607859937,0.0115979381443299,7251,lowH,NA,NA,NA,FALSE,FALSE
snp_3644,0.041596875,0.00339783010278457,7.07989362485132e-05,0.0208365145127452,0.010813100986314,0.000225333545237963,0.0208389383880872,0.97875,7255,lowH,NA,NA,NA,FALSE,FALSE
snp_3646,0.0940857790718648,0.0132702622944095,0.000626480455298665,0.0472093498530612,0.0204028414078831,0.000963292067343513,0.0472136232442274,0.049492385786802,7259,lowH,NA,NA,NA,FALSE,FALSE
snp_3648,0.04274687584671,-0.00108391535613986,-2.31989069043687e-05,0.021402876869451,0.00848173765239639,0.00018156026149397,0.0214060218477369,0.0218508997429306,7263,lowH,NA,NA,NA,FALSE,FALSE
snp_3650,0.0355213695758134,0.00895863455945809,0.000159627985415526,0.0178183387608995,0.0188569990593878,0.000336053215827341,0.0178211397672017,0.0180878552971576,7267,lowH,NA,NA,NA,FALSE,FALSE
snp_3652,0.0318154253607583,-0.000354661625439661,-5.64842132347447e-06,0.0159262263473595,0.00710264283885801,0.000113130049729832,0.0159278809728269,0.0161691542288557,7271,lowH,NA,NA,NA,FALSE,FALSE
snp_3654,0.0308346639570329,-0.000114253390104077,-1.76354052432217e-06,0.0154353452682297,0.00710733151475963,0.000109714885541685,0.0154368605592468,0.0156626506024096,7275,lowH,NA,NA,NA,FALSE,FALSE
snp_3656,0.0462590406776078,-0.00612395758305366,-0.000141683246256189,0.0231358960826668,0.00219040151201239,5.06827153220741e-05,0.0231385501900564,0.0236907730673317,7279,lowH,NA,NA,NA,FALSE,FALSE
snp_3658,0.0381050497999946,-0.00696321882393527,-0.000132672275702179,0.0190532969100631,0.000880460520958233,1.67776419526515e-05,0.0190555300928108,0.0194300518134715,7283,lowH,NA,NA,NA,FALSE,FALSE
snp_3660,0.0220831357868099,-0.00607082403935779,-6.70416248696567e-05,0.0110432495547588,0.0014971087661881,1.65348713028152e-05,0.0110445357586916,0.011166253101737,7287,lowH,NA,NA,NA,FALSE,FALSE
snp_3662,0.0349016980597283,0.00319782383179823,5.59061484184377e-05,0.0174825604407983,0.0107535964664458,0.000188022050170418,0.0174845737197876,0.0177664974619289,7291,lowH,NA,NA,NA,FALSE,FALSE
snp_3664,0.0775431078461382,-0.00216546360061656,-8.40346939348178e-05,0.0388067912621072,0.0057523502871144,0.000223259014490927,0.0388117905460383,0.0404040404040404,7295,lowH,NA,NA,NA,FALSE,FALSE
snp_3666,0.0272562561551475,-0.00453858937136539,-6.18798653617958e-05,0.0136341625775191,0.00306877608090841,4.18445356561068e-05,0.0136355780131472,0.0138190954773869,7299,lowH,NA,NA,NA,FALSE,FALSE
snp_3668,0.0262170645756026,-0.0013592287308144,-1.78345040786697e-05,0.0131210470131719,0.00591584143466163,7.76298071769292e-05,0.013122361042689,0.0132850241545894,7303,lowH,NA,NA,NA,FALSE,FALSE
snp_3670,0.0332446498167984,0.00668769491870203,0.000111428570453807,0.0166617305078016,0.0138268785796065,0.000230402367948624,0.0166633681363521,0.0169082125603865,7307,lowH,NA,NA,NA,FALSE,FALSE
snp_3672,0.0332446498167984,-0.00477812575993717,-7.94511891346463e-05,0.0166281075732278,0.0025155780084969,4.18335013333963e-05,0.0166297770103311,0.0169082125603865,7311,lowH,NA,NA,NA,FALSE,FALSE
snp_3674,0.108727810650888,-0.00212508555558939,-0.000115651989973458,0.0544222747499603,0.00671319588636861,0.00036539365927231,0.0544291668911755,0.0576923076923077,7315,goodH,0.849781367212677,0.848343189510839,0.57582840524458,FALSE,FALSE
snp_3676,0.054819197896121,0.000775558236496213,2.12974102138483e-05,0.0274607491889519,0.0112691207442547,0.000309505031586246,0.0274648784594877,0.0282051282051282,7319,lowH,NA,NA,NA,FALSE,FALSE
snp_3678,0.0302958579881656,-0.00513510162231062,-7.78478679639428e-05,0.0151599469084925,0.00527265203919397,7.9945045206932e-05,0.0151622076732287,0.0153846153846154,7323,lowH,NA,NA,NA,FALSE,FALSE
snp_3680,0.024327210075469,-0.00545839213769166,-6.6410369369701e-05,0.012166654152808,0.00203558734900091,2.47691265716632e-05,0.0121680489829238,0.0123152709359606,7327,lowH,NA,NA,NA,FALSE,FALSE
snp_3682,0.054819197896121,0.00497966396420551,0.000136780451833483,0.0274678076305307,0.0124859720867385,0.000342996000626028,0.0274705083627673,0.0282051282051282,7331,lowH,NA,NA,NA,FALSE,FALSE
snp_3684,0.00485434019452891,0.0216678997991756,5.29218542991649e-05,0.00244240811475317,0.0361412326617886,8.82891422942166e-05,0.0024428923916467,0.0024330900243309,7335,lowH,NA,NA,NA,FALSE,FALSE
snp_3686,0.0520953581851871,-0.00387262885716704,-0.00010094677625314,0.0260667314055461,0.00476832983081693,0.000124309480327077,0.0260698157924575,0.0267639902676399,7339,lowH,NA,NA,NA,FALSE,FALSE
snp_3688,0.0475907198096372,0.0027109154078456,6.46150072231435e-05,0.0238351248571396,0.00991906079453696,0.000236446208198747,0.0238375601376465,0.024390243902439,7343,lowH,NA,NA,NA,FALSE,FALSE
snp_3690,0.0578102767859541,0.00621153217900455,0.00017996871676143,0.0289733211669961,0.013775925084545,0.000399178307203531,0.0289765155337091,0.0297927461139896,7347,lowH,NA,NA,NA,FALSE,FALSE
snp_3692,0.118248656800829,0.00229051353604277,0.000135640097853834,0.0592182040051043,0.00945349262966146,0.000559872251245938,0.0592238523029332,0.0631067961165049,7351,goodH,0.847246047458463,0.770030312258228,0.385015156129114,FALSE,FALSE
snp_3694,0.0875749725781232,-0.0020649537244208,-9.05085192943031e-05,0.043830773650722,0.00618158449863468,0.000270974513675067,0.0438357695724967,0.0458937198067633,7355,lowH,NA,NA,NA,FALSE,FALSE
snp_3696,0.0356600554614261,-0.00142622543950327,-2.5453534223945e-05,0.0178467818052734,0.00583054261080683,0.000104066839410397,0.0178485685393175,0.0181598062953995,7359,lowH,NA,NA,NA,FALSE,FALSE
snp_3698,0.0453156552237219,-0.00163624472059871,-3.71098599661545e-05,0.0226798959220329,0.00604488295549293,0.00013711107803018,0.0226821725151168,0.0231958762886598,7363,lowH,NA,NA,NA,FALSE,FALSE
snp_3700,0.0566527591132,0.0016570543573016,4.70125187167178e-05,0.0283711385263634,0.00945877360920184,0.000268382391016295,0.0283739099913759,0.0291777188328912,7367,lowH,NA,NA,NA,FALSE,FALSE
snp_3702,0.0285283933518006,-0.00624366621150205,-8.90777365388047e-05,0.0142668960065011,0.00176324759795596,2.51592963123676e-05,0.0142687256977032,0.0144736842105263,7371,lowH,NA,NA,NA,FALSE,FALSE
snp_3704,0.0146333512426879,0.0075912643763383,5.57085524749913e-05,0.00733850775223069,0.0174293933931507,0.000127924456609936,0.007339581689642,0.00737100737100737,7375,lowH,NA,NA,NA,FALSE,FALSE
snp_3706,0.0314309171803031,-0.00315224385885407,-4.95713122431813e-05,0.0157257225211002,0.00426026386947483,6.70031130800367e-05,0.0157274561231101,0.015970515970516,7379,lowH,NA,NA,NA,FALSE,FALSE
snp_3708,0.0342194500136135,0.00014111430105716,2.41744406190102e-06,0.0171311060876942,0.00757924297002397,0.000129853940401113,0.0171328377932582,0.982587064676617,7383,lowH,NA,NA,NA,FALSE,FALSE
snp_3710,0.0828809675522009,0.0162960472637774,0.000678059332249804,0.0416088221440658,0.0232668511981923,0.00096819736441505,0.0416127372014256,0.0433168316831683,7387,lowH,NA,NA,NA,FALSE,FALSE
snp_3712,0.220621875,-0.00595867571189665,-0.000657452071525562,0.110335266309751,0.00184711583033674,0.000203824201825467,0.110347276807383,0.12625,7391,goodH,0.864453405348127,0.103197211920995,0.948401394039503,FALSE,FALSE
snp_3714,0.00511505588428673,0.0266104845765281,6.85558434696918e-05,0.00257627189285241,0.0418122480322519,0.000107745187084825,0.00257688098955396,0.00256410256410256,7395,lowH,NA,NA,NA,FALSE,FALSE
snp_3716,0.385633270321361,-0.00127979559179343,-0.00024704458504362,0.193034408485051,0.00699413230198921,0.00135028031452457,0.193059018077273,0.739130434782609,7399,goodH,0.849781367212677,0.891749377042763,0.554125311478618,FALSE,FALSE
snp_3718,0.16184192610747,0.00213468670242102,0.000173021408439797,0.0810523662528873,0.00968341760306461,0.000784945215343911,0.0810607625860824,0.0888077858880779,7403,goodH,0.843330227695123,0.742631965684029,0.371315982842015,FALSE,FALSE
snp_3720,0.0794883997620465,0.00379404429045843,0.000151091482688588,0.0398233312849206,0.0117634064605068,0.000468511538270844,0.0398278797764726,0.0414634146341463,7407,lowH,NA,NA,NA,FALSE,FALSE
snp_3722,0.0251215611625843,-0.000348190657678606,-4.37878245048225e-06,0.0125758183165386,0.0073196136359496,9.20610756490947e-05,0.0125773135342753,0.0127226463104326,7411,lowH,NA,NA,NA,FALSE,FALSE
snp_3724,0.138858134400352,-0.00464391275745483,-0.000322549614123496,0.0694564327475165,0.00283967701534896,0.000197256721035153,0.0694644919013484,0.0750636132315522,7415,goodH,0.856303354098092,0.228061345348819,0.885969327325591,FALSE,FALSE
snp_3726,0.0781099262539739,-0.000512650584792949,-2.00458433758156e-05,0.0391023515245024,0.0074334768260797,0.000290702237531128,0.0391071694084287,0.959287531806616,7419,lowH,NA,NA,NA,FALSE,FALSE
snp_3728,0.0471773854152504,-0.00628261391263201,-0.000148217713909318,0.0235917272604174,0.00137740079992524,3.2499123284886e-05,0.0235945291208266,0.0241730279898219,7423,lowH,NA,NA,NA,FALSE,FALSE
snp_3730,0.0875749725781232,8.85068339599681e-05,3.88027722518988e-06,0.0438415549577216,0.00749327472640138,0.000328549791815077,0.0438459557151272,0.0458937198067633,7427,lowH,NA,NA,NA,FALSE,FALSE
snp_3732,0.0720757777311021,0.0193228253526186,0.000699541292210812,0.0362028471222514,0.0261306714532888,0.000946091217470435,0.0362061579306015,0.03743961352657,7431,lowH,NA,NA,NA,FALSE,FALSE
snp_3734,0.0690471674047133,0.00597856128248626,0.000206895237793151,0.0346061916935157,0.0139825525098491,0.000483942758130366,0.034610473144262,0.0358056265984655,7435,lowH,NA,NA,NA,FALSE,FALSE
snp_3736,0.241756660409076,-0.00576374961195148,-0.000696954530915253,0.120920334476375,0.00265941883524526,0.000321619676697265,0.120936075369115,0.140664961636829,7439,goodH,0.856951771465273,0.202981927014339,0.898509036492831,FALSE,FALSE
snp_3738,0.00510200744369804,0.0250371800828757,6.43194559306192e-05,0.00256895767485455,0.0402236356262843,0.000103357083633249,0.00256956095648674,0.00255754475703325,7443,lowH,NA,NA,NA,FALSE,FALSE
snp_3740,0.104178172255095,-0.00430454875101293,-0.000224333698737823,0.0521154972829694,0.00351340644340165,0.000183126009811316,0.0521220680730623,0.0551282051282051,7447,goodH,0.852938297158161,0.328509865765854,0.835745067117073,FALSE,FALSE
snp_3742,0.032695364368365,-0.0027497477067713,-4.49866936794853e-05,0.0163602986443828,0.00496105635284797,8.11741243784013e-05,0.0163622661395092,0.0166240409207161,7451,lowH,NA,NA,NA,FALSE,FALSE
snp_3744,0.00730806248169236,0.0125462815155053,4.60395770168929e-05,0.00366957946543724,0.0247467657692265,9.08249542802454e-05,0.00367017472615309,0.00366748166259169,7455,lowH,NA,NA,NA,FALSE,FALSE
snp_3746,0.144178172255095,-0.00192293333715505,-0.000138775886135799,0.0721688492546056,0.00694561482196658,0.00050133286450187,0.072179767717082,0.0782051282051282,7459,goodH,0.849781367212677,0.884312713692348,0.557843643153826,FALSE,FALSE
snp_3748,0.0434567901234568,0.000709981498672017,1.54473747522017e-05,0.0217574328078903,0.0080700788143824,0.000175605695329706,0.0217600966940674,0.0222222222222222,7463,lowH,NA,NA,NA,FALSE,FALSE
snp_3750,0.0542670138561598,-0.00514572106409925,-0.000139659362275175,0.0271408730740484,0.00210932672917608,5.72550277013406e-05,0.0271437453996067,0.0279126213592233,7467,lowH,NA,NA,NA,FALSE,FALSE
snp_3752,0.00736186269989569,0.0134191589832959,4.9614374205669e-05,0.00369727896267036,0.0257149621626842,9.50926657996759e-05,0.0036979508349294,0.00369458128078818,7471,lowH,NA,NA,NA,FALSE,FALSE
snp_3754,0.0822975085874349,-0.00340814906480821,-0.000140331766890728,0.0411753606494982,0.00423832614205977,0.000174534163113768,0.0411799746559727,0.042997542997543,7475,lowH,NA,NA,NA,FALSE,FALSE
snp_3756,0.026791647614693,-0.00245915987320188,-3.29684436014588e-05,0.013406384823014,0.00498626132960092,6.68542983057545e-05,0.0134077004566275,0.0135802469135802,7479,lowH,NA,NA,NA,FALSE,FALSE
snp_3758,0.0916598079561042,-0.00219109644877653,-0.000100517142027869,0.0458752703852889,0.00618759025990416,0.000283888724724918,0.0458803367386054,0.0481481481481481,7483,lowH,NA,NA,NA,FALSE,FALSE
snp_3760,0.0219217889296028,-0.00229663912175121,-2.51936884369514e-05,0.0109698072275896,0.00516270709114983,5.66403338258514e-05,0.0109710531366281,0.0110837438423645,7487,lowH,NA,NA,NA,FALSE,FALSE
snp_3762,0.10274043590916,0.0107997976262114,0.000556504413002934,0.0515291519585779,0.0177547359526704,0.000914987880996312,0.0515348627788911,0.054320987654321,7491,goodH,0.625388273971262,0.178777280934782,0.089388640467391,FALSE,FALSE
snp_3764,0.492071330589849,-0.00599602130121576,-0.00147547885712864,0.246076320114051,0.0015973417641207,0.000393116143813037,0.246106470539471,0.562962962962963,7495,goodH,0.866426285263235,0.0779017815089461,0.961049109245527,FALSE,FALSE
snp_3766,0.00492607834171621,0.000136532243238275,3.37124846865421e-07,0.00246919583879592,0.0151885638735198,3.75126494207625e-05,0.00246979567871872,0.00246913580246914,7499,lowH,NA,NA,NA,FALSE,FALSE
snp_3768,0.0614039262343844,-0.00110535738560432,-3.39701746994364e-05,0.0307322999256608,0.00609017131587292,0.000187182752263094,0.0307352195126656,0.0317073170731707,7503,lowH,NA,NA,NA,FALSE,FALSE
snp_3770,0.0665873959571937,0.0117576672799656,0.000392766384134981,0.0334051283118236,0.0193657060396695,0.000646976110445805,0.0334083409673014,0.0344827586206897,7507,lowH,NA,NA,NA,FALSE,FALSE
snp_3772,0.190439750692521,-0.00207953091005355,-0.000198249900091253,0.0953339520623656,0.00743608721066647,0.00070899878004032,0.0953456784400429,0.106578947368421,7511,goodH,0.849781367212677,0.958268809399393,0.520865595300304,FALSE,FALSE
snp_3774,0.0280913581572662,0.0120148273925953,0.00016933361059565,0.0140937197899331,0.0196311635469028,0.000276709008024358,0.014095395179366,0.0142487046632124,7515,lowH,NA,NA,NA,FALSE,FALSE
snp_3776,0.031971875,-0.00247933584517216,-3.96658338153786e-05,0.0159985723162988,0.00506196023835431,8.09940650930917e-05,0.0160005336429556,0.01625,7519,lowH,NA,NA,NA,FALSE,FALSE
snp_3778,0.259078627206881,-0.000623917274119409,-8.09256147258319e-05,0.129705680677057,0.00784410193174652,0.00101753540634548,0.129719809252775,0.152925531914894,7523,goodH,0.849781367212677,0.982405391680255,0.491202695840128,FALSE,FALSE
snp_3780,0.0912608392171601,-0.000497188366135593,-2.27178948618411e-05,0.0456927321900478,0.00837315973319345,0.000382649934013794,0.0456995860830013,0.0479274611398964,7527,lowH,NA,NA,NA,FALSE,FALSE
snp_3782,0.107492818599157,-0.00571766447937384,-0.000307422639024406,0.0537671701677172,0.00294618145098633,0.000158431045247873,0.0537750467456215,0.0569948186528497,7531,goodH,0.856274538687053,0.243281782453459,0.87835910877327,FALSE,FALSE
snp_3784,0.0246267125204445,-0.00503409029227041,-6.20084869949921e-05,0.0123177145015064,0.00252294148529574,3.10797452162573e-05,0.0123188529727689,0.0124688279301746,7535,lowH,NA,NA,NA,FALSE,FALSE
snp_3786,0.0296229295042116,0.00591652211236755,8.78324547742309e-05,0.0148452846293993,0.0133531372216423,0.000198252055706891,0.0148468522727057,0.0150375939849624,7539,lowH,NA,NA,NA,FALSE,FALSE
snp_3788,0.496493484433012,-0.00616473214539477,-0.00153063920317535,0.248289652668653,0.00155059086250021,0.000385035268534742,0.248315192515647,0.458128078817734,7543,goodH,0.866823780322504,0.0734990381834099,0.963250480908295,FALSE,FALSE
snp_3790,0.0433521803489529,-0.00125411408771075,-2.72187179464872e-05,0.0217035421364032,0.00779244660915706,0.000169144093303475,0.0217061600530841,0.0221674876847291,7547,lowH,NA,NA,NA,FALSE,FALSE
snp_3792,0.0659607376561571,0.00180469314487684,5.9613956772303e-05,0.0330327385248484,0.00949308749606783,0.000313615645763647,0.0330362114426472,0.0341463414634146,7551,lowH,NA,NA,NA,FALSE,FALSE
snp_3794,0.0499077929803688,0.0158909522257268,0.000398127012622791,0.0250536913689943,0.022906831808062,0.000573955764074368,0.0250560954427738,0.025609756097561,7555,lowH,NA,NA,NA,FALSE,FALSE
snp_3796,0.0491279049314355,0.00151504417114087,3.72735526139078e-05,0.0246022877246146,0.00935152969252231,0.000230091324757093,0.0246046724249915,0.0251989389920424,7559,lowH,NA,NA,NA,FALSE,FALSE
snp_3798,0.0394058751230872,-0.00215702826527195,-4.25396523899211e-05,0.0197214162998266,0.00586773266736215,0.000115732164663477,0.0197234896721197,0.0201072386058981,7563,lowH,NA,NA,NA,FALSE,FALSE
snp_3800,0.027460342893767,-0.00104272432703788,-1.43320600407699e-05,0.0137448217799653,0.00657606619514502,9.03965979144189e-05,0.0137463029160438,0.0139240506329114,7567,lowH,NA,NA,NA,FALSE,FALSE
snp_3802,0.0483963327155514,0.0029691178164752,7.19723947394963e-05,0.0242403296831578,0.010312102689097,0.000249998866218011,0.0242432483224139,0.0248138957816377,7571,lowH,NA,NA,NA,FALSE,FALSE
snp_3804,0.0712431018325699,-0.00125169828879097,-4.46364908699263e-05,0.0356607429039799,0.00679596235434644,0.000242376687313737,0.0356648072305348,0.0369897959183673,7575,lowH,NA,NA,NA,FALSE,FALSE
snp_3806,0.134798148252838,0.00977676863614988,0.000660935556463337,0.0676026590237094,0.0175209424280918,0.00118458411586593,0.0676096117961472,0.0726817042606516,7579,goodH,0.630654523056012,0.186880621221149,0.0934403106105746,FALSE,FALSE
snp_3808,0.268328472698755,0.00421278044790389,0.000566310829137528,0.13442685564573,0.0115188917153501,0.00154861422064265,0.134441251720333,0.159653465346535,7583,goodH,0.821364305356277,0.550136915703633,0.275068457851817,FALSE,FALSE
snp_3810,0.0249336802367106,-0.00286832630491144,-3.57857076019408e-05,0.0124761633781571,0.0047528528621165,5.93029160756049e-05,0.0124773305204312,0.0126262626262626,7587,lowH,NA,NA,NA,FALSE,FALSE
snp_3812,0.278879249302686,-0.0036155085045354,-0.000504426058810933,0.139517320503649,0.00367782362473014,0.00051316978468152,0.139530830470201,0.167493796526055,7591,goodH,0.852938297158161,0.354275662648631,0.822862168675685,FALSE,FALSE
snp_3814,0.499516765550753,-0.00791719828941942,-0.00197756456671588,0.249780856108999,0.00117852012318296,0.000294406901644975,0.24981067005444,0.484455958549223,7595,goodH,0.86896759252454,0.0425361599973525,0.978731920001324,FALSE,FALSE
snp_3816,0.104938271604938,-0.00506436056108631,-0.000265844237148244,0.0524931497158685,0.00318492475100764,0.000167204827551662,0.0524988314084226,0.0555555555555556,7599,goodH,0.856150345910198,0.278368558411941,0.860815720794029,FALSE,FALSE
snp_3818,0.373746875,-0.00327996702039215,-0.000613271393331208,0.186974865758829,0.00359686130967839,0.000672590695274581,0.186993780790152,0.24875,7603,goodH,0.852938297158161,0.341538768113207,0.829230615943396,FALSE,FALSE
snp_3820,0.0405071009525164,-0.00103899076556202,-2.10645067719442e-05,0.0202740076910595,0.00623260437506997,0.000126373065241257,0.0202761249770227,0.0206812652068127,7606,lowH,NA,NA,NA,FALSE,FALSE
snp_3822,0.0564229138940839,0.0101416359497682,0.000287021646884477,0.0283013163069649,0.0184267248229125,0.000521563897045597,0.0283047531266687,0.970944309927361,7610,lowH,NA,NA,NA,FALSE,FALSE
snp_3824,0.110596875,-0.00336081917374501,-0.000185978166981617,0.0553371536423301,0.0045010538944393,0.000249099617687333,0.0553425094498593,0.05875,7614,goodH,0.852801777383794,0.48769026787331,0.756154866063345,FALSE,FALSE
snp_3826,0.146337935568705,-0.00102259522751269,-7.49167680494269e-05,0.0732614098264971,0.00777731817836608,0.000569852067921786,0.0732710241310335,0.0794871794871795,7618,goodH,0.849781367212677,0.991972391988264,0.495986195994132,FALSE,FALSE
snp_3828,0.0334831074881157,0.000980478039393917,1.64372330211416e-05,0.0167645091075189,0.00824700025287842,0.000138270554606762,0.0167661634978733,0.0170316301703163,7622,lowH,NA,NA,NA,FALSE,FALSE
snp_3830,0.0287708455431828,0.010309463858912,0.000148756605503351,0.0144291310915028,0.0174822774149951,0.000252282248967796,0.0144307428019307,0.0145985401459854,7626,lowH,NA,NA,NA,FALSE,FALSE
snp_3832,0.0977787224997344,-0.000145258209247424,-7.11007381462797e-06,0.0489478278127269,0.00729716881767163,0.000357223271669668,0.0489536806116609,0.0515463917525773,7630,lowH,NA,NA,NA,FALSE,FALSE
snp_3834,0.0215028355387525,-0.00146746512261039,-1.57921392007939e-05,0.0107615090522235,0.00582735334775672,6.27174195606053e-05,0.0107625908054381,0.0108695652173913,7634,lowH,NA,NA,NA,FALSE,FALSE
snp_3836,0.315636521991581,0.0088221781051176,0.00139622867900931,0.158263488038105,0.016375522367285,0.00259191616166649,0.158279907262355,0.196385542168675,7638,goodH,0.643540974224351,0.231730409088726,0.115865204544363,FALSE,FALSE
snp_3840,0.0513718087927073,0.00877305521031542,0.00022597512925927,0.025757860157265,0.0161220683941937,0.000415323249581023,0.0257611641029013,0.0263819095477387,7645,lowH,NA,NA,NA,FALSE,FALSE
snp_3842,0.0549143067570586,-0.00637712517511924,-0.000175148369655462,0.0274650982763855,0.00231945195272938,6.37119499580253e-05,0.0274685362130711,0.0282555282555283,7649,lowH,NA,NA,NA,FALSE,FALSE
snp_3844,0.0322894347515561,0.00382687352478451,6.19028870267873e-05,0.0161758382203846,0.0113537854582286,0.000183679426852927,0.0161778137810246,0.0164141414141414,7653,lowH,NA,NA,NA,FALSE,FALSE
snp_3846,0.0653796144496581,0.0020913298801479,6.84734278388321e-05,0.032741571996279,0.00943792124889843,0.000309046769264831,0.0327452159341658,0.0338345864661654,7657,lowH,NA,NA,NA,FALSE,FALSE
snp_3848,0.0652521504469556,-0.000861833819377194,-2.81492311198655e-05,0.0326620173019059,0.00681814582760967,0.00022272528925341,0.0326665481913715,0.0337662337662338,7661,lowH,NA,NA,NA,FALSE,FALSE
snp_3850,0.0369782328729074,-0.00463757593210351,-8.57933064554264e-05,0.0184996014537518,0.00402176193108297,7.44135729413899e-05,0.0185027294545384,0.0188442211055276,7665,lowH,NA,NA,NA,FALSE,FALSE
snp_3852,0.0487500000000001,-0.000856429917922022,-2.0897728977728e-05,0.024400979625318,0.00661818477427664,0.000161513907944036,0.0244045631019253,0.025,7669,lowH,NA,NA,NA,FALSE,FALSE
snp_3854,0.0353420873507311,0.00394068084599635,6.97990686501613e-05,0.0177124388850408,0.013863990592444,0.00024560403007111,0.0177152478886538,0.0179948586118252,7673,lowH,NA,NA,NA,FALSE,FALSE
snp_3856,0.0500921881298697,0.00141437374084034,3.54825953405553e-05,0.0250871423273694,0.00983765236934675,0.000246831806200733,0.0250905192553702,0.025706940874036,7677,lowH,NA,NA,NA,FALSE,FALSE
snp_3858,0.0968346522282382,0.0112784178048618,0.000547830488233964,0.048573345810776,0.0184861078161971,0.000898035310252362,0.0485789285219642,0.0510204081632653,7681,lowH,NA,NA,NA,FALSE,FALSE
snp_3860,0.029405212742259,0.00437191150866786,6.44073431578333e-05,0.0147320784124147,0.0117826031280667,0.000173601760913072,0.0147337357480492,0.0149253731343284,7685,lowH,NA,NA,NA,FALSE,FALSE
snp_3862,0.0975409890233344,0.0104850867854267,0.00051294888349958,0.0489217584934566,0.017766655424902,0.000869285816302705,0.0489279380678651,0.051413881748072,7689,lowH,NA,NA,NA,FALSE,FALSE
snp_3864,0.103903401770785,-0.00557582437266978,-0.000289860867761286,0.0519852937230333,0.00443280469980419,0.00023047451814415,0.0519929330868854,0.0549738219895288,7693,goodH,0.852801777383794,0.476442095023483,0.761778952488258,FALSE,FALSE
snp_3866,0.0634640158169204,-0.00893994260434916,-0.000283719514976327,0.0317361673930996,0.001560770920973,4.95401862048965e-05,0.0317408439247527,0.0328083989501312,7697,lowH,NA,NA,NA,FALSE,FALSE
snp_3868,0.30429471477993,0.000811696798356061,0.000123678537125888,0.15237036461937,0.0088329911336095,0.00134602883655982,0.152386526398537,0.187185929648241,7701,goodH,0.849781367212677,0.847679617571174,0.423839808785587,FALSE,FALSE
snp_3870,0.497498512790006,0.00588661839053095,0.00146791219410135,0.249364252397028,0.0145055807586929,0.00361760811400289,0.249394227930855,0.535365853658537,7705,goodH,0.72572731084281,0.326527382153894,0.163263691076947,FALSE,FALSE
snp_3872,0.066429619255172,-0.00268771733385747,-8.93357391575446e-05,0.0332385173218078,0.00456583670494239,0.00015177689732477,0.0332418584222418,0.0343980343980344,7709,lowH,NA,NA,NA,FALSE,FALSE
snp_3874,0.0569521813827571,-0.00164909775671183,-4.70044516216561e-05,0.028503132352432,0.00590837622629082,0.000168424677390246,0.0285060854183248,0.0293367346938776,7713,lowH,NA,NA,NA,FALSE,FALSE
snp_3876,0.103428963606109,-0.000656393866132831,-3.39925867464398e-05,0.0517868744671678,0.00855654603521873,0.000443172400264142,0.051793375322244,0.0547073791348601,7717,goodH,0.849781367212677,0.884004416485676,0.442002208242838,FALSE,FALSE
snp_3878,0.00723754023298495,0.0119681805485021,4.3489386099897e-05,0.00363375083820407,0.0240666367960369,8.74669110613349e-05,0.00363436369620778,0.0036319612590799,7721,lowH,NA,NA,NA,FALSE,FALSE
snp_3880,0.0721874999999998,-0.00037248584914691,-1.34620529152987e-05,0.0361411123298518,0.00800384262431638,0.000289301349770418,0.036145307116796,0.0375,7725,lowH,NA,NA,NA,FALSE,FALSE
snp_3882,0.0735897132434333,0.000615421502598588,2.26755701426832e-05,0.0368455928935481,0.00832778538512739,0.000306876254404607,0.0368496833447051,0.0382585751978892,7729,lowH,NA,NA,NA,FALSE,FALSE
snp_3884,0.0785332093664759,-0.00626571727980671,-0.000246112781827495,0.0392792669756538,0.00248796007938554,9.77370736555709e-05,0.0392840200553819,0.0409429280397022,7733,lowH,NA,NA,NA,FALSE,FALSE
snp_3886,0.0562563051602383,-0.00651366916252028,-0.000183251587844285,0.0281333889198298,0.001714431299343,4.82385788100162e-05,0.0281367814671268,0.0289672544080605,7737,lowH,NA,NA,NA,FALSE,FALSE
snp_3888,0.0587695133149677,-0.00588086377446834,-0.000172858905582814,0.0293934551474016,0.00231860754969384,6.81599606892305e-05,0.0293969372687631,0.0303030303030303,7741,lowH,NA,NA,NA,FALSE,FALSE
snp_3890,0.230402109734183,-0.000158798201794166,-1.83128878322847e-05,0.115321758215007,0.00639052604386032,0.000737039766523193,0.115333191894477,0.132850241545894,7745,goodH,0.849781367212677,0.797523137374079,0.601238431312961,FALSE,FALSE
snp_3892,0.0227529908883382,-1.4091542937322e-05,-1.60515108960852e-07,0.0113908824374172,0.00769518339771851,8.76651720847009e-05,0.0113922134865157,0.0115089514066496,7749,lowH,NA,NA,NA,FALSE,FALSE
snp_3894,0.0376273048972731,-0.00318528175931856,-5.99682641893801e-05,0.0188266749131196,0.00450766439797068,8.48742273355979e-05,0.0188288700848732,0.0191815856777494,7753,lowH,NA,NA,NA,FALSE,FALSE
snp_3896,0.0460350103750407,-0.00467564144791348,-0.000107677678828432,0.0230294987389343,0.00358409764704814,8.2549880379448e-05,0.0230322632106399,0.0235732009925558,7757,lowH,NA,NA,NA,FALSE,FALSE
snp_3898,0.00519476996527768,0.0326803486382396,8.54865287868351e-05,0.00261583894753211,0.0401181146035642,0.000104953572784713,0.00261611428707043,0.00260416666666667,7761,lowH,NA,NA,NA,FALSE,FALSE
snp_3900,0.0248099795459711,0.0175014362474638,0.000218052179818531,0.0124591020265625,0.0248224435489055,0.000309300211664009,0.012460506196927,0.0125628140703518,7765,lowH,NA,NA,NA,FALSE,FALSE
snp_3902,0.3318,0.00754258077200949,0.0012547254680245,0.166352274632681,0.015895658914585,0.00264459140991264,0.166371927337099,0.21,7769,goodH,0.673900617399392,0.253307539901098,0.126653769950549,FALSE,FALSE
snp_3904,0.0392000000000001,-0.00170491285785369,-3.3447253839366e-05,0.0196181603565784,0.00577991634637222,0.000113403327537571,0.0196202368237991,0.02,7773,lowH,NA,NA,NA,FALSE,FALSE
snp_3906,0.1596875,0.0017929944520648,0.000143383795167913,0.0799689006303356,0.00936932244623501,0.000749334693396379,0.0799774687760366,0.0875,7777,goodH,0.847246047458463,0.780246259851683,0.390123129925842,FALSE,FALSE
snp_3908,0.0343875,-0.00388254946005635,-6.68163161980898e-05,0.0172093921495388,0.00586511704877706,0.000100949012536267,0.0172117643512871,0.0175,7781,lowH,NA,NA,NA,FALSE,FALSE
snp_3910,0.0312421264802216,-0.00314469635571616,-4.9160360345221e-05,0.0156327844676837,0.0048313667995066,7.5536185746423e-05,0.0156345375710528,0.0158730158730159,7785,lowH,NA,NA,NA,FALSE,FALSE
snp_3912,0.11826965493579,-0.00222836896757984,-0.000131888448294568,0.0591860909092663,0.00546901194973401,0.000323725516539911,0.059192687731402,0.0631188118811881,7789,goodH,0.852801777383794,0.647947093056406,0.676026453471797,FALSE,FALSE
snp_3914,0.113931844917165,0.00475616205393209,0.00027151001288477,0.0570859465691047,0.012394822742727,0.000707643530888797,0.0570918637222163,0.0606435643564356,7793,goodH,0.810648381061125,0.473906870328694,0.236953435164347,FALSE,FALSE
snp_3916,0.034053034016273,0.000645470656660416,1.10047617686476e-05,0.0170492053435625,0.00804028244162991,0.000137094180819566,0.0170509160362002,0.0173267326732673,7797,lowH,NA,NA,NA,FALSE,FALSE
snp_3918,0.0760709734339771,-0.00612083491186599,-0.000232872692665032,0.0380459032171542,0.0021701880700715,8.25760532194919e-05,0.03805018300408,0.0396039603960396,7801,lowH,NA,NA,NA,FALSE,FALSE
snp_3920,0.0147050754458162,-0.00172966177232086,-1.27344102421519e-05,0.0073623701731379,0.00829088267873837,6.10496928842006e-05,0.0073634732572878,0.00740740740740741,7805,lowH,NA,NA,NA,FALSE,FALSE
snp_3922,0.0223573899648999,0.000695499435877483,7.78541127486694e-06,0.0111939864696575,0.00825330204549409,9.23972617796036e-05,0.0111951872438799,0.0113065326633166,7809,lowH,NA,NA,NA,FALSE,FALSE
snp_3924,0.0630907372400757,-0.00724327257568749,-0.000228487500078139,0.0315447883108903,0.000532051008012977,1.67853423073596e-05,0.0315483704655442,0.0326086956521739,7813,lowH,NA,NA,NA,FALSE,FALSE
snp_3926,0.0653457490256484,-0.00193488095717723,-6.32703292787652e-05,0.0326998563110928,0.0051957103907793,0.000169916677951164,0.0327032619548447,0.0338164251207729,7817,lowH,NA,NA,NA,FALSE,FALSE
snp_3928,0.0312797030146879,-0.00250167962664586,-3.91558479400897e-05,0.0156518234881211,0.00485549559216188,7.60048642117688e-05,0.0156533690061344,0.0158924205378973,7821,lowH,NA,NA,NA,FALSE,FALSE
snp_3930,0.038914099588077,-0.00244868941296575,-4.76817604629664e-05,0.0194723594631857,0.00498978471669633,9.71729049573126e-05,0.0194743682291867,0.0198511166253102,7825,lowH,NA,NA,NA,FALSE,FALSE
snp_3932,0.0386323375961561,-0.00284256363391807,-5.49462941406715e-05,0.0193298378565886,0.00455028208157507,8.79654810094724e-05,0.0193318742514142,0.0197044334975369,7829,lowH,NA,NA,NA,FALSE,FALSE
snp_3934,0.0734037396121883,0.000605430406719259,2.22552232995331e-05,0.0367593418707378,0.00949577789100471,0.000349120278667793,0.0367658429541105,0.0381578947368421,7833,lowH,NA,NA,NA,FALSE,FALSE
snp_3936,0.0420078308335883,-0.00563240107036749,-0.000118349028247847,0.021012180554842,0.00290169991806001,6.09787276707384e-05,0.0210148290287395,0.0214646464646465,7837,lowH,NA,NA,NA,FALSE,FALSE
snp_3938,0.058913635635315,0.00610022076662891,0.000180106909794898,0.0295246543830295,0.0134787760015484,0.000397995027358445,0.0295275347934207,0.030379746835443,7841,lowH,NA,NA,NA,FALSE,FALSE
snp_3940,0.24181207545264,-0.000508599593484683,-6.15600703400339e-05,0.121038378969699,0.00669053228600013,0.000809889508786722,0.121050086026998,0.85929648241206,7845,goodH,0.849781367212677,0.844806179762882,0.577596910118559,FALSE,FALSE
snp_3942,0.0447350849179853,0.0010883847622254,2.43778831014036e-05,0.0223982216101211,0.00824134853823122,0.000184609978902403,0.0224004576491343,0.0228915662650602,7849,lowH,NA,NA,NA,FALSE,FALSE
snp_3944,0.0695372639291105,0.00996172162824069,0.000347380325051187,0.0348715149865653,0.01711572653765,0.000596909857888953,0.0348749354329722,0.0360696517412935,7853,lowH,NA,NA,NA,FALSE,FALSE
snp_3946,0.0553101411626311,-0.00273390272427488,-7.56607440111261e-05,0.0276749949218452,0.00462799074496861,0.000128093467762317,0.027677987018789,0.0284653465346535,7857,lowH,NA,NA,NA,FALSE,FALSE
snp_3948,0.0952255325029365,0.00869985629513409,0.000415366817401224,0.0477441009725117,0.0158408264886567,0.000756404380275079,0.0477503103020998,0.050125313283208,7861,lowH,NA,NA,NA,FALSE,FALSE
snp_3950,0.0371613865932048,2.27849253367919e-05,4.23887011804527e-07,0.0186038358932016,0.00761105652897244,0.000141616177912104,0.0186066385623368,0.0189393939393939,7865,lowH,NA,NA,NA,FALSE,FALSE
snp_3952,0.0217102914931588,0.00254577250306025,2.76805796060215e-05,0.0108731552299928,0.00985981159861007,0.000107218432520778,0.01087428815941,0.0109756097560976,7869,lowH,NA,NA,NA,FALSE,FALSE
snp_3954,0.0452676977989293,0.00720848681436266,0.000163558782336751,0.0226897525859193,0.014366381139316,0.000326003175016872,0.0226920873012835,0.0231707317073171,7873,lowH,NA,NA,NA,FALSE,FALSE
snp_3956,0.0986961288393553,0.0184094443104277,0.000912478823863569,0.0495657994058361,0.0251344606536767,0.00124592949764218,0.0495705682652046,0.0520581113801453,7877,lowH,NA,NA,NA,FALSE,FALSE
snp_3958,0.0869860599262939,0.0122700761094281,0.000535461212926299,0.0436395999626165,0.0194354257911208,0.000848234380437078,0.0436437251004091,0.0455696202531646,7881,lowH,NA,NA,NA,FALSE,FALSE
snp_3960,0.0199979593918986,0.00282923484276282,2.83480417324447e-05,0.0100196849352958,0.0123352671387985,0.000123611172659847,0.0100209562767432,0.0101010101010101,7885,lowH,NA,NA,NA,FALSE,FALSE
snp_3962,0.0492296704417918,0.0104989298382117,0.000259327147683041,0.0247003410518279,0.0201966307415947,0.000498928248463326,0.0247035386667633,0.0252525252525253,7889,lowH,NA,NA,NA,FALSE,FALSE
snp_3964,0.0249336802367106,-0.00182175881347535,-2.27385018775214e-05,0.0124816203491523,0.00734800835494895,9.17262754153913e-05,0.0124831479476494,0.0126262626262626,7893,lowH,NA,NA,NA,FALSE,FALSE
snp_3966,0.038914099588077,-0.00487842923303051,-9.49542640937793e-05,0.0194641060796516,0.00258657079339415,5.03501447978233e-05,0.0194659836592962,0.0198511166253102,7897,lowH,NA,NA,NA,FALSE,FALSE
snp_3968,0.0313236566780881,-0.00380268628698005,-5.95951450654267e-05,0.0156718542019818,0.00419808259923592,6.57987555967559e-05,0.0156735257207021,0.0159151193633952,7901,lowH,NA,NA,NA,FALSE,FALSE
snp_3970,0.0405916937367445,0.0032195382432492,6.5464085335897e-05,0.0203333771459816,0.0109256046391227,0.000222184521195665,0.0203361304508549,0.0207253886010363,7905,lowH,NA,NA,NA,FALSE,FALSE
snp_3972,0.068877551020408,0.00184388725959367,6.35999772486324e-05,0.0344923351022273,0.00929301354306934,0.000320568606854782,0.0344956569114074,0.964285714285714,7909,lowH,NA,NA,NA,FALSE,FALSE
snp_3974,0.0406038072575847,0.00567319783007081,0.000115429614598888,0.0203464814829924,0.0128630333021387,0.000261742476011737,0.0203484255901147,0.0207317073170732,7913,lowH,NA,NA,NA,FALSE,FALSE
snp_3976,0.00505047268066017,0.0300500114972305,7.63830135508216e-05,0.0025418630391493,0.0373134424927838,9.48549628636324e-05,0.00254211234682988,0.00253164556962025,7917,lowH,NA,NA,NA,FALSE,FALSE
snp_3978,0.26811087966672,-0.00739772570430811,-0.000991791529269271,0.134067086144015,0.00113547451239166,0.000152247291655501,0.134082526726929,0.159493670886076,7921,goodH,0.869250487428704,0.0394483865170385,0.980275806741481,FALSE,FALSE
snp_3980,0.0612882550873257,0.00194231996257451,5.96203674262417e-05,0.0306954408001944,0.0100068344438796,0.000307197631508049,0.0306987822403655,0.0316455696202532,7925,lowH,NA,NA,NA,FALSE,FALSE
snp_3982,0.0304495695610585,0.00249804896572298,3.81139625967521e-05,0.0152574921948022,0.0128322881458053,0.000195814980013834,0.0152595529175242,0.0154639175257732,7929,lowH,NA,NA,NA,FALSE,FALSE
snp_3984,0.0540123456790125,0.0026247568702259,7.10364210754913e-05,0.0270640004342107,0.0127770820827452,0.000345847789266895,0.0270678224517275,0.972222222222222,7933,lowH,NA,NA,NA,FALSE,FALSE
snp_3986,0.0639504773102655,0.00286945983384842,9.19357737370428e-05,0.0320394008142437,0.0119407469057939,0.000382622650315283,0.0320434436249232,0.0330687830687831,7937,lowH,NA,NA,NA,FALSE,FALSE
snp_3988,0.0727115837293555,0.0119203553144037,0.000434840390925229,0.036478811197834,0.0191707561220814,0.000699429154149615,0.036484171500361,0.0377833753148615,7941,lowH,NA,NA,NA,FALSE,FALSE
snp_3990,0.0298438934802572,0.00649837552290349,9.72046362950365e-05,0.0149582978011103,0.0140387530183742,0.000210030125660352,0.0149607394179142,0.0151515151515152,7945,lowH,NA,NA,NA,FALSE,FALSE
snp_3992,0.0444214876033058,0.00270153346695013,6.0106911267137e-05,0.0222491825485301,0.0102349664620649,0.000227756770180417,0.0222528106002672,0.0227272727272727,7949,lowH,NA,NA,NA,FALSE,FALSE
snp_3994,0.0698382692711617,0.00884058420256438,0.000309546506588698,0.0350142591819789,0.0157988254076833,0.000553235867594558,0.0350175315770949,0.036231884057971,7953,lowH,NA,NA,NA,FALSE,FALSE
snp_3996,0.00481924899064157,0.00353793814925881,8.5407124556836e-06,0.00241403667768269,0.0108255884437203,2.61359254114284e-05,0.0024142729559047,0.00241545893719807,7957,lowH,NA,NA,NA,FALSE,FALSE
snp_3998,0.0373463629570461,0.00303927503454531,5.68544667830357e-05,0.0187065882938566,0.0105921787804184,0.00019816733215729,0.0187088356669017,0.0190355329949239,7961,lowH,NA,NA,NA,FALSE,FALSE
snp_4000,0.0661798809554484,-0.00185959352545052,-6.15949843316948e-05,0.0331228214600137,0.00623195770100038,0.000206446587906537,0.0331270842665376,0.965736040609137,7965,lowH,NA,NA,NA,FALSE,FALSE
snp_4002,0.0683736580676173,0.00108288487062867,3.70761942655054e-05,0.0342383528213676,0.00906295328554657,0.000310334169117184,0.034242057675846,0.0354430379746835,7969,lowH,NA,NA,NA,FALSE,FALSE
snp_4004,0.106972048039111,0.010097154263846,0.000541673320600456,0.0536461369655388,0.0173276934320068,0.000929653700247402,0.0536513243320772,0.0567010309278351,7973,goodH,0.630654523056012,0.193834818200112,0.0969174091000558,FALSE,FALSE
snp_4006,0.0255059458232343,-0.003504846474474,-4.47267658179398e-05,0.012761405141049,0.00431201667162484,5.50332975465416e-05,0.0127627747612126,0.0129198966408269,7977,lowH,NA,NA,NA,FALSE,FALSE
snp_4008,0.0451601636267842,-0.00188991002281123,-4.27109333186562e-05,0.0225994533089591,0.00536816824028361,0.000121329562683827,0.0226016691826739,0.0231143552311436,7981,lowH,NA,NA,NA,FALSE,FALSE
snp_4010,0.0399833402748855,-0.00583401686319986,-0.000116656549420609,0.0199959225617707,0.00187576419758479,3.75123404574175e-05,0.0199984307759568,0.0204081632653061,7985,lowH,NA,NA,NA,FALSE,FALSE
snp_4012,0.296634214910454,-0.00082789543941206,-0.000122919530202472,0.148472288106533,0.00645583466901773,0.000958625923367325,0.148489850269536,0.181122448979592,7989,goodH,0.849781367212677,0.807886882507015,0.596056558746492,FALSE,FALSE
snp_4014,0.0350765306122449,-0.00163945003537384,-2.87808061644689e-05,0.0175551590737599,0.00603086868899682,0.000105886047032633,0.0175573457975995,0.0178571428571429,7993,lowH,NA,NA,NA,FALSE,FALSE
snp_4016,0.0367968750000001,0.00934005411095199,0.000172338847781631,0.0184515898660104,0.0166877855396109,0.000307950346688557,0.0184536375996439,0.01875,7997,lowH,NA,NA,NA,FALSE,FALSE
snp_4018,0.194273277177907,0.0219375687621883,0.00214204064352709,0.0976425722808043,0.0297033635649541,0.00290061845182528,0.0976528616189318,0.109022556390977,8001,goodH,0.398229779646891,0.0161891596408887,0.00809457982044437,FALSE,FALSE
snp_4020,0.0249959942316935,-0.0032987429447747,-4.12553195325298e-05,0.0125063759811535,0.00436243627219598,5.45642056352489e-05,0.0125077370145243,0.0126582278481013,8005,lowH,NA,NA,NA,FALSE,FALSE
snp_4022,0.0299930428508852,-0.00246193595848507,-3.69506803896766e-05,0.0150087902418119,0.0051857009280025,7.78394967868287e-05,0.0150104099460306,0.0152284263959391,8009,lowH,NA,NA,NA,FALSE,FALSE
snp_4024,0.0383975621893939,-0.00362497945100735,-6.96384474385775e-05,0.0192107150894954,0.00428085153598409,8.22520641315632e-05,0.0192139492435481,0.0195822454308094,8013,lowH,NA,NA,NA,FALSE,FALSE
snp_4026,0.0234647489226614,-0.00656693552850132,-7.70570559100316e-05,0.0117340966080137,0.00147558393178944,1.73166719688353e-05,0.0117354706809767,0.0118733509234828,8017,lowH,NA,NA,NA,FALSE,FALSE
snp_4028,0.133937490097202,0.0207277181660771,0.00139488523650696,0.0672956485287331,0.0277997129598721,0.0018709839091847,0.0673022743754726,0.0721784776902887,8021,goodH,0.427106201296509,0.0240676338037324,0.0120338169018662,FALSE,FALSE
snp_4030,0.0471422903685033,-0.00434556283980068,-0.000102472319002954,0.023580908338137,0.00288820231339742,6.8113312229683e-05,0.0235832898248602,0.0241545893719807,8025,lowH,NA,NA,NA,FALSE,FALSE
snp_4032,0.0625129365890138,0.0176702816020845,0.000554772934350669,0.0313958173867033,0.0250643105474685,0.000787026901043772,0.0314003012192675,0.0322997416020672,8029,lowH,NA,NA,NA,FALSE,FALSE
snp_4034,0.0049999685931621,0.023858686240292,6.00483827019217e-05,0.00251683525644063,0.0387334937280758,9.75056988128022e-05,0.00251734840903664,0.0025062656641604,8033,lowH,NA,NA,NA,FALSE,FALSE
snp_4036,0.243104628739769,-0.00505227481662333,-0.000614515687827106,0.121631484852167,0.00438016229313713,0.000532834492358516,0.121647203162624,0.141604010025063,8037,goodH,0.852801777383794,0.467781230369839,0.766109384815081,FALSE,FALSE
snp_4038,0.0867768595041321,0.0108264814601157,0.000471207284490978,0.0435235848532034,0.0179970628140066,0.000783372440528541,0.0435277938752797,0.0454545454545455,8041,lowH,NA,NA,NA,FALSE,FALSE
snp_4040,0.00764319961277082,0.0456365188701772,0.000176193964240951,0.00386081078493679,0.0579021821213482,0.000223587814422938,0.00386147475330644,0.00383631713554987,8045,lowH,NA,NA,NA,FALSE,FALSE
snp_4042,0.290465645997373,-0.00466523228463851,-0.000677675807032389,0.14526089285282,0.00156180248867246,0.000226888065310811,0.145273212814296,0.17632241813602,8049,goodH,0.866823780322504,0.0745449692636163,0.962727515368192,FALSE,FALSE
snp_4044,0.126362988206514,-0.0068558422785552,-0.00043326222311519,0.0631960604564105,0.00205763772277477,0.000130052710609974,0.0632048631158428,0.0677749360613811,8053,goodH,0.86223826102914,0.126673925511429,0.936663037244286,FALSE,FALSE
snp_4046,0.0987876287644158,0.0147438581507615,0.000731036507426914,0.0495824430723486,0.0217034374339837,0.00107623515647115,0.0495882350316528,0.0521091811414392,8057,lowH,NA,NA,NA,FALSE,FALSE
snp_4048,0.0270551800050993,0.0130301677457665,0.000176897240763134,0.0135759757061154,0.020365827165429,0.000276521629829503,0.0135777264327814,0.013715710723192,8061,lowH,NA,NA,NA,FALSE,FALSE
snp_4050,0.0559826885509513,0.00634428909893061,0.000178041808048103,0.0280633188796698,0.0150372206216802,0.000422049949716953,0.0280670185225889,0.0288220551378446,8065,lowH,NA,NA,NA,FALSE,FALSE
snp_4052,0.0306830831506155,0.000457998265122379,7.03596887077468e-06,0.0153624356391277,0.00823139840871488,0.000126467196437093,0.0153639989413218,0.0155844155844156,8069,lowH,NA,NA,NA,FALSE,FALSE
snp_4054,0.0753556324490581,0.00513916927832326,0.000194037083119008,0.0377565074451714,0.0122340279167688,0.000461961707417417,0.037760393433811,0.0392156862745098,8073,lowH,NA,NA,NA,FALSE,FALSE
snp_4056,0.0990198262419248,0.00822846605091371,0.000408464371040928,0.0496404030245189,0.015278042123866,0.000758485442538855,0.0496454608770855,0.0522388059701493,8077,lowH,NA,NA,NA,FALSE,FALSE
snp_4058,0.0428365922531835,-0.00237754546042297,-5.09623166306181e-05,0.0214348442454395,0.00490031765594501,0.000105048263690246,0.0214370314468905,0.0218978102189781,8081,lowH,NA,NA,NA,FALSE,FALSE
snp_4060,0.029405212742259,-0.00312118627290868,-4.59205143536754e-05,0.0147125196442958,0.00439391029417863,6.46528800973618e-05,0.0147142011940978,0.0149253731343284,8085,lowH,NA,NA,NA,FALSE,FALSE
snp_4062,0.0245662236083266,0.00440822239596811,5.42559195870555e-05,0.012307890735431,0.0118441059301162,0.000145793334914319,0.0123093575635462,0.0124378109452736,8089,lowH,NA,NA,NA,FALSE,FALSE
snp_4064,0.362252790772506,0.0147170073682078,0.00267598563193011,0.181829468789345,0.022137141226837,0.00402566340561404,0.181851096506251,0.237562189054726,8093,goodH,0.530595716350412,0.0761445653436301,0.0380722826718151,FALSE,FALSE
snp_4066,0.0376273048972731,0.00544177205479669,0.000102606978368923,0.0188554348355108,0.0130072699495336,0.000245284837702302,0.0188575188070958,0.0191815856777494,8097,lowH,NA,NA,NA,FALSE,FALSE
snp_4068,0.0232826676900306,-0.00252623381402341,-2.94335443154401e-05,0.0116511560220797,0.00541870006231116,6.31429286464799e-05,0.0116527816488053,0.0117801047120419,8101,lowH,NA,NA,NA,FALSE,FALSE
snp_4070,0.00973212737848295,-0.00200476005362031,-9.76373636449483e-06,0.00487027679290742,0.00543294327094408,2.64626777367788e-05,0.00487078116171465,0.00488997555012225,8105,lowH,NA,NA,NA,FALSE,FALSE
snp_4072,0.0700403891935351,-0.00593017213590714,-0.000207747165121704,0.035032231840927,0.00259059552528881,9.07650655710155e-05,0.0350363708595137,0.0363408521303258,8109,lowH,NA,NA,NA,FALSE,FALSE
snp_4074,0.0625850845276108,0.00791532928343786,0.00024833586766433,0.0313740412775943,0.0151302599486158,0.000474745476596091,0.0313772187793458,0.0323383084577114,8113,lowH,NA,NA,NA,FALSE,FALSE
snp_4076,0.0596449704142012,-0.00399229730665574,-0.000119150931492265,0.0298452049885219,0.00496897985303688,0.000148318697944383,0.0298489231856586,0.0307692307692308,8117,lowH,NA,NA,NA,FALSE,FALSE
snp_4078,0.0649266537133852,0.0113288921967061,0.000368979888201498,0.0325698119281938,0.0187853099431771,0.000611910925473185,0.0325739062769861,0.0335917312661499,8121,lowH,NA,NA,NA,FALSE,FALSE
snp_4080,0.26851950260389,-0.00583101435549038,-0.000783067700926726,0.134293564238854,0.00233533597455064,0.000313677212369445,0.134317809423461,0.15979381443299,8125,goodH,0.856951771465273,0.160331875214449,0.919834062392775,FALSE,FALSE
snp_4082,0.121731228298611,-0.00296458745508475,-0.000180574136446724,0.0609103759570357,0.00483758492471036,0.000294702712823175,0.060919387961095,0.0651041666666667,8129,goodH,0.852801777383794,0.54337786866297,0.728311065668515,FALSE,FALSE
snp_4084,0.105451172204419,-0.00310403343484635,-0.000163823303261022,0.0527775575552496,0.00637904850703258,0.000336730852631649,0.0527870029927536,0.0558441558441558,8133,goodH,0.849781367212677,0.795697904477788,0.602151047761106,FALSE,FALSE
snp_4086,0.0678770738112675,0.0101206320165061,0.000344510247487743,0.0340403886759117,0.0173523853386648,0.000590740894371057,0.0340437860756101,0.0351758793969849,8137,lowH,NA,NA,NA,FALSE,FALSE
snp_4088,0.0124839019216687,-0.00608529355884096,-3.80101658227084e-05,0.00624623371989766,0.0046816128271171,2.92467923787597e-05,0.00624716170661418,0.00628140703517588,8141,lowH,NA,NA,NA,FALSE,FALSE
snp_4090,0.0622022059066489,0.00164917462094795,5.13809315129738e-05,0.031155543421739,0.010491479279552,0.000326909065863403,0.0311594825813128,0.032133676092545,8145,lowH,NA,NA,NA,FALSE,FALSE
snp_4092,0.0977787224997344,0.00733919366152372,0.000359710675904561,0.0490122883376646,0.0146542805998977,0.000718310086645047,0.0490170828754339,0.0515463917525773,8149,lowH,NA,NA,NA,FALSE,FALSE
snp_4094,0.0404890197570925,-0.00189505442094441,-3.84066111324532e-05,0.020266758942634,0.00684132119738998,0.000138668388839414,0.0202692411068665,0.020671834625323,8153,lowH,NA,NA,NA,FALSE,FALSE
snp_4096,0.0356116942736717,-0.00371801605028063,-6.62434127990086e-05,0.0178168711224387,0.00408210150639726,7.27382330898744e-05,0.0178188202757532,0.0181347150259067,8157,lowH,NA,NA,NA,FALSE,FALSE
snp_4098,0.493603002887901,-0.00537694425686982,-0.0013274231491858,0.246873146860286,0.0022525233070508,0.000556150396023355,0.246901061703781,0.443444730077121,8161,goodH,0.856951771465273,0.14999547016568,0.92500226491716,FALSE,FALSE
snp_4100,0.0310803324099724,0.00478964369401439,7.45917064111093e-05,0.0155735397404042,0.0126149762535152,0.000196482851963254,0.0155753643934528,0.0157894736842105,8165,lowH,NA,NA,NA,FALSE,FALSE
snp_4102,0.260495152354571,0.00155044054058849,0.000202236081536324,0.130437818311666,0.00874160904194644,0.00114035917266148,0.130451861572565,0.846052631578947,8169,goodH,0.849781367212677,0.859570103484104,0.429785051742052,FALSE,FALSE
snp_4104,0.25683864265928,-0.000868880261110647,-0.00011170289474167,0.128559595310504,0.00672467418024249,0.000864619672919108,0.128574210399578,0.151315789473684,8173,goodH,0.849781367212677,0.85013260348664,0.57493369825668,FALSE,FALSE
snp_4106,0.120633656509695,0.0092052154777474,0.000556818523744392,0.0604894611202139,0.0165426566944816,0.0010007663263065,0.0604961068097569,0.935526315789474,8177,goodH,0.643540974224351,0.224620143397696,0.112310071698848,FALSE,FALSE
snp_4108,0.0233430466860933,-0.00692568187624412,-8.08395742240677e-05,0.0116724353888325,0.00107822261887477,1.25869240786777e-05,0.0116737711288355,0.0118110236220472,8181,lowH,NA,NA,NA,FALSE,FALSE
snp_4110,0.117467180355963,-0.00107430998984927,-6.31651636600558e-05,0.0587960311798998,0.00654637895679119,0.000384940632238067,0.0588020697822161,0.0626598465473146,8185,goodH,0.849781367212677,0.822191539553533,0.588904230223234,FALSE,FALSE
snp_4112,0.130771645920684,-0.00719241262534345,-0.000470268133193925,0.0653839202073684,0.000412451852702234,2.69704827460464e-05,0.06539062091574,0.929667519181586,8189,goodH,0.871504048632489,0.00471441497298615,0.997642792513507,FALSE,FALSE
snp_4114,0.0568233194527068,0.0204596084283765,0.000584103205775978,0.0285490901656678,0.0273978749733766,0.000782268791521183,0.0285521702789482,0.0292682926829268,8193,lowH,NA,NA,NA,FALSE,FALSE
snp_4116,0.0288399762046401,-0.00213056086906963,-3.07543775743908e-05,0.0144348739436957,0.00648610167627789,9.36386006760377e-05,0.0144368073998145,0.0146341463414634,8197,lowH,NA,NA,NA,FALSE,FALSE
snp_4118,0.277777777777778,-0.00506580178021228,-0.000703920816384174,0.138955459949852,0.00333362914544084,0.000463278982012516,0.138971361780332,0.833333333333333,8201,goodH,0.853019753765932,0.300825577292353,0.849587211353823,FALSE,FALSE
snp_4120,0.211044877134527,0.0076410749764547,0.000808710360317947,0.105837249707655,0.0174350472727767,0.00184553795540526,0.105852191079912,0.119897959183673,8205,goodH,0.630654523056012,0.18994252767718,0.0949712638385898,FALSE,FALSE
snp_4122,0.43213296398892,0.00760788386134509,0.00164851614841754,0.216685241055465,0.0167392433745466,0.00362759633753603,0.216712085269762,0.315789473684211,8209,goodH,0.643540974224351,0.21651398050182,0.10825699025091,FALSE,FALSE
snp_4124,0.0750029744199883,0.00742977885364486,0.000279321115596184,0.0375948088224936,0.0144594777206715,0.000543656234008148,0.0375986079518576,0.0390243902439024,8213,lowH,NA,NA,NA,FALSE,FALSE
snp_4126,0.36485173634316,0.00131244402469244,0.00023982580417972,0.182732215368897,0.0100875522725367,0.00184353892553912,0.182753841143222,0.240049751243781,8217,goodH,0.843330227695123,0.696273709406774,0.348136854703387,FALSE,FALSE
snp_4128,0.0314309171803031,-0.000652914268346228,-1.02720994162417e-05,0.0157326925053422,0.00671442027301336,0.000105646345188233,0.0157342467245978,0.015970515970516,8221,lowH,NA,NA,NA,FALSE,FALSE
snp_4130,0.0273919753086418,0.0143134001706529,0.000196776986035837,0.0137477457270631,0.0216948925426108,0.000298286469733642,0.0137491563577823,0.0138888888888889,8225,lowH,NA,NA,NA,FALSE,FALSE
snp_4132,0.398527105185766,0.00128056445153981,0.000255530506015662,0.199545212822674,0.00847981191189191,0.00169228370892587,0.199566184546222,0.274752475247525,8229,goodH,0.849781367212677,0.894274070137291,0.447137035068646,FALSE,FALSE
snp_4134,0.0608535950220663,0.0124604136271782,0.000380573052280477,0.0305425697466723,0.0220382451659569,0.000673190515327954,0.0305464663932431,0.031413612565445,8233,lowH,NA,NA,NA,FALSE,FALSE
snp_4136,0.0384960664455469,0.000286983874930427,5.53125791513551e-06,0.01927375855691,0.0080924048046518,0.000155987269892401,0.0192757621075423,0.0196335078534031,8237,lowH,NA,NA,NA,FALSE,FALSE
snp_4138,0.381171875,0.00320059348296812,0.000611163767589734,0.190953262525224,0.0114369443068108,0.00218416190915342,0.190974254185424,0.25625,8241,goodH,0.821364305356277,0.55776538098284,0.27888269049142,FALSE,FALSE
snp_4140,0.041596875,-0.00633913324725459,-0.000131878650129354,0.0208038930537498,0.00210890609757455,4.38784033069406e-05,0.0208062385316279,0.02125,8245,lowH,NA,NA,NA,FALSE,FALSE
snp_4142,0.439357936684736,0.000588598982283002,0.000129487147170075,0.219992135677558,0.00860923141432625,0.00189416942797043,0.2200160893362,0.674129353233831,8249,goodH,0.849781367212677,0.877000123614285,0.438500061807143,FALSE,FALSE
snp_4144,0.0534627614374605,-0.00432842942197488,-0.000115764489025991,0.0267451488150112,0.00347810901715289,9.30321542287638e-05,0.0267479120895751,0.0274869109947644,8253,lowH,NA,NA,NA,FALSE,FALSE
snp_4146,0.0533271070087054,-0.000702707187733341,-1.87581880282557e-05,0.0266941741250183,0.00703262957906091,0.000187749708851432,0.0266969426927364,0.0274151436031332,8257,lowH,NA,NA,NA,FALSE,FALSE
snp_4148,0.199333283340946,-0.00115679514088472,-0.000115429923745907,0.0997842398072535,0.00726073022502048,0.000724588214716672,0.0997955015901486,0.112271540469974,8261,goodH,0.849781367212677,0.932145888814735,0.533927055592632,FALSE,FALSE
snp_4150,0.315081353715466,-0.00198952743125534,-0.000313726970980912,0.157689190936642,0.00590720355743618,0.000931608088918498,0.157707124845183,0.804071246819338,8265,goodH,0.852801777383794,0.719752821742605,0.640123589128697,FALSE,FALSE
snp_4152,0.0372536452491588,-0.00111672555393634,-2.08228421041177e-05,0.0186463379750909,0.0064596180393377,0.000120460749195987,0.0186482774155386,0.0189873417721519,8269,lowH,NA,NA,NA,FALSE,FALSE
snp_4154,0.0423214135410392,0.00158272052749975,3.35528988249715e-05,0.0211995094787679,0.011002015505887,0.000233268428352169,0.0212023359017583,0.0216284987277354,8273,lowH,NA,NA,NA,FALSE,FALSE
snp_4156,0.0325317742426303,0.00531928194597029,8.67126924288263e-05,0.0163015785419152,0.0128657193251792,0.000209753937280431,0.0163033198516874,0.0165394402035623,8277,lowH,NA,NA,NA,FALSE,FALSE
snp_4158,0.0387258039932936,0.00810091916407687,0.000157298563942928,0.0194173723693554,0.0163279334584638,0.000317086095942275,0.0194198547384396,0.0197530864197531,8281,lowH,NA,NA,NA,FALSE,FALSE
snp_4160,0.15825654347613,0.00252144531372954,0.000199893109304296,0.0792771940029222,0.0112087256622483,0.000888716055632323,0.0792878764644563,0.0866336633663366,8285,goodH,0.827817052386473,0.579471936670531,0.289735968335265,FALSE,FALSE
snp_4162,0.0755332057543359,-0.003619984647903,-0.000136788684057807,0.0377870895494119,0.00360797528898118,0.000136348712382495,0.0377909219053984,0.0393120393120393,8289,lowH,NA,NA,NA,FALSE,FALSE
snp_4164,0.0377218934911243,-0.00237999789605081,-4.492318952759e-05,0.0188753064034772,0.00482983617247773,9.11737779668538e-05,0.0188771988761021,0.0192307692307692,8293,lowH,NA,NA,NA,FALSE,FALSE
snp_4166,0.0358854447163728,0.00176494411452139,3.17185681662943e-05,0.0179714291831249,0.00956587248982655,0.000171934749222214,0.0179737655300203,0.0182767624020888,8297,lowH,NA,NA,NA,FALSE,FALSE
snp_4168,0.407716914883589,0.00973083146515643,0.00198952594409985,0.204455904022573,0.0169477376448147,0.00346541714630299,0.20447668113173,0.285194174757282,8301,goodH,0.637735236730722,0.208212085498636,0.104106042749318,FALSE,FALSE
snp_4170,0.0192289565463286,0.0110588340545324,0.000106693789745704,0.00964783350754556,0.0200898668529203,0.00019384833950598,0.00964906044052762,0.00970873786407767,8305,lowH,NA,NA,NA,FALSE,FALSE
snp_4172,0.0542670138561598,0.0199697203458903,0.000544406548513544,0.0272616010181425,0.0268812845732242,0.00073289818499829,0.0272642545411804,0.0279126213592233,8309,lowH,NA,NA,NA,FALSE,FALSE
snp_4174,0.0334032425299273,-0.000821557022599568,-1.37357477352261e-05,0.0167191653864311,0.0064556740389569,0.00010794454034599,0.0167208783613604,0.0169902912621359,8313,lowH,NA,NA,NA,FALSE,FALSE
snp_4176,0.153471875,-0.00278470259658981,-0.000213860071462704,0.0767981728909222,0.00516408039796018,0.000396635524588477,0.0768066129925376,0.08375,8317,goodH,0.852801777383794,0.597523616115581,0.70123819194221,FALSE,FALSE
snp_4178,0.051121875,0.00890710539223326,0.000228309748622001,0.0256323169613644,0.0161918684593534,0.00041507691285871,0.02563489901741,0.02625,8321,lowH,NA,NA,NA,FALSE,FALSE
snp_4180,0.0255711562726517,-0.0044205892932796,-5.6547233543629e-05,0.0127917862963644,0.00346780997818734,4.43659759814196e-05,0.0127936583205202,0.0129533678756477,8325,lowH,NA,NA,NA,FALSE,FALSE
snp_4182,0.00516792397111332,-0.0013735614437636,-3.55296732621883e-06,0.00258668248322666,0.00651906032966594,1.68646273173904e-05,0.00258697211937823,0.00259067357512953,8329,lowH,NA,NA,NA,FALSE,FALSE
snp_4184,0.0718422811316553,0.00849486429892827,0.000305969827998099,0.0360182125612885,0.0156634465109473,0.00056422725890854,0.0360219098979395,0.0373134328358209,8333,lowH,NA,NA,NA,FALSE,FALSE
snp_4186,0.251604089375781,0.00559753550808002,0.000705897830185948,0.126108682859981,0.0142887661043508,0.0018021798512689,0.126125645707096,0.147582697201018,8337,goodH,0.739787123514521,0.33952335352877,0.169761676764385,FALSE,FALSE
snp_4188,0.0449761579267534,0.00463020975155261,0.000104355162112667,0.0225378908758236,0.0130546416344212,0.000294258547612189,0.0225405304758667,0.0230179028132992,8341,lowH,NA,NA,NA,FALSE,FALSE
snp_4190,0.156850730488274,0.00867936620435564,0.00068251286648048,0.0786362564282596,0.0155631910803502,0.00122395257439468,0.0786440626524221,0.0857843137254902,8345,goodH,0.686770499642736,0.269316459293624,0.134658229646812,FALSE,FALSE
snp_4192,0.0515103160605808,-0.00615068082201713,-0.000158488017901427,0.025767556875021,0.0034299890203164,8.83938444895917e-05,0.0257708826372389,0.0264550264550265,8349,lowH,NA,NA,NA,FALSE,FALSE
snp_4194,0.199584978024131,-0.00349183181871948,-0.000348721740597768,0.0998678512316354,0.00487507911712867,0.00048691855461549,0.0998791081984072,0.112433862433862,8353,goodH,0.852801777383794,0.549595735739759,0.725202132130121,FALSE,FALSE
snp_4196,0.085901850452115,0.00104192485621878,4.48237116177048e-05,0.0430201001062335,0.0096930451232619,0.000417044374497379,0.0430251143158854,0.044973544973545,8357,lowH,NA,NA,NA,FALSE,FALSE
snp_4198,0.0589954088631337,0.00427760642812753,0.00012649677837277,0.0295718599871616,0.014898689588735,0.000440645012454214,0.0295760918992089,0.0304232804232804,8361,lowH,NA,NA,NA,FALSE,FALSE
snp_4200,0.0711496021330957,0.00536187947818945,0.000191169818357094,0.0356535090232291,0.0130022929027484,0.000463622079912492,0.0356569478460596,0.0369393139841689,8365,lowH,NA,NA,NA,FALSE,FALSE
snp_4202,0.0837551281368212,0.00863041987157763,0.000362395338172557,0.0419904643765972,0.0155919440825726,0.000654780836859838,0.0419948168998181,0.0437956204379562,8369,lowH,NA,NA,NA,FALSE,FALSE
snp_4204,0.0312046400951815,0.00779735911918623,0.000121971745096493,0.0156426994360653,0.0150085223737339,0.000234799278627587,0.0156443967487768,0.0158536585365854,8373,lowH,NA,NA,NA,FALSE,FALSE
snp_4206,0.24136717707297,-0.0012157955239061,-0.000146868641345137,0.12080044584576,0.00600619721566663,0.000725631162076347,0.120813742210063,0.140394088669951,8377,goodH,0.852801777383794,0.735822073580337,0.632088963209831,FALSE,FALSE
snp_4208,0.0971231942463886,0.0182836479937063,0.000891888465517616,0.0487806626896681,0.0255963168737655,0.00124875145107618,0.0487863725564385,0.0511811023622047,8381,lowH,NA,NA,NA,FALSE,FALSE
snp_4210,0.0655809229049213,-0.000980718958315921,-3.21932907471043e-05,0.0328262143544021,0.00670426139395893,0.000220098363954452,0.0328296214930966,0.0339425587467363,8385,lowH,NA,NA,NA,FALSE,FALSE
snp_4212,0.0503441967296303,4.16293040748747e-05,1.04922605317377e-06,0.0252040257816135,0.00771337515213296,0.000194430831792594,0.0252069720398376,0.0258397932816537,8389,lowH,NA,NA,NA,FALSE,FALSE
snp_4214,0.0336439882592763,-0.00642095620492793,-0.000108020346107975,0.0168230934241651,0.000993769409862582,1.67201633706628e-05,0.016824993006149,0.0171149144254279,8393,lowH,NA,NA,NA,FALSE,FALSE
snp_4216,0.0596805309519766,0.00817974283966082,0.000244733180587943,0.0299194223321196,0.0153439756088493,0.000459134409603187,0.0299227802042642,0.0307881773399015,8397,lowH,NA,NA,NA,FALSE,FALSE
snp_4218,0.0708952820222113,-0.000337920479651099,-1.19946126146987e-05,0.0354953704702452,0.00820050948116494,0.000291112543101599,0.035499324007884,0.0368020304568528,8401,lowH,NA,NA,NA,FALSE,FALSE
snp_4220,0.096601467150969,0.0187247716326084,0.000908494477789594,0.0485183208433628,0.0257881064801446,0.00125130974791499,0.0485227462853247,0.0508905852417303,8405,lowH,NA,NA,NA,FALSE,FALSE
snp_4222,0.0884791157402488,-0.00602296943156162,-0.000266515529744767,0.0442498559511476,0.00200643317401524,8.87957859149644e-05,0.0442555411587757,0.0463917525773196,8409,lowH,NA,NA,NA,FALSE,FALSE
snp_4224,0.0225252363403299,-0.00082530476512559,-9.3053912420515e-06,0.0112750969523791,0.00681834904288439,7.68864635987255e-05,0.011276404759443,0.0113924050632911,8413,lowH,NA,NA,NA,FALSE,FALSE
snp_4226,0.0899332309454395,-0.00219231637442706,-9.86693196410958e-05,0.0450068798427335,0.00569096130585768,0.00025616712601137,0.0450129797487286,0.0471938775510204,8417,lowH,NA,NA,NA,FALSE,FALSE
snp_4228,0.0521364795918369,-0.00358778190443222,-9.35834011190418e-05,0.0260839158041998,0.00404497680054542,0.000105522679375706,0.0260873385878202,0.0267857142857143,8421,lowH,NA,NA,NA,FALSE,FALSE
snp_4230,0.0945521150466573,0.0010265017539936,4.85950878887898e-05,0.0473404820787991,0.00819275458828537,0.000387887633234506,0.0473452035032439,0.0497512437810945,8425,lowH,NA,NA,NA,FALSE,FALSE
snp_4232,0.00745331185751352,0.0125229772409697,4.68693182613658e-05,0.00374266577024751,0.02497258562152,9.34800316862464e-05,0.00374330608383981,0.00374064837905237,8429,lowH,NA,NA,NA,FALSE,FALSE
snp_4234,0.0685283933518004,-0.00344356262175327,-0.000118069376330138,0.0342869839463014,0.00432466152634908,0.000148295159446726,0.0342905817121642,0.0355263157894737,8433,lowH,NA,NA,NA,FALSE,FALSE
snp_4236,0.0509854444779474,-0.00289162961247403,-7.37820681409837e-05,0.0255157395756011,0.00572557661752994,0.000146109439483421,0.0255187292466019,0.0261780104712042,8437,lowH,NA,NA,NA,FALSE,FALSE
snp_4238,0.27139990335311,-0.00252294536145885,-0.000342635584160541,0.135807770312718,0.00511067905974116,0.000694160968990122,0.135825584208232,0.161917098445596,8441,goodH,0.852801777383794,0.58867202235048,0.70566398882476,FALSE,FALSE
snp_4240,0.0599426081411414,0.00879928339525003,0.000264472481403452,0.030056138610812,0.0162991238505388,0.000489952568778345,0.0300600555754503,0.0309278350515464,8445,lowH,NA,NA,NA,FALSE,FALSE
snp_4242,0.0383546248527926,-0.00510180600963717,-9.78673969951108e-05,0.0191828926482587,0.00228474535552815,4.38333359172393e-05,0.0191852172108286,0.019559902200489,8449,lowH,NA,NA,NA,FALSE,FALSE
snp_4244,0.47144881092933,-0.00637571569504259,-0.00150317199559936,0.235765217192502,0.00166500225962079,0.000392599164499138,0.235794973989136,0.61948051948052,8453,goodH,0.865706142206329,0.0844637018834152,0.957768149058292,FALSE,FALSE
snp_4246,0.0328606075825564,0.00781388818651126,0.000128729835483575,0.0164744916245148,0.0154489690769063,0.000254553602784917,0.0164770608004798,0.0167095115681234,8457,lowH,NA,NA,NA,FALSE,FALSE
snp_4248,0.375,0.00722493784793095,0.00135829652664519,0.188001136512776,0.0156297651260932,0.00293873633968941,0.188021785099209,0.25,8461,goodH,0.685591080045328,0.266038918915561,0.13301945945778,FALSE,FALSE
snp_4250,0.00745331185751352,0.0419800930787641,0.000157936953876016,0.0037621868436473,0.053988353041692,0.000203147183001327,0.00376279644693826,0.00374064837905237,8465,lowH,NA,NA,NA,FALSE,FALSE
snp_4252,0.065064893875038,0.00995310369836065,0.000324757624963701,0.0326287794044777,0.0171423599266508,0.000559388153592701,0.0326319220916038,0.0336658354114713,8469,lowH,NA,NA,NA,FALSE,FALSE
snp_4254,0.0708952820222113,0.0120819310001651,0.000429728343013981,0.035567852771888,0.0193699350956136,0.000689032702421967,0.0355722772957562,0.0368020304568528,8473,lowH,NA,NA,NA,FALSE,FALSE
snp_4256,0.097017431483635,-0.00475371373408846,-0.000230702767530958,0.0485310602269988,0.00330521233106595,0.00016042752085169,0.0485377351838547,0.0511221945137157,8477,lowH,NA,NA,NA,FALSE,FALSE
snp_4258,0.00743484072176415,0.0420024685328555,0.000157626802978366,0.0037527985493297,0.0539752239889884,0.000202589751082178,0.00375338416610384,0.00373134328358209,8481,lowH,NA,NA,NA,FALSE,FALSE
snp_4260,0.0602553154624885,0.0114983350085324,0.000347537174671578,0.0302249999163953,0.0186663534060776,0.000564243215410577,0.0302278223890727,0.0310945273631841,8485,lowH,NA,NA,NA,FALSE,FALSE
snp_4262,0.0493221077079402,-0.00202374919733803,-4.99487068585544e-05,0.0246812732152063,0.00514986660843573,0.000127117659520513,0.0246836800223696,0.0253012048192771,8489,lowH,NA,NA,NA,FALSE,FALSE
snp_4264,0.0284976048773407,-0.00260333896279343,-3.71215959564051e-05,0.0142592249749041,0.00466081440077073,6.6466163699847e-05,0.0142606330105863,0.0144578313253012,8493,lowH,NA,NA,NA,FALSE,FALSE
snp_4266,0.26636269224486,0.00215440165748872,0.00028739920391469,0.133400938917628,0.00983279432461969,0.00131184349442805,0.133415126068834,0.158212560386473,8497,goodH,0.843330227695123,0.725230261197058,0.362615130598529,FALSE,FALSE
snp_4268,0.0967456876237156,0.00221604944570376,0.000107374956314233,0.0484533215278208,0.00991914149807839,0.000480665174424613,0.0484583443554799,0.0509708737864078,8501,lowH,NA,NA,NA,FALSE,FALSE
snp_4270,0.163481477990385,0.00140570384054021,0.000115066013341645,0.081856512035583,0.00848594571496319,0.000694696101523782,0.0818643112810433,0.0898058252427184,8505,goodH,0.849781367212677,0.893450191293327,0.446725095646664,FALSE,FALSE
snp_4274,0.0496718587991329,0.0117461269805144,0.000292676237071145,0.0249168289732151,0.0187833886664739,0.000468066811320206,0.0249191889510145,0.0254854368932039,8512,lowH,NA,NA,NA,FALSE,FALSE
snp_4276,0.0685283933518004,0.0120916224887035,0.000415728808607997,0.0343815570653475,0.0196488134716819,0.000675636899111728,0.0343856335185564,0.0355263157894737,8516,lowH,NA,NA,NA,FALSE,FALSE
snp_4278,0.0315836000609664,-0.0014751676991547,-2.3317838129586e-05,0.015806906660814,0.00594677965615591,9.40102443119635e-05,0.0158085972152419,0.0160493827160494,8520,lowH,NA,NA,NA,FALSE,FALSE
snp_4280,0.0709934862269015,0.00648888673916242,0.000230871176541779,0.035579473925535,0.0135975666608152,0.00048384213300814,0.0355829940074833,0.0368550368550369,8524,lowH,NA,NA,NA,FALSE,FALSE
snp_4282,0.06189454543076,-0.00434083049708521,-0.000134399509077979,0.0309617040260442,0.00327182292474231,0.000101313724451342,0.0309655280196196,0.0319693094629156,8528,lowH,NA,NA,NA,FALSE,FALSE
snp_4284,0.0332446498167984,0.00858069514346087,0.000143017132969351,0.0166673131463411,0.0156954743298057,0.000261627297179455,0.0166689640390559,0.0169082125603865,8532,lowH,NA,NA,NA,FALSE,FALSE
snp_4286,0.0436675307402914,-1.33257683790616e-05,-2.91345754273055e-07,0.021863336205876,0.00823777086894032,0.000180127236084286,0.0218660167841566,0.0223325062034739,8536,lowH,NA,NA,NA,FALSE,FALSE
snp_4292,0.0601105850045256,0.000430062620438323,1.29422051973377e-05,0.0300937690984325,0.00774735576878006,0.000233172510833579,0.0300970444358844,0.0310173697270471,8546,lowH,NA,NA,NA,FALSE,FALSE
snp_4294,0.0462590406776078,0.0142453647633938,0.000330726432736418,0.0232164243057,0.0214697316828885,0.000498505960646524,0.0232190121427478,0.0236907730673317,8550,lowH,NA,NA,NA,FALSE,FALSE
snp_4296,0.0219217889296028,0.00867584710525786,9.53569581821948e-05,0.0109910832942648,0.0159747748343279,0.000175597972772863,0.01099220330765,0.0110837438423645,8554,lowH,NA,NA,NA,FALSE,FALSE
snp_4298,0.0341360392589081,0.00180408220118965,3.0839541691118e-05,0.0170943107086705,0.00920433713316091,0.000157358137046878,0.017096085765911,0.0173697270471464,8558,lowH,NA,NA,NA,FALSE,FALSE
snp_4300,0.0663422877454694,0.00197447368555664,6.56118138240965e-05,0.0332300269707567,0.0106127940594174,0.000352707405336691,0.0332341703195222,0.0343511450381679,8561,lowH,NA,NA,NA,FALSE,FALSE
snp_4302,0.0292618370747966,0.000553075814717478,8.10269201273861e-06,0.0146502374486898,0.0079844582451337,0.000116987870898331,0.0146519484862523,0.0148514851485149,8565,lowH,NA,NA,NA,FALSE,FALSE
snp_4304,0.0575034293552812,0.00223120827334569,6.42600667304881e-05,0.0288005685072736,0.0101327705583133,0.000291860622861925,0.0288036348185611,0.0296296296296296,8569,lowH,NA,NA,NA,FALSE,FALSE
snp_4306,0.0961103490321598,-0.00157776882742364,-7.59070142148338e-05,0.0481103523504033,0.00710383172955545,0.000341807825034025,0.0481159799452929,0.0506172839506173,8573,lowH,NA,NA,NA,FALSE,FALSE
snp_4308,0.0287708455431828,-0.00281912242758018,-4.05827159328053e-05,0.014395513843519,0.00452860109710439,6.51987594049139e-05,0.0143971080708792,0.0145985401459854,8577,lowH,NA,NA,NA,FALSE,FALSE
snp_4310,0.0421118410511137,0.00674818052334218,0.000142438387239616,0.0211076729122638,0.0142277747023981,0.000300356391179843,0.0211105670044956,0.0215189873417722,8581,lowH,NA,NA,NA,FALSE,FALSE
snp_4312,0.375,-0.00596714623481871,-0.00111906066339835,0.187536993289783,0.00186821947690691,0.000350410177941743,0.187563710941444,0.25,8585,goodH,0.864453405348127,0.105465246425871,0.947267376787064,FALSE,FALSE
snp_4314,0.113797295142948,-0.00010104649797243,-5.7565920974601e-06,0.0569697338648069,0.00760459014597858,0.000433279735032873,0.0569760798038535,0.0605670103092784,8589,goodH,0.849781367212677,0.983021112505685,0.508489443747158,FALSE,FALSE
snp_4316,0.0306830831506155,-0.00175675588166084,-2.69834643480697e-05,0.0153598258185762,0.00739506536219089,0.000113601618425176,0.0153618139747611,0.0155844155844156,8593,lowH,NA,NA,NA,FALSE,FALSE
snp_4318,0.0383975621893939,-0.00142326685841665,-2.73531313812574e-05,0.0192185542855168,0.0064045250955258,0.000123100681114461,0.0192208913663964,0.0195822454308094,8597,lowH,NA,NA,NA,FALSE,FALSE
snp_4320,0.36191951270304,-0.00156874405075102,-0.000284178866880939,0.181150562288916,0.00654906267484199,0.0011865051837764,0.181171755820008,0.237244897959184,8601,goodH,0.849781367212677,0.822614371035445,0.588692814482277,FALSE,FALSE
snp_4322,0.0363511659807956,0.000321819761414069,5.85720664421691e-06,0.0182002702956477,0.00823199776688032,0.000149842343303465,0.0182024275937396,0.0185185185185185,8605,lowH,NA,NA,NA,FALSE,FALSE
snp_4324,0.0562188365650969,0.00496455916060808,0.000139851974853391,0.0281700691499589,0.0126719425449216,0.0003570088614475,0.0281731755160596,0.0289473684210526,8609,lowH,NA,NA,NA,FALSE,FALSE
snp_4326,0.0902493074792245,0.00383540592992706,0.000173418995758044,0.0452152911390378,0.0118666632623125,0.000536616286691773,0.0452204865706455,0.0473684210526316,8613,lowH,NA,NA,NA,FALSE,FALSE
snp_4328,0.109085872576177,0.00218764889929065,0.000119514662338603,0.054631555537708,0.00968247364781854,0.000529025316093719,0.0546374134685002,0.0578947368421053,8617,goodH,0.843330227695123,0.742742928984557,0.371371464492279,FALSE,FALSE
snp_4330,0.058545339312901,0.00743986795572066,0.000218349298107914,0.029348544813893,0.0150817741191554,0.000442677166123169,0.0293517965874401,0.0301837270341207,8621,lowH,NA,NA,NA,FALSE,FALSE
snp_4332,0.251931324799598,-0.000516401882583244,-6.51378759523431e-05,0.126137952143974,0.00837455134198978,0.00105649645660825,0.12615558893418,0.147814910025707,8625,goodH,0.849781367212677,0.908492427789808,0.454246213894904,FALSE,FALSE
snp_4334,0.140833550334181,-0.00589073662725225,-0.000414945785599193,0.0704403900319586,0.0025798313704988,0.000181747410917485,0.0704493375016001,0.0762273901808786,8629,goodH,0.856951771465273,0.192202772134592,0.903898613932704,FALSE,FALSE
snp_4336,0.0910368634363588,-0.00699271077938211,-0.000318435053549595,0.0455381415871647,0.0032746721037756,0.000149145441991028,0.0455451529999195,0.952196382428941,8633,lowH,NA,NA,NA,FALSE,FALSE
snp_4338,0.0496718587991329,-0.00532409709570475,-0.000132260525535565,0.0248418695523542,0.00195875129253932,4.86645240849665e-05,0.0248446672481211,0.0254854368932039,8637,lowH,NA,NA,NA,FALSE,FALSE
snp_4340,0.0407986111111112,0.00745107484628884,0.000152389190280821,0.0204519741680922,0.0150923819913652,0.000308697496628622,0.0204538618758283,0.0208333333333333,8641,lowH,NA,NA,NA,FALSE,FALSE
snp_4342,0.0599665473973141,0.00416770942434021,0.000125203664108454,0.0300413611796544,0.0114096920321508,0.000342797494223459,0.0300444125273064,0.0309405940594059,8645,lowH,NA,NA,NA,FALSE,FALSE
snp_4344,0.0669052053720225,0.00621202809151595,0.000208285206970964,0.033529340805047,0.0133959634212789,0.000449203080206416,0.0335327192289041,0.0346534653465347,8649,lowH,NA,NA,NA,FALSE,FALSE
snp_4346,0.152777777777778,-0.00213760908830417,-0.000163419867123366,0.0764498373521659,0.00505350097692961,0.000386381384361895,0.0764581596255378,0.0833333333333333,8653,goodH,0.852801777383794,0.579190678646421,0.71040466067679,FALSE,FALSE
snp_4348,0.0512465373961217,0.00919425032912687,0.00023627544441601,0.0256981739628628,0.0168747992361495,0.00043370477627184,0.0257013295507985,0.0263157894736842,8657,lowH,NA,NA,NA,FALSE,FALSE
snp_4350,0.0334523450563307,0.0158542219969197,0.000266327490025355,0.0167985215595631,0.0247184067053009,0.000415291229248361,0.0168008898874256,0.0170157068062827,8661,lowH,NA,NA,NA,FALSE,FALSE
snp_4352,0.156797154015915,0.00553063748195694,0.000434576238770265,0.0785761569417664,0.0132758541686257,0.00104328028982175,0.0785847958685246,0.0857519788918206,8665,goodH,0.797483515033524,0.406518142059043,0.203259071029522,FALSE,FALSE
snp_4354,0.137174211248285,-0.00743460394301143,-0.000509923678796878,0.0685878740421956,0.000713440640570072,4.89390626804394e-05,0.0685958437149513,0.0740740740740741,8669,goodH,0.871346796510036,0.0151044541632565,0.992447772918372,FALSE,FALSE
snp_4356,0.0950000000000001,0.013475165112575,0.000642400134356295,0.0476728952105238,0.0208781318064209,0.00099542911894504,0.0476780742728573,0.05,8673,lowH,NA,NA,NA,FALSE,FALSE
snp_4360,0.00244797673971542,0.0129344558274967,1.58875579981746e-05,0.00122831282661308,0.0202256601322026,2.48462669922312e-05,0.00122845270956926,0.00122549019607843,8680,lowH,NA,NA,NA,FALSE,FALSE
snp_4362,0.0452676977989293,-0.00100487065464942,-2.27671827276948e-05,0.022656829137515,0.00626928146843443,0.000142057524894186,0.022659299252943,0.0231707317073171,8684,lowH,NA,NA,NA,FALSE,FALSE
snp_4364,0.103647853622289,0.000967951422697173,5.02434125010294e-05,0.0519069566125822,0.00965271530630185,0.000501106903618818,0.0519135691582727,0.0548302872062663,8688,goodH,0.843330227695123,0.746247488242165,0.373123744121083,FALSE,FALSE
snp_4366,0.0996022353714663,0.0183517040235944,0.000918006998685644,0.0500229841057474,0.0254646856528193,0.00127394213223735,0.0500277973035297,0.0525641025641026,8692,lowH,NA,NA,NA,FALSE,FALSE
snp_4368,0.163379355687048,0.00290254984413826,0.000237553560813234,0.0818430599195314,0.0111428958419716,0.000912088833892195,0.0818538418403461,0.0897435897435897,8696,goodH,0.831939524776213,0.585860570605564,0.292930285302782,FALSE,FALSE
snp_4370,0.0352531229454307,0.000869660742868683,1.53594587891553e-05,0.0176614374227014,0.0119612796382603,0.000211293478387724,0.0176647887832891,0.0179487179487179,8700,lowH,NA,NA,NA,FALSE,FALSE
snp_4372,0.0940619574652777,-0.00245286507722825,-0.000115454040099535,0.0470690545400887,0.00508620225518528,0.000239423971610212,0.0470732305948164,0.0494791666666667,8704,lowH,NA,NA,NA,FALSE,FALSE
snp_4374,0.0268570483285953,-0.000322699186985849,-4.34041032891512e-06,0.0134503292972519,0.00989929659350799,0.000133168788642201,0.013452348597125,0.0136138613861386,8708,lowH,NA,NA,NA,FALSE,FALSE
snp_4376,0.141678822090384,0.000438933034837731,3.1135584331097e-05,0.0709347026992569,0.00813100426628024,0.000576828142980395,0.070941807935403,0.0767263427109974,8712,goodH,0.849781367212677,0.941964686278106,0.470982343139053,FALSE,FALSE
snp_4378,0.0545475843398583,-0.00267824824634971,-7.31024543951984e-05,0.0272948762292041,0.00489446876980265,0.000133606476366557,0.0272974417961082,0.0280612244897959,8716,lowH,NA,NA,NA,FALSE,FALSE
snp_4380,0.0251215611625843,-0.00238707465205913,-3.00087021051725e-05,0.0125713295473548,0.00529109924380717,6.65228409361023e-05,0.0125725936843771,0.0127226463104326,8720,lowH,NA,NA,NA,FALSE,FALSE
snp_4382,0.0414953887102691,0.00528040918812322,0.000109792416707299,0.0207924069510078,0.0126376880821836,0.000262794718262188,0.0207945248017848,0.0211970074812968,8724,lowH,NA,NA,NA,FALSE,FALSE
snp_4384,0.18,-0.0029747562730875,-0.00026798827061763,0.0900874713811377,0.00615198909342952,0.000554286059473385,0.0900986739500848,0.1,8728,goodH,0.852801777383794,0.759363150667517,0.620318424666241,FALSE,FALSE
snp_4386,0.121437004553888,0.00409850078964693,0.000249419178240594,0.0608561986545525,0.0134239160251956,0.000817031074807914,0.0608638398269486,0.0649350649350649,8732,goodH,0.79210358396973,0.396051791984864,0.198025895992432,FALSE,FALSE
snp_4388,0.1171875,0.00339257158807453,0.000199238731563834,0.0587279373158084,0.0135923739740902,0.000798390204143634,0.0587380987063427,0.0625,8736,goodH,0.784876600415121,0.384431517319096,0.192215758659548,FALSE,FALSE
snp_4390,0.121267902562795,0.0099354581615983,0.00060417934427451,0.0608104160319183,0.0168601544682286,0.00102536430744848,0.0608158311586455,0.0648379052369077,8740,goodH,0.641374665371963,0.21166305484205,0.105831527421025,FALSE,FALSE
snp_4392,0.11691469580413,-0.00504551628974645,-0.000295077829479547,0.0584831784369038,0.0030785282372147,0.0001800609223469,0.0584892872412989,0.0623441396508728,8744,goodH,0.856150345910198,0.262575547930081,0.86871222603496,FALSE,FALSE
snp_4394,0.12343517764193,-0.00507044642308047,-0.000313068325521542,0.0617437399784893,0.00297028718433341,0.000183415599617497,0.0617501232153276,0.0660847880299252,8748,goodH,0.856150345910198,0.246765492512826,0.876617253743587,FALSE,FALSE
snp_4396,0.119094408616862,-0.00392949676195039,-0.000234138612667083,0.0595848849995921,0.00415038233073383,0.000247325745295539,0.0595910751315792,0.0635910224438903,8752,goodH,0.852938297158161,0.430170791519484,0.784914604240258,FALSE,FALSE
snp_4398,0.0627359282591526,-0.00105132226166511,-3.30115953611261e-05,0.0314000726179255,0.00629683654361951,0.000197739805836652,0.0314030393622047,0.0324189526184539,8756,lowH,NA,NA,NA,FALSE,FALSE
snp_4400,0.0832745476597114,-0.00540546160801269,-0.00022512253656603,0.0416472362383119,0.00189853255324776,7.90764302354082e-05,0.0416513428227156,0.0435323383084577,8760,lowH,NA,NA,NA,FALSE,FALSE
snp_4402,0.314283681097003,0.012023423389192,0.00189536129101901,0.157639070809298,0.0181956603796442,0.00286858605339925,0.157652209018387,0.195273631840796,8764,goodH,0.619605068186003,0.164377865438305,0.0821889327191523,FALSE,FALSE
snp_4404,0.0342194500136135,-0.00118712524232066,-2.03320336951708e-05,0.0171271176539256,0.00626319902465467,0.000107280742886736,0.0171287456241503,0.0174129353233831,8768,lowH,NA,NA,NA,FALSE,FALSE
snp_4406,0.120212043728467,0.00522711328452074,0.000314840645355431,0.0602322215376087,0.0123014955113532,0.000741020281397772,0.0602382271906593,0.0642317380352645,8772,goodH,0.810648381061125,0.481577595246584,0.240788797623292,FALSE,FALSE
snp_4408,0.0584833716320294,-0.00259315363630747,-7.58860389065628e-05,0.0292639964883149,0.00485866913547502,0.00014219885706285,0.0292670385856492,0.0301507537688442,8776,lowH,NA,NA,NA,FALSE,FALSE
snp_4410,0.49010126006919,0.00798464939165048,0.00196114776573529,0.245614762720334,0.0132971527628149,0.00326621909038958,0.245632967346473,0.57035175879397,8780,goodH,0.79657958322726,0.404997830209227,0.202498915104613,FALSE,FALSE
snp_4412,0.134553947756987,0.000971322426258343,6.54403629002949e-05,0.0673724410465632,0.00854072558441853,0.000575473148510998,0.0673798897790224,0.0725388601036269,8784,goodH,0.849781367212677,0.886115126991739,0.443057563495869,FALSE,FALSE
snp_4414,0.022246875,0.00469954696959015,5.23834417925685e-05,0.0111464875511473,0.0121687337856553,0.000135653651591054,0.0111477211993054,0.01125,8788,lowH,NA,NA,NA,FALSE,FALSE
snp_4416,0.315471875,0.00382883223272669,0.000605106376932387,0.158039407357753,0.0113478258261736,0.00179360347616989,0.158057014942278,0.19625,8792,goodH,0.821364305356277,0.566160519029683,0.283080259514841,FALSE,FALSE
snp_4418,0.499875999751999,0.00130513377791924,0.000326696914502375,0.250316802790305,0.00909754911492025,0.00227753312909837,0.250345790973873,0.507874015748031,8796,goodH,0.849781367212677,0.813912427205616,0.406956213602808,FALSE,FALSE
snp_4420,0.0255711562726517,0.00343726813267987,4.40303538667972e-05,0.0128096942592805,0.0111697791649758,0.000143096083592467,0.0128110038237069,0.0129533678756477,8800,lowH,NA,NA,NA,FALSE,FALSE
snp_4422,0.0634640158169204,0.00177517569608485,5.64251565152813e-05,0.0317856743080288,0.0101225622090836,0.000321786428753876,0.0317890295072839,0.0328083989501312,8804,lowH,NA,NA,NA,FALSE,FALSE
snp_4424,0.0483778606439473,0.00239497493910801,5.80385795568469e-05,0.0242334809475972,0.0109778134101787,0.000266065059521608,0.0242366170365868,0.0248041775456919,8808,lowH,NA,NA,NA,FALSE,FALSE
snp_4426,0.0257688033867569,0.00153890230352112,1.98588599049147e-05,0.012904561816222,0.00937453232003432,0.000120988648090418,0.0129060996282292,0.0130548302872063,8812,lowH,NA,NA,NA,FALSE,FALSE
snp_4428,0.057641407705127,-0.000638052062946114,-1.84091321848206e-05,0.0288520847339934,0.00669761515052844,0.000193263396740014,0.028855554163151,0.0297029702970297,8816,lowH,NA,NA,NA,FALSE,FALSE
snp_4430,0.034053034016273,0.00618913114891724,0.000105643776388937,0.0170692418446196,0.0146303666990542,0.000249765409053215,0.0170717121580665,0.0173267326732673,8820,lowH,NA,NA,NA,FALSE,FALSE
snp_4432,0.313692590927843,0.0050843370430311,0.000799238961378297,0.157196298084483,0.013045573336338,0.00205100744662593,0.157218651395943,0.194789081885856,8824,goodH,0.797483515033524,0.423276318835798,0.211638159417899,FALSE,FALSE
snp_4434,0.0226385408775711,0.000157606306574912,1.78628693039433e-06,0.0113338543946228,0.00780914339535996,8.85165110598699e-05,0.0113349834390882,0.0114503816793893,8828,lowH,NA,NA,NA,FALSE,FALSE
snp_4436,0.20170136425728,-0.00561224964654649,-0.000566119282242962,0.10087207766877,0.00177948094590915,0.000179518916174265,0.100882741446016,0.886198547215496,8832,goodH,0.864453405348127,0.0960621006940464,0.951968949652977,FALSE,FALSE
snp_4438,0.0453156552237219,0.00156241803400537,3.54658805116461e-05,0.0226993542955509,0.0109998547817641,0.000249725695985986,0.022702635711154,0.0231958762886598,8836,lowH,NA,NA,NA,FALSE,FALSE
snp_4440,0.0229268519502603,-0.000373034695969647,-4.28267456323148e-06,0.0114806333284879,0.00916623578995789,0.00010524956846626,0.0114823108283519,0.0115979381443299,8840,lowH,NA,NA,NA,FALSE,FALSE
snp_4442,0.242795117663774,-0.00335078043429108,-0.000407073248132399,0.121486100362324,0.00473618024974362,0.000575448221376334,0.121500490064221,0.858611825192802,8844,goodH,0.852801777383794,0.526569990826748,0.736715004586626,FALSE,FALSE
snp_4444,0.288499282981212,-0.00351017138098667,-0.000506726899107623,0.144359589350076,0.00495009584174402,0.00071468235214112,0.144377477727648,0.174807197943445,8848,goodH,0.852801777383794,0.562038751601602,0.718980624199199,FALSE,FALSE
snp_4446,0.0428545807205867,-0.00237806326798788,-5.10063056491897e-05,0.0214486747833025,0.00627923233541407,0.000134698122845935,0.0214513678823851,0.0219072164948454,8852,lowH,NA,NA,NA,FALSE,FALSE
snp_4448,0.0365281480706119,0.0144020889561604,0.000264034071640257,0.0183330399113608,0.0216224177994403,0.000396446467541976,0.0183349739709607,0.0186104218362283,8856,lowH,NA,NA,NA,FALSE,FALSE
snp_4450,0.1039717600923,0.00452231450571722,0.000235596339418599,0.0520964075189269,0.0125237257864323,0.00065251419218029,0.0521022420410383,0.0550122249388753,8860,goodH,0.810648381061125,0.463483895690628,0.231741947845314,FALSE,FALSE
snp_4452,0.0265331986298505,-0.0027531726918759,-3.65516470559434e-05,0.0132761911970871,0.00463042760154154,6.14807946775782e-05,0.0132775631039151,0.0134474327628362,8864,lowH,NA,NA,NA,FALSE,FALSE
snp_4454,0.00267022219680291,0.0120970114191995,1.62068678546185e-05,0.00133974146944229,0.0200438224339511,2.68563480334323e-05,0.00133988155811747,0.00133689839572193,8868,lowH,NA,NA,NA,FALSE,FALSE
snp_4456,0.112239585165589,-0.0013907607656275,-7.81470011401915e-05,0.0561901105291333,0.00771196866486194,0.000433386560053008,0.0561966183845699,0.0596816976127321,8872,goodH,0.849781367212677,0.998610973145862,0.500694513427069,FALSE,FALSE
snp_4458,0.0649086656270885,0.00741569838912312,0.000241276270165019,0.0325358796305561,0.0146255619952293,0.000475902766629195,0.0325391097302401,0.0335820895522388,8876,lowH,NA,NA,NA,FALSE,FALSE
snp_4460,0.00257399829950056,-0.00131333949505656,-1.69205682772221e-06,0.0012883620983692,0.00654388097770897,8.43179405949129e-06,0.00128850052258183,0.00128865979381443,8880,lowH,NA,NA,NA,FALSE,FALSE
snp_4462,0.0480113560095572,0.00196080768677679,4.71464327497444e-05,0.0240443940870328,0.0096291452588816,0.000231552695807232,0.0240470664406745,0.0246113989637306,8884,lowH,NA,NA,NA,FALSE,FALSE
snp_4464,0.0985565140672484,0.00690558964888833,0.000341110227965142,0.0493962493152274,0.0139391355939638,0.000688610011343746,0.0494011989984472,0.051980198019802,8888,lowH,NA,NA,NA,FALSE,FALSE
snp_4466,0.0385950771901542,-0.00441223479325875,-8.51852831107697e-05,0.0193066069922028,0.00357858643325542,6.91043447599748e-05,0.0193105143745574,0.0196850393700787,8892,lowH,NA,NA,NA,FALSE,FALSE
snp_4468,0.0802609577588334,-0.00344019518210712,-0.000138153813590674,0.0401587137582279,0.00484445399656819,0.000194586693796213,0.0401668988773674,0.0418848167539267,8895,lowH,NA,NA,NA,FALSE,FALSE
snp_4470,0.0445313251081558,0.000630826918311729,1.40647845629648e-05,0.0222957901045285,0.00818743408278599,0.000182570680566505,0.0222988886042281,0.977215189873418,8899,lowH,NA,NA,NA,FALSE,FALSE
snp_4472,0.0311299364791826,-0.00339567937695873,-5.28854655168804e-05,0.0155743401087078,0.00393923525479743,6.13570814364385e-05,0.0155758865535422,0.0158150851581509,8903,lowH,NA,NA,NA,FALSE,FALSE
snp_4474,0.0218685292395366,-0.00155103621201049,-1.69754073606418e-05,0.0109445590175086,0.00588552971102882,6.4422179101039e-05,0.0109458591263789,0.0110565110565111,8907,lowH,NA,NA,NA,FALSE,FALSE
snp_4476,0.0337250096116879,0.00555775214589716,9.39224281106095e-05,0.0168993552870012,0.0128114001607142,0.000216525123940377,0.0169009726668554,0.017156862745098,8911,lowH,NA,NA,NA,FALSE,FALSE
snp_4478,0.247283935546875,0.00283961695122054,0.000351681687814107,0.123848284418413,0.00989398384256335,0.00122547435865245,0.12386055790596,0.14453125,8915,goodH,0.843330227695123,0.71819237963014,0.35909618981507,FALSE,FALSE
snp_4480,0.0026007758246529,0.012360019867199,1.61289072804287e-05,0.00130492567598791,0.0201030150110865,2.62357943491047e-05,0.0013050676395872,0.00130208333333333,8919,lowH,NA,NA,NA,FALSE,FALSE
snp_4482,0.0443121902937016,0.00250632468450374,5.56236588902836e-05,0.0221933172641984,0.00998107855691955,0.000221539706355787,0.022195968611248,0.0226700251889169,8923,lowH,NA,NA,NA,FALSE,FALSE
snp_4484,0.0757116163944769,-0.0035972641488712,-0.000136263106329438,0.037879649836723,0.004134593055248,0.000156633822930472,0.037883733861464,0.0394088669950739,8927,lowH,NA,NA,NA,FALSE,FALSE
snp_4486,0.0264693634741227,-0.0041397545160254,-5.48144519669599e-05,0.0132409909222317,0.00324255800141338,4.29390149509026e-05,0.0132423274871833,0.0134146341463415,8931,lowH,NA,NA,NA,FALSE,FALSE
snp_4488,0.0888559663470996,-0.00627260512778808,-0.000278764664935935,0.04444160906941,0.00242333487510944,0.000107710555365062,0.0444472435367387,0.0465994962216625,8935,lowH,NA,NA,NA,FALSE,FALSE
snp_4490,0.0293333497527848,0.00918913059423202,0.000135160339599625,0.0147087189820182,0.0165225759318503,0.000243054836351112,0.0147104687158725,0.0148883374689826,8939,lowH,NA,NA,NA,FALSE,FALSE
snp_4492,0.0357450042416816,-0.000483042253448192,-8.64274478272856e-06,0.0178923162953808,0.00678114397668977,0.000121342881357404,0.0178941608929881,0.0182038834951456,8943,lowH,NA,NA,NA,FALSE,FALSE
snp_4494,0.057641407705127,0.00142829923615464,4.12288740149528e-05,0.0288657117299536,0.00936552192438354,0.000270372834466269,0.0288689553715465,0.0297029702970297,8947,lowH,NA,NA,NA,FALSE,FALSE
snp_4496,0.00254129194750363,0.000221031084124642,2.81221097358241e-07,0.00127231469940968,0.00797585449877932,1.01490685314464e-05,0.00127247413214468,0.00127226463104326,8951,lowH,NA,NA,NA,FALSE,FALSE
snp_4498,0.0275290525393594,0.0117718056280255,0.000162575437901771,0.013810577836481,0.0192344625909554,0.000265668769810996,0.0138121233465561,0.0139593908629442,8955,lowH,NA,NA,NA,FALSE,FALSE
snp_4500,0.258778422189328,-0.00593767101543824,-0.000768443545199882,0.129418343185719,0.0018627613057662,0.000241101183139318,0.129432140550154,0.847290640394089,8959,goodH,0.864453405348127,0.104876771504967,0.947561614247517,FALSE,FALSE
snp_4502,0.385686718961677,0.00570682363755982,0.00110306700991715,0.193289135948979,0.0135193885165914,0.00261346293890773,0.193312214949693,0.260925449871465,8963,goodH,0.786135006254954,0.389428795017763,0.194714397508881,FALSE,FALSE
snp_4504,0.0569521813827571,0.0022381945655035,6.38464314063228e-05,0.02852586293898,0.0104288970977462,0.000297524868316654,0.0285288909774508,0.0293367346938776,8967,lowH,NA,NA,NA,FALSE,FALSE
snp_4506,0.0753556324490581,-0.000676500302072882,-2.55180715351454e-05,0.0377207097424123,0.00698507793606412,0.000263511903444753,0.0377249768516161,0.0392156862745098,8971,lowH,NA,NA,NA,FALSE,FALSE
snp_4508,0.0368873311097293,0.00395769061874377,7.31350723352509e-05,0.0184792292729706,0.0113839596297721,0.000210387286760488,0.018481028886493,0.018796992481203,8975,lowH,NA,NA,NA,FALSE,FALSE
snp_4510,0.0365281480706119,-0.00731918984263708,-0.000133688265290068,0.0182654457889973,0.00125775406458112,2.29769603263776e-05,0.0182682457353296,0.0186104218362283,8979,lowH,NA,NA,NA,FALSE,FALSE
snp_4512,0.0828809675522009,0.0117912864623252,0.000490253310436908,0.041577593081411,0.0188553209152041,0.00078405796934818,0.0415828493651333,0.0433168316831683,8983,lowH,NA,NA,NA,FALSE,FALSE
snp_4514,0.130156232801766,-0.00583043988776731,-0.000379506524133998,0.0650905474439811,0.00174013830158766,0.000113280436057957,0.0650985246141659,0.930025445292621,8987,goodH,0.864453405348127,0.092007207684718,0.953996396157641,FALSE,FALSE
snp_4516,0.0360022955386445,0.00170023464779195,3.06521808628826e-05,0.0180282062259405,0.00898718454488846,0.000162039612074104,0.0180300750768788,0.0183374083129584,8991,lowH,NA,NA,NA,FALSE,FALSE
snp_4518,0.0407009762017205,0.00245353308906813,5.00121452292983e-05,0.0203837255964187,0.00971128974411893,0.000197972703581787,0.0203858301830277,0.0207823960880196,8995,lowH,NA,NA,NA,FALSE,FALSE
snp_4520,0.0428365922531835,-0.00542775882874869,-0.00011629693674954,0.0214263272224921,0.00272994446621165,5.84991902903996e-05,0.0214287107354894,0.0218978102189781,8999,lowH,NA,NA,NA,FALSE,FALSE
snp_4522,0.0335633551457466,-0.000267542275877618,-4.49498997407885e-06,0.0168010455892773,0.00703365327689245,0.000118184478149657,0.0168027159567171,0.0170731707317073,9003,lowH,NA,NA,NA,FALSE,FALSE
snp_4524,0.142660804348232,0.00289471193096441,0.000206851702854361,0.0714584759338888,0.0106359971394762,0.000760133802570535,0.071468033753906,0.0773067331670823,9007,goodH,0.839315795019002,0.636996513903892,0.318498256951946,FALSE,FALSE
snp_4526,0.066272587466359,-0.00288877133411417,-9.57877086685253e-05,0.0331586330622109,0.0043544912871461,0.000144404058246294,0.033162096034629,0.0343137254901961,9011,lowH,NA,NA,NA,FALSE,FALSE
snp_4528,0.0702097169263403,-0.00352427572187841,-0.000123803523101103,0.0351287847124279,0.00443364086932054,0.000155765254939775,0.0351325827984001,0.0364321608040201,9015,lowH,NA,NA,NA,FALSE,FALSE
snp_4530,0.0775431078461382,0.0121446738306119,0.000472450938779073,0.0389019042724894,0.01934397767566,0.000752594367232099,0.0389058744716744,0.0404040404040404,9019,lowH,NA,NA,NA,FALSE,FALSE
snp_4532,0.125943666722887,-0.00171723530051808,-0.00010824681781744,0.0630355186530246,0.00630513751825521,0.000397494464710709,0.0630429492711058,0.0675324675324675,9023,goodH,0.852604308687684,0.783917012345465,0.608041493827268,FALSE,FALSE
snp_4534,0.0225817465020999,-0.00422106182318703,-4.77250007619021e-05,0.0113063970064926,0.00867113425849416,9.80554420717944e-05,0.0113082601593604,0.0114213197969543,9027,lowH,NA,NA,NA,FALSE,FALSE
snp_4536,0.00505047268066017,0.0222526127315102,5.6556364863717e-05,0.00254156064935386,0.0372910517770767,9.47958383328399e-05,0.00254205322229908,0.00253164556962025,9031,lowH,NA,NA,NA,FALSE,FALSE
snp_4538,0.155198039813185,0.0244167694528443,0.00190510069163112,0.0780242732483677,0.0309788964267981,0.00241734211229576,0.078031898844681,0.084788029925187,9035,goodH,0.361767894174072,0.0123849119851276,0.00619245599256379,FALSE,FALSE
snp_4540,0.0419043328743918,0.0014911725509008,3.12901994360964e-05,0.0209836208540684,0.00899366695041075,0.000188742951707624,0.0209862064882227,0.0214105793450882,9039,lowH,NA,NA,NA,FALSE,FALSE
snp_4542,0.06755,0.0148303322885205,0.000502805263524145,0.0339038434029793,0.0219533707890543,0.000744370597963267,0.0339068931653266,0.035,9043,lowH,NA,NA,NA,FALSE,FALSE
snp_4544,0.215450907971684,0.0090367996010956,0.00097627616927699,0.108033398146688,0.0165467443305943,0.00178779854102134,0.108045335402673,0.12280701754386,9047,goodH,0.643540974224351,0.224448786134295,0.112224393067147,FALSE,FALSE
snp_4546,0.1128,0.0202028026209809,0.00114485895255781,0.0566683234022618,0.0270546169349422,0.0015332907419581,0.0566739032249165,0.06,9051,goodH,0.476294531283193,0.0280763092124827,0.0140381546062414,FALSE,FALSE
snp_4548,0.0767108911935932,-0.00631292093979423,-0.000242183633671763,0.0383631659546265,0.00177434479918105,6.8077357134158e-05,0.0383676031657315,0.960048426150121,9055,lowH,NA,NA,NA,FALSE,FALSE
snp_4550,0.476780657681056,0.00164584374235466,0.000392979659255795,0.238770941094063,0.00955869485975545,0.00228259688570165,0.238797965537321,0.60774818401937,9059,goodH,0.844520865132345,0.757401870623955,0.378700935311978,FALSE,FALSE
snp_4552,0.0965239873599539,0.000952148831267513,4.60159160639327e-05,0.0483284908333875,0.00829166864548244,0.000400765899678525,0.0483335643057655,0.0508474576271186,9063,lowH,NA,NA,NA,FALSE,FALSE
snp_4554,0.0449466198429962,0.0072973272501478,0.000164401288596394,0.0225289730007743,0.0144027590606578,0.000324512349960822,0.0225312628361083,0.0230024213075061,9067,lowH,NA,NA,NA,FALSE,FALSE
snp_4556,0.124009899435305,0.0056181020221384,0.000349175023773084,0.0621517769519214,0.0138725252016192,0.000862309807537479,0.0621595416122821,0.0664160401002506,9071,goodH,0.770609560866534,0.365770081679242,0.182885040839621,FALSE,FALSE
snp_4558,0.0442034292063334,-0.00301594354251832,-6.67229549536317e-05,0.0221234098095609,0.00625214619535517,0.000138338230269549,0.0221265187900313,0.0226130653266332,9075,lowH,NA,NA,NA,FALSE,FALSE
snp_4560,0.0702097169263403,-0.00735992259483602,-0.000258391666464848,0.0351079326087131,0.00121312645190722,4.25958976311206e-05,0.0351124959513934,0.0364321608040201,9079,lowH,NA,NA,NA,FALSE,FALSE
snp_4562,0.0810355029585799,-0.00217484817554508,-8.81943454045654e-05,0.040551955026682,0.00532571402736056,0.000215991530734732,0.0405563516225406,0.0423076923076923,9083,lowH,NA,NA,NA,FALSE,FALSE
snp_4564,0.041596875,0.000706652153129183,1.47171141375644e-05,0.0208265326474905,0.00814905185336838,0.00016973454624264,0.0208287478465953,0.02125,9087,lowH,NA,NA,NA,FALSE,FALSE
snp_4566,0.051121875,0.00524173674385437,0.000134287749990961,0.0256189420707565,0.0133242290599925,0.000341392085760593,0.0256219015917147,0.02625,9091,lowH,NA,NA,NA,FALSE,FALSE
snp_4568,0.0704347292571357,-0.00666815979731509,-0.000234877500275307,0.035223735995331,0.00167116935900661,5.88717309363072e-05,0.0352278664152282,0.0365535248041775,9095,lowH,NA,NA,NA,FALSE,FALSE
snp_4570,0.0575213890955468,-0.00161447456903065,-4.64780882530339e-05,0.0287883681444051,0.00605204002707416,0.000174252563568339,0.028792367993075,0.029639175257732,9099,lowH,NA,NA,NA,FALSE,FALSE
snp_4572,0.00772189171323845,-0.00237325209130134,-9.17885333612113e-06,0.00386762677667674,0.0108125818780486,4.18289540925671e-05,0.0038685444942144,0.00387596899224806,9103,lowH,NA,NA,NA,FALSE,FALSE
snp_4574,0.0280913581572662,-0.00438570697301794,-6.16453312242981e-05,0.0140559621524094,0.00494592049443605,6.95312365773668e-05,0.0140583005035335,0.0142487046632124,9107,lowH,NA,NA,NA,FALSE,FALSE
snp_4576,0.10594543940025,0.0140214230945015,0.000745496477479309,0.0531683890040843,0.0211386830613326,0.00112402915772971,0.0531740390103019,0.0561224489795918,9111,goodH,0.530595716350412,0.0928047199950472,0.0464023599975236,FALSE,FALSE
snp_4578,0.322772744181103,-0.00360114542866942,-0.000581559036205549,0.16149279381378,0.00431658486734656,0.000697174670049889,0.161510706142666,0.202319587628866,9115,goodH,0.852801777383794,0.457341201450629,0.771329399274686,FALSE,FALSE
snp_4580,0.0252483958111211,0.00104275609793334,1.31898726620052e-05,0.0126490486971464,0.0118612146236644,0.000150054830431405,0.0126508823246508,0.0127877237851662,9119,lowH,NA,NA,NA,FALSE,FALSE
snp_4582,0.470332018408941,0.00359350499733062,0.00084676969893648,0.235638937350996,0.0118920802507025,0.00280259424720028,0.235668965237157,0.378205128205128,9123,goodH,0.811598925536587,0.516486375307998,0.258243187653999,FALSE,FALSE
snp_4584,0.0783470983236938,0.00777239560026335,0.000305251254391014,0.0392737670713352,0.0148807799109928,0.000584480352680058,0.0392775349259945,0.0408415841584158,9127,lowH,NA,NA,NA,FALSE,FALSE
snp_4586,0.0899332309454395,0.00163114195938166,7.34680026974221e-05,0.0450408391954265,0.00988784457339138,0.000445414181679375,0.0450466406883057,0.0471938775510204,9131,lowH,NA,NA,NA,FALSE,FALSE
snp_4588,0.0458930117459386,0.000344786957934727,7.92460535833308e-06,0.0229840635672574,0.00993032728178083,0.000228274731019706,0.0229876341979707,0.0234986945169713,9135,lowH,NA,NA,NA,FALSE,FALSE
snp_4590,0.0680112346529052,-0.00148990579793161,-5.07308785985161e-05,0.0340497222501881,0.00804586866937337,0.000274001931493172,0.034054984334527,0.0352480417754569,9139,lowH,NA,NA,NA,FALSE,FALSE
snp_4592,0.201103509815586,-0.00165744350433688,-0.00016681754781698,0.100647501637603,0.00592123494176962,0.000596018424295487,0.10065779016655,0.886585365853659,9143,goodH,0.852801777383794,0.722034410267935,0.638982794866032,FALSE,FALSE
snp_4594,0.476140541050052,-0.00167924337339655,-0.000400245596155513,0.238348772129408,0.00724467683978314,0.00172696871781838,0.238377605517885,0.390776699029126,9147,goodH,0.849781367212677,0.929736311420152,0.535131844289924,FALSE,FALSE
snp_4596,0.0633866292770291,-0.00551290474663056,-0.000174806843065625,0.031708663780644,0.00339841454668197,0.00010777220094339,0.0317124940065398,0.0327669902912621,9151,lowH,NA,NA,NA,FALSE,FALSE
snp_4598,0.213039485766759,0.00234096996225095,0.000249787198872815,0.10670243655439,0.0102173333544779,0.00109033686447277,0.106714426029265,0.121212121212121,9155,goodH,0.843330227695123,0.681870734201516,0.340935367100758,FALSE,FALSE
snp_4600,0.468435140526754,-0.00011584163098495,-2.7164008002576e-05,0.234492623865983,0.00715117996906174,0.00167707615888368,0.234517403580841,0.374371859296482,9159,goodH,0.849781367212677,0.915643521344414,0.542178239327793,FALSE,FALSE
snp_4602,0.0405071009525164,0.0029581733134665,6.00165854182222e-05,0.0202883939034297,0.0101849019383805,0.000206658681406455,0.0202906893612485,0.0206812652068127,9163,lowH,NA,NA,NA,FALSE,FALSE
snp_4604,0.0144223158956198,-0.0054156652090369,-3.90786416117057e-05,0.00721585255057805,0.00446581769024005,3.22295320171438e-05,0.00721693858833083,0.00726392251815981,9167,lowH,NA,NA,NA,FALSE,FALSE
snp_4606,0.0120332534047805,0.0514586964039443,0.000312989095711094,0.00608233627323492,0.0610385575060985,0.000371311250377513,0.00608322453132046,0.00605326876513317,9171,lowH,NA,NA,NA,FALSE,FALSE
snp_4608,0.241085777266038,0.000300306065383609,3.62458643545995e-05,0.120696411204014,0.00772304718216995,0.000932251697308257,0.120710345970763,0.140198511166253,9175,goodH,0.849781367212677,0.99978883684347,0.499894418421735,FALSE,FALSE
snp_4610,0.133596790927895,0.00733376808715579,0.00049126479712772,0.0669866828742664,0.0165371066670848,0.00110788696142449,0.0669940022597549,0.0719794344473008,9179,goodH,0.643540974224351,0.224852997967113,0.112426498983557,FALSE,FALSE
snp_4612,0.127751071199806,-0.000347183996486891,-2.22008875366642e-05,0.0639455958837735,0.00669208693204569,0.000427970332327138,0.0639516994732633,0.0685785536159601,9183,goodH,0.849781367212677,0.845048969573431,0.577475515213285,FALSE,FALSE
snp_4614,0.18795,0.00969427161441088,0.000913767510938937,0.0942585010286475,0.0174918010161567,0.001648925636845,0.094268488151788,0.105,9187,goodH,0.630654523056012,0.187914251863908,0.093957125931954,FALSE,FALSE
snp_4616,0.155592130691335,0.000167662576470565,1.30605543046043e-05,0.0778978504299512,0.00794653506546045,0.000619092653230654,0.0779072448722382,0.91497461928934,9191,goodH,0.849781367212677,0.967843241613336,0.483921620806668,FALSE,FALSE
snp_4618,0.0614387126697415,-0.00681262768690243,-0.000209327945818009,0.0307264620111929,0.0020527162000197,6.30813744862641e-05,0.0307306847803211,0.0317258883248731,9195,lowH,NA,NA,NA,FALSE,FALSE
snp_4620,0.116903356383876,-0.004139961957187,-0.000242134036203515,0.0584870196169722,0.00400173476925236,0.000234074422489625,0.0584932375549108,0.0623376623376623,9199,goodH,0.852938297158161,0.406051469351027,0.796974265324487,FALSE,FALSE
snp_4622,0.0392000000000001,-0.00729721141127943,-0.000143082022026035,0.0196077671266137,0.00296416833710846,5.81282217966611e-05,0.0196102971173915,0.02,9203,lowH,NA,NA,NA,FALSE,FALSE
snp_4624,0.023587726642698,-0.00434483038935402,-5.12860167495745e-05,0.0118039168744628,0.00550274677958932,6.49619309440736e-05,0.0118053644018346,0.0119363395225464,9207,lowH,NA,NA,NA,FALSE,FALSE
snp_4626,0.0692058376629743,0.0133176886993833,0.00046246690350354,0.0347257631517513,0.0203931658767224,0.000708238164363248,0.0347291915656735,0.0358910891089109,9211,lowH,NA,NA,NA,FALSE,FALSE
snp_4628,0.179600873128898,-0.00475570582522824,-0.000427193569256033,0.0898275850011246,0.0022857349262834,0.000205344219184793,0.0898372846402981,0.0997506234413965,9215,goodH,0.856951771465273,0.15411147623033,0.922944261884835,FALSE,FALSE
snp_4630,0.0367068612757384,0.00410817224753153,7.55465625587983e-05,0.0183893366701437,0.0115125496100853,0.0002117321927841,0.0183914250062051,0.0187032418952618,9219,lowH,NA,NA,NA,FALSE,FALSE
snp_4632,0.10274043590916,-0.000438045359403081,-2.25269840928911e-05,0.0514261448257055,0.0066677193315339,0.00034293267124105,0.0514317796220374,0.054320987654321,9223,goodH,0.849781367212677,0.84124072482423,0.579379637587885,FALSE,FALSE
snp_4634,0.0938881268099374,0.00483038530658107,0.000227218775104048,0.0470394721502813,0.011905036627877,0.000560067735460222,0.0470446041424821,0.0493827160493827,9227,lowH,NA,NA,NA,FALSE,FALSE
snp_4636,0.11366864807194,0.0145622199672706,0.000830768423891511,0.0570495725074,0.0217245771663868,0.00123950110635389,0.0570552465468328,0.0604938271604938,9231,goodH,0.530595716350412,0.0826495984642128,0.0413247992321064,FALSE,FALSE
snp_4638,0.0730938821607074,0.00334792136023496,0.000122582875755648,0.0366146221986065,0.0109681159634256,0.000401634239959752,0.0366183436881089,0.0379901960784314,9235,lowH,NA,NA,NA,FALSE,FALSE
snp_4640,0.0489886619024773,0.006953254850932,0.00017073473528978,0.0245546494339835,0.0143211949435683,0.000351691290393709,0.0245573984419265,0.0251256281407035,9239,lowH,NA,NA,NA,FALSE,FALSE
snp_4642,0.0347285991225383,0.00179330046736358,3.11879506320557e-05,0.0173913692655791,0.00931855503640639,0.000162078952133842,0.0173931421234966,0.0176767676767677,9243,lowH,NA,NA,NA,FALSE,FALSE
snp_4644,0.034814933504246,-0.000476606175746327,-8.30613045048012e-06,0.0174276601377928,0.00714137641685901,0.000124475515516375,0.0174301854783231,0.0177215189873418,9247,lowH,NA,NA,NA,FALSE,FALSE
snp_4646,0.135423738492091,0.00952458383698422,0.000646787859179891,0.0679072041623904,0.0164939356469173,0.00112020359494041,0.0679160886110148,0.0730478589420655,9251,goodH,0.643540974224351,0.226671855395691,0.113335927697845,FALSE,FALSE
snp_4648,0.0438489010797753,-0.00798284969358263,-0.000175026552622694,0.0219253223273635,0.000962903314768151,2.1114765895477e-05,0.0219282305623395,0.0224274406332454,9255,lowH,NA,NA,NA,FALSE,FALSE
snp_4650,0.0802609577588334,-0.00478562092880446,-0.000192211490778028,0.0401643785911071,0.00549478800361036,0.000220723356031338,0.0401695854119051,0.0418848167539267,9259,lowH,NA,NA,NA,FALSE,FALSE
snp_4652,0.415584256445447,-0.00621394258494369,-0.00129129968207357,0.207806825444827,0.000957710204377822,0.000199038627720484,0.207827615087165,0.294554455445545,9263,goodH,0.869285103598535,0.0278557592215041,0.986072120389248,FALSE,FALSE
snp_4654,0.299235369081462,-0.00295496787459934,-0.000442419454343421,0.149720563173096,0.00443151737862667,0.000663557646878122,0.149735991125405,0.183168316831683,9267,goodH,0.852801777383794,0.476230136564339,0.76188493171783,FALSE,FALSE
snp_4656,0.038299560546875,0.00537812916903921,0.000103219434934494,0.0191924425186192,0.0130727712752387,0.000250924873403377,0.0191944667370305,0.01953125,9271,lowH,NA,NA,NA,FALSE,FALSE
snp_4658,0.0702582465277779,-0.00207986866950921,-7.31572504483164e-05,0.035173975896074,0.00792960983483947,0.000278954169411439,0.0351788013813527,0.0364583333333333,9275,lowH,NA,NA,NA,FALSE,FALSE
snp_4660,0.0697340571146232,-0.00247136330259024,-8.62720966784638e-05,0.0349087066996754,0.00746789817655396,0.000260730161448757,0.034913459622058,0.0361757105943152,9279,lowH,NA,NA,NA,FALSE,FALSE
snp_4662,0.0262170645756026,0.0061661723710787,8.10320886244455e-05,0.0131413920578204,0.014692270222626,0.000193099685365959,0.0131429440406417,0.0132850241545894,9283,lowH,NA,NA,NA,FALSE,FALSE
snp_4664,0.0634640158169204,0.00338676529509276,0.000107693629506091,0.0317983740007414,0.0123966573563009,0.000394249210223668,0.031802864182842,0.0328083989501312,9287,lowH,NA,NA,NA,FALSE,FALSE
snp_4666,0.104160208320417,-0.000503459353617761,-2.62538337331003e-05,0.0521468784807459,0.00785239255616691,0.000409531380751266,0.0521537070162951,0.0551181102362205,9291,goodH,0.849781367212677,0.981221727961868,0.490610863980934,FALSE,FALSE
snp_4668,0.135524817811833,-0.00733950615456194,-0.000497318973090023,0.0677591874190213,0.000413899042814748,2.80488832647473e-05,0.0677674513910421,0.0731070496083551,9295,goodH,0.871504048632489,0.00475000820851016,0.997624995895745,FALSE,FALSE
snp_4670,0.021658053172785,0.00787604835691742,8.55119815665254e-05,0.0108572189620219,0.0151037812724365,0.000164002556552724,0.0108583773556109,0.0109489051094891,9299,lowH,NA,NA,NA,FALSE,FALSE
snp_4672,0.0861719214753125,0.0170248778287432,0.000736613493937225,0.0432668886876591,0.0238822090198354,0.00103341804236993,0.0432714595836435,0.0451219512195122,9303,lowH,NA,NA,NA,FALSE,FALSE
snp_4674,0.0379125039855459,0.00395394798383844,7.51000879056482e-05,0.0189936964807367,0.01161843992639,0.000220706266750117,0.0189962050110365,0.0193298969072165,9307,lowH,NA,NA,NA,FALSE,FALSE
snp_4676,0.0450887573964498,0.00191450810598501,4.32303491368028e-05,0.0225803949336432,0.00953592189656102,0.000215352646135241,0.0225833064145486,0.0230769230769231,9311,lowH,NA,NA,NA,FALSE,FALSE
snp_4678,0.104677633823212,0.00464297576726106,0.00024354108975552,0.0524536637629678,0.012941822628827,0.000678919202139666,0.0524593190318819,0.0554089709762533,9315,goodH,0.800792999760211,0.431020725157237,0.215510362578618,FALSE,FALSE
snp_4680,0.0362570575253585,0.000603110769783157,1.09488587844565e-05,0.0181539765711579,0.00847285362902025,0.000153831711483217,0.0181558325233343,0.0184696569920844,9319,lowH,NA,NA,NA,FALSE,FALSE
snp_4682,0.0662484945106203,-0.00319744247656549,-0.000105999735669969,0.0331514128703977,0.00523325034601218,0.000173508642848966,0.0331550434962819,0.0343007915567282,9323,lowH,NA,NA,NA,FALSE,FALSE
snp_4684,0.0553101411626311,-0.00199529323439094,-5.52331018551988e-05,0.0276816965562752,0.00602793168432467,0.000166882525359523,0.0276848733693338,0.0284653465346535,9327,lowH,NA,NA,NA,FALSE,FALSE
snp_4686,0.0170511141027112,-0.00281021132598731,-2.39759979152766e-05,0.00853174197027803,0.00464620473777765,3.96443031503894e-05,0.00853262079220209,0.0085995085995086,9331,lowH,NA,NA,NA,FALSE,FALSE
snp_4688,0.096601467150969,0.011997441595975,0.000581453261145079,0.0484647711342183,0.0195707481942315,0.000948592625541139,0.0484699213400914,0.0508905852417303,9335,lowH,NA,NA,NA,FALSE,FALSE
snp_4690,0.007781982421875,0.0118523911210652,4.63140650634467e-05,0.00390757144194582,0.024853631568798,9.71337458425615e-05,0.00390823150225282,0.00390625,9339,lowH,NA,NA,NA,FALSE,FALSE
snp_4692,0.034988896010981,0.00498670594852848,8.74274286313515e-05,0.0175321002549088,0.0125614287934831,0.000220259232232124,0.0175345683881436,0.0178117048346056,9343,lowH,NA,NA,NA,FALSE,FALSE
snp_4694,0.0752187276808489,0.000870807553073235,3.27982332959051e-05,0.0376641580337174,0.00879701595606909,0.000331383293190976,0.0376699661391831,0.0391414141414141,9347,lowH,NA,NA,NA,FALSE,FALSE
snp_4696,0.123594290657439,0.0156512604655864,0.000970993488467132,0.0620393156578112,0.0223793185795279,0.00138853340848017,0.062045383712012,0.0661764705882353,9351,goodH,0.530595716350412,0.0725571250095203,0.0362785625047601,FALSE,FALSE
snp_4698,0.277777777777778,0.00143816317808592,0.000200033924838569,0.139089866773531,0.00866936455062092,0.00120595758934589,0.139105649820611,0.166666666666667,9355,goodH,0.849781367212677,0.869052429196692,0.434526214598346,FALSE,FALSE
snp_4700,0.038299560546875,0.00155882356924327,2.99029007401834e-05,0.0191829924374955,0.0104030583320537,0.000199589486415246,0.0191856548377004,0.01953125,9359,lowH,NA,NA,NA,FALSE,FALSE
snp_4702,0.0649086656270885,0.0101205785471716,0.000329448118330487,0.0325523009178717,0.0173165155039398,0.000563761479516469,0.0325562887861708,0.0335820895522388,9363,lowH,NA,NA,NA,FALSE,FALSE
snp_4704,0.0472947469804248,0.000539503677004704,1.27749706659032e-05,0.0236791169558458,0.00811241672796347,0.000192115716763548,0.0236816873696005,0.024234693877551,9367,lowH,NA,NA,NA,FALSE,FALSE
snp_4706,0.141347355268638,0.00135908281490151,9.61959731994668e-05,0.0707800673695061,0.00903019050741058,0.000639227774818578,0.0707878504106861,0.076530612244898,9371,goodH,0.849781367212677,0.822416921304389,0.411208460652194,FALSE,FALSE
snp_4708,0.0476503591702406,0.003126808010996,7.46314466417787e-05,0.0238682536245664,0.0107156483092842,0.00025579064135433,0.0238707574167686,0.0244215938303342,9375,lowH,NA,NA,NA,FALSE,FALSE
snp_4710,0.00257399829950056,0.0124682744105568,1.61028990150851e-05,0.0012915098340674,0.0201367244376912,2.60097565486787e-05,0.00129165776833071,0.00128865979381443,9379,lowH,NA,NA,NA,FALSE,FALSE
snp_4712,0.0774705674913194,-0.000730967608769871,-2.83484428458908e-05,0.0387820780370799,0.00742996079124542,0.000288187406616078,0.0387872042280013,0.0403645833333333,9383,lowH,NA,NA,NA,FALSE,FALSE
snp_4714,0.038299560546875,0.000137997005679135,2.64652766347072e-06,0.019178152818941,0.00900771573147916,0.0001727761668334,0.0191809080108513,0.01953125,9387,lowH,NA,NA,NA,FALSE,FALSE
snp_4716,0.0750732421875,0.015468201768585,0.000582956483379225,0.0376874113811455,0.0228711485493923,0.000862057760604068,0.0376919313318428,0.0390625,9391,lowH,NA,NA,NA,FALSE,FALSE
snp_4718,0.0414953887102691,0.00719773745750023,0.000149710078757534,0.0207996026031114,0.014538049051968,0.000302419289269995,0.0208019169689799,0.978802992518703,9395,lowH,NA,NA,NA,FALSE,FALSE
snp_4720,0.136308231913981,-0.00427711412470853,-0.000291670592904922,0.0681933154927912,0.0038964825383179,0.000265746980042117,0.0682017633670288,0.0735660847880299,9399,goodH,0.852938297158161,0.389098158114292,0.805450920942854,FALSE,FALSE
snp_4722,0.0367068612757384,0.00742565846843886,0.000136633249263477,0.0184001526388813,0.0147824873670106,0.000272030357516744,0.0184022046332894,0.0187032418952618,9403,lowH,NA,NA,NA,FALSE,FALSE
snp_4724,0.0947755300029229,0.000753601343894272,3.5760905243347e-05,0.0474533459010977,0.00834910805853684,0.000396238725328881,0.0474588090788612,0.0498753117206983,9407,lowH,NA,NA,NA,FALSE,FALSE
snp_4726,0.119094408616862,0.00180448491437122,0.00010762856019145,0.0596450318505178,0.00982436305270486,0.000586046732065819,0.0596523895668195,0.0635910224438903,9411,goodH,0.843330227695123,0.726204123226187,0.363102061613094,FALSE,FALSE
snp_4728,0.0744968749999999,-0.00131140595007409,-4.88951552783324e-05,0.037284530602877,0.00603058054250842,0.000224873854861694,0.0372889232266447,0.03875,9415,lowH,NA,NA,NA,FALSE,FALSE
snp_4730,0.060546875,-0.00401433801342709,-0.000121588316215166,0.0302885097887819,0.00342678436318318,0.000103804584450979,0.0302921262178731,0.03125,9419,lowH,NA,NA,NA,FALSE,FALSE
snp_4732,0.00249687499999984,9.35624357850854e-05,1.16954992321106e-07,0.00125002081593679,0.00771361963102339,9.64336414128325e-06,0.00125017366717159,0.00125,9423,lowH,NA,NA,NA,FALSE,FALSE
snp_4734,0.388773381868424,0.00602793518350857,0.00117465708175758,0.194868897225578,0.0145195962775292,0.00282977925030728,0.194893797060094,0.264175257731959,9427,goodH,0.72572731084281,0.325702791751011,0.162851395875505,FALSE,FALSE
snp_4736,0.0314056133997285,0.00664743928004996,0.000104641823892678,0.0157416742724865,0.0145048139162652,0.000228351856400766,0.0157431772457764,0.0159574468085106,9431,lowH,NA,NA,NA,FALSE,FALSE
snp_4738,0.0310000620001238,-0.00332031753375285,-5.15243821893852e-05,0.0155179080511462,0.00730573544292703,0.000113387195188308,0.0155202985481882,0.015748031496063,9435,lowH,NA,NA,NA,FALSE,FALSE
snp_4740,0.0748278781205414,0.0190595507503727,0.00071633296988254,0.0375839377991915,0.0259117365031181,0.000973957542518869,0.0375875056618327,0.0389294403892944,9439,lowH,NA,NA,NA,FALSE,FALSE
snp_4742,0.0912320629765349,0.00548830812490715,0.000250991336341983,0.0457320053156144,0.0149432255036345,0.00068348080759082,0.0457385058817845,0.0479115479115479,9443,lowH,NA,NA,NA,FALSE,FALSE
snp_4744,0.479114497309393,-0.000212523252803579,-5.09741647231e-05,0.239852176412018,0.00749381099635635,0.00179759144334075,0.239876805568592,0.397810218978102,9447,goodH,0.849781367212677,0.966787305447826,0.516606347276087,FALSE,FALSE
snp_4746,0.00485434019452891,0.00308594098455383,7.50328543684265e-06,0.00243144164920817,0.010432080227756,2.53674773093052e-05,0.00243167966076522,0.0024330900243309,9451,lowH,NA,NA,NA,FALSE,FALSE
snp_4748,0.00727263040119364,0.000150574834084786,5.48217349770788e-07,0.00364082984452831,0.00752754999074178,2.74092226189864e-05,0.00364118772411971,0.00364963503649635,9455,lowH,NA,NA,NA,FALSE,FALSE
snp_4750,0.244640215284155,0.00311528815935723,0.000381756744675777,0.122542996072165,0.0107770754548278,0.00132082735148612,0.122558977806398,0.142676767676768,9459,goodH,0.83860437086585,0.622416301579284,0.311208150789642,FALSE,FALSE
snp_4752,0.175482891922476,-0.00695273720776656,-0.000610078051674449,0.0877464563155013,0.00102241113897361,8.97243370810237e-05,0.0877575895457257,0.0971867007672634,9463,goodH,0.869285103598535,0.0318557645314328,0.984072117734284,FALSE,FALSE
snp_4754,0.0407986111111112,0.00175261978136331,3.58115297468025e-05,0.020433142503359,0.00992688430001467,0.00020285979563039,0.0204353943794923,0.0208333333333333,9467,lowH,NA,NA,NA,FALSE,FALSE
snp_4756,0.145429362880886,0.00563361259122173,0.000410595202366205,0.0728831093224253,0.0135847135354386,0.000990204980172569,0.0728911196831211,0.0789473684210526,9471,goodH,0.784876600415121,0.384953362631457,0.192476681315729,FALSE,FALSE
snp_4758,0.069871875,0.00526203225713982,0.000184226606609183,0.0350105430006086,0.0125178394562332,0.000438300851201014,0.0350140974992904,0.03625,9475,lowH,NA,NA,NA,FALSE,FALSE
snp_4760,0.00743484072176415,0.0135135725777823,5.046028577901e-05,0.00373404482704831,0.0259235356458292,9.68167415389215e-05,0.00373470435752455,0.00373134328358209,9479,lowH,NA,NA,NA,FALSE,FALSE
snp_4762,0.10309741398823,-0.00608233601026925,-0.000313660786339006,0.05156913163124,0.00288725535652211,0.000148910588442121,0.0515751362641834,0.945478723404255,9483,goodH,0.856303354098092,0.234825546479969,0.882587226760015,FALSE,FALSE
snp_4764,0.121827608646446,0.0134834361447632,0.000824438182646525,0.0611445164122148,0.0218707399705466,0.00133742145697135,0.0611511754413643,0.0651595744680851,9487,goodH,0.530595716350412,0.0802865469722993,0.0401432734861497,FALSE,FALSE
snp_4766,0.117461573733833,0.0138008081837191,0.00081351459266032,0.0589468806341378,0.0210654609774708,0.00124187880629691,0.0589533173579766,0.06265664160401,9491,goodH,0.530595716350412,0.094154368633534,0.047077184316767,FALSE,FALSE
snp_4768,0.0383546248527926,-0.00223586996829563,-4.29192745612505e-05,0.0191957829255908,0.00604014233276031,0.000115958456660645,0.0191979675763124,0.019559902200489,9495,lowH,NA,NA,NA,FALSE,FALSE
snp_4770,0.43104616363465,7.75338564609577e-05,1.67327924568888e-05,0.215812720025278,0.00815891093593984,0.00176099529388801,0.215837053218813,0.314320388349515,9499,goodH,0.849781367212677,0.938088950814658,0.469044475407329,FALSE,FALSE
snp_4772,0.0835611273447072,0.000236091721605771,9.87590808387164e-06,0.0418308105709973,0.00728836833661212,0.000304908352918986,0.0418349263973557,0.0436893203883495,9503,lowH,NA,NA,NA,FALSE,FALSE
snp_4774,0.0800605362365276,0.0126162293676407,0.000506798292305699,0.0401703454762468,0.0200522035951732,0.000805597408575807,0.0401750064401763,0.0417754569190601,9507,lowH,NA,NA,NA,FALSE,FALSE
snp_4776,0.00507610926584179,0.000144999728742003,3.68965550768946e-07,0.00254459476559052,0.0156473201063159,3.98256897554484e-05,0.00254520834780986,0.00254452926208651,9511,lowH,NA,NA,NA,FALSE,FALSE
snp_4778,0.136692370944454,0.000270531939830666,1.85141764225677e-05,0.0684361943885675,0.00798939838707689,0.000546829659642501,0.068444410098139,0.0737913486005089,9515,goodH,0.849781367212677,0.961790187569417,0.480895093784709,FALSE,FALSE
snp_4780,0.190897966318979,-0.00547591662285961,-0.000522838155283739,0.0954795683157617,0.00247104584506513,0.000235963548783979,0.0954913682622349,0.106870229007634,9519,goodH,0.856951771465273,0.177782260422877,0.911108869788562,FALSE,FALSE
snp_4782,0.0364394422115479,0.000299350629067771,5.46101298480904e-06,0.0182428645692697,0.00769771197995178,0.000140443590802764,0.0182448487509719,0.0185643564356436,9523,lowH,NA,NA,NA,FALSE,FALSE
snp_4784,0.0264693634741227,-0.00366523873598998,-4.85354656839956e-05,0.0132421021330514,0.00370955365520201,4.91271900994847e-05,0.013243423512851,0.0134146341463415,9527,lowH,NA,NA,NA,FALSE,FALSE
snp_4786,0.0702097169263403,-0.00233756686605625,-8.21252362016647e-05,0.035132785886985,0.00507465712118121,0.000178308000653686,0.0351369553441241,0.0364321608040201,9531,lowH,NA,NA,NA,FALSE,FALSE
snp_4788,0.034814933504246,0.00133579724839977,2.32873071752261e-05,0.0174332648185368,0.00889030631717658,0.000155003553254789,0.0174351195251072,0.0177215189873418,9535,lowH,NA,NA,NA,FALSE,FALSE
snp_4790,0.152777777777778,0.00703337433121894,0.000538589574016933,0.0765762703154165,0.0141738117863635,0.00108551769454973,0.0765861513410316,0.0833333333333333,9539,goodH,0.751756250646572,0.346599197666524,0.173299598833262,FALSE,FALSE
snp_4792,0.0215543269879053,-0.000884966891441222,-9.54739295199147e-06,0.0107884182383851,0.00641803035868164,6.92472652657615e-05,0.0107894885807281,0.0108958837772397,9543,lowH,NA,NA,NA,FALSE,FALSE
snp_4794,0.00493824134888743,0.000370360414445254,9.16794049285022e-07,0.00247541047457312,0.0154499216031206,3.8253971056457e-05,0.00247599774543389,0.00247524752475248,9547,lowH,NA,NA,NA,FALSE,FALSE
snp_4796,0.107816671698605,-0.00424479091353454,-0.00022894587508514,0.0539357249270264,0.00344070996392745,0.000185596635417995,0.05394137761212,0.0571776155717762,9551,goodH,0.852938297158161,0.317249459841419,0.841375270079291,FALSE,FALSE
snp_4798,0.206734086853064,0.00168093722677382,0.000174004253154564,0.103516211303456,0.00862550385433194,0.00089296338457783,0.103525938850443,0.117073170731707,9555,goodH,0.849781367212677,0.874844498987275,0.437422249493638,FALSE,FALSE
snp_4800,0.00495046456785042,-0.00162114545363045,-4.01654805666494e-06,0.00247759881611495,0.00593280799672424,1.47005529584093e-05,0.00247784067283588,0.00248138957816377,9559,lowH,NA,NA,NA,FALSE,FALSE
snp_4802,0.0356600554614261,0.00331447629077367,5.92022051801346e-05,0.0178617072461591,0.0105089391863515,0.000187726550574378,0.0178635109829343,0.981840193704601,9563,lowH,NA,NA,NA,FALSE,FALSE
snp_4804,0.0373463629570461,-1.48438186462105e-05,-2.77622260696538e-07,0.0187028868590639,0.00966949632888394,0.000180872834459799,0.0187055073302536,0.0190355329949239,9567,lowH,NA,NA,NA,FALSE,FALSE
snp_4806,0.0323698125300431,-0.000199312912205214,-3.22977233372319e-06,0.0162045313471602,0.0073899156773506,0.00011976326817666,0.0162063105190393,0.0164556962025316,9571,lowH,NA,NA,NA,FALSE,FALSE
snp_4808,0.0331961544948558,-0.00310379708717131,-5.15542594195884e-05,0.0166100611514438,0.00474960481297524,7.89023968528733e-05,0.016612413023779,0.0168831168831169,9575,lowH,NA,NA,NA,FALSE,FALSE
snp_4810,0.0406948895260584,0.000731853994652686,1.49122902085335e-05,0.0203760453826727,0.00849171898096627,0.000173050903866189,0.0203787836425197,0.0207792207792208,9579,lowH,NA,NA,NA,FALSE,FALSE
snp_4812,0.0683909111016792,-0.000695030338721136,-2.37919960320069e-05,0.0342315935096941,0.00650050931439715,0.000222547867245477,0.0342354508673011,0.0354523227383863,9583,lowH,NA,NA,NA,FALSE,FALSE
snp_4814,0.103732897085069,0.00574921295901402,0.000298855139692717,0.0519819220166737,0.0130203561139008,0.000676893458212228,0.0519873229496051,0.0548780487804878,9587,goodH,0.797483515033524,0.425147446580115,0.212573723290058,FALSE,FALSE
snp_4816,0.0595385423395249,0.00733804109991372,0.000218992274541788,0.0298434243635352,0.0144865068526834,0.000432370969543857,0.0298464615342219,0.0307125307125307,9591,lowH,NA,NA,NA,FALSE,FALSE
snp_4818,0.0525931336742147,0.0054394251803772,0.000143346736386346,0.0263532876421338,0.0126390854671741,0.000333114273721061,0.0263558842596813,0.027027027027027,9595,lowH,NA,NA,NA,FALSE,FALSE
snp_4820,0.0555102040816327,-0.00146976149696756,-4.08342927034168e-05,0.0277829381077589,0.00624177514891685,0.000173435368971636,0.0277862250455677,0.0285714285714286,9599,lowH,NA,NA,NA,FALSE,FALSE
snp_4822,0.0238628672781163,-0.00108915825060069,-1.30114417079035e-05,0.0119463280021314,0.00768356250990235,9.18019055150891e-05,0.0119478308918262,0.98792270531401,9603,lowH,NA,NA,NA,FALSE,FALSE
snp_4824,0.037900534434876,0.00231575074013709,4.39541551999701e-05,0.0189805208471479,0.0094996006229288,0.000180325943158176,0.0189824762446256,0.0193236714975845,9607,lowH,NA,NA,NA,FALSE,FALSE
snp_4826,0.0465992020403525,0.0102376437559378,0.000239259718371181,0.0233705844894642,0.0175675918482939,0.000410609798307775,0.0233731408296381,0.0238693467336683,9611,lowH,NA,NA,NA,FALSE,FALSE
snp_4828,0.0291906721536352,0.00152954953317797,2.23575244328349e-05,0.0146170646637264,0.00891463158933169,0.000130318966143905,0.014618547590891,0.0148148148148148,9615,lowH,NA,NA,NA,FALSE,FALSE
snp_4830,0.0675949263693436,0.00857716496792471,0.000290663778876001,0.0338880947216209,0.0155508257618921,0.000527038452685363,0.0338913483280671,0.035024154589372,9619,lowH,NA,NA,NA,FALSE,FALSE
snp_4832,0.0262170645756026,-0.00527308930028458,-6.91407972815106e-05,0.013112009553447,0.00205475277111431,2.69446555382873e-05,0.0131133321327388,0.0132850241545894,9623,lowH,NA,NA,NA,FALSE,FALSE
snp_4834,0.0638357016038882,-0.00117157134821675,-3.74305867811949e-05,0.0319490459016159,0.00603446598620086,0.000192814216869087,0.0319521590327958,0.0330073349633252,9627,lowH,NA,NA,NA,FALSE,FALSE
snp_4836,0.0602553154624885,0.00975230017191449,0.000294676916117417,0.0302161450040322,0.0169568559779478,0.000512425215536412,0.0302193529391778,0.0310945273631841,9631,lowH,NA,NA,NA,FALSE,FALSE
snp_4838,0.0221374470928937,-0.00194841906570655,-2.15856283453611e-05,0.0110785347594274,0.00558233570626609,6.18513632773533e-05,0.0110798358486262,0.0111940298507463,9635,lowH,NA,NA,NA,FALSE,FALSE
snp_4840,0.335898509298082,0.000545585544566414,9.17572336103245e-05,0.168181203707011,0.00833899043720453,0.0014026013765339,0.168197983568391,0.213554987212276,9639,goodH,0.849781367212677,0.91332996024552,0.45666498012276,FALSE,FALSE
snp_4842,0.00796799999999998,0.0134673889075889,5.39018933955641e-05,0.00400240119041861,0.0267790017052799,0.000107201470545137,0.00400319144548248,0.004,9643,lowH,NA,NA,NA,FALSE,FALSE
snp_4844,0.0132094556360345,0.00432715586479871,2.86701653806261e-05,0.00662563731846525,0.0188252336256687,0.000124755997991374,0.0066270624031601,0.00664893617021277,9647,lowH,NA,NA,NA,FALSE,FALSE
snp_4846,0.00794689339067456,0.00204948382040115,8.16455594965934e-06,0.00398371329814219,0.0155074304234498,6.17894903432109e-05,0.0039845086294745,0.00398936170212766,9651,lowH,NA,NA,NA,FALSE,FALSE
snp_4848,0.0148874999999999,0.0166210714243608,0.000124292978361787,0.00747803647480965,0.026490380092573,0.000198123155363519,0.00747906049936466,0.0075,9655,lowH,NA,NA,NA,FALSE,FALSE
snp_4850,0.0173468750000001,0.0121286399323717,0.000105629349173351,0.00870908442845462,0.0238764278362322,0.000207975719519268,0.00871050397261132,0.00875,9659,lowH,NA,NA,NA,FALSE,FALSE
snp_4854,0.0612594052841269,0.00164078657177212,5.03307654216095e-05,0.0306747789672913,0.00879965033770949,0.000269957526685698,0.0306782106476252,0.0316301703163017,9666,lowH,NA,NA,NA,FALSE,FALSE
snp_4856,0.0592040090903794,0.00602262126121789,0.000178692233377707,0.0296701760956445,0.0134499724656924,0.000399106757384917,0.0296734256075945,0.0305343511450382,9670,lowH,NA,NA,NA,FALSE,FALSE
snp_4858,0.23878157802894,0.00238084430958614,0.000284786474310608,0.119615748566151,0.0112275115456546,0.00134320037043032,0.119634735174259,0.86139896373057,9674,goodH,0.82647040897446,0.577659317430569,0.288829658715285,FALSE,FALSE
snp_4860,0.0647651185035605,0.00769836969988369,0.000249948057648426,0.0324676609973931,0.0151912525974389,0.000493288066919799,0.0324718494249094,0.0335051546391753,9678,lowH,NA,NA,NA,FALSE,FALSE
snp_4862,0.0257025824652779,-0.000198585437982579,-2.55527616684712e-06,0.0128673894360335,0.00766006513247253,9.85785705327126e-05,0.0128691556570216,0.0130208333333333,9682,lowH,NA,NA,NA,FALSE,FALSE
snp_4864,0.0993615949660192,-0.000820686086227001,-4.08185525865414e-05,0.0497371080996382,0.0069389756572876,0.00034515768924821,0.049741879247798,0.0524296675191816,9686,lowH,NA,NA,NA,FALSE,FALSE
snp_4866,0.0401840894148586,-0.00173932810009742,-3.4979997054227e-05,0.0201112125149176,0.00592033011955551,0.000119076300163784,0.0201131183158962,0.0205128205128205,9690,lowH,NA,NA,NA,FALSE,FALSE
snp_4868,0.0289031111111111,-0.00457219927546261,-6.6109490135313e-05,0.0144590133002512,0.00348843903734385,5.04445682598916e-05,0.0144604987273336,0.0146666666666667,9694,lowH,NA,NA,NA,FALSE,FALSE
snp_4870,0.175206059255959,0.00270192472014572,0.000237089557207474,0.087748394853387,0.00985387363881519,0.000864744169505933,0.0877567747671979,0.0970149253731343,9698,goodH,0.843330227695123,0.722799838087405,0.361399919043703,FALSE,FALSE
snp_4872,0.0234037396121882,-0.00246802478016668,-2.8905519675385e-05,0.0117120054497317,0.00549709939954874,6.43897693958024e-05,0.0117134082387319,0.0118421052631579,9702,lowH,NA,NA,NA,FALSE,FALSE
snp_4874,0.230467451523546,-0.00182828965836701,-0.000210860495392573,0.115332105297204,0.00535922613659859,0.000618156602639799,0.115344377505991,0.132894736842105,9706,goodH,0.852801777383794,0.629822981869507,0.685088509065246,FALSE,FALSE
snp_4876,0.374339499168065,-0.00396182668325212,-0.000741971860382938,0.187280242096275,0.00396928002409652,0.000743459087191577,0.187303259704082,0.24934036939314,9710,goodH,0.852938297158161,0.400812016129324,0.799593991935338,FALSE,FALSE
snp_4878,0.0120622820246961,0.00481857279710588,2.91499738790985e-05,0.00604950368221199,0.0180457734164225,0.000109189654056847,0.00605070514503302,0.00606796116504854,9714,lowH,NA,NA,NA,FALSE,FALSE
snp_4880,0.0656518050711659,0.00551598716976454,0.000181457125982883,0.0328965823157687,0.012582023052741,0.000413949467122327,0.0329000722210685,0.0339805825242718,9718,lowH,NA,NA,NA,FALSE,FALSE
snp_4882,0.0451601636267842,0.0017357128710428,3.92511821363227e-05,0.0226138682216149,0.00894379370251901,0.000202273301749581,0.0226160518094923,0.0231143552311436,9722,lowH,NA,NA,NA,FALSE,FALSE
snp_4884,0.0844779869401082,-0.00124978951575888,-5.2845825857422e-05,0.0422837807415384,0.00658024335236604,0.000278272513931694,0.0422890916080841,0.0441919191919192,9726,lowH,NA,NA,NA,FALSE,FALSE
snp_4886,0.0660803324099724,0.0114177577285572,0.00037849704458689,0.033149857755365,0.0190066880829618,0.000630150623809738,0.0331541518995423,0.0342105263157895,9730,lowH,NA,NA,NA,FALSE,FALSE
snp_4888,0.0336439882592763,-0.000303537775263977,-5.11198360829656e-06,0.0168413424123269,0.00702993049774417,0.000118406963880573,0.0168432623791328,0.0171149144254279,9734,lowH,NA,NA,NA,FALSE,FALSE
snp_4890,0.0810355029585799,0.00346880123888818,0.000140841699274269,0.0406024126419568,0.0123783837101963,0.000502661641721586,0.0406080190669427,0.0423076923076923,9738,lowH,NA,NA,NA,FALSE,FALSE
snp_4892,0.078492422210739,-0.00759946037085308,-0.000298289824978046,0.039251448184677,0.00149782508991985,5.87997252623701e-05,0.0392567367565705,0.040920716112532,9742,lowH,NA,NA,NA,FALSE,FALSE
snp_4894,0.0485136506522115,-0.00305376079439337,-7.41340011418595e-05,0.0242762960602441,0.00515405316359501,0.000125136298794735,0.0242792021779323,0.0248756218905473,9746,lowH,NA,NA,NA,FALSE,FALSE
snp_4896,0.0450887573964498,-0.000793230375644557,-1.7902803785724e-05,0.0225694884303651,0.00685910433468701,0.000154825301224811,0.0225722330015958,0.0230769230769231,9750,lowH,NA,NA,NA,FALSE,FALSE
snp_4898,0.138311722818578,-0.000633574585282918,-4.38667331532267e-05,0.0692368888717946,0.00718481117776445,0.000497511994117725,0.0692449643850662,0.0747422680412371,9754,goodH,0.849781367212677,0.920724309135184,0.539637845432408,FALSE,FALSE
snp_4900,0.0804267642127725,0.00623810739633733,0.000251468648049492,0.0403116894391944,0.0142760891267744,0.000575564067691001,0.0403166485288711,0.0419753086419753,9758,lowH,NA,NA,NA,FALSE,FALSE
snp_4902,0.0327777777777778,0.000918582327489555,1.5076012794533e-05,0.0164122608756637,0.00858815481727013,0.00014096676650208,0.0164140923750707,0.0166666666666667,9762,lowH,NA,NA,NA,FALSE,FALSE
snp_4904,0.0779200700868357,-0.00420926153141754,-0.000164070491015603,0.0389784502081887,0.00326227061187756,0.000127172510800665,0.0389828208419143,0.0406091370558376,9766,lowH,NA,NA,NA,FALSE,FALSE
snp_4906,0.0225817465020999,0.00916626775879483,0.000103793797208746,0.0113234524606984,0.0166860776177559,0.000188965334047554,0.0113247306153289,0.0114213197969543,9770,lowH,NA,NA,NA,FALSE,FALSE
snp_4908,0.0472947469804248,-0.0047439910775452,-0.000112274317979896,0.0236666376779935,0.0054388002068467,0.000128739603865443,0.0236705889110209,0.024234693877551,9774,lowH,NA,NA,NA,FALSE,FALSE
snp_4910,0.100917312994409,-0.00391473899291426,-0.000197683157775218,0.0504971488860503,0.00500048057515083,0.000252543797745307,0.0505039053646737,0.0532994923857868,9778,goodH,0.852801777383794,0.570396562112059,0.71480171894397,FALSE,FALSE
snp_4912,0.0324505913576747,-0.00116513693474434,-1.89244102029036e-05,0.0162422198100313,0.00647123829249994,0.000105120400826435,0.0162442481755413,0.016497461928934,9782,lowH,NA,NA,NA,FALSE,FALSE
snp_4914,0.234415397874174,-0.00183097891899654,-0.000214798241382528,0.117313333951571,0.00562782851551725,0.000660286224621677,0.117325221051265,0.135593220338983,9786,goodH,0.852801777383794,0.674083167670316,0.662958416164842,FALSE,FALSE
snp_4916,0.0445313251081558,-0.00437128703988403,-9.73745970858741e-05,0.0222759558449078,0.00323593028113052,7.20920728856624e-05,0.0222786236483674,0.0227848101265823,9790,lowH,NA,NA,NA,FALSE,FALSE
snp_4918,0.126663379355687,0.00484149089183133,0.000307298223475196,0.0634718169136034,0.0129808606476137,0.000824028883984942,0.0634802965962374,0.0679487179487179,9794,goodH,0.797483515033524,0.428092455276391,0.214046227638195,FALSE,FALSE
snp_4920,0.0500921881298697,0.0154719739830965,0.000389070939353694,0.0251468196481434,0.0228917016888609,0.000575723051750477,0.0251498582139319,0.025706940874036,9798,lowH,NA,NA,NA,FALSE,FALSE
snp_4922,0.0336439882592763,0.00292417971253757,4.92840539312265e-05,0.0168539757388776,0.0112904903464054,0.000190313464165398,0.0168560849286752,0.0171149144254279,9802,lowH,NA,NA,NA,FALSE,FALSE
snp_4924,0.11451516954194,0.015836663963726,0.00091035169318661,0.0574838043714117,0.0225718763344797,0.00129764259088325,0.0574893540817887,0.0609756097560976,9806,goodH,0.530595716350412,0.0698207104454529,0.0349103552227265,FALSE,FALSE
snp_4926,0.00483088955202882,0.00404324370802723,9.7850232541955e-06,0.0024200923715701,0.0113439595058227,2.74561839403622e-05,0.00242033515072664,0.00242130750605327,9810,lowH,NA,NA,NA,FALSE,FALSE
snp_4928,0.0262796873992344,6.58215775264212e-05,8.65930730487279e-07,0.0131557273925817,0.00733883430287348,9.65573516703876e-05,0.0131570420703709,0.013317191283293,9814,lowH,NA,NA,NA,FALSE,FALSE
snp_4930,0.0335633551457466,-0.00288082198685569,-4.83785644098032e-05,0.0167933196256276,0.00445635355793855,7.48444777531919e-05,0.0167950044313391,0.0170731707317073,9818,lowH,NA,NA,NA,FALSE,FALSE
snp_4932,0.0376273048972731,0.00605772450625711,0.000114232613867889,0.0188573471358588,0.0136031031884534,0.00025654382750419,0.0188592135154831,0.0191815856777494,9822,lowH,NA,NA,NA,FALSE,FALSE
snp_4934,0.47110170655608,-0.000153599570908692,-3.62252139193438e-05,0.235841895293301,0.00751422176155194,0.00177234653181848,0.235865614305803,0.379795396419437,9826,goodH,0.849781367212677,0.969789682377616,0.515105158811192,FALSE,FALSE
snp_4936,0.0594972560357401,-0.00161032441791031,-4.79508636240989e-05,0.0297771449596001,0.00595024108889521,0.00017719876124191,0.0297800977463941,0.030690537084399,9830,lowH,NA,NA,NA,FALSE,FALSE
snp_4938,0.0737828768780948,-0.00381262249561225,-0.000140757085565416,0.0369187050979754,0.00479370120663175,0.000176997217853198,0.036922872374343,0.0383631713554987,9834,lowH,NA,NA,NA,FALSE,FALSE
snp_4940,0.184089414858646,-0.00614015417925658,-0.000565264313834679,0.0920602801382943,0.00151041637194832,0.000139063102253717,0.0920693822156714,0.102564102564103,9838,goodH,0.867162801170574,0.0698031513425138,0.965098424328743,FALSE,FALSE
snp_4942,0.0568116336136848,0.00221969609192241,6.31550273740247e-05,0.028452105494914,0.00970854875591738,0.000276258351264266,0.0284551644339104,0.0292620865139949,9842,lowH,NA,NA,NA,FALSE,FALSE
snp_4944,0.096601467150969,0.00493419508192199,0.000238853010133161,0.0484076949061613,0.0130179753798682,0.000630243316972947,0.0484133130215927,0.0508905852417303,9846,lowH,NA,NA,NA,FALSE,FALSE
snp_4946,0.178309117870246,-0.00703677889542929,-0.000627586499466127,0.0891866163186928,0.00285239471952299,0.000254434292208271,0.0892002395274452,0.0989445910290237,9850,goodH,0.856303354098092,0.22986374281804,0.88506812859098,FALSE,FALSE
snp_4948,0.0579558104233429,0.0122955120949703,0.000357522587315953,0.0290774865295935,0.0197869705640795,0.000575415993583479,0.0290805503409434,0.0298701298701299,9854,lowH,NA,NA,NA,FALSE,FALSE
snp_4950,0.0954637846742481,0.0165413700103862,0.000792814151486612,0.0479291709809292,0.0237314031983215,0.0011375307714514,0.0479335655774394,0.0502577319587629,9858,lowH,NA,NA,NA,FALSE,FALSE
snp_4952,0.0614039262343844,-0.00230933752540618,-7.09630449950971e-05,0.0307287454581226,0.00549677425253728,0.00016892723204474,0.0307320665327967,0.0317073170731707,9862,lowH,NA,NA,NA,FALSE,FALSE
snp_4954,0.021658053172785,0.000923287610139422,1.00119950530385e-05,0.0108438529263125,0.00824084302778903,8.93717234990558e-05,0.0108449734083861,0.0109489051094891,9866,lowH,NA,NA,NA,FALSE,FALSE
snp_4956,0.0787532964596607,0.0119764049707012,0.000473133707539254,0.0395054867213257,0.0188541972703881,0.000744913050239221,0.0395091363242053,0.0410628019323672,9870,lowH,NA,NA,NA,FALSE,FALSE
snp_4958,0.0403868636411946,-0.00129549186686562,-2.61875376546754e-05,0.0202143589816854,0.00640864360036258,0.000129560540398741,0.0202165307478498,0.0206185567010309,9874,lowH,NA,NA,NA,FALSE,FALSE
snp_4960,0.0077418185723106,0.0501051747822992,0.000196109306092854,0.00391395313847173,0.0624689512533551,0.000244545078036446,0.00391466597613662,0.0038860103626943,9878,lowH,NA,NA,NA,FALSE,FALSE
snp_4962,0.0816357190072712,-0.00191049998904216,-7.80527454101526e-05,0.0408546170415236,0.00563907557423087,0.000230406822862825,0.0408589705581753,0.0426356589147287,9882,lowH,NA,NA,NA,FALSE,FALSE
snp_4964,0.36688721332456,-0.00162606893861625,-0.000298568060398471,0.183613408575744,0.00582455083985863,0.00106960711811432,0.18363769971665,0.242014742014742,9886,goodH,0.852801777383794,0.706287956187825,0.646856021906088,FALSE,FALSE
snp_4966,0.0854709141274239,-0.00529617429760224,-0.000226406464322159,0.0427490583957292,0.00243333932273488,0.000104035295468687,0.0427541257796135,0.0447368421052632,9890,lowH,NA,NA,NA,FALSE,FALSE
snp_4968,0.112891900551507,0.0217907842317451,0.00123627058178762,0.0567336433897871,0.0289260264480481,0.00164125106173946,0.0567395962486305,0.0600522193211488,9894,goodH,0.420173391784782,0.0190439149761625,0.00952195748808127,FALSE,FALSE
snp_4970,0.05695805261805,-0.000881076985540912,-2.51234024685685e-05,0.0285144236892587,0.0076352554068881,0.000217741868998975,0.0285179548548619,0.0293398533007335,9898,lowH,NA,NA,NA,FALSE,FALSE
snp_4972,0.220123624320754,0.00149478450865095,0.000164775112471881,0.110233355723355,0.00934148334095684,0.0010298605533068,0.110245933725694,0.125916870415648,9902,goodH,0.847246047458463,0.783647106887724,0.391823553443862,FALSE,FALSE
snp_4974,0.0751788906092143,-0.00186711537228898,-7.0254340532847e-05,0.0376272091031627,0.00627516951370373,0.000236145070872203,0.0376316640301922,0.039119804400978,9906,lowH,NA,NA,NA,FALSE,FALSE
snp_4976,0.0218155276816607,-0.00209865148562305,-2.29109103403877e-05,0.0109169676324728,0.00531553893477866,5.80357575989558e-05,0.010918132349523,0.0110294117647059,9910,lowH,NA,NA,NA,FALSE,FALSE
snp_4978,0.316750168204537,0.00181368084997895,0.0002877203157022,0.158638889364432,0.00996320281770463,0.00158073679312686,0.158657494186296,0.802696078431373,9914,goodH,0.843330227695123,0.710294204841941,0.35514710242097,FALSE,FALSE
snp_4980,0.116903356383876,0.0507427859207909,0.00299774643146117,0.0590772929996518,0.0598414372655798,0.00353575566343742,0.0590854067850264,0.0623376623376623,9918,goodH,0.00171427627496945,2.16540161048773e-05,1.08270080524386e-05,TRUE,TRUE
snp_4982,0.11386593204775,0.000600874239394906,3.42556997402111e-05,0.0570097659282372,0.00816917322444751,0.000465790256299451,0.0570180413001284,0.0606060606060606,9922,goodH,0.849781367212677,0.936666312923701,0.46833315646185,FALSE,FALSE
snp_4984,0.124882027344149,-0.0013675074337453,-8.54721499473741e-05,0.0625021464879976,0.00614282449378659,0.00038399501892565,0.0625111492789771,0.0669191919191919,9926,goodH,0.852801777383794,0.757887964214823,0.621056017892589,FALSE,FALSE
snp_4986,0.15314031726987,-0.00513775105047118,-0.000393609541159797,0.0766112521399221,0.00382402673493685,0.000293009417052988,0.0766232658302339,0.0835509138381201,9930,goodH,0.852938297158161,0.377495882625519,0.811252058687241,FALSE,FALSE
snp_4988,0.0356116942736717,0.00139042849910017,2.48001095604348e-05,0.017836306992042,0.0102747674802394,0.000183288922241934,0.0178387416157531,0.0181347150259067,9934,lowH,NA,NA,NA,FALSE,FALSE
snp_4990,0.0429628294239797,-0.00102707529407913,-2.20869451524949e-05,0.0215046991002718,0.00669286148101943,0.000143945009197563,0.0215072446375564,0.0219638242894057,9938,lowH,NA,NA,NA,FALSE,FALSE
snp_4992,0.104683680518652,0.0156961637304505,0.000824867325613335,0.0525521611381445,0.0228762044558374,0.00120233132143629,0.052558164697181,0.0554123711340206,9942,goodH,0.530595716350412,0.0656964675913261,0.032848233795663,FALSE,FALSE
snp_4994,0.0409028625186618,0.0101840126704727,0.000208924056814397,0.0205149054282058,0.017840480725641,0.000366042526775085,0.0205175259794987,0.02088772845953,9946,lowH,NA,NA,NA,FALSE,FALSE
snp_4996,0.0260309737821254,-0.00197880221905844,-2.57766263886239e-05,0.0130263783516925,0.00525362941732047,6.84426288094828e-05,0.0130276849341214,0.013189448441247,9950,lowH,NA,NA,NA,FALSE,FALSE
snp_4998,0.0237495377218935,0.00580425543442942,6.90768515816424e-05,0.0119010702340726,0.0129576986279354,0.000154225670629799,0.0119022424473822,0.0120192307692308,9954,lowH,NA,NA,NA,FALSE,FALSE
snp_5000,0.021762782384132,0.00352961605793531,3.84775899829737e-05,0.0109013528246134,0.0108439692442087,0.000118225788796117,0.0109024459709951,0.0110024449877751,9958,lowH,NA,NA,NA,FALSE,FALSE
snp_5002,0.0710687670363679,-0.00346524750826238,-0.000123211371408817,0.0355562975270994,0.00403535853819387,0.000143497055018989,0.0355599269955366,0.0368956743002544,9962,lowH,NA,NA,NA,FALSE,FALSE
snp_5004,0.0357450042416816,-0.00216422134912776,-3.87114139069242e-05,0.0178869938246039,0.00512627050975421,9.17033774613861e-05,0.01788890720591,0.0182038834951456,9966,lowH,NA,NA,NA,FALSE,FALSE
snp_5006,0.271968291448811,0.00526775255530283,0.000717961407097151,0.13629368493674,0.0133790053849024,0.00182367381062407,0.136308623709952,0.162337662337662,9970,goodH,0.792578900211824,0.399201274904885,0.199600637452442,FALSE,FALSE
snp_5008,0.0700826446280991,-0.00130880803431391,-4.59136604161963e-05,0.0350805154097824,0.00691091664130137,0.000242466637832521,0.0350845843492714,0.0363636363636364,9973,lowH,NA,NA,NA,FALSE,FALSE
snp_5012,0.0768,0.00802971905272788,0.000309151336898056,0.0385008908615589,0.0152241460124194,0.000586206811603907,0.0385050702433949,0.04,9980,lowH,NA,NA,NA,FALSE,FALSE
snp_5014,0.109156203008711,0.000872908601622337,4.77138936693734e-05,0.0546608128052527,0.00914093093224237,0.000499717494866519,0.0546681184411852,0.0579345088161209,9984,goodH,0.849781367212677,0.808468857540948,0.404234428770474,FALSE,FALSE
snp_5016,0.0253765174694853,-0.00279078344347188,-3.54377887823195e-05,0.0126981507165002,0.0049785821581758,6.32256845770834e-05,0.012699536247133,0.012853470437018,9988,lowH,NA,NA,NA,FALSE,FALSE
snp_5018,0.0717712677024338,0.00826164294929215,0.000297274425338698,0.035982482801943,0.0156717101310439,0.000563965733088198,0.0359862279465625,0.0372750642673522,9992,lowH,NA,NA,NA,FALSE,FALSE
snp_5020,0.0275981068184321,0.00163276613445375,2.25655384871414e-05,0.013820435156619,0.0092726603916915,0.000128168707492729,0.0138222152088704,0.0139949109414758,9996,lowH,NA,NA,NA,FALSE,FALSE
snp_5022,0.0225817465020999,-0.000205976484056147,-2.32849364717433e-06,0.0113046577032532,0.00745563006528091,8.42937764778612e-05,0.0113060567302551,0.0114213197969543,10000,lowH,NA,NA,NA,FALSE,FALSE
snp_5024,0.0283081894347907,0.00188576788914511,2.6734961098746e-05,0.0141772278829426,0.00975520627390439,0.000138325139377358,0.0141796221928576,0.0143603133159269,10004,lowH,NA,NA,NA,FALSE,FALSE
snp_5026,0.0734222947380687,0.00972867045780293,0.000358198422785175,0.0368188463509811,0.0170249568495631,0.000626897257961802,0.0368222523852028,0.0381679389312977,10008,lowH,NA,NA,NA,FALSE,FALSE
snp_5028,0.32,0.00414548879023497,0.000664606072294967,0.16032031587216,0.0118126127720415,0.00189399533530215,0.16033669873484,0.2,10012,goodH,0.813958309400121,0.523503712677339,0.26175185633867,FALSE,FALSE
snp_5030,0.0291906721536352,0.00155074838937444,2.26722022470154e-05,0.0146201681732271,0.0102016891373101,0.000149167607621495,0.014621853853197,0.0148148148148148,10016,lowH,NA,NA,NA,FALSE,FALSE
snp_5032,0.0243865264441396,0.00717492035081661,8.77251511524788e-05,0.0122266376298511,0.0160157691134119,0.000195842080321912,0.0122280783979278,0.0123456790123457,10020,lowH,NA,NA,NA,FALSE,FALSE
snp_5034,0.465749123609206,0.00214273947333121,0.00049982026328042,0.233262265198939,0.00993257233311756,0.00231713486440085,0.23328648276489,0.369135802469136,10024,goodH,0.843330227695123,0.713780996750355,0.356890498375177,FALSE,FALSE
snp_5036,0.234720317024844,0.000464378337136009,5.45750215609097e-05,0.117522755039552,0.00837774541064642,0.000984683665390992,0.117535639617272,0.135802469135802,10028,goodH,0.849781367212677,0.90805876176662,0.45402938088331,FALSE,FALSE
snp_5038,0.0613195396857442,0.00553299327149633,0.000170022752962244,0.030728892051637,0.0132236943386178,0.000406391956351547,0.0307321045046194,0.0316622691292876,10032,lowH,NA,NA,NA,FALSE,FALSE
snp_5040,0.499612241627944,-0.00427368884306367,-0.00106807149621722,0.249917936339875,0.00308108781346118,0.000770097376039778,0.249943339062018,0.513924050632911,10036,goodH,0.856150345910198,0.262952619038318,0.868523690480841,FALSE,FALSE
snp_5042,0.0589954088631337,0.00516622348984035,0.000152726308759708,0.0295624664825383,0.0128943329164586,0.000381228717973591,0.0295656022256865,0.0304232804232804,10040,lowH,NA,NA,NA,FALSE,FALSE
snp_5044,0.110591114534832,-0.00152343342578107,-8.43352204394486e-05,0.0553586517219876,0.00710144798339808,0.000393181702030887,0.0553664130118358,0.0587467362924282,10044,goodH,0.849781367212677,0.908106809553664,0.545946595223168,FALSE,FALSE
snp_5046,0.0700403891935351,0.0120770591398467,0.000424352529278392,0.0351370747103736,0.0192500870172622,0.000676456181909173,0.035140422030434,0.0363408521303258,10048,lowH,NA,NA,NA,FALSE,FALSE
snp_5048,0.0790480703938432,0.0105539376555268,0.000418457281415597,0.039649398648519,0.0181785280603074,0.000720863890114837,0.0396546897374399,0.0412234042553191,10052,lowH,NA,NA,NA,FALSE,FALSE
snp_5050,0.0637874979984823,0.00704730806282593,0.000225330305698868,0.0319739542659516,0.0146979142701855,0.000469996248061776,0.0319770709926615,0.0329815303430079,10056,lowH,NA,NA,NA,FALSE,FALSE
snp_5052,0.0287520491947455,0.00225287602274208,3.24426696068283e-05,0.0144005570121612,0.0101756079784446,0.000146549979033249,0.0144020857862932,0.0145888594164456,10060,lowH,NA,NA,NA,FALSE,FALSE
snp_5054,0.0500921881298697,0.00434236466550874,0.000108978810288599,0.0250966509455584,0.0118986382210485,0.000298645800846645,0.0250991580127501,0.025706940874036,10064,lowH,NA,NA,NA,FALSE,FALSE
snp_5056,0.172534275693485,-0.00465168242185649,-0.000401469711422764,0.0863063457506064,0.00313654594403851,0.000270731739368374,0.0863152474724438,0.095360824742268,10068,goodH,0.856150345910198,0.271157619535273,0.864421190232363,FALSE,FALSE
snp_5058,0.02955,0.00238705763886142,3.53274358594086e-05,0.0147995738704739,0.00988213279649989,0.000146270918832276,0.0148015536569275,0.015,10072,lowH,NA,NA,NA,FALSE,FALSE
snp_5060,0.034814933504246,0.000453598668355921,7.90649104210743e-06,0.0174305869784951,0.00806002505976685,0.00014051152525415,0.0174331375165991,0.0177215189873418,10076,lowH,NA,NA,NA,FALSE,FALSE
snp_5062,0.0892837686268226,-0.000401179645094589,-1.7929765093685e-05,0.0446926091912206,0.00692959950661817,0.000309731165208632,0.0446968349199432,0.0468354430379747,10080,lowH,NA,NA,NA,FALSE,FALSE
snp_5064,0.0604007437764691,0.00497461161354924,0.000150548699313742,0.030263407680651,0.012255336062873,0.000370925212619594,0.0302664252303366,0.0311720698254364,10084,lowH,NA,NA,NA,FALSE,FALSE
snp_5066,0.0395877971635548,0.0076393733743404,0.000151604844594144,0.0198451937305963,0.0150676609035465,0.000299052373545067,0.0198472991567443,0.0202020202020202,10088,lowH,NA,NA,NA,FALSE,FALSE
snp_5068,0.0491279049314355,0.00354384467960414,8.72184076677854e-05,0.0246112387965964,0.0113742754874206,0.000279968788688662,0.0246142085268018,0.0251989389920424,10092,lowH,NA,NA,NA,FALSE,FALSE
snp_5070,0.0707903638029497,-0.00203331750786017,-7.20349703514721e-05,0.035427310330535,0.005684280401313,0.000201399934091946,0.0354310343390916,0.036745406824147,10096,lowH,NA,NA,NA,FALSE,FALSE
snp_5072,0.0273239472365157,0.00123794020580703,1.69414421078584e-05,0.0136851861086571,0.0102222499950201,0.000139914400334209,0.0136872411066418,0.0138539042821159,10100,lowH,NA,NA,NA,FALSE,FALSE
snp_5074,0.0443121902937016,-0.00312340220005954,-6.92491329945227e-05,0.0221710585313677,0.00443618963681445,9.83674460227056e-05,0.0221738595677667,0.0226700251889169,10104,lowH,NA,NA,NA,FALSE,FALSE
snp_5076,0.0952255325029365,0.0176001042654538,0.000841854585696907,0.0478323635473758,0.0262103667962021,0.00125388495458537,0.0478392753651605,0.050125313283208,10108,lowH,NA,NA,NA,FALSE,FALSE
snp_5078,0.0271888995672138,0.000456568634712707,6.21786994702586e-06,0.0136186971120748,0.0108163059495417,0.000147329598439726,0.0136210642641788,0.0137844611528822,10112,lowH,NA,NA,NA,FALSE,FALSE
snp_5080,0.0358303585699824,0.00849464822578032,0.000152595549674655,0.0179637279400864,0.0156642242672798,0.000281419278619755,0.0179657334967808,0.0182481751824818,10116,lowH,NA,NA,NA,FALSE,FALSE
snp_5082,0.133248678376282,-0.00232701617002712,-0.000155173837437347,0.0666836094377197,0.00563740845735127,0.000375969359295477,0.0666918783940885,0.0717761557177616,10120,goodH,0.852801777383794,0.675656119312718,0.662171940343641,FALSE,FALSE
snp_5084,0.026988812158115,-0.0037776799383323,-5.10062005821385e-05,0.0135019910142668,0.00374993877892319,5.06371191539223e-05,0.0135034522266155,0.986318407960199,10124,lowH,NA,NA,NA,FALSE,FALSE
snp_5086,0.0575034293552812,-0.00228957600696953,-6.58886485975479e-05,0.0287776638106711,0.00567717668950404,0.000163393818762613,0.02878082323291,0.0296296296296296,10128,lowH,NA,NA,NA,FALSE,FALSE
snp_5088,0.178373573140251,0.00503924811283625,0.000450407180010362,0.089379838008583,0.0127245627765081,0.00113743595460953,0.089389000988658,0.0989847715736041,10132,goodH,0.804404960338903,0.447636268463651,0.223818134231826,FALSE,FALSE
snp_5090,0.173895209101105,0.00411369084174079,0.000358432579598147,0.087131627870817,0.0125098062863532,0.00109012078944801,0.0871413005521286,0.90379746835443,10136,goodH,0.810648381061125,0.464599877331251,0.232299938665626,FALSE,FALSE
snp_5092,0.0823714148373658,0.0104529380069226,0.000431960602001588,0.0413243244832712,0.0195532780191193,0.000808123239103952,0.0413292972315826,0.0430379746835443,10140,lowH,NA,NA,NA,FALSE,FALSE
snp_5094,0.0334831074881157,-0.00283862568709521,-4.75560519095907e-05,0.0167531957897046,0.00448937591648849,7.52195987950732e-05,0.0167550234585632,0.0170316301703163,10144,lowH,NA,NA,NA,FALSE,FALSE
snp_5098,0.0314309171803031,0.00506179133399965,7.97156119418345e-05,0.0157484982453526,0.0123491112023227,0.000194498632738702,0.0157500106325157,0.015970515970516,10151,lowH,NA,NA,NA,FALSE,FALSE
snp_5100,0.0545475843398583,0.00820444073087297,0.000224366324891865,0.0273469371346159,0.0156239512255098,0.000427307110288008,0.0273494907991219,0.0280612244897959,10155,lowH,NA,NA,NA,FALSE,FALSE
snp_5102,0.114728764124601,-9.11249231593511e-05,-5.23448524567721e-06,0.0574429592277802,0.00834783428119274,0.000479588661752251,0.0574506687120923,0.0610972568578554,10159,goodH,0.849781367212677,0.91212528544155,0.456062642720775,FALSE,FALSE
snp_5104,0.0424269835485214,0.000132537426480274,2.81559531948705e-06,0.0212437753943117,0.00865986150077963,0.000183989634955471,0.021246256067595,0.978316326530612,10163,lowH,NA,NA,NA,FALSE,FALSE
snp_5106,0.00507610926584179,0.0208602621569178,5.32750273533821e-05,0.00255390018364245,0.0360075383332751,9.19786020167198e-05,0.00255442627500367,0.00254452926208651,10166,lowH,NA,NA,NA,FALSE,FALSE
snp_5108,0.0445313251081558,0.0264726726308201,0.00059293131242136,0.0223978636645495,0.0336326095543022,0.000753375251094204,0.0224001426317464,0.0227848101265823,10170,lowH,NA,NA,NA,FALSE,FALSE
snp_5110,0.30824035661831,7.21848518921719e-05,1.11410058377184e-05,0.154339941770062,0.00866451935670616,0.001337452092493,0.15435964044074,0.809644670050761,10174,goodH,0.849781367212677,0.869690960919683,0.434845480459841,FALSE,FALSE
snp_5112,0.0347285991225383,-0.000419787868587237,-7.29784089587505e-06,0.0173845921761278,0.00714724232697475,0.000124265938807895,0.0173865573773673,0.0176767676767677,10178,lowH,NA,NA,NA,FALSE,FALSE
snp_5114,0.0411938780511716,-0.00282237768739497,-5.81737833284672e-05,0.0206116224587082,0.0046046638847654,9.49204224069809e-05,0.0206139741754065,0.021039603960396,10182,lowH,NA,NA,NA,FALSE,FALSE
snp_5116,0.170445185460729,0.00315276007433399,0.000269158091207934,0.0853722087510234,0.0103875813096648,0.000886905864401146,0.0853813643389681,0.0940721649484536,10186,goodH,0.843330227695123,0.663331309311534,0.331665654655767,FALSE,FALSE
snp_5118,0.355564235589475,0.00639334073795425,0.00113932547690098,0.178205029826949,0.0138715021179622,0.00247224781359099,0.178224953041652,0.231266149870801,10190,goodH,0.770609560866534,0.365836749421901,0.182918374710951,FALSE,FALSE
snp_5120,0.0529242395769014,0.0119016594351538,0.000316006516822701,0.026551466923118,0.0194086229202094,0.00051538541973639,0.0265544558135416,0.0272020725388601,10194,lowH,NA,NA,NA,FALSE,FALSE
snp_5122,0.0550935274736954,0.0129604301743167,0.000358285155558303,0.0276445419433921,0.020398822841334,0.00056397615952406,0.0276474855392773,0.0283505154639175,10198,lowH,NA,NA,NA,FALSE,FALSE
snp_5124,0.076180542714497,-0.00104789082141465,-3.99562035930068e-05,0.0381301207878374,0.006446955550168,0.000245848815408564,0.0381340949996401,0.0396634615384615,10202,lowH,NA,NA,NA,FALSE,FALSE
snp_5126,0.0598231976832799,-0.00220109386670123,-6.58981125298345e-05,0.0299388015780517,0.00574230696820895,0.000171938786355841,0.0299424581980279,0.969135802469136,10206,lowH,NA,NA,NA,FALSE,FALSE
snp_5128,0.0931889346228632,0.00655244969914373,0.000306025262652711,0.0467039468754262,0.0137171927074357,0.000640709131314642,0.0467084734449587,0.0489949748743719,10210,lowH,NA,NA,NA,FALSE,FALSE
snp_5130,0.112070122687857,0.0162361294394591,0.000913502058541226,0.0562635363278834,0.0233888124470132,0.00131606115541408,0.0562688318783,0.0595854922279793,10214,goodH,0.530595716350412,0.059272516609383,0.0296362583046915,FALSE,FALSE
snp_5134,0.187827189991678,0.00432988287998909,0.000407547670617943,0.0941244098082788,0.0132182755009747,0.00124435153759341,0.0941387201001864,0.104922279792746,10221,goodH,0.797483515033524,0.410653128771491,0.205326564385745,FALSE,FALSE
snp_5136,0.0480113560095572,-0.00608386754778455,-0.00014611425622928,0.0240166727959894,0.00342912930965886,8.23696753569383e-05,0.0240205801294593,0.0246113989637306,10225,lowH,NA,NA,NA,FALSE,FALSE
snp_5138,0.033111627157776,-0.00585915844499205,-9.70450080831072e-05,0.0165629601920142,0.00324507705622379,5.37564507516014e-05,0.0165655390674009,0.016839378238342,10229,lowH,NA,NA,NA,FALSE,FALSE
snp_5140,0.0024844682062326,0.0106475754807081,1.32680157264478e-05,0.00124610675458348,0.0180584507669835,2.25048928427404e-05,0.0012462250019745,0.00124378109452736,10233,lowH,NA,NA,NA,FALSE,FALSE
snp_5142,0.035702479338843,-0.00304149037423339,-5.43346298959503e-05,0.0178644753757096,0.00476925994118853,8.52097062905396e-05,0.0178664420353034,0.0181818181818182,10237,lowH,NA,NA,NA,FALSE,FALSE
snp_5144,0.457337257617729,0.00263070435364523,0.000602617810385638,0.229070898655192,0.010460780360757,0.00239652349287921,0.229096053088889,0.646052631578947,10241,goodH,0.842637535865943,0.655483304215718,0.327741652107859,FALSE,FALSE
snp_5146,0.417880886426593,-0.00531224466443303,-0.00111046727966503,0.209039182080585,0.0033272702741611,0.000695614120335596,0.209064507244149,0.702631578947368,10245,goodH,0.853019753765932,0.299856671817275,0.850071664091362,FALSE,FALSE
snp_5148,0.158140202578638,-0.00406926500303981,-0.000321999591134122,0.0791296685995094,0.0049093100880644,0.000388518851772753,0.0791391956921457,0.08656330749354,10249,goodH,0.852801777383794,0.555273336677219,0.722363331661391,FALSE,FALSE
snp_5150,0.0910368634363588,0.00326932130293223,0.000149083107206636,0.0456006288133641,0.0106945842989964,0.000487728330633267,0.0456051695884089,0.0478036175710594,10253,lowH,NA,NA,NA,FALSE,FALSE
snp_5152,0.0239199385585893,0.00121670685919239,1.4572343870688e-05,0.0119768732793704,0.00848382489512158,0.000101619893641743,0.0119780753254558,0.0121065375302663,10257,lowH,NA,NA,NA,FALSE,FALSE
snp_5154,0.117473021153597,0.0129304315203009,0.0007621539189119,0.0589426515051189,0.0201670003761137,0.00118881859019454,0.0589487067002097,0.0626631853785901,10261,goodH,0.549965151381081,0.112308673018873,0.0561543365094366,FALSE,FALSE
snp_5156,0.0435619056955201,0.00420924851323991,9.18607081308387e-05,0.0218235411479975,0.0115179437326938,0.000251387707165616,0.0218257453760648,0.0222772277227723,10265,lowH,NA,NA,NA,FALSE,FALSE
snp_5158,0.0249336802367106,0.00357819286708896,4.46927123259495e-05,0.0124903027830105,0.0111230243837438,0.000138944799915257,0.0124916385257884,0.0126262626262626,10269,lowH,NA,NA,NA,FALSE,FALSE
snp_5160,0.0426397107166339,-0.00652960737026281,-0.000139224855013319,0.0213220867838667,0.00120250930134877,2.56428293928729e-05,0.0213244333030199,0.0217948717948718,10273,lowH,NA,NA,NA,FALSE,FALSE
snp_5162,0.119986850756082,0.00968421065762724,0.000582740137713344,0.0601742525349116,0.0174837215130551,0.00105217995518265,0.0601805487691498,0.0641025641025641,10277,goodH,0.630654523056012,0.188201766050852,0.0941008830254261,FALSE,FALSE
snp_5164,0.0596449704142012,0.0161166028372008,0.000482602134673728,0.029944408232222,0.0234450943451165,0.000702118503248051,0.029947352435982,0.0307692307692308,10281,lowH,NA,NA,NA,FALSE,FALSE
snp_5166,0.0383975621893939,0.00378188193376863,7.27489711806293e-05,0.0192361825288753,0.0115162558919278,0.00022155157832218,0.0192381604230828,0.0195822454308094,10285,lowH,NA,NA,NA,FALSE,FALSE
snp_5168,0.00510200744369804,0.028408474497466,7.30247579824865e-05,0.00257052725548498,0.0435476464009838,0.000111967311680185,0.00257114496267369,0.00255754475703325,10289,lowH,NA,NA,NA,FALSE,FALSE
snp_5170,0.0737828768780948,0.00505288258416517,0.000186821949954883,0.0369733408293218,0.0130149776012281,0.000481267989268667,0.0369780113354366,0.0383631713554987,10293,lowH,NA,NA,NA,FALSE,FALSE
snp_5172,0.04274687584671,-0.00436277301264924,-9.3336800662471e-05,0.0213939162986142,0.00617046986736571,0.000132028919394212,0.0213968988151915,0.0218508997429306,10297,lowH,NA,NA,NA,FALSE,FALSE
snp_5174,0.161646433740195,0.00232089550625066,0.000187923153999512,0.0809701055016894,0.0108426526661682,0.000878029755727821,0.0809792384540266,0.0886889460154242,10301,goodH,0.834442802798143,0.615730952380524,0.307865476190262,FALSE,FALSE
snp_5176,0.087804138511423,-0.00246231950743778,-0.00010818212016934,0.0439350457333262,0.00478823198853179,0.000210393437721984,0.0439396917747289,0.0460199004975124,10305,lowH,NA,NA,NA,FALSE,FALSE
snp_5178,0.00497509343847358,0.00023311653495582,5.81362021921291e-07,0.00249386866543581,0.0154200053146704,3.84643647753681e-05,0.00249444562374915,0.00249376558603491,10309,lowH,NA,NA,NA,FALSE,FALSE
snp_5180,0.0489886619024773,-0.000587565968504349,-1.44082065507961e-05,0.0245218534141319,0.00687225008309221,0.000168537084715912,0.0245242944709715,0.0251256281407035,10313,lowH,NA,NA,NA,FALSE,FALSE
snp_5182,0.13080477765713,0.0045689155432709,0.000299420696646777,0.0655343032303944,0.0118688827985172,0.000777894739138123,0.0655406875561451,0.0703517587939698,10317,goodH,0.811598925536587,0.518526600442575,0.259263300221288,FALSE,FALSE
snp_5184,0.13080477765713,0.0045689155432709,0.000299420696646777,0.0655343032303944,0.0118688827985172,0.000777894739138123,0.0655406875561451,0.0703517587939698,10321,goodH,0.811598925536587,0.518526600442575,0.259263300221288,FALSE,FALSE
snp_5186,0.0649086656270885,0.00950947975529553,0.000309511614774333,0.0325476916444326,0.0166846611261008,0.000543097792078414,0.0325507235642211,0.0335820895522388,10325,lowH,NA,NA,NA,FALSE,FALSE
snp_5188,0.168554707348713,0.00207451436256353,0.00017510984280665,0.0844100411964669,0.00938524119347983,0.000792294477480039,0.0844191919149042,0.0929095354523227,10329,goodH,0.847246047458463,0.778306514831926,0.389153257415963,FALSE,FALSE
snp_5190,0.0920915712799166,-0.00341778586640393,-0.000157465798176447,0.0460724587003243,0.00379991418190799,0.000175088371656832,0.0460769278660176,0.0483870967741935,10333,lowH,NA,NA,NA,FALSE,FALSE
snp_5192,0.0341552517944463,0.0089966566019824,0.000154152182346137,0.0171343854907355,0.0194014893442238,0.000332479771946292,0.0171368169756142,0.017379679144385,10337,lowH,NA,NA,NA,FALSE,FALSE
snp_5194,0.218282224613031,0.00216289240693114,0.000236464096908978,0.109327720672195,0.0102030272439494,0.00111559372169302,0.109339482784836,0.124688279301746,10341,goodH,0.843330227695123,0.68344692215553,0.341723461077765,FALSE,FALSE
snp_5196,0.054819197896121,0.00951098153250435,0.000261488063076851,0.0274932783943697,0.0176912516379692,0.000486447966583264,0.0274965263361718,0.0282051282051282,10345,lowH,NA,NA,NA,FALSE,FALSE
snp_5198,0.0277372596987198,-0.0065426687860004,-9.07690886340816e-05,0.0138734042029307,0.00267093884270672,3.70599528050079e-05,0.013875253230228,0.0140664961636829,10349,lowH,NA,NA,NA,FALSE,FALSE
snp_5200,0.0709695290858725,0.0233990154250385,0.000835258826968218,0.0356963236185757,0.0337502084608438,0.00120496941467092,0.0357025769505661,0.0368421052631579,10353,lowH,NA,NA,NA,FALSE,FALSE
snp_5202,0.101721875,0.00227928319225985,0.000116146070904419,0.0509572795951095,0.0113070252445495,0.000576252867167744,0.0509641443885097,0.05375,10357,goodH,0.821364305356277,0.570038652198996,0.285019326099498,FALSE,FALSE
snp_5204,0.065221875,0.0103364868208379,0.00033824053030928,0.0327229682746176,0.0198835654586115,0.000650745905051141,0.0327278277331948,0.03375,10361,lowH,NA,NA,NA,FALSE,FALSE
snp_5206,0.0463718750000002,-0.00243760871909031,-5.65628623942557e-05,0.0232042419077678,0.00503822990906808,0.00011692189716939,0.0232069395957791,0.02375,10365,lowH,NA,NA,NA,FALSE,FALSE
snp_5208,0.0305270115978609,-0.0024803548836402,-3.79069752091234e-05,0.0152828836950504,0.00799664442051538,0.000122233636367134,0.0152856160583487,0.0155038759689922,10369,lowH,NA,NA,NA,FALSE,FALSE
snp_5210,0.0377218934911243,-0.00100459025746005,-1.89680503969374e-05,0.0188813800015293,0.00666348147169598,0.00012582872749574,0.0188833311880906,0.0192307692307692,10373,lowH,NA,NA,NA,FALSE,FALSE
snp_5212,0.499947671718526,-0.00218395676885804,-0.000546516832467917,0.250241598304935,0.00668850086954044,0.00167394315013404,0.250271799732763,0.494884910485934,10377,goodH,0.849781367212677,0.844488896426748,0.577755551786626,FALSE,FALSE
snp_5214,0.137845178813943,0.00251318458816225,0.000173531121010095,0.0690482990495294,0.0108632818576291,0.000750178937900441,0.0690563816470987,0.074468085106383,10381,goodH,0.834442802798143,0.613639901545709,0.306819950772855,FALSE,FALSE
snp_5216,0.034814933504246,-0.00190635562546127,-3.32150645698652e-05,0.0174233307396821,0.00568620280369393,9.90824211566482e-05,0.0174250593194251,0.0177215189873418,10385,lowH,NA,NA,NA,FALSE,FALSE
snp_5218,0.0315836000609664,0.00313320488877422,4.95759976725046e-05,0.0158227755389146,0.011652557055753,0.000184396040295982,0.0158245129728796,0.0160493827160494,10389,lowH,NA,NA,NA,FALSE,FALSE
snp_5220,0.026726564585406,0.00420778128322485,5.63398093206636e-05,0.0133894338912703,0.0115413005014224,0.000154546079408999,0.0133906988549472,0.0135467980295567,10393,lowH,NA,NA,NA,FALSE,FALSE
snp_5222,0.0867768595041321,-0.00367860056433712,-0.000159739927291081,0.0434241023175253,0.00533941213008936,0.000231890545152548,0.0434299768406653,0.0454545454545455,10397,lowH,NA,NA,NA,FALSE,FALSE
snp_5224,0.00259402934727593,0.0132090243826111,1.71947851185342e-05,0.0013017452781123,0.0209269819444617,2.72447546997963e-05,0.00130189602935107,0.0012987012987013,10401,lowH,NA,NA,NA,FALSE,FALSE
snp_5226,0.00518131219429918,0.0263564173591874,6.87791404741368e-05,0.0026095785150466,0.0417515096034833,0.000108979018799185,0.00261018152000169,0.0025974025974026,10405,lowH,NA,NA,NA,FALSE,FALSE
snp_5228,0.171634339686288,-0.00417209545772052,-0.000358331236792135,0.085887593038898,0.00537503753286405,0.000461715153636766,0.0858998938730655,0.0948051948051948,10409,goodH,0.852801777383794,0.632435674636524,0.683782162681738,FALSE,FALSE
snp_5230,0.0555102040816327,0.00647913295273841,0.000180263022684989,0.0278220903938698,0.0140728254743908,0.00039158003035776,0.0278252601846261,0.0285714285714286,10413,lowH,NA,NA,NA,FALSE,FALSE
snp_5232,0.00792589830365387,0.047280741821731,0.000189367584749768,0.00400517372303011,0.0599825759536307,0.000240285165936759,0.00400591608674009,0.00397877984084881,10417,lowH,NA,NA,NA,FALSE,FALSE
snp_5234,0.021762782384132,0.00465886669246513,5.07980561827837e-05,0.0109035221516298,0.01195780777912,0.000130395268890538,0.0109046132283733,0.0110024449877751,10421,lowH,NA,NA,NA,FALSE,FALSE
snp_5236,0.0246267125204445,-0.00161914262121166,-1.99559209115061e-05,0.012324992653564,0.0059234617498604,7.30157579106301e-05,0.0123265348868592,0.0124688279301746,10425,lowH,NA,NA,NA,FALSE,FALSE
snp_5238,0.0861552377183561,0.0185815930540153,0.000804035798885672,0.0432705525596434,0.0255929389636534,0.00110752526204056,0.0432746416350792,0.0451127819548872,10429,lowH,NA,NA,NA,FALSE,FALSE
snp_5240,0.041596875,-0.00495281900042592,-0.000103047435936931,0.0208058150172799,0.00256240430982436,5.33183111318078e-05,0.0208079228275504,0.02125,10433,lowH,NA,NA,NA,FALSE,FALSE
snp_5242,0.026988812158115,0.00206902512746383,2.79649320984558e-05,0.0135159944300602,0.00953382563935969,0.000128875322199232,0.01351769238019,0.013681592039801,10437,lowH,NA,NA,NA,FALSE,FALSE
snp_5244,0.0566717771650904,-0.00107139880010776,-3.03907231847873e-05,0.0283654631512847,0.0064537152141892,0.000183083871161554,0.0283687558383463,0.0291878172588832,10441,lowH,NA,NA,NA,FALSE,FALSE
snp_5246,0.0894992140998223,0.00742784143016319,0.000333232560338408,0.0448626378836263,0.0146784070266115,0.000658581880086095,0.0448673945948022,0.0469543147208122,10445,lowH,NA,NA,NA,FALSE,FALSE
snp_5248,0.497182958216323,0.00208944475928325,0.000520274887679872,0.249001504044713,0.00984168803792224,0.0024508583009812,0.249028245107698,0.537530266343826,10449,goodH,0.843330227695123,0.724204065221223,0.362102032610611,FALSE,FALSE
snp_5250,0.0291198524594141,-0.00363792999796602,-5.29984302453676e-05,0.0145682930334007,0.0038013748695883,5.53852638781961e-05,0.0145697979752769,0.0147783251231527,10453,lowH,NA,NA,NA,FALSE,FALSE
snp_5252,0.0317377731529656,0.00693626980908984,0.000110339667566945,0.0159076377655245,0.0142657656012272,0.000226955857991485,0.0159091256884216,0.0161290322580645,10457,lowH,NA,NA,NA,FALSE,FALSE
snp_5254,0.425078043704474,0.00124417638614442,0.00026480022004144,0.212831735910074,0.00826141578104078,0.00175844890517485,0.212850793590408,0.693548387096774,10461,goodH,0.849781367212677,0.923942185178861,0.46197109258943,FALSE,FALSE
snp_5256,0.0716709049375344,-0.0034475223109283,-0.00012362718856306,0.0358597211020722,0.00437997232527068,0.000157080273272003,0.0358633026893144,0.0372208436724566,10465,lowH,NA,NA,NA,FALSE,FALSE
snp_5258,0.0666695011152465,0.00704228761868391,0.000235358687939394,0.0334207718689255,0.0150528675982726,0.000503136063069413,0.033424598986518,0.0345268542199488,10469,lowH,NA,NA,NA,FALSE,FALSE
snp_5260,0.119700943871377,0.00632840392778703,0.000379696667533709,0.0599988041007498,0.0144963484528964,0.00086986512614127,0.0600058096677075,0.0639386189258312,10473,goodH,0.72572731084281,0.327071576385427,0.163535788192714,FALSE,FALSE
snp_5262,0.100977777777778,0.00978829428806927,0.000495897359156756,0.0506622854363087,0.0198982840216697,0.00100825901611895,0.0506706515507032,0.0533333333333333,10477,goodH,0.554550441637249,0.118352844301158,0.0591764221505788,FALSE,FALSE
snp_5264,0.0366364444444445,-0.00233048972326484,-4.27452923852098e-05,0.0183417639470758,0.00805960029498804,0.000147852369047459,0.0183448761273438,0.0186666666666667,10481,lowH,NA,NA,NA,FALSE,FALSE
snp_5266,0.440330578512397,-0.00657202942143973,-0.00144699544870078,0.220174828186296,0.000860332217114993,0.000189444479778586,0.220199216081739,0.327272727272727,10485,goodH,0.870275209525202,0.0223211031011988,0.988839448449401,FALSE,FALSE
snp_5268,0.0402197250810987,0.00754919773130801,0.000152195802658416,0.0201605267308379,0.0146502702805022,0.000295386363864104,0.0201625197493611,0.0205314009661836,10489,lowH,NA,NA,NA,FALSE,FALSE
snp_5270,0.0712431018325699,-0.00446263328493492,-0.000159050092040061,0.0356404127081172,0.00364029878535204,0.00012975783766562,0.035644831734072,0.0369897959183673,10493,lowH,NA,NA,NA,FALSE,FALSE
snp_5272,0.00253485016362198,0.0143116119200811,1.82082922672432e-05,0.00127227403656011,0.0218447179721439,2.77958047671014e-05,0.00127242680828135,0.00126903553299492,10497,lowH,NA,NA,NA,FALSE,FALSE
snp_5274,0.0315836000609664,0.00988787243914473,0.000156611187484725,0.0158387143896318,0.0171545606426896,0.000271735018034037,0.0158403950817497,0.0160493827160494,10501,lowH,NA,NA,NA,FALSE,FALSE
snp_5276,0.0706120994490282,-0.00291759466405393,-0.000103085358629327,0.035332309830212,0.0048099337060427,0.000169966732695654,0.0353366060912909,0.0366492146596859,10505,lowH,NA,NA,NA,FALSE,FALSE
snp_5278,0.350251231405163,0.0015007126224934,0.000263208791844372,0.17538920370181,0.00901631377471164,0.00158156763389381,0.175411778406568,0.22636815920398,10509,goodH,0.849781367212677,0.824176853122837,0.412088426561418,FALSE,FALSE
snp_5280,0.100197323756892,-0.00432001186035549,-0.000216545565247058,0.0501261506326602,0.00377570181167221,0.000189286467331166,0.0501327903453619,0.052896725440806,10513,goodH,0.852938297158161,0.369791361789508,0.815104319105246,FALSE,FALSE
snp_5282,0.0363511659807956,-0.00239633867805568,-4.36038008794784e-05,0.018196009303183,0.00707487934083157,0.000128753924746286,0.0181987449599603,0.0185185185185185,10517,lowH,NA,NA,NA,FALSE,FALSE
snp_5284,0.068877551020408,0.0282582176437146,0.000979241981780446,0.0346533526681311,0.035104073151838,0.00121660056283292,0.0346569629561411,0.0357142857142857,10521,lowH,NA,NA,NA,FALSE,FALSE
snp_5286,0.0386323375961561,-0.00434837251161765,-8.40308963399024e-05,0.0193246774776988,0.00306800249333516,5.92945908957808e-05,0.0193267740246596,0.0197044334975369,10525,lowH,NA,NA,NA,FALSE,FALSE
snp_5290,0.0404108539918937,0.00946725061258359,0.00019183890467285,0.0202634230911627,0.0165813906675346,0.000336030778859743,0.0202655365642927,0.020631067961165,10532,lowH,NA,NA,NA,FALSE,FALSE
snp_5292,0.0672260587609217,-0.00452603545436288,-0.000152195099774227,0.0336265814328781,0.00284192610341795,9.5574214889401e-05,0.0336300844608362,0.0348258706467662,10536,lowH,NA,NA,NA,FALSE,FALSE
snp_5294,0.0367068612757384,0.0019148363389108,3.51988025674435e-05,0.0183821467413059,0.00934150891629364,0.00017173513742876,0.0183840896548539,0.0187032418952618,10540,lowH,NA,NA,NA,FALSE,FALSE
snp_5296,0.0401248366961822,-0.00174622491276301,-3.50641440097729e-05,0.0200799700848911,0.00546066335383851,0.000109660699000536,0.0200819372839475,0.0204819277108434,10544,lowH,NA,NA,NA,FALSE,FALSE
snp_5298,0.345083466395703,0.00346033686995663,0.000598083529886205,0.172839683638576,0.010198619591794,0.00176288765664704,0.17285551645298,0.221686746987952,10548,goodH,0.843330227695123,0.683933112003853,0.341966556001926,FALSE,FALSE
snp_5300,0.103022823608041,0.00687718810915704,0.000355090515455886,0.0516330962334852,0.0137391002428217,0.000709463011870194,0.0516382440866802,0.0544794188861985,10552,goodH,0.777870428567659,0.374555674963041,0.187277837481521,FALSE,FALSE
snp_5302,0.0651937871969808,0.00478221762156988,0.000156198729313012,0.0326624051169248,0.0118002539061229,0.000385461974528527,0.0326655661475654,0.0337349397590361,10556,lowH,NA,NA,NA,FALSE,FALSE
snp_5304,0.0245060310697067,-0.00414348892814533,-5.082092993255e-05,0.0122652505687515,0.00644238667532573,7.9029730459234e-05,0.0122671510485263,0.0124069478908189,10560,lowH,NA,NA,NA,FALSE,FALSE
snp_5306,0.0873903293794727,-0.000205837145719054,-9.00501573018809e-06,0.0437482539836566,0.00740694539953902,0.000324077085290266,0.0437531354437196,0.0457920792079208,10564,lowH,NA,NA,NA,FALSE,FALSE
snp_5308,0.0364394422115479,-0.00241554598335367,-4.40527451638234e-05,0.0182371792826158,0.00604395300191375,0.000110238321065955,0.0182394404839099,0.0185643564356436,10568,lowH,NA,NA,NA,FALSE,FALSE
snp_5310,0.00519476996527768,0.0231622405083195,6.05656470890663e-05,0.00261484406343645,0.0386356009831219,0.000101048168380975,0.00261541598447293,0.00260416666666667,10572,lowH,NA,NA,NA,FALSE,FALSE
snp_5312,0.0391042344264028,-0.00125854284106133,-2.46318381708368e-05,0.0195717121159458,0.00620279430367066,0.000121412235689043,0.0195737968639706,0.0199501246882793,10576,lowH,NA,NA,NA,FALSE,FALSE
snp_5314,0.0965239873599539,0.0210061090731558,0.00101873079091794,0.0484968819008849,0.027702546927506,0.00134361117529027,0.0485013590557695,0.0508474576271186,10580,lowH,NA,NA,NA,FALSE,FALSE
snp_5316,0.023587726642698,-0.0026963490329501,-3.18270682781108e-05,0.0118037642342203,0.00532242421415955,6.28314415489159e-05,0.0118050420298633,0.0119363395225464,10584,lowH,NA,NA,NA,FALSE,FALSE
snp_5318,0.0447350849179853,-3.77292419020798e-05,-8.45009938470352e-07,0.022396684795932,0.00791915368405363,0.000177382347459018,0.022399154573323,0.0228915662650602,10588,lowH,NA,NA,NA,FALSE,FALSE
snp_5320,0.00252206407509448,0.0134871267005273,1.70702151970724e-05,0.00126566729712749,0.0209963781808024,2.65776768258216e-05,0.00126582197162567,0.00126262626262626,10592,lowH,NA,NA,NA,FALSE,FALSE
snp_5322,0.157333760615286,0.000200704320144655,1.58094319220424e-05,0.0787697639525049,0.00794565958169529,0.000625956733591689,0.0787797069778484,0.0860759493670886,10596,goodH,0.849781367212677,0.967967125337463,0.483983562668732,FALSE,FALSE
snp_5324,0.221598082918911,-0.00250600177720826,-0.000277911822806502,0.11089849390135,0.00577025104019389,0.000640011534449023,0.110915717529599,0.126903553299492,10600,goodH,0.852801777383794,0.697419780467766,0.651290109766117,FALSE,FALSE
snp_5326,0.0566717771650904,-0.000582338001099909,-1.65234539642915e-05,0.0283743357518869,0.00835086847208052,0.000236990069665938,0.0283790926007598,0.0291878172588832,10604,lowH,NA,NA,NA,FALSE,FALSE
snp_5328,0.163966476848154,0.0073279776618163,0.000602326452410333,0.0821954542177249,0.0149443766311628,0.00122853542147876,0.0822072042079663,0.0901015228426396,10608,goodH,0.706888224458564,0.301580344201675,0.150790172100837,FALSE,FALSE
snp_5330,0.0541451690434227,0.00170508026291808,4.6231656102489e-05,0.0271140644273062,0.00916428886400337,0.000248505139171365,0.0271166855234643,0.0278481012658228,10612,lowH,NA,NA,NA,FALSE,FALSE
snp_5332,0.306665335360355,-0.00427123893900166,-0.000655248335235583,0.153409430985553,0.00337214867678649,0.000517369885933566,0.153424399551267,0.189086294416244,10616,goodH,0.852938297158161,0.306710464036342,0.846644767981829,FALSE,FALSE
snp_5334,0.02955,0.0070931036115778,0.000105061318100524,0.0148117557353929,0.0144937724861584,0.000214700520566521,0.0148132945215996,0.985,10620,lowH,NA,NA,NA,FALSE,FALSE
snp_5336,0.4503875,0.0093607238053891,0.0021141093135289,0.225848914836241,0.0168518950039589,0.00380638244983767,0.225872665889709,0.3425,10624,goodH,0.641374665371963,0.211991205186101,0.105995602593051,FALSE,FALSE
snp_5338,0.0838719606032625,0.00643317192858584,0.000270451766381987,0.0420401894095559,0.0145371787632146,0.000611214509247564,0.0420449193893248,0.043859649122807,10628,lowH,NA,NA,NA,FALSE,FALSE
snp_5340,0.0508743595455559,0.00645238701681458,0.000164516614821644,0.0254970159714416,0.0137355118670555,0.000350249686942519,0.0254995729560388,0.0261194029850746,10632,lowH,NA,NA,NA,FALSE,FALSE
snp_5342,0.254827979643704,-0.000219857774792447,-2.80489320934723e-05,0.127577622032932,0.00782612631030239,0.000998553990291299,0.127592368267401,0.14987714987715,10636,goodH,0.849781367212677,0.984974833748029,0.492487416874014,FALSE,FALSE
snp_5344,0.257064597539372,0.00200403297271027,0.000257996494716995,0.128738647632169,0.00958071893070869,0.00123354402019438,0.12875276157414,0.151477832512315,10640,goodH,0.843330227695123,0.754777827433312,0.377388913716656,FALSE,FALSE
snp_5346,0.0534874999999999,-0.00231032957061027,-6.18369661980242e-05,0.0267654307786443,0.00511980588763993,0.000137047765218677,0.0267681564938884,0.0275,10644,lowH,NA,NA,NA,FALSE,FALSE
snp_5348,0.0536177536573264,-0.00225535809827868,-6.05134159375793e-05,0.0268309569038123,0.0051910407750101,0.000139294660046626,0.026833667097588,0.0275689223057644,10648,lowH,NA,NA,NA,FALSE,FALSE
snp_5350,0.296003399029632,-0.00300167460087016,-0.00044464771739927,0.148133217794617,0.00587851709558445,0.000870982580840909,0.148163655336672,0.180628272251309,10652,goodH,0.852801777383794,0.715084329614972,0.642457835192514,FALSE,FALSE
snp_5352,0.0743185676705991,0.00711149282522035,0.000264950312716463,0.0372566378435815,0.0153144374894505,0.000570626454317845,0.0372606865065026,0.0386533665835411,10656,lowH,NA,NA,NA,FALSE,FALSE
snp_5354,0.452957382105833,-0.00478774177200313,-0.00108477684601915,0.226573799857483,0.00293771127523521,0.000665676516334108,0.226596984511628,0.346633416458853,10660,goodH,0.856274538687053,0.24206101615511,0.878969491922445,FALSE,FALSE
snp_5356,0.0102038132807363,0.0352833495760866,0.000181492669972531,0.00514386168413949,0.0464505993593971,0.000238975525746157,0.00514472426711134,0.00512820512820513,10664,lowH,NA,NA,NA,FALSE,FALSE
snp_5358,0.0406038072575847,0.00122003029535166,2.48039284309256e-05,0.0203305840235518,0.00848031181382585,0.000172428024256516,0.0203327457812811,0.0207317073170732,10668,lowH,NA,NA,NA,FALSE,FALSE
snp_5360,0.0687087647055014,0.0165931315936411,0.000572412293800856,0.0344969417358335,0.0238151585718006,0.000821626754339512,0.0345001588741213,0.0356234096692112,10672,lowH,NA,NA,NA,FALSE,FALSE
snp_5362,0.139712833657976,0.001773024026598,0.000124056227882182,0.0699687235035476,0.00961622481681891,0.000672904125908689,0.069975914532673,0.0755667506297229,10676,goodH,0.843330227695123,0.750561873703006,0.375280936851503,FALSE,FALSE
snp_5364,0.0270551800050993,0.00244176403370112,3.30939062484642e-05,0.0135532777908527,0.0113160905351571,0.000153392253175619,0.0135552338238243,0.013715710723192,10680,lowH,NA,NA,NA,FALSE,FALSE
snp_5366,0.125017702220936,-0.00726189893877722,-0.000454048565254385,0.0625247705982037,0.00227693992472601,0.000142387350663889,0.0625345223726197,0.0669975186104218,10684,goodH,0.856951771465273,0.153017621455114,0.923491189272443,FALSE,FALSE
snp_5368,0.00741646091041748,-0.00231254611056001,-8.58967646447572e-06,0.00371438062369949,0.0103282634216941,3.83710316873059e-05,0.00371514843499336,0.00372208436724566,10688,lowH,NA,NA,NA,FALSE,FALSE
snp_5370,0.275566625002309,0.00227185293844056,0.000313610060074713,0.138041531988413,0.0111819090318006,0.00154379276157704,0.138061645572916,0.834987593052109,10692,goodH,0.829031681237662,0.582067506721601,0.2910337533608,FALSE,FALSE
snp_5372,0.484480539871559,-0.00514238281516292,-0.00124647391464567,0.242392283781421,0.0043375671250383,0.0010515557767609,0.242429856748698,0.411910669975186,10696,goodH,0.852801777383794,0.460784138963931,0.769607930518034,FALSE,FALSE
snp_5374,0.00505047268066017,-0.00184131135737779,-4.65412352301728e-06,0.00252761354258153,0.00587490621713293,1.48510673043489e-05,0.00252788159597151,0.00253164556962025,10700,lowH,NA,NA,NA,FALSE,FALSE
snp_5376,0.0286335735098406,-0.00274156657891442,-3.9278293018495e-05,0.0143269520866599,0.00456818873161222,6.54553126346737e-05,0.0143285044643007,0.0145278450363196,10704,lowH,NA,NA,NA,FALSE,FALSE
snp_5378,0.216908761053441,0.00640466175170757,0.000696268247044892,0.108712727390991,0.0139099226696849,0.00151234634711838,0.10872428143791,0.123774509803922,10708,goodH,0.770476496373775,0.363340495132054,0.181670247566027,FALSE,FALSE
snp_5380,0.099607845481555,0.0129245286532404,0.000645909687056963,0.0499754926764793,0.0197841018302606,0.000988815662125129,0.0499803160441023,0.0525672371638142,10712,lowH,NA,NA,NA,FALSE,FALSE
snp_5382,0.0366172867008243,0.0195023702110259,0.000358739776678927,0.0183946757649031,0.0266747044605576,0.000490726499273158,0.0183966986400456,0.0186567164179104,10716,lowH,NA,NA,NA,FALSE,FALSE
snp_5384,0.18,-0.000183171389824245,-1.65038289303101e-05,0.0901004733662045,0.00680121316160506,0.000612852728983774,0.0901093252661916,0.9,10720,goodH,0.849781367212677,0.862030662680978,0.568984668659511,FALSE,FALSE
snp_5386,0.0335386226328009,0.00232023428841184,3.89748520639827e-05,0.0167978088500107,0.010130870444711,0.000170192969675345,0.0167994419239857,0.0170603674540682,10724,lowH,NA,NA,NA,FALSE,FALSE
snp_5388,0.475113839116567,0.00309945039630624,0.00073769483629665,0.238008273071831,0.0112726194933054,0.00268328917679758,0.238035993177197,0.611548556430446,10728,goodH,0.823530193327645,0.573325923090642,0.286662961545321,FALSE,FALSE
snp_5390,0.0612594052841269,0.00574736254921948,0.000176426838060826,0.0306970086800571,0.0128419280520353,0.000394249145791352,0.0307001522040819,0.0316301703163017,10732,lowH,NA,NA,NA,FALSE,FALSE
snp_5392,0.100632453499498,0.0103877995533221,0.000524233350266043,0.0504662558778762,0.0171947061651839,0.000867836329145271,0.0504711345927202,0.0531400966183575,10736,goodH,0.637735236730722,0.198759003400033,0.0993795017000167,FALSE,FALSE
snp_5394,0.150247933884297,0.00351961740102072,0.000264884488175892,0.0752594552177954,0.0106678446135933,0.000802929167589731,0.0752662976142919,0.0818181818181818,10740,goodH,0.839234216016959,0.633681455757008,0.316840727878504,FALSE,FALSE
snp_5396,0.268328472698755,-0.00368689720716383,-0.000495007789580207,0.134261348165168,0.00468807348881797,0.000629495644678238,0.134275976300226,0.159653465346535,10744,goodH,0.852801777383794,0.518602641152275,0.740698679423862,FALSE,FALSE
snp_5398,0.115502958579882,0.00900644286249184,0.000521613869490812,0.0579156363344202,0.0165158495486895,0.000956619575470223,0.0579213059945881,0.0615384615384615,10748,goodH,0.643540974224351,0.225746907337675,0.112873453668837,FALSE,FALSE
snp_5400,0.0251848188254893,0.000916225250302941,1.15539049700802e-05,0.0126103324114458,0.00856736878928789,0.000108048261622126,0.0126116038984132,0.0127551020408163,10752,lowH,NA,NA,NA,FALSE,FALSE
snp_5402,0.223349268363707,-0.0030545704452571,-0.000341359151784945,0.111753569905379,0.00454045121036388,0.000507462677186044,0.111764812278508,0.12807881773399,10756,goodH,0.852801777383794,0.494192321293804,0.752903839353098,FALSE,FALSE
snp_5404,0.028909439804879,0.00806751212857396,0.000116921206688822,0.0144928454801703,0.0152985655057498,0.000221743177068758,0.0144943770698906,0.0146699266503667,10760,lowH,NA,NA,NA,FALSE,FALSE
snp_5406,0.0904875000000001,-0.00456926743875507,-0.000206823347605503,0.0452640057465871,0.00316381591366435,0.000143224336009635,0.0452694909937893,0.0475,10764,lowH,NA,NA,NA,FALSE,FALSE
snp_5408,0.0343875,-0.00412650011832761,-7.09852945623521e-05,0.0172023003821265,0.0034235138757548,5.8899281901164e-05,0.0172043356734397,0.0175,10768,lowH,NA,NA,NA,FALSE,FALSE
snp_5410,0.0272562561551475,-0.00148785957925847,-2.02965411985839e-05,0.0136414359806047,0.00609650000322273,8.31752570332698e-05,0.0136431160484379,0.0138190954773869,10772,lowH,NA,NA,NA,FALSE,FALSE
snp_5412,0.068877551020408,0.00767992854007259,0.00026516201665277,0.0345266255107973,0.0148047328336793,0.000511211069371906,0.0345302461797184,0.0357142857142857,10776,lowH,NA,NA,NA,FALSE,FALSE
snp_5414,0.0880125123599977,0.00505817635022187,0.000223056571839044,0.0440982196734324,0.0122287358095591,0.000539325766595356,0.0441031497445363,0.0461346633416459,10780,lowH,NA,NA,NA,FALSE,FALSE
snp_5416,0.0531005055138571,-0.00601662362892591,-0.00015978435474981,0.0265571464336942,0.00212686805334445,5.64904010234546e-05,0.0265603693349123,0.0272952853598015,10784,lowH,NA,NA,NA,FALSE,FALSE
snp_5418,0.0457030017714577,0.00694068653963897,0.000158990494266724,0.0229070270438973,0.0141661532827465,0.000324536575633622,0.0229092943691982,0.0233990147783251,10788,lowH,NA,NA,NA,FALSE,FALSE
snp_5420,0.208290194692053,-0.000756244885995367,-7.88487895434883e-05,0.10426356726989,0.00701698482175188,0.000731714510935046,0.104277624866283,0.118090452261307,10792,goodH,0.849781367212677,0.895243291187229,0.552378354406385,FALSE,FALSE
snp_5422,0.493320875735461,0.0199731957440528,0.00495007345944398,0.24783582571747,0.0268396068853253,0.00665260862907465,0.247865352778769,0.557788944723618,10796,goodH,0.489148479890885,0.0293489087934529,0.0146744543967264,FALSE,FALSE
snp_5424,0.468435140526754,0.0172319983218378,0.00405325648786343,0.235216857160833,0.0241124117863401,0.00567232278247473,0.235244936621734,0.374371859296482,10800,goodH,0.530595716350412,0.0512227511882795,0.0256113755941397,FALSE,FALSE
snp_5426,0.0442034292063334,-0.00745652731774556,-0.000164808349360749,0.0221025609292045,0.0010232547360429,2.26198763076047e-05,0.0221058114962455,0.0226130653266332,10804,lowH,NA,NA,NA,FALSE,FALSE
snp_5428,0.0786850756081525,0.00993821713411398,0.000392163875888526,0.0394601839139117,0.0172763766615127,0.000681801087906596,0.0394643565178498,0.041025641025641,10808,lowH,NA,NA,NA,FALSE,FALSE
snp_5430,0.17406241950418,-0.00381443694734064,-0.000332249615569339,0.0871031872216365,0.00538025187172132,0.000468701557414335,0.0871151701796411,0.903693931398417,10812,goodH,0.852801777383794,0.633297128042804,0.683351435978598,FALSE,FALSE
snp_5432,0.0302958579881656,-0.00525877792328458,-7.96856185084671e-05,0.0151528776592065,0.00252594048393166,3.82802227933743e-05,0.0151548395684251,0.0153846153846154,10816,lowH,NA,NA,NA,FALSE,FALSE
snp_5434,0.0755332057543359,-0.0026269001287574,-9.92802754002521e-05,0.0377937000015355,0.00458778988554142,0.000173407162060727,0.0377975378966734,0.0393120393120393,10820,lowH,NA,NA,NA,FALSE,FALSE
snp_5436,0.0309202050382391,0.000292240648471331,4.52413658982743e-06,0.0154808600839498,0.00812582104941911,0.000125807303818416,0.0154824113222884,0.0157068062827225,10824,lowH,NA,NA,NA,FALSE,FALSE
snp_5438,0.0105260211080318,0.00122908519406731,6.4786138775266e-06,0.00527108609622694,0.00921417501732139,4.85735178831765e-05,0.00527160790758423,0.00529100529100529,10828,lowH,NA,NA,NA,FALSE,FALSE
snp_5440,0.021762782384132,-0.00523683107374489,-5.70161604672107e-05,0.010887530963728,0.00386986842966342,4.21386051605938e-05,0.0108888986606345,0.0110024449877751,10832,lowH,NA,NA,NA,FALSE,FALSE
snp_5442,0.0368873311097293,-0.00164223941171309,-3.03174958064611e-05,0.0184610694337409,0.00586260828725521,0.000108240706210365,0.0184628924374277,0.018796992481203,10836,lowH,NA,NA,NA,FALSE,FALSE
snp_5444,0.0210502489814395,-0.000410207876180026,-4.32286933102048e-06,0.0105382406873224,0.00762186914202995,8.0331011520245e-05,0.0105395422072085,0.0106382978723404,10840,lowH,NA,NA,NA,FALSE,FALSE
snp_5446,0.0732187019929595,0.00984089287028508,0.000361349760600355,0.0367192047879581,0.0173748505403071,0.000638056888956263,0.0367230145362151,0.0380577427821522,10844,lowH,NA,NA,NA,FALSE,FALSE
snp_5448,0.117981579302218,0.00240082918795097,0.000141861337218641,0.0590884757360499,0.00985409364937491,0.000582324592439188,0.0590946882746672,0.062953995157385,10848,goodH,0.843330227695123,0.722774503958581,0.36138725197929,FALSE,FALSE
snp_5450,0.0474126935328785,-0.00231454331728891,-5.49156532366981e-05,0.0237263449884457,0.00530874762177788,0.000125969786398777,0.023728720100013,0.0242966751918159,10852,lowH,NA,NA,NA,FALSE,FALSE
snp_5452,0.0375331892961266,0.000132903176391396,2.49732555732615e-06,0.0187905633645023,0.00774496502887944,0.000145546976028488,0.0187924639408664,0.0191326530612245,10856,lowH,NA,NA,NA,FALSE,FALSE
snp_5454,0.177540047487915,0.00911939237534288,0.000811902100071746,0.0890302847662281,0.0170433031166761,0.00151752803949921,0.0890395499692998,0.0984654731457801,10860,goodH,0.637735236730722,0.204505934492037,0.102252967246019,FALSE,FALSE
snp_5456,0.0596449704142012,-0.00244398189480444,-7.29611607432469e-05,0.0298533965813543,0.00648655586608098,0.000193668184418301,0.0298568590815684,0.0307692307692308,10864,lowH,NA,NA,NA,FALSE,FALSE
snp_5458,0.352132931236051,-0.00622987816592976,-0.001097151697938,0.17611126072066,0.00202259184654623,0.000356238253722421,0.176129580632262,0.228092783505155,10868,goodH,0.862635827559654,0.122637494158147,0.938681252920926,FALSE,FALSE
snp_5460,0.0356116942736717,0.00862577516494109,0.000154019434742763,0.0178557209987068,0.0162495403819391,0.000290178894971304,0.0178576678571062,0.0181347150259067,10872,lowH,NA,NA,NA,FALSE,FALSE
snp_5462,0.32318962673202,0.000213641072525041,3.45704247373263e-05,0.161815442736435,0.00827824634354275,0.00133970004214467,0.161833797467222,0.202669902912621,10876,goodH,0.849781367212677,0.921632866018169,0.460816433009084,FALSE,FALSE
snp_5464,0.040285221482808,-0.000992952924428026,-2.00256839336328e-05,0.020167808000735,0.00768522238523146,0.000155012809597969,0.0201702438560339,0.0205655526992288,10880,lowH,NA,NA,NA,FALSE,FALSE
snp_5466,0.122202744930204,0.0082061063351547,0.000502745269428619,0.0612647763623137,0.0155370921257618,0.000951972661011046,0.0612709671350019,0.934624697336562,10884,goodH,0.686770499642736,0.270611334380463,0.135305667190232,FALSE,FALSE
snp_5468,0.0357450042416816,-0.00233029864554817,-4.16877144016277e-05,0.017889429958374,0.00596377787704996,0.000106701320055313,0.0178915650876143,0.0182038834951456,10888,lowH,NA,NA,NA,FALSE,FALSE
snp_5470,0.410792559356163,-0.00303386296751031,-0.000623548005983717,0.205529390305793,0.0042089022931788,0.000865143549259806,0.205550875025517,0.711195928753181,10892,goodH,0.852801777383794,0.439715503844297,0.780142248077852,FALSE,FALSE
snp_5472,0.068540802391198,0.00231343533983388,7.94119708357926e-05,0.0343264276586589,0.00973162860937358,0.000334088089072184,0.0343301314181254,0.0355329949238579,10896,lowH,NA,NA,NA,FALSE,FALSE
snp_5474,0.0422163673374731,0.021168901950273,0.000449141384833115,0.0212170374206548,0.0293592935566697,0.000622991459279458,0.0212195657254815,0.0215736040609137,10900,lowH,NA,NA,NA,FALSE,FALSE
snp_5476,0.0219217889296028,-0.0010481670871678,-1.15007477130208e-05,0.0109722465566978,0.00638525491682481,7.00679142572222e-05,0.010973393414975,0.0110837438423645,10904,lowH,NA,NA,NA,FALSE,FALSE
snp_5478,0.029049375486722,0.00838760415681914,0.000122155941274496,0.0145638657941652,0.0156463146416955,0.0002278943271551,0.0145653677798215,0.0147420147420147,10908,lowH,NA,NA,NA,FALSE,FALSE
snp_5480,0.0961103490321598,-0.00030893656809851,-1.48625856862621e-05,0.0481088586493358,0.0068152616366292,0.000327906956409502,0.0481136270172136,0.0506172839506173,10912,lowH,NA,NA,NA,FALSE,FALSE
snp_5482,0.177540047487915,0.00791990394527643,0.000705022813566657,0.0890191116506085,0.0163228408664513,0.00145322643471956,0.0890302396874069,0.0984654731457801,10916,goodH,0.644386593141014,0.234014078561736,0.117007039280868,FALSE,FALSE
snp_5484,0.0782513850415512,-0.0007812353587628,-3.06033923458797e-05,0.0391730763368732,0.00748337380061919,0.000293191945832765,0.0391791127430392,0.0407894736842105,10920,lowH,NA,NA,NA,FALSE,FALSE
snp_5486,0.106492101873093,0.01208138862785,0.000645458197433658,0.0534258285463768,0.019425789071494,0.0010379483887843,0.0534314660251002,0.0564304461942257,10924,goodH,0.567960535499537,0.129732512489636,0.0648662562448179,FALSE,FALSE
snp_5488,0.0326133642232402,0.00355837626567887,5.8134750088181e-05,0.0163374375691802,0.0111491262550255,0.000182167779694793,0.0163391978463496,0.0165816326530612,10928,lowH,NA,NA,NA,FALSE,FALSE
snp_5490,0.10594543940025,-0.00202426942822234,-0.000107341510413287,0.0530272842719118,0.00643690414956473,0.000341372537349294,0.0530336524231727,0.0561224489795918,10932,goodH,0.849781367212677,0.804886719296318,0.597556640351841,FALSE,FALSE
snp_5492,0.0968346522282382,0.0168119917834032,0.000817402440863614,0.0486202022576857,0.0239296380200837,0.00116358270042636,0.0486251693172201,0.0510204081632653,10936,lowH,NA,NA,NA,FALSE,FALSE
snp_5494,0.0520074587727988,-0.00424494905255039,-0.000110452511937392,0.0260197497237408,0.00411329920481287,0.000107039704398319,0.026022834486019,0.0267175572519084,10940,lowH,NA,NA,NA,FALSE,FALSE
snp_5496,0.0804440300681779,0.00117414838350869,4.72977940951292e-05,0.0402826378330396,0.00905611886573603,0.000364843624552205,0.0402869739191031,0.0419847328244275,10944,lowH,NA,NA,NA,FALSE,FALSE
snp_5498,0.0760228625531707,0.00698127116439662,0.000266034544008787,0.0381068916740437,0.0145989985048873,0.000556389200943466,0.0381114636567162,0.0395778364116095,10948,lowH,NA,NA,NA,FALSE,FALSE
snp_5500,0.0191369693575114,-0.00197293598961103,-1.88940615746431e-05,0.00957662168166343,0.00534044107035824,5.11486739448713e-05,0.00957761227415625,0.990338164251208,10952,lowH,NA,NA,NA,FALSE,FALSE
snp_5502,0.00241254171625949,0.0115833110970797,1.40181596393973e-05,0.00121020315537682,0.0187764726224866,2.27256586890136e-05,0.0012103263028114,0.00120772946859903,10956,lowH,NA,NA,NA,FALSE,FALSE
snp_5504,0.0724119851069847,0.0135947302987646,0.000493970920482959,0.0363354704085486,0.020516369454135,0.000745544814366444,0.0363390226537464,0.037621359223301,10960,lowH,NA,NA,NA,FALSE,FALSE
snp_5506,0.098984927295162,0.0043001484115008,0.000213250567460615,0.0495914436093123,0.0117620410301696,0.000583362364353699,0.0495970353153316,0.0522193211488251,10964,lowH,NA,NA,NA,FALSE,FALSE
snp_5508,0.0406038072575847,-0.00306345260734116,-6.22346428575996e-05,0.0203151968822571,0.00425420567788097,8.64342063020181e-05,0.0203173548358083,0.0207317073170732,10968,lowH,NA,NA,NA,FALSE,FALSE
snp_5510,0.0703287335500026,0.00590826048495027,0.000208221639156073,0.0352424609047727,0.0129638826448636,0.00045692648191629,0.0352461137171222,0.0364963503649635,10972,lowH,NA,NA,NA,FALSE,FALSE
snp_5512,0.0449761579267534,0.00534482480523443,0.000120459051853147,0.022537511750652,0.0128799759788704,0.000290314392563237,0.0225399793477486,0.0230179028132992,10976,lowH,NA,NA,NA,FALSE,FALSE
snp_5514,0.0196059209881385,-0.00178410519614143,-1.75054680163447e-05,0.00981190349885459,0.0057110346898811,5.60423387976797e-05,0.00981299218808397,0.0099009900990099,10980,lowH,NA,NA,NA,FALSE,FALSE
snp_5516,0.0442034292063334,-0.00189609416892643,-4.19443175912542e-05,0.0221214316665523,0.005624778983643,0.000124443445088538,0.0221241484243955,0.0226130653266332,10984,lowH,NA,NA,NA,FALSE,FALSE
snp_5518,0.0149991434499299,-0.00282026223262201,-2.11666306123112e-05,0.00750519946956579,0.0048507166814045,3.64101145961269e-05,0.00750613094673355,0.00755667506297229,10988,lowH,NA,NA,NA,FALSE,FALSE
snp_5520,0.0439874999999998,0.00258692284031095,5.69919526756784e-05,0.0220307895494973,0.0100014434724209,0.000220364859391426,0.0220333054922608,0.0225,10992,lowH,NA,NA,NA,FALSE,FALSE
snp_5522,0.109569527497304,-0.00473152842396007,-0.000259344995968437,0.0548120972189737,0.00342708107786074,0.000187866475155238,0.0548182172779257,0.941831683168317,10996,goodH,0.852938297158161,0.315148072170312,0.842425963914844,FALSE,FALSE
snp_5524,0.20472469606154,-0.000784619171023328,-8.04071633138785e-05,0.102479223403385,0.00701716181333228,0.000719197085018857,0.102491164398178,0.11576354679803,11000,goodH,0.849781367212677,0.895270329044443,0.552364835477778,FALSE,FALSE
snp_5526,0.0609723924042469,0.015864756778586,0.000485579014945966,0.0306074036761403,0.0227829235304742,0.000697391146258036,0.0306102570780793,0.0314769975786925,11004,lowH,NA,NA,NA,FALSE,FALSE
snp_5528,0.0237746289570764,-0.000100677330604152,-1.1983465318019e-06,0.0119028437147745,0.00795003534699373,9.46389789908175e-05,0.0119042211587908,0.0120320855614973,11008,lowH,NA,NA,NA,FALSE,FALSE
snp_5530,0.021161600274529,0.012170629519294,0.000129223112572075,0.0106176194392589,0.020048359658942,0.000212889789081251,0.0106188133444772,0.0106951871657754,11012,lowH,NA,NA,NA,FALSE,FALSE
snp_5532,0.0238060676440703,-0.000671892957409506,-8.0081127546204e-06,0.011918732986123,0.00807000139020044,9.61958565817113e-05,0.0119201784399348,0.0120481927710843,11016,lowH,NA,NA,NA,FALSE,FALSE
snp_5534,0.0606880534184933,0.00629761675855014,0.000191530958974242,0.0304132446157834,0.013314755238973,0.000404984331671755,0.030416205510586,0.0313253012048193,11020,lowH,NA,NA,NA,FALSE,FALSE
snp_5536,0.102203858488422,0.00563173859268028,0.000288423381488781,0.051213914982427,0.0127839323727279,0.000654789782975033,0.0512197470922095,0.0540201005025126,11024,goodH,0.80407526067032,0.44304180121184,0.22152090060592,FALSE,FALSE
snp_5538,0.456104252400549,-0.00454885717960286,-0.00103797149036066,0.228182914824176,0.0038773415309836,0.00088484803307729,0.22820997995831,0.351851851851852,11028,goodH,0.852938297158161,0.38602744908767,0.806986275456165,FALSE,FALSE
snp_5540,0.0466055484806056,-0.00516397659679001,-0.000120381634858551,0.0233118087586574,0.00279466771433179,6.51559688863119e-05,0.023314388523607,0.0238726790450928,11032,lowH,NA,NA,NA,FALSE,FALSE
snp_5542,0.0563627376584679,0.00621222752248667,0.000175486461017606,0.0282485566380803,0.0139245054527729,0.000393391967364662,0.0282517730126151,0.029023746701847,11036,lowH,NA,NA,NA,FALSE,FALSE
snp_5544,0.0463655919967141,-0.00502208930662143,-0.000116472914626578,0.0231921233405812,0.00290030706936392,6.72721453528908e-05,0.0231948354929344,0.0237467018469657,11040,lowH,NA,NA,NA,FALSE,FALSE
snp_5546,0.241104672321603,-0.00353213857375616,-0.000426125485662154,0.120642346488972,0.00486372899949723,0.000586845000041424,0.120657421517952,0.14021164021164,11044,goodH,0.852801777383794,0.547713356694963,0.726143321652519,FALSE,FALSE
snp_5548,0.0264058346801168,0.000732965286214999,9.69017694967583e-06,0.0132205128017938,0.0080374734288777,0.000106270778236058,0.0132219134752271,0.01338199513382,11048,lowH,NA,NA,NA,FALSE,FALSE
snp_5550,0.0952255325029365,0.0157265925699677,0.000751770407769877,0.0478024978662889,0.0227457230023419,0.00108741605769294,0.0478074958347546,0.050125313283208,11052,lowH,NA,NA,NA,FALSE,FALSE
snp_5552,0.0725360470695184,-0.00109425247475707,-3.97266716028751e-05,0.0363048496752951,0.00628868972826127,0.000228336591816003,0.036309088487839,0.0376884422110553,11056,lowH,NA,NA,NA,FALSE,FALSE
snp_5554,0.129006960101951,0.00188981003144308,0.000122097598894422,0.0646083981262321,0.00971786847394432,0.000627930051867819,0.0646160270178006,0.0693069306930693,11060,goodH,0.843330227695123,0.738590786764988,0.369295393382494,FALSE,FALSE
snp_5556,0.0434567901234568,0.00423335461846558,9.21646568038696e-05,0.0217710693079796,0.0115392932582663,0.000251251917193941,0.0217735966640724,0.0222222222222222,11064,lowH,NA,NA,NA,FALSE,FALSE
snp_5558,0.0330275290614213,0.00349084421006463,5.7755923642777e-05,0.0165449731260587,0.0111785360024853,0.00018496867100693,0.0165467706116263,0.0167958656330749,11068,lowH,NA,NA,NA,FALSE,FALSE
snp_5562,0.00492607834171621,0.0272955668476139,6.7724827988995e-05,0.00248116583792123,0.0419247080551635,0.000104045899105205,0.00248173222740882,0.00246913580246914,11075,lowH,NA,NA,NA,FALSE,FALSE
snp_5564,0.0762519318510675,0.00626009996011188,0.000239223830306449,0.0382140591732936,0.0134366389632045,0.00051352861508058,0.0382185319176061,0.0397022332506203,11079,lowH,NA,NA,NA,FALSE,FALSE
snp_5566,0.258634065846105,-0.00321993846574195,-0.000416651223507104,0.129397262693061,0.00403326569312915,0.000521944358874229,0.129409862524898,0.152605459057072,11083,goodH,0.852938297158161,0.41115136945655,0.794424315271725,FALSE,FALSE
snp_5568,0.097246875,0.0139112113809628,0.000679000769319196,0.0488096076412436,0.0220840440374631,0.00107802821459837,0.0488148009834439,0.05125,11087,lowH,NA,NA,NA,FALSE,FALSE
snp_5570,0.0345572081513092,-0.00324897512432438,-5.61749876069993e-05,0.0172900639301388,0.00431494791445167,7.4613751356115e-05,0.0172919239896773,0.0175879396984925,11091,lowH,NA,NA,NA,FALSE,FALSE
snp_5572,0.0410076478166717,0.00953936096173803,0.000196204964192195,0.0205679358375435,0.0182071046557156,0.000374523605340406,0.0205701901769887,0.0209424083769634,11095,lowH,NA,NA,NA,FALSE,FALSE
snp_5574,0.029405212742259,-0.00249806010799699,-3.6764653963638e-05,0.0147172815601771,0.00627993231225919,9.24348948556685e-05,0.0147190909486754,0.0149253731343284,11099,lowH,NA,NA,NA,FALSE,FALSE
snp_5576,0.0431444636678202,0.00465275031642314,0.000100573569657786,0.0216159395664936,0.0118928723092074,0.000257103253790269,0.02161826404133,0.0220588235294118,11103,lowH,NA,NA,NA,FALSE,FALSE
snp_5578,0.203418200512909,0.0031617221905931,0.000322137143365494,0.101886606079412,0.0103225927875199,0.00105184670665995,0.101897529846537,0.114914425427873,11107,goodH,0.843330227695123,0.670360991076548,0.335180495538274,FALSE,FALSE
snp_5580,0.097642733564014,-0.00159295634492891,-7.78530918769107e-05,0.0488733367519779,0.00662054508103408,0.000323607752321959,0.0488793216209644,0.0514705882352941,11111,lowH,NA,NA,NA,FALSE,FALSE
snp_5582,0.425016820453672,-0.00398358030085931,-0.000847055209432661,0.212636659853434,0.00403483042484732,0.000858055427281387,0.21266207917867,0.306372549019608,11115,goodH,0.852938297158161,0.411404693033052,0.794297653483474,FALSE,FALSE
snp_5584,0.0286771087035638,-0.00426267795291129,-6.1154461786557e-05,0.014346488865008,0.00374494594571345,5.37330909478275e-05,0.0143481619566049,0.0145502645502645,11119,lowH,NA,NA,NA,FALSE,FALSE
snp_5586,0.137174211248285,-0.0052183161933975,-0.000358034226029863,0.0686110639448923,0.00258850985758867,0.000177620607465765,0.0686188646124096,0.925925925925926,11123,goodH,0.856951771465273,0.193368976401611,0.903315511799194,FALSE,FALSE
snp_5588,0.113597573742616,0.00628349753309261,0.000357712212591962,0.0569288379136044,0.0133729638335844,0.000761381060078643,0.0569343542354116,0.0604534005037783,11127,goodH,0.792578900211824,0.399626624422593,0.199813312211297,FALSE,FALSE
snp_5590,0.0767051493251143,-0.00549742369505861,-0.00021091151728344,0.0383655197384584,0.00266672516830588,0.000102325353910625,0.0383711659254448,0.960051546391753,11131,lowH,NA,NA,NA,FALSE,FALSE
snp_5592,0.00514135402274407,-0.00169270083442387,-4.35567057628343e-06,0.00257320755546619,0.00619438000401855,1.59416917404449e-05,0.00257357342140826,0.00257731958762887,11135,lowH,NA,NA,NA,FALSE,FALSE
snp_5594,0.0627359282591526,-0.00284399272524003,-8.92908477619564e-05,0.031396299635197,0.00575057677217327,0.000180569701814133,0.0314002766970958,0.0324189526184539,11139,lowH,NA,NA,NA,FALSE,FALSE
snp_5596,0.0246267125204445,0.000818986174927744,1.00983779685513e-05,0.0123303399711751,0.00831354882459642,0.000102520206959652,0.0123317020351569,0.0124688279301746,11143,lowH,NA,NA,NA,FALSE,FALSE
snp_5598,0.00772189171323845,0.0188305486222158,7.30393526355562e-05,0.00387876923295725,0.0263958797007056,0.000102394014979182,0.00387916660252262,0.00387596899224806,11147,lowH,NA,NA,NA,FALSE,FALSE
snp_5600,0.153134726838971,-0.002578872822679,-0.000197599341201826,0.0766223675181293,0.00456911731851011,0.000350129349367873,0.0766295380399737,0.083547557840617,11151,goodH,0.852801777383794,0.498927010940549,0.750536494529725,FALSE,FALSE
snp_5602,0.211435610840695,0.00297703428603278,0.000315303008122253,0.105911782609137,0.0108875394359263,0.00115324981115251,0.10592382401363,0.12015503875969,11155,goodH,0.834442802798143,0.611188406998465,0.305594203499232,FALSE,FALSE
snp_5604,0.257219887494695,-0.00406502142143824,-0.000523125224206199,0.12868941389763,0.00408322142172763,0.000525524283632198,0.128703351925952,0.15158924205379,11159,goodH,0.852938297158161,0.419249793817861,0.79037510309107,FALSE,FALSE
snp_5606,0.0938303255186372,-0.00290899148097694,-0.000136603609838475,0.0469590958694039,0.00595272532568079,0.000279570596966494,0.0469651431354294,0.950649350649351,11163,lowH,NA,NA,NA,FALSE,FALSE
snp_5608,0.219741188656533,-0.00254705715289746,-0.000280164416952151,0.109995339772193,0.00709766207393523,0.000780808664571219,0.110009275792178,0.125661375661376,11167,goodH,0.849781367212677,0.907531926586945,0.546234036706528,FALSE,FALSE
snp_5610,0.430060015901048,0.0160484548498861,0.00346631896544345,0.215990822659669,0.0257722052413999,0.00556726238451906,0.216018083527285,0.312997347480106,11171,goodH,0.526636164901687,0.036541410114143,0.0182707050570715,FALSE,FALSE
snp_5612,0.338617904983446,-0.00353954186629245,-0.000599811222650863,0.169460129392154,0.00576226555061914,0.00097661234637409,0.169484092288866,0.215938303341902,11175,goodH,0.852801777383794,0.696114179834601,0.651942910082699,FALSE,FALSE
snp_5614,0.0445313251081558,-0.00436093288878099,-9.71585947134114e-05,0.0222793143557341,0.00411264218382526,9.16380440980523e-05,0.0222820367058575,0.0227848101265823,11179,lowH,NA,NA,NA,FALSE,FALSE
snp_5616,0.0339704313366864,-0.00270309681009718,-4.59464684326606e-05,0.0169977147178124,0.00473330788812838,8.04646076078944e-05,0.016999656373444,0.0172839506172839,11183,lowH,NA,NA,NA,FALSE,FALSE
snp_5618,0.0419043328743918,-0.000911996448699004,-1.91288359011652e-05,0.0209746824436139,0.00660045627461182,0.000138456276444993,0.0209767735266355,0.0214105793450882,11187,lowH,NA,NA,NA,FALSE,FALSE
snp_5620,0.0541451690434227,0.00889112468755489,0.000241379677523755,0.0271483851600484,0.0162525713018245,0.000441274713368792,0.0271510707551399,0.0278481012658228,11191,lowH,NA,NA,NA,FALSE,FALSE
snp_5622,0.0371613865932048,0.0146391565900421,0.000273048282453796,0.0186519135015968,0.0219777633262159,0.000409969849228896,0.018653847670653,0.0189393939393939,11195,lowH,NA,NA,NA,FALSE,FALSE
snp_5624,0.148899214869412,0.0090288665442136,0.00067416344401615,0.0746675610626016,0.0169826210503196,0.00126819449883948,0.0746760170342264,0.0810126582278481,11199,goodH,0.637735236730722,0.206852129684816,0.103426064842408,FALSE,FALSE
snp_5626,0.0220290902852662,0.0114106180621889,0.000126089788227393,0.0110502154695032,0.0187029189321578,0.000206691381939593,0.0110512900520682,0.0111386138613861,11203,lowH,NA,NA,NA,FALSE,FALSE
snp_5628,0.0551775643956713,0.00525471003177479,0.00014527933737292,0.0276474508573124,0.0124785243858684,0.000345032424118355,0.0276500981565653,0.0283950617283951,11207,lowH,NA,NA,NA,FALSE,FALSE
snp_5630,0.181223318408996,-0.00322644672498409,-0.000292549106328437,0.0906722259081713,0.004393366959608,0.000398405701314685,0.0906834564418524,0.899234693877551,11211,goodH,0.852801777383794,0.469952362440833,0.765023818779583,FALSE,FALSE
snp_5632,0.0502659237302971,0.00780430620166319,0.000196649722799437,0.025197591908622,0.0149759309483493,0.000377392433825526,0.0251999314852024,0.0257985257985258,11215,lowH,NA,NA,NA,FALSE,FALSE
snp_5634,0.0945521150466573,-0.00298754803056722,-0.000141359044835357,0.0473160743824154,0.00544647070574675,0.000257740283493327,0.0473224400567099,0.0497512437810945,11219,lowH,NA,NA,NA,FALSE,FALSE
snp_5636,0.126871752769336,0.0108209052483583,0.00068854513464128,0.0636310104226948,0.0176714928083601,0.00112457341888038,0.0636377147689729,0.0680693069306931,11223,goodH,0.626060769009019,0.181624292305262,0.0908121461526311,FALSE,FALSE
snp_5638,0.0475907198096372,0.000105169738013171,2.50558115151466e-06,0.023824164620443,0.00734917758826941,0.000175106066563547,0.0238266206606637,0.024390243902439,11227,lowH,NA,NA,NA,FALSE,FALSE
snp_5640,0.067840576171875,0.00969818649921018,0.000329941027271558,0.0340208994020097,0.0171965701001968,0.000585101200801772,0.0340242965540596,0.03515625,11231,lowH,NA,NA,NA,FALSE,FALSE
snp_5642,0.0401840894148586,0.00133565150626747,2.68761187023133e-05,0.0201221041388406,0.00897719968207317,0.000180661865594403,0.0201245234585984,0.0205128205128205,11235,lowH,NA,NA,NA,FALSE,FALSE
snp_5644,0.145429362880886,-0.00244861836469093,-0.000178238462904245,0.072791442502614,0.00667951959165734,0.000486285246235929,0.0728024283128526,0.0789473684210526,11239,goodH,0.849781367212677,0.843085637653469,0.578457181173265,FALSE,FALSE
snp_5646,0.00977971493942009,0.0291406530242945,0.000143489659767109,0.00492403720834541,0.0399080643108493,0.000196536012205405,0.00492471924156881,0.00491400491400491,11243,lowH,NA,NA,NA,FALSE,FALSE
snp_5648,0.0449761579267534,-0.00324226953143191,-7.29619761726497e-05,0.022503365455995,0.00441229242121001,9.93021607828737e-05,0.0225057977357814,0.0230179028132992,11247,lowH,NA,NA,NA,FALSE,FALSE
snp_5650,0.384406826224318,0.00155690092815954,0.000299726237887866,0.1925146503973,0.00970418570617413,0.00186841285698351,0.192536799434368,0.259590792838875,11251,goodH,0.843330227695123,0.740193814737618,0.370096907368809,FALSE,FALSE
snp_5652,0.149132425097996,0.00126487517440905,9.44638280868107e-05,0.0746823322949193,0.00935182119159698,0.000698491875797413,0.0746904652566538,0.081151832460733,11255,goodH,0.847246047458463,0.782382953829081,0.39119147691454,FALSE,FALSE
snp_5654,0.0215543269879053,-0.00597232264569318,-6.43741337484769e-05,0.0107787434751033,0.00140299338352168,1.51240742282814e-05,0.0107798614062728,0.0108958837772397,11259,lowH,NA,NA,NA,FALSE,FALSE
snp_5656,0.109569527497304,-0.00167371230682716,-9.17887121426146e-05,0.0548413916586521,0.00646369868977384,0.000354525260988162,0.0548486676133361,0.0581683168316832,11263,goodH,0.849781367212677,0.809132249049873,0.595433875475064,FALSE,FALSE
snp_5658,0.0736137783874411,0.0132259528524902,0.000488531388298356,0.036937330243573,0.0202762775886921,0.000749032924030706,0.0369413429439551,0.0382716049382716,11267,lowH,NA,NA,NA,FALSE,FALSE
snp_5660,0.0406038072575847,-0.00531101631313201,-0.000107851362348822,0.0203071043261811,0.00203967683044599,4.14244496673982e-05,0.0203093201084901,0.0207317073170732,11271,lowH,NA,NA,NA,FALSE,FALSE
snp_5662,0.211797233910256,-0.00541525516335936,-0.000573594261648323,0.105921926916643,0.00181700489331808,0.000192480815150182,0.105933019695224,0.12039312039312,11275,goodH,0.864453405348127,0.0999953121426446,0.950002343928678,FALSE,FALSE
snp_5664,0.0242681815163388,0.000352757376664343,4.28586303876675e-06,0.0121496057128377,0.00774260348082515,9.40796465346054e-05,0.0121509059281671,0.0122850122850123,11279,lowH,NA,NA,NA,FALSE,FALSE
snp_5666,0.0338882282996433,0.00723578261268886,0.000122909701761333,0.0169863729108992,0.0145100896313395,0.000246499555624616,0.0169881483772654,0.0172413793103448,11283,lowH,NA,NA,NA,FALSE,FALSE
snp_5668,0.0652521504469556,-0.00276077174703148,-9.01612528964355e-05,0.0326579888371363,0.00616928768196181,0.000201500809270691,0.0326619246270283,0.0337662337662338,11287,lowH,NA,NA,NA,FALSE,FALSE
snp_5670,0.237557267805081,0.00395539651959718,0.00047070188342815,0.119002451738034,0.0111005481763321,0.00132112922550193,0.119014773371171,0.137755102040816,11291,goodH,0.834442802798143,0.590000681215081,0.295000340607541,FALSE,FALSE
snp_5672,0.0423214135410392,0.00880048274700999,0.000186749084466427,0.0212203227748928,0.0162703792483572,0.000345303938802691,0.021222857410503,0.0216284987277354,11295,lowH,NA,NA,NA,FALSE,FALSE
snp_5674,0.0261050922426584,0.000906723041063874,1.18556249043852e-05,0.013075243891977,0.0104958650001368,0.000137257306835437,0.0130772744155578,0.0132275132275132,11299,lowH,NA,NA,NA,FALSE,FALSE
snp_5676,0.0228686038289463,0.00524676990257953,6.01270952039469e-05,0.0114598307759572,0.0129680820961859,0.000148636573495292,0.0114617236683756,0.0115681233933162,11303,lowH,NA,NA,NA,FALSE,FALSE
snp_5678,0.111260168780275,0.00301072515356364,0.000167811562155263,0.0557379214627521,0.0114598202629094,0.00063886620472465,0.0557483616730352,0.940874035989717,11307,goodH,0.821364305356277,0.555627101272862,0.277813550636431,FALSE,FALSE
snp_5680,0.0334831074881157,-0.0070542187395726,-0.000118093440721368,0.0167408248994165,0.00032210240291698,5.39280399552901e-06,0.0167425140163235,0.0170316301703163,11311,lowH,NA,NA,NA,FALSE,FALSE
snp_5682,0.0569521813827571,-0.00507695786859235,-0.000144621197587216,0.028485798253692,0.00253906492178599,7.23355478145571e-05,0.0284890501199457,0.0293367346938776,11315,lowH,NA,NA,NA,FALSE,FALSE
snp_5684,0.0428545807205867,0.0202683923065233,0.000436472737047077,0.0215346501314069,0.0285930156404231,0.000615813154462123,0.0215371880394289,0.0219072164948454,11319,lowH,NA,NA,NA,FALSE,FALSE
snp_5686,0.0242681815163388,-0.000427473753625529,-5.19292374317377e-06,0.0121479358653744,0.00696423665196743,8.46094130544285e-05,0.0121491295145069,0.0122850122850123,11323,lowH,NA,NA,NA,FALSE,FALSE
snp_5688,0.0732433198484889,0.000429851520372517,1.57623035793259e-05,0.0366691818739316,0.00784696963366336,0.000287771116971549,0.0366728979983579,0.0380710659898477,11327,lowH,NA,NA,NA,FALSE,FALSE
snp_5690,0.0790732277606547,-0.00401126248851222,-0.000158675568878746,0.0395575132101611,0.00356145796040159,0.000140897552645078,0.039561762124293,0.0412371134020619,11331,lowH,NA,NA,NA,FALSE,FALSE
snp_5692,0.0545240928019037,0.00757670508768256,0.000207077650068549,0.0273308314989315,0.0146849701376888,0.000401390848451804,0.0273334466933397,0.0280487804878049,11335,lowH,NA,NA,NA,FALSE,FALSE
snp_5694,0.0250586204230978,0.0138932883159057,0.000174720232075759,0.0125758731916425,0.0213302437599631,0.000268274844851174,0.0125772048303886,0.0126903553299492,11339,lowH,NA,NA,NA,FALSE,FALSE
snp_5696,0.0732663644211555,1.03304220622921e-05,3.78884527378966e-07,0.0366765776939513,0.00720013890472844,0.000264103509196145,0.0366803352950182,0.0380835380835381,11343,lowH,NA,NA,NA,FALSE,FALSE
snp_5698,0.029049375486722,-3.93564097284411e-05,-5.72329042093432e-07,0.014542206620027,0.00733526971584999,0.000106682217464628,0.0145437348042036,0.985257985257985,11347,lowH,NA,NA,NA,FALSE,FALSE
snp_5700,0.255539548377291,0.00098743646599261,0.00012634986678222,0.127957464742006,0.0088436170215581,0.00113173999360016,0.127972524233163,0.849614395886889,11351,goodH,0.849781367212677,0.846304531214594,0.423152265607297,FALSE,FALSE
snp_5702,0.026988812158115,0.0119700913830107,0.00016206795607281,0.0135394084211282,0.0192674986755538,0.000260894938371832,0.0135406750385741,0.013681592039801,11355,lowH,NA,NA,NA,FALSE,FALSE
snp_5704,0.0990198262419248,0.00395259011204945,0.000196073120308999,0.049606236607047,0.0114530836627729,0.000568212549572963,0.0496121888483081,0.947761194029851,11359,lowH,NA,NA,NA,FALSE,FALSE
snp_5706,0.0253122945430637,-0.00223882282657242,-2.83594418556762e-05,0.0126671219888774,0.00553035936708503,7.00632874533e-05,0.0126688489486406,0.0128205128205128,11363,lowH,NA,NA,NA,FALSE,FALSE
snp_5708,0.0572353714661407,-0.00403882534116209,-0.000115642193899003,0.0286326305622639,0.00361994454550114,0.00010366246436126,0.0286364785587922,0.0294871794871795,11367,lowH,NA,NA,NA,FALSE,FALSE
snp_5710,0.309069690992768,-0.000317083159664838,-4.90457207534012e-05,0.154677784860108,0.00567707005489359,0.000878208986156645,0.154694054796741,0.191025641025641,11371,goodH,0.852801777383794,0.682163466490473,0.658918266754763,FALSE,FALSE
snp_5712,0.15600024037017,-0.0012681140507137,-9.9028271227339e-05,0.0780909817784967,0.00719520801142273,0.00056194988616165,0.0781005754482049,0.0852713178294574,11375,goodH,0.849781367212677,0.922292379582118,0.538853810208941,FALSE,FALSE
snp_5714,0.041596875,0.00139175823219074,2.89890170496206e-05,0.0208290609526264,0.00882740794092039,0.000183886670166227,0.0208313325267094,0.02125,11379,lowH,NA,NA,NA,FALSE,FALSE
snp_5716,0.00265603779990942,-0.00213234522433263,-2.83450271833171e-06,0.00132928884403267,0.00598740029248399,7.9598650695305e-06,0.00132943592889932,0.00132978723404255,11383,lowH,NA,NA,NA,FALSE,FALSE
snp_5718,0.0309202050382391,0.00222937579735266,3.45246548322998e-05,0.0154862427740075,0.0100695382652543,0.000155960364041777,0.0154883332217853,0.0157068062827225,11387,lowH,NA,NA,NA,FALSE,FALSE
snp_5720,0.0483963327155514,0.00970355452952861,0.000235495015021516,0.024268943334619,0.0169331015428527,0.00041098903246042,0.024271338090091,0.0248138957816377,11391,lowH,NA,NA,NA,FALSE,FALSE
snp_5722,0.0204059942608141,-0.00206485196652004,-2.10869787563522e-05,0.0102123440799927,0.00572626238907146,5.84844795552288e-05,0.0102133775194874,0.0103092783505155,11395,lowH,NA,NA,NA,FALSE,FALSE
snp_5724,0.0441906688546854,0.00268915999208277,5.95233801118769e-05,0.0221345625723725,0.0105583619493016,0.00023372916155715,0.0221368771670694,0.0226063829787234,11399,lowH,NA,NA,NA,FALSE,FALSE
snp_5726,0.119808,-0.0075993176138889,-0.000455241467020132,0.0599055718092516,0.000804917860197288,4.82247204366795e-05,0.0599125983176214,0.064,11403,goodH,0.870275209525202,0.0194368389542261,0.990281580522887,FALSE,FALSE
snp_5728,0.252192,0.00394700927224178,0.000498739247215749,0.126358772634066,0.012317427384495,0.0015565968576452,0.126373536376972,0.148,11407,goodH,0.810648381061125,0.480260685455043,0.240130342727522,FALSE,FALSE
snp_5730,0.0741355784584119,0.00658317324167848,0.000244590936542122,0.0371539571514846,0.0135426822973691,0.00050321433473822,0.0371576563407957,0.0385542168674699,11411,lowH,NA,NA,NA,FALSE,FALSE
snp_5732,0.0261547394396864,-0.000517141924219143,-6.77029582099417e-06,0.0130917558680182,0.00673322559262079,8.81588880931506e-05,0.0130931136764179,0.0132530120481928,11415,lowH,NA,NA,NA,FALSE,FALSE
snp_5734,0.147026782867467,0.00230566255917256,0.000169796536247463,0.0736432725473921,0.0105366831080447,0.000776041232001248,0.0736513781465765,0.0798969072164948,11419,goodH,0.84138456360485,0.647423279994889,0.323711639997445,FALSE,FALSE
snp_5736,0.32430385800829,0.00213498533923189,0.00034684696072588,0.162458708428727,0.0113086788280708,0.00183741872946879,0.162478637637836,0.20360824742268,11423,goodH,0.821364305356277,0.569881053300202,0.284940526650101,FALSE,FALSE
snp_5738,0.0280198171851318,-0.00318231082906605,-4.46265117675314e-05,0.0140233038708631,0.00606549056407938,8.50686897850177e-05,0.0140250304383961,0.0142118863049096,11427,lowH,NA,NA,NA,FALSE,FALSE
snp_5740,0.473555942818607,-0.0051129781210081,-0.00121125170892763,0.236897495013888,0.00348157796263523,0.000824871469321336,0.236924600906247,0.385012919896641,11431,goodH,0.852938297158161,0.323569224622164,0.838215387688918,FALSE,FALSE
snp_5742,0.0314309171803031,0.00584782302257217,9.21078615558209e-05,0.0157507949882018,0.0131358379255077,0.00020692212197613,0.015752487443098,0.015970515970516,11435,lowH,NA,NA,NA,FALSE,FALSE
snp_5744,0.0392000000000001,-0.00691664809871552,-0.00013556777924701,0.0196002134722144,0.000636441603580677,1.24756684585602e-05,0.0196022202011481,0.02,11439,lowH,NA,NA,NA,FALSE,FALSE
snp_5746,0.12155,0.0103998242574031,0.000633946175556975,0.0609573931122637,0.0173390949109009,0.00105704568646324,0.0609631409191194,0.065,11443,goodH,0.630654523056012,0.193417955630543,0.0967089778152714,FALSE,FALSE
snp_5748,0.0394058751230872,0.0196324392099863,0.000388807440387554,0.0198043369053083,0.0295421168044826,0.000585139215873814,0.0198069495069164,0.0201072386058981,11447,lowH,NA,NA,NA,FALSE,FALSE
snp_5750,0.0473654444339711,0.00844075356047379,0.000200437017406193,0.0237463415997354,0.0155437270183063,0.000369146200865842,0.023748885993114,0.0242718446601942,11451,lowH,NA,NA,NA,FALSE,FALSE
snp_5752,0.0601105850045256,0.0133361934244037,0.000402253802743414,0.0301625651295171,0.0204723508792168,0.000617562608851326,0.0301656909113582,0.0310173697270471,11455,lowH,NA,NA,NA,FALSE,FALSE
snp_5754,0.00511505588428673,0.00485980619662953,1.24557068004143e-05,0.0025630048393808,0.012583094388935,3.22540932683563e-05,0.00256328787430214,0.00256410256410256,11459,lowH,NA,NA,NA,FALSE,FALSE
snp_5756,0.0328606075825564,0.00211147727295832,3.47491189334399e-05,0.0164572545385507,0.00978284497814797,0.000161016665171233,0.0164590837870678,0.0167095115681234,11463,lowH,NA,NA,NA,FALSE,FALSE
snp_5758,0.0647651185035605,0.00669884445349159,0.000217451570775427,0.0324610568710976,0.0141732938130702,0.000460124328225564,0.0324641776494642,0.0335051546391753,11467,lowH,NA,NA,NA,FALSE,FALSE
snp_5760,0.0265973423683197,0.003509752989103,4.67604511002844e-05,0.0133230034265845,0.0108205708867376,0.000144176545480346,0.0133243011842432,0.0134803921568627,11471,lowH,NA,NA,NA,FALSE,FALSE
snp_5762,0.0293333497527848,-0.00320152473446306,-4.69866861277096e-05,0.0146763464364082,0.00428942060296266,6.29597648708202e-05,0.0146779182315053,0.0148883374689826,11475,lowH,NA,NA,NA,FALSE,FALSE
snp_5764,0.493213309454237,-0.00632513836102528,-0.00155998949137472,0.246633259595898,0.00119823561674132,0.000295556055941266,0.246659381353603,0.441747572815534,11479,goodH,0.868729906550741,0.0439860314610169,0.978006984269492,FALSE,FALSE
snp_5766,0.127163519263095,-0.00655993040182964,-0.000417147983741626,0.0635903063278352,0.0014315885492985,9.10463076592363e-05,0.0635980971654534,0.0682382133995037,11483,goodH,0.867587336536095,0.0627916060323377,0.968604196983831,FALSE,FALSE
snp_5768,0.0483963327155514,-0.00447849719797472,-0.000108416644925635,0.0242082645434418,0.00295981428801691,7.16601383091019e-05,0.0242110251981771,0.0248138957816377,11487,lowH,NA,NA,NA,FALSE,FALSE
snp_5770,0.0553101411626311,0.0114780045018621,0.000318453753502588,0.0277446966893003,0.0186435914930034,0.000517315180552024,0.0277476140123625,0.0284653465346535,11491,lowH,NA,NA,NA,FALSE,FALSE
snp_5772,0.0508743595455559,0.000545191515831932,1.38863055643693e-05,0.0254705092818246,0.00792157311879528,0.000201789270516357,0.0254733835679151,0.0261194029850746,11495,lowH,NA,NA,NA,FALSE,FALSE
snp_5774,0.398022892819979,-0.00175664482328149,-0.000349966050351095,0.199224137806835,0.00664516555538377,0.00132403295504598,0.19924754981812,0.274193548387097,11499,goodH,0.849781367212677,0.837710753777483,0.581144623111259,FALSE,FALSE
snp_5776,0.0243865264441396,0.000965824607233217,1.17929533337753e-05,0.0122102431905917,0.00837881767972828,0.000102317930931871,0.0122114998610626,0.0123456790123457,11503,lowH,NA,NA,NA,FALSE,FALSE
snp_5778,0.330564890662559,-0.00438903644700593,-0.000725747046217546,0.165354527122378,0.00301760653315841,0.000499025566714706,0.165371317045896,0.791062801932367,11507,goodH,0.856150345910198,0.253643999593759,0.873178000203121,FALSE,FALSE
snp_5780,0.437282986111111,0.00254585756636792,0.000557699698168957,0.219061626045563,0.0114301479167,0.00250434172897124,0.219099678081354,0.677083333333333,11511,goodH,0.821364305356277,0.558401969058508,0.279200984529254,FALSE,FALSE
snp_5782,0.11605909235838,0.00214909692040303,0.000124930895137322,0.0581318105997256,0.0105151215746301,0.000611345954502913,0.0581396943595888,0.0618556701030928,11515,goodH,0.842045821194546,0.649704828353265,0.324852414176632,FALSE,FALSE
snp_5784,0.121928166351607,0.00212617959218301,0.000129845073646189,0.0610696641636342,0.0103344786383758,0.000631203129045255,0.0610774042051197,0.0652173913043478,11519,goodH,0.843330227695123,0.6690709594779,0.33453547973895,FALSE,FALSE
snp_5786,0.226843100189036,-0.00168595649632008,-0.000191393309800517,0.11352209278132,0.0055294616380054,0.000627778595299786,0.113533402779197,0.130434782608696,11523,goodH,0.852801777383794,0.657907738701542,0.671046130649229,FALSE,FALSE
snp_5788,0.0448406030479125,0.00402700319638229,9.04693274915285e-05,0.0224656706438184,0.011946982375084,0.000268426324785233,0.0224681276290362,0.0229468599033816,11527,lowH,NA,NA,NA,FALSE,FALSE
snp_5790,0.43696177273682,-0.00329702370548183,-0.000720855584111218,0.218638277581286,0.00467415482413138,0.00102206757013216,0.218663610553828,0.677536231884058,11531,goodH,0.852801777383794,0.516298434226862,0.741850782886569,FALSE,FALSE
snp_5792,0.0765161477917804,0.00188581271502611,7.22606646397947e-05,0.0383180493290896,0.00936337355262905,0.000358823166266912,0.038321996260222,0.0398457583547558,11535,lowH,NA,NA,NA,FALSE,FALSE
snp_5794,0.0341360392589081,0.0121605852812855,0.000208261546020004,0.0171259475759368,0.019432356418611,0.000332836417610968,0.0171279494077311,0.0173697270471464,11539,lowH,NA,NA,NA,FALSE,FALSE
snp_5796,0.18161412100806,-0.00229174352138306,-0.000208293153263228,0.0908885096956764,0.00563108687965769,0.000511854406800205,0.0908979772003304,0.101010101010101,11543,goodH,0.852801777383794,0.674618215038432,0.662690892480784,FALSE,FALSE
snp_5798,0.0367968750000001,0.00279974860414156,5.15997826718213e-05,0.0184301485481559,0.0102306107043502,0.000188571300257876,0.0184320668342597,0.01875,11547,lowH,NA,NA,NA,FALSE,FALSE
snp_5800,0.0869803926326773,0.000573244331629359,2.49623351373273e-05,0.0435457164772579,0.00770706776086969,0.000335642268041422,0.043549930849907,0.0455665024630542,11551,lowH,NA,NA,NA,FALSE,FALSE
snp_5802,0.0239199385585893,0.00553004703191601,6.62829842882511e-05,0.0119859711690889,0.0127372341663864,0.000152683070598881,0.0119871448231526,0.0121065375302663,11555,lowH,NA,NA,NA,FALSE,FALSE
snp_5804,0.0438803241273376,0.00696334725016321,0.000153152630185235,0.0219941106888853,0.0142974796408807,0.000314495447872855,0.0219965655326845,0.0224438902743142,11559,lowH,NA,NA,NA,FALSE,FALSE
snp_5806,0.0503864447086801,0.020084993573446,0.000508419156643386,0.0253133840837051,0.0271169827811898,0.000686493024860992,0.0253159811473271,0.0258620689655172,11563,lowH,NA,NA,NA,FALSE,FALSE
snp_5808,0.026791647614693,-0.00440127446797312,-5.89845502729642e-05,0.0134016977814446,0.00308898746458635,4.14025075142212e-05,0.0134032617447884,0.0135802469135802,11567,lowH,NA,NA,NA,FALSE,FALSE
snp_5810,0.0243865264441396,-0.00317645395030519,-3.8756808248869e-05,0.0122012813203684,0.00430643220495819,5.25501167236327e-05,0.0122027038213046,0.0123456790123457,11571,lowH,NA,NA,NA,FALSE,FALSE
snp_5812,0.0243865264441396,-0.00180977915573287,-2.20869831376873e-05,0.0122042421959177,0.00565423121196564,6.90136321180918e-05,0.0122056614826863,0.0123456790123457,11575,lowH,NA,NA,NA,FALSE,FALSE
snp_5814,0.0147412018429567,-0.00223667182447561,-1.64993654102137e-05,0.0073767484481466,0.00528862552614354,3.90173962196983e-05,0.00737760615245333,0.00742574257425743,11579,lowH,NA,NA,NA,FALSE,FALSE
snp_5816,0.0905978584176086,0.000516823475365998,2.3440881212154e-05,0.0453556820257708,0.00757119261053131,0.000343431424750543,0.0453602810570212,0.952439024390244,11583,lowH,NA,NA,NA,FALSE,FALSE
snp_5818,0.0253122945430637,-0.000170792247094614,-2.16424806661395e-06,0.0126718168033413,0.00756410617155043,9.58635452740402e-05,0.0126734796022027,0.0128205128205128,11587,lowH,NA,NA,NA,FALSE,FALSE
snp_5820,0.02230199559048,-0.00647885022494159,-7.22735259195298e-05,0.0111553012355956,0.00286725320250294,3.19890334664811e-05,0.0111566824438653,0.0112781954887218,11591,lowH,NA,NA,NA,FALSE,FALSE
snp_5822,0.254644541214667,-0.00514691009723643,-0.00065555323149337,0.127368308190454,0.00289867773562226,0.000369263915301477,0.127390468682855,0.149746192893401,11595,goodH,0.856274538687053,0.236458004802075,0.881770997598962,FALSE,FALSE
snp_5824,0.0899332309454395,-0.00324826473147601,-0.000146175522078709,0.0450011111047242,0.00512888462261801,0.000230847174846392,0.0450092353078821,0.0471938775510204,11599,lowH,NA,NA,NA,FALSE,FALSE
snp_5826,0.101159606083562,0.0128245200943307,0.000650960657224533,0.0507590656364836,0.0200058946920486,0.00101563183801322,0.0507666292183814,0.0534351145038168,11603,goodH,0.550507687705534,0.115896355306428,0.057948177653214,FALSE,FALSE
snp_5828,0.268372577506099,-0.00573600523717416,-0.00076996508069506,0.134233678118882,0.00268454117479131,0.000360402184275738,0.134250943014035,0.159685863874346,11607,goodH,0.856951771465273,0.206422996886283,0.896788501556859,FALSE,FALSE
snp_5830,0.0807809551458847,-0.00210037869948549,-8.49200633611757e-05,0.0404308343928539,0.0062607039235031,0.000253156052926409,0.0404357171365418,0.0421686746987952,11611,lowH,NA,NA,NA,FALSE,FALSE
snp_5832,0.0720757777311021,0.00747496676573076,0.000270052008968858,0.0361275196843578,0.0144483997436447,0.000522037050295555,0.0361311328284076,0.03743961352657,11615,lowH,NA,NA,NA,FALSE,FALSE
snp_5834,0.0897156990333379,-0.00274134797056521,-0.000123077998425681,0.0448968900508843,0.0055567986439396,0.000249514981394819,0.0449026494179248,0.0470737913486005,11619,lowH,NA,NA,NA,FALSE,FALSE
snp_5836,0.0568116336136848,0.00190131650255189,5.40996839971549e-05,0.0284538023651212,0.010097103527265,0.000287337391098031,0.0284574076438989,0.0292620865139949,11623,lowH,NA,NA,NA,FALSE,FALSE
snp_5838,0.0275981068184321,0.00440460862387344,6.09034574150833e-05,0.0138272120444437,0.0119943012071995,0.000165867206633909,0.0138288345247115,0.0139949109414758,11627,lowH,NA,NA,NA,FALSE,FALSE
snp_5840,0.087196268906697,0.00150194653997231,6.55885160894129e-05,0.0436690084126575,0.00974759754803802,0.000425719839716241,0.043674334893107,0.0456852791878173,11631,lowH,NA,NA,NA,FALSE,FALSE
snp_5842,0.232845473987993,0.0019589587983237,0.000228473876596422,0.116630261336751,0.0106582747804137,0.00124323901272218,0.116645426988506,0.134517766497462,11635,goodH,0.839234216016959,0.634676142343867,0.317338071171934,FALSE,FALSE
snp_5844,0.246997555531937,-0.0010676249783727,-0.000132027590868006,0.123664763884829,0.00825793451961141,0.00102134909242183,0.123680938616826,0.855670103092783,11639,goodH,0.849781367212677,0.924420324457242,0.462210162228621,FALSE,FALSE
snp_5846,0.0426397107166339,-0.00102616152544525,-2.19011611931788e-05,0.0213428009627197,0.00662028588407288,0.000141309850654175,0.0213449771095443,0.0217948717948718,11643,lowH,NA,NA,NA,FALSE,FALSE
snp_5848,0.0668343195266272,0.00465190537509669,0.00015584977262391,0.0335023522744529,0.0150918621205638,0.000505680193441327,0.0335068124398181,0.0346153846153846,11647,lowH,NA,NA,NA,FALSE,FALSE
snp_5850,0.0435123763054739,-0.00790446917814351,-0.000171979709712914,0.0217572750094911,0.000960672858406408,2.09041551024099e-05,0.0217599101707592,0.0222513089005236,11651,lowH,NA,NA,NA,FALSE,FALSE
snp_5852,0.0941084207430645,-0.00261184206703381,-0.000122986281007285,0.0470879470698459,0.00456605944252128,0.000215026782970567,0.0470924186768436,0.0495049504950495,11655,lowH,NA,NA,NA,FALSE,FALSE
snp_5854,0.0363511659807956,-0.000162451454673716,-2.95615041840114e-06,0.0181971311019564,0.00722163915372735,0.000131427026694441,0.0181990575680602,0.0185185185185185,11659,lowH,NA,NA,NA,FALSE,FALSE
snp_5856,0.00252844095497529,0.0126334269273274,1.60275209986294e-05,0.0012686598094742,0.020163502898334,2.55834989638334e-05,0.00126880230547378,0.00126582278481013,11663,lowH,NA,NA,NA,FALSE,FALSE
snp_5858,0.021762782384132,-0.00309549888760201,-3.37058001994239e-05,0.0108886487843434,0.00430778656175401,4.69106654660891e-05,0.010889737639877,0.0110024449877751,11667,lowH,NA,NA,NA,FALSE,FALSE
snp_5860,0.486040698605993,-0.00259068367806235,-0.000630127746151677,0.243228361489106,0.00544654466031301,0.00132491439090194,0.243257785170864,0.583544303797468,11671,goodH,0.852801777383794,0.644241450908103,0.677879274545948,FALSE,FALSE
snp_5862,0.0280198171851318,0.0096640393149002,0.000135794868923399,0.0140515642060798,0.0172719814162082,0.000242721639679827,0.0140529122762982,0.0142118863049096,11675,lowH,NA,NA,NA,FALSE,FALSE
snp_5864,0.024327210075469,0.000390036181266638,4.7503578431804e-06,0.0121792748245911,0.00779889701032619,9.49952462587836e-05,0.012180600171153,0.0123152709359606,11679,lowH,NA,NA,NA,FALSE,FALSE
snp_5866,0.0024844682062326,-0.000135295407301795,-1.68273850633704e-07,0.00124375138808922,0.00743673063003844,9.25044579393862e-06,0.00124388609109684,0.00124378109452736,11683,lowH,NA,NA,NA,FALSE,FALSE
snp_5868,0.161975308641975,0.00501616137628055,0.000407108380065433,0.0811593466650591,0.0124287811345547,0.00100882301555426,0.0811682983739664,0.0888888888888889,11687,goodH,0.810648381061125,0.471141769649621,0.235570884824811,FALSE,FALSE
snp_5870,0.0967456876237156,0.0199956996420186,0.000971789847625127,0.0485999422387314,0.026722940596249,0.00129885628717712,0.0486045419477314,0.0509708737864078,11691,lowH,NA,NA,NA,FALSE,FALSE
snp_5872,0.0372536452491588,0.00366577974154603,6.84111944836668e-05,0.0186621126491399,0.01118354243458,0.000208731929426485,0.0186642050716485,0.0189873417721519,11695,lowH,NA,NA,NA,FALSE,FALSE
snp_5874,0.195607376924249,0.00659470806387158,0.000646665216531849,0.0980582021628125,0.0151943570546575,0.00149012949875738,0.0980712440412614,0.109876543209877,11699,goodH,0.69397382268159,0.288148095446157,0.144074047723079,FALSE,FALSE
snp_5876,0.00524930747922436,-0.000202564985813767,-5.33046857356001e-07,0.00263148566972018,0.0157883374044489,4.15551515763605e-05,0.00263201567789215,0.00263157894736842,11703,lowH,NA,NA,NA,FALSE,FALSE
snp_5878,0.0285283933518006,-0.00354630985464777,-5.06196034541103e-05,0.0142738806051503,0.00439346220647119,6.27180254939315e-05,0.014275307842993,0.0144736842105263,11707,lowH,NA,NA,NA,FALSE,FALSE
snp_5880,0.0832805396787826,0.0108271301128998,0.000452271356699306,0.0417720441135603,0.0183310873810516,0.000765800300242315,0.0417760433041142,0.0435356200527705,11711,lowH,NA,NA,NA,FALSE,FALSE
snp_5882,0.00526312125368111,0.0229258048883532,6.07362886029669e-05,0.00264925436200594,0.0386149952520876,0.000102324460925504,0.00264986335638543,0.00263852242744063,11715,lowH,NA,NA,NA,FALSE,FALSE
snp_5884,0.178309117870246,-0.000167702601831757,-1.49703691297139e-05,0.0892673635721674,0.00770877121541643,0.000688221061151072,0.0892776607216892,0.901055408970976,11719,goodH,0.849781367212677,0.998148842298427,0.500925578850786,FALSE,FALSE
snp_5886,0.0331659166787632,0.00417274193225043,6.93295481349343e-05,0.0166148660186957,0.0113301902153127,0.000188268398149869,0.016616525810434,0.0168674698795181,11723,lowH,NA,NA,NA,FALSE,FALSE
snp_5888,0.0261547394396864,0.00497707032043778,6.52217733163973e-05,0.0131044508349764,0.0121509886472699,0.000159247977071005,0.0131057629707181,0.0132530120481928,11727,lowH,NA,NA,NA,FALSE,FALSE
snp_5890,0.0261547394396864,-0.000350835317861901,-4.59318569020187e-06,0.013092141686858,0.0068947516823079,9.02761938978188e-05,0.013093465589119,0.0132530120481928,11731,lowH,NA,NA,NA,FALSE,FALSE
snp_5892,0.118013565215184,0.0153168852882982,0.000907317999790217,0.0592364558924648,0.0222628863091319,0.00131890584076535,0.0592423561999847,0.0629722921914358,11735,goodH,0.530595716350412,0.0742612076245692,0.0371306038122846,FALSE,FALSE
snp_5894,0.0343875,-0.000103841517837439,-1.78758973601472e-06,0.0172145955995476,0.00738530082506824,0.000127149303023738,0.0172165367444681,0.0175,11739,lowH,NA,NA,NA,FALSE,FALSE
snp_5896,0.0332446498167984,0.03489718287616,0.000584348071810895,0.0167448494018723,0.0416538366691066,0.000697550343722411,0.0167463647890031,0.0169082125603865,11743,lowH,NA,NA,NA,FALSE,FALSE
snp_5898,0.0238628672781163,-0.0035552724080577,-4.24436915544606e-05,0.011938238954142,0.00375573122501186,4.48412051698163e-05,0.0119394073972039,0.0120772946859903,11747,lowH,NA,NA,NA,FALSE,FALSE
snp_5900,0.186153702536815,0.00412559211113824,0.000384737186408465,0.0932562347522808,0.0113433532994743,0.0010579504821391,0.0932661140148157,0.103864734299517,11751,goodH,0.821364305356277,0.566584572836136,0.283292286418068,FALSE,FALSE
snp_5902,0.115600714135686,-0.00343985025234847,-0.000198958585183069,0.0578393158385993,0.00440848172640176,0.000255012935964838,0.0578459777745254,0.0615942028985507,11755,goodH,0.852801777383794,0.472438670128992,0.763780664935504,FALSE,FALSE
snp_5904,0.0336439882592763,-0.00363003861912019,-6.10989990983273e-05,0.0168315011241219,0.00373397609058447,6.2854687449845e-05,0.0168331788755526,0.0171149144254279,11759,lowH,NA,NA,NA,FALSE,FALSE
snp_5906,0.0659607376561571,-0.00134054764798123,-4.42574372953084e-05,0.0330144455230346,0.00639222408367068,0.000211058327911116,0.0330179801503326,0.0341463414634146,11763,lowH,NA,NA,NA,FALSE,FALSE
snp_5908,0.334963826738166,-0.000684251792264855,-0.00011472437564487,0.167663975369557,0.00666433233853959,0.00111748264133041,0.167681109609142,0.212740384615385,11767,goodH,0.849781367212677,0.840710932276352,0.579644533861824,FALSE,FALSE
snp_5910,0.0375331892961266,0.0120928589944246,0.000227752852585033,0.0188336647843192,0.0205987592855283,0.000387998777685289,0.0188360265930133,0.0191326530612245,11771,lowH,NA,NA,NA,FALSE,FALSE
snp_5912,0.374393940282232,-0.00274847604773554,-0.000514932277408363,0.187351924653887,0.00526506785294606,0.000986530761712111,0.187372848606329,0.249394673123487,11775,goodH,0.852801777383794,0.614249517644402,0.692875241177799,FALSE,FALSE
snp_5914,0.0450531388443776,0.00185479176589232,4.18454799707714e-05,0.0225607427961812,0.00905619830939089,0.000204336712431751,0.0225631888184099,0.0230582524271845,11779,lowH,NA,NA,NA,FALSE,FALSE
snp_5916,0.0225817465020999,-0.00599004694301998,-6.7665930307506e-05,0.0112963939934319,0.00347089650463694,3.92136882463963e-05,0.0112978558116062,0.0114213197969543,11783,lowH,NA,NA,NA,FALSE,FALSE
snp_5918,0.0518790744414954,-0.00138004382492054,-3.58377484236691e-05,0.0259685582272959,0.0069122828025953,0.000179522378793657,0.0259715037594026,0.0266497461928934,11787,lowH,NA,NA,NA,FALSE,FALSE
snp_5920,0.0275981068184321,-0.00011482715196146,-1.58646633442572e-06,0.0138161254313631,0.00752444752032024,0.000103969469828389,0.0138175553152059,0.0139949109414758,11791,lowH,NA,NA,NA,FALSE,FALSE
snp_5922,0.0275981068184321,0.0104065612512125,0.000144044872322613,0.0138417358861775,0.0178964638825622,0.000247743265900516,0.0138431406073414,0.0139949109414758,11795,lowH,NA,NA,NA,FALSE,FALSE
snp_5924,0.0589954088631337,0.00510618987309913,0.000150949473254316,0.0295620564463457,0.0128291837615809,0.000379294992442448,0.029565013604241,0.0304232804232804,11799,lowH,NA,NA,NA,FALSE,FALSE
snp_5926,0.182956104252401,0.00712516880570989,0.000653430998774729,0.0917074411277232,0.0146280460751853,0.00134163611969032,0.0917167004256463,0.101851851851852,11803,goodH,0.72572731084281,0.31938500650231,0.159692503251155,FALSE,FALSE
snp_5928,0.0713305898491083,-0.000227874207953662,-8.13803874701942e-06,0.0357128558782497,0.00811726811022935,0.000289923378005831,0.0357168660772053,0.037037037037037,11807,lowH,NA,NA,NA,FALSE,FALSE
snp_5930,0.17017959751604,-0.00096370100911528,-8.21055084366209e-05,0.0851981140001061,0.00783425650965055,0.000667553285790966,0.0852095262605516,0.0939086294416244,11811,goodH,0.849781367212677,0.983812185342124,0.491906092671062,FALSE,FALSE
snp_5932,0.037900534434876,-0.000760283487352415,-1.44227427436423e-05,0.0189702170092731,0.00646075789089362,0.000122574149953493,0.0189721008004742,0.0193236714975845,11815,lowH,NA,NA,NA,FALSE,FALSE
snp_5934,0.0278073635765943,0.007320144506043,0.00010203891976812,0.0139394679550224,0.0149314809418222,0.000208162603495853,0.0139411893774583,0.0141025641025641,11819,lowH,NA,NA,NA,FALSE,FALSE
snp_5936,0.0337250096116879,0.00353186583963745,5.96650071004579e-05,0.0168933390478339,0.010813303083725,0.000182690363911108,0.0168949637771712,0.017156862745098,11823,lowH,NA,NA,NA,FALSE,FALSE
snp_5938,0.141049285350287,-0.00573999665476154,-0.000404860485759089,0.0705332267786676,0.00121953540610931,8.6025983976116e-05,0.0705399642725956,0.0763546798029557,11827,goodH,0.868429153548435,0.0455773365404701,0.977211331729765,FALSE,FALSE
snp_5940,0.0550456211021866,-0.00367497218343465,-0.000101201458963212,0.0275380204017295,0.00365402044547754,0.000100634257683827,0.0275406936511204,0.0283251231527094,11831,lowH,NA,NA,NA,FALSE,FALSE
snp_5942,0.0292618370747966,-0.00439395863092865,-6.43164660617883e-05,0.0146374764680466,0.00309047396076198,4.5241368418726e-05,0.0146389741486679,0.0148514851485149,11835,lowH,NA,NA,NA,FALSE,FALSE
snp_5944,0.0266617969320671,0.000110835783562415,1.47936445493611e-06,0.0133473541431051,0.00750536493703292,0.000100188564662185,0.0133489264682967,0.0135135135135135,11839,lowH,NA,NA,NA,FALSE,FALSE
snp_5946,0.0741470119811527,0.00479507820015502,0.000178172959811738,0.0371574669639336,0.0133315640055245,0.000495428623683507,0.0371620781686383,0.038560411311054,11843,lowH,NA,NA,NA,FALSE,FALSE
snp_5948,0.0786850756081525,0.00177493478623401,6.99440688620057e-05,0.0394065570208414,0.00973373437398185,0.000383615305872054,0.0394109075852175,0.041025641025641,11847,lowH,NA,NA,NA,FALSE,FALSE
snp_5950,0.153134726838971,-0.0016800458707919,-0.000128760392042592,0.0766409978924563,0.00598528152655125,0.000458766383096116,0.0766490901156424,0.916452442159383,11851,goodH,0.852801777383794,0.732432386402365,0.633783806798818,FALSE,FALSE
snp_5952,0.00256738985335803,0.0124777757668942,1.6073576463724e-05,0.0012881764157335,0.0201174738186612,2.59175829477524e-05,0.00128831200086916,0.0012853470437018,11855,lowH,NA,NA,NA,FALSE,FALSE
snp_5954,0.0405071009525164,-0.00322529310360172,-6.53645477632707e-05,0.0202662349323469,0.00406899426757251,8.24712596361128e-05,0.0202682172086995,0.0206812652068127,11859,lowH,NA,NA,NA,FALSE,FALSE
snp_5956,0.046848,-0.00352233759655386,-8.25885311789904e-05,0.0234470799334488,0.00630875654959949,0.00014794330879864,0.0234504704113257,0.024,11863,lowH,NA,NA,NA,FALSE,FALSE
snp_5958,0.0199979593918986,0.00077094435660129,7.71936359608321e-06,0.0100128673749089,0.0083731033160833,8.38476310904915e-05,0.0100139252945123,0.0101010101010101,11867,lowH,NA,NA,NA,FALSE,FALSE
snp_5960,0.0299182823265502,0.00538016308293714,8.06769501784615e-05,0.0149952610979997,0.0141984195569338,0.000212935219619416,0.01499710716151,0.0151898734177215,11871,lowH,NA,NA,NA,FALSE,FALSE
snp_5962,0.05668922158879,0.0117676024216158,0.000334635805688865,0.0284370421177873,0.0187940302328352,0.000534497848868186,0.0284397674286146,0.0291970802919708,11875,lowH,NA,NA,NA,FALSE,FALSE
snp_5964,0.0365408555907649,0.000933891117874717,1.70877158192303e-05,0.0182973319824663,0.0088661157028345,0.000162243908019582,0.0182993222125121,0.0186170212765957,11879,lowH,NA,NA,NA,FALSE,FALSE
snp_5966,0.0563627376584679,-0.00732980367665511,-0.000206611922071928,0.0281879203299772,0.0020911869083282,5.89546112865676e-05,0.0281919378185563,0.029023746701847,11883,lowH,NA,NA,NA,FALSE,FALSE
snp_5968,0.029049375486722,-0.00576006597907901,-8.36799550710163e-05,0.0145276035682487,0.00168587506504729,2.44941486392145e-05,0.0145290414141853,0.0147420147420147,11887,lowH,NA,NA,NA,FALSE,FALSE
snp_5970,0.0266617969320671,0.0173972789178789,0.000232915088795416,0.0133880183156719,0.0245353024252109,0.000328510253962103,0.0133892889628516,0.0135135135135135,11891,lowH,NA,NA,NA,FALSE,FALSE
snp_5972,0.0618416048391479,0.00618958965757493,0.00019184238134639,0.0309943618171214,0.0139300046326317,0.000431796032814035,0.0309975512716294,0.0319410319410319,11895,lowH,NA,NA,NA,FALSE,FALSE
snp_5974,0.0218155276816607,0.00700828777981683,7.66320001793114e-05,0.0109344825136896,0.0142899673868244,0.000156268558770995,0.0109355434159407,0.0110294117647059,11899,lowH,NA,NA,NA,FALSE,FALSE
snp_5976,0.0615491299071622,0.0113218190299998,0.000349635366690782,0.030881554082815,0.020135638410784,0.000621894244534064,0.0308852509092037,0.0317848410757946,11903,lowH,NA,NA,NA,FALSE,FALSE
snp_5978,0.0243865264441396,0.00752478451936947,9.19861642438804e-05,0.0122244250326504,0.0148523314556945,0.000181580580705322,0.0122257290881899,0.0123456790123457,11907,lowH,NA,NA,NA,FALSE,FALSE
snp_5980,0.0322894347515561,-0.00158349291778521,-2.55998847121324e-05,0.0161667187927422,0.00839389299882322,0.000135719074245416,0.0161687877441901,0.0164141414141414,11911,lowH,NA,NA,NA,FALSE,FALSE
snp_5982,0.054819197896121,-0.00319494185420772,-8.76522523230456e-05,0.027434694064184,0.00592736521295797,0.000162641459269438,0.0274390818561143,0.971794871794872,11915,lowH,NA,NA,NA,FALSE,FALSE
snp_5984,0.0426397107166339,-0.00524698431988199,-0.000111917606803733,0.0213298916064324,0.00343474549511992,7.32739000526401e-05,0.0213331381194757,0.0217948717948718,11919,lowH,NA,NA,NA,FALSE,FALSE
snp_5986,0.106456278763971,0.00409341794981118,0.000218348950935832,0.0533414749270604,0.012535677450211,0.00066877050796271,0.0533493710745927,0.0564102564102564,11923,goodH,0.810648381061125,0.462527517274266,0.231263758637133,FALSE,FALSE
snp_5988,0.260077582465278,0.00982422372198578,0.00128175024164173,0.130468348229212,0.0191884150424214,0.00250381324529158,0.13048567272264,0.153645833333333,11927,goodH,0.574893104015252,0.135831424134803,0.0679157120674013,FALSE,FALSE
snp_5990,0.0381050497999946,0.0148817131176902,0.000284643484137784,0.019127064329672,0.022406407994982,0.000428615763649055,0.019129160003917,0.0194300518134715,11931,lowH,NA,NA,NA,FALSE,FALSE
snp_5992,0.0959568809416025,0.00198837530366286,9.55674341415569e-05,0.0480630764048963,0.0105422765157716,0.000506762729306961,0.0480695728810399,0.050531914893617,11935,lowH,NA,NA,NA,FALSE,FALSE
snp_5994,0.363378099173554,0.00286623824642631,0.00052181851301048,0.182056922051436,0.0120536053646848,0.00219471201505871,0.182079298986251,0.238636363636364,11939,goodH,0.810648381061125,0.502466702613978,0.251233351306989,FALSE,FALSE
snp_5996,0.431100780532599,-0.00120788202266505,-0.000260698762383205,0.215831312571408,0.0080126408462073,0.00172959210753975,0.215857935072484,0.314393939393939,11943,goodH,0.849781367212677,0.958518002045687,0.479259001022844,FALSE,FALSE
snp_5998,0.0444214876033058,0.00127411199113375,2.83443825375481e-05,0.022246382370459,0.00963755670587106,0.000214424759915425,0.022248871416217,0.0227272727272727,11947,lowH,NA,NA,NA,FALSE,FALSE
snp_6000,0.11386593204775,0.00675529719407325,0.000385620276843602,0.0570841320174522,0.0155528287848603,0.000887924229674591,0.0570908509286058,0.0606060606060606,11951,goodH,0.686770499642736,0.269829899323221,0.134914949661611,FALSE,FALSE
snp_6002,0.0298438934802572,-0.00211798634315854,-3.16318872683572e-05,0.0149348872671128,0.00550978502006583,8.22987589718301e-05,0.0149368366773132,0.984848484848485,11955,lowH,NA,NA,NA,FALSE,FALSE
snp_6004,0.072249495072918,0.00474789327075143,0.000171916458249429,0.03620899806415,0.0137418350905666,0.000497643975407233,0.0362137932908866,0.0375335120643432,11959,lowH,NA,NA,NA,FALSE,FALSE
snp_6006,0.0641269262807165,-0.000996598790346792,-3.19882589862575e-05,0.0320974290718599,0.00651995986895109,0.000209295514062076,0.0321007365488196,0.0331632653061225,11963,lowH,NA,NA,NA,FALSE,FALSE
snp_6008,0.0477700871506006,-0.00681948222012747,-0.000162892938868245,0.0238864086172807,0.00093369022762807,2.23049478002186e-05,0.0238890235114505,0.0244845360824742,11967,lowH,NA,NA,NA,FALSE,FALSE
snp_6010,0.0229853975121688,0.00663809031043875,7.64768462293499e-05,0.0115209107819889,0.0143241300763002,0.00016504527585975,0.0115221849411172,0.0116279069767442,11971,lowH,NA,NA,NA,FALSE,FALSE
snp_6012,0.012836434776222,0.00394412640761951,2.53777085863335e-05,0.00643430406725992,0.0148720589078337,9.57063960642494e-05,0.00643531582663629,0.00645994832041344,11975,lowH,NA,NA,NA,FALSE,FALSE
snp_6014,0.40893467503316,0.0030276645229313,0.000620159811398008,0.204831085710112,0.0105395128053037,0.00215906311530924,0.204854166904447,0.713383838383838,11979,goodH,0.84138456360485,0.647124327044079,0.323562163522039,FALSE,FALSE
snp_6016,0.0826560401304788,0.0187016622072635,0.000776469497211273,0.0415187424842752,0.0260686537733277,0.00108247570143966,0.041524035374132,0.0431937172774869,11983,lowH,NA,NA,NA,FALSE,FALSE
snp_6018,0.0367968750000001,-0.00238315863967026,-4.38817918239784e-05,0.0184132902835415,0.00512556155809561,9.43888992935767e-05,0.0184153283935286,0.01875,11987,lowH,NA,NA,NA,FALSE,FALSE
snp_6020,0.2443875,-0.0039275751789391,-0.000480105354330922,0.122239634496469,0.00263818075427674,0.000322521462714331,0.122251465215753,0.1425,11991,goodH,0.856951771465273,0.200087157676536,0.899956421161732,FALSE,FALSE
snp_6022,0.0637874979984823,0.0138508575324169,0.000443454195482286,0.0320163711484588,0.0214889984681073,0.000688126640315784,0.0320222760189154,0.0329815303430079,11995,lowH,NA,NA,NA,FALSE,FALSE
snp_6024,0.12949038154958,0.0256093038138492,0.00166752273196919,0.0651139423426033,0.0324954767728826,0.00211608675750687,0.0651194248447754,0.0695876288659794,11999,goodH,0.306073879343937,0.00898830518847449,0.00449415259423724,FALSE,FALSE
snp_6026,0.133596790927895,0.000534200932938466,3.57348447210794e-05,0.0668940140641717,0.00864796651777308,0.000578559691467084,0.0669012409192431,0.928020565552699,12003,goodH,0.849781367212677,0.871874850419873,0.435937425209936,FALSE,FALSE
snp_6028,0.0827716592532162,-0.00366520891847077,-0.000151782772522673,0.0414117655770631,0.00432493755737473,0.000179134185366122,0.0414189067448313,0.0432569974554707,12007,lowH,NA,NA,NA,FALSE,FALSE
snp_6030,0.0024844682062326,0.000282896793956025,3.51879210484847e-07,0.00124384304807479,0.00784480904618115,9.75872493716192e-06,0.00124397227258355,0.00124378109452736,12011,lowH,NA,NA,NA,FALSE,FALSE
snp_6032,0.41880151481399,-0.00521686710756916,-0.00109277721312374,0.209470011520559,0.00244705055049247,0.000512637674353315,0.209492065560373,0.298507462686567,12015,goodH,0.856951771465273,0.174652165858647,0.912673917070676,FALSE,FALSE
snp_6034,0.0342194500136135,-0.00505443222187152,-8.65245432904598e-05,0.0171185485317324,0.00355768182972966,6.09095545923591e-05,0.0171205738757666,0.0174129353233831,12019,lowH,NA,NA,NA,FALSE,FALSE
snp_6036,0.0588446195724064,0.0177535622514069,0.000524671355813652,0.0295530186214924,0.0252891085663467,0.000747455857438049,0.0295564335720683,0.0303430079155673,12023,lowH,NA,NA,NA,FALSE,FALSE
snp_6038,0.0483778606439473,0.00789252461541236,0.000191476771521344,0.0242605225642796,0.0172506153472495,0.00041856787211047,0.0242639386297143,0.0248041775456919,12027,lowH,NA,NA,NA,FALSE,FALSE
snp_6040,0.202668250785872,-0.000867639585421443,-8.80224360576627e-05,0.101450461155374,0.00703178537788098,0.00071344792409435,0.101460423740826,0.114427860696517,12031,goodH,0.849781367212677,0.89750308666775,0.551248456666125,FALSE,FALSE
snp_6042,0.447711690304695,0.000515415903382863,0.000115536327511288,0.224161355427686,0.0082406322043067,0.00184740868751723,0.224182883268561,0.338308457711443,12035,goodH,0.849781367212677,0.92679915548045,0.463399577740225,FALSE,FALSE
snp_6044,0.101244399891092,-0.00311155716279936,-0.000157642299384679,0.0506634752751427,0.00518415608766296,0.000262674449425812,0.0506686999743148,0.0534825870646766,12039,goodH,0.852801777383794,0.600850166065527,0.699574916967236,FALSE,FALSE
snp_6046,0.0333665100995986,0.00549097085557316,9.18330505709712e-05,0.0167243740654285,0.0144762681116353,0.000242138755490444,0.0167266006420415,0.0169712793733681,12043,lowH,NA,NA,NA,FALSE,FALSE
snp_6048,0.0483778606439473,-0.00444791143558178,-0.000107642783731412,0.0242007479893386,0.00337485717038742,8.16835330536833e-05,0.0242035526037703,0.0248041775456919,12047,lowH,NA,NA,NA,FALSE,FALSE
snp_6050,0.00487801961968182,0.00394170681530298,9.63229775079374e-06,0.00244368701228566,0.0113144565896695,2.76517736066156e-05,0.00244393297967687,0.00244498777506112,12051,lowH,NA,NA,NA,FALSE,FALSE
snp_6052,0.0665873959571937,0.00108192459497299,3.60743703188258e-05,0.0333427768316207,0.00886726317211336,0.000295694662205038,0.0333467786469864,0.0344827586206897,12055,lowH,NA,NA,NA,FALSE,FALSE
snp_6054,0.025835366355089,0.00158819387567794,2.05481171517332e-05,0.0129380407936417,0.00943843058709358,0.000122128781527064,0.0129395221377235,0.0130890052356021,12059,lowH,NA,NA,NA,FALSE,FALSE
snp_6056,0.0697340571146232,0.00818746381045395,0.000286240607479602,0.0349608394133142,0.0156429248621583,0.000546945251207082,0.0349643852429537,0.0361757105943152,12063,lowH,NA,NA,NA,FALSE,FALSE
snp_6058,0.313519337441763,0.000952405453783787,0.000149504366084207,0.156975545961276,0.00828738796683759,0.00130105402718777,0.156992050136184,0.194647201946472,12067,goodH,0.849781367212677,0.920380144319544,0.460190072159772,FALSE,FALSE
snp_6060,0.0279486396003825,0.00511676278871577,7.1659345467576e-05,0.0140048207092206,0.0127915589890686,0.000179164550966401,0.0140064671647539,0.0141752577319588,12071,lowH,NA,NA,NA,FALSE,FALSE
snp_6062,0.347898288872356,-0.00374788724458729,-0.000652444729931391,0.174083340120131,0.00503644644512678,0.00087687668044863,0.174106225491008,0.224226804123711,12075,goodH,0.852801777383794,0.576362136339057,0.711818931830472,FALSE,FALSE
snp_6064,0.029049375486722,0.00403678902274748,5.87706988307765e-05,0.0145587739412689,0.0138899337723476,0.000202250447274154,0.0145609367610376,0.0147420147420147,12079,lowH,NA,NA,NA,FALSE,FALSE
snp_6066,0.00977971493942009,0.01338586512011,6.57316075687623e-05,0.004910523673962,0.0244045307466992,0.000119858938071191,0.00491133959162081,0.00491400491400491,12083,lowH,NA,NA,NA,FALSE,FALSE
snp_6068,0.0879795456687718,-0.00416098411115219,-0.000183130770220608,0.0440114081978309,0.00333680573262452,0.000146872600533902,0.0440159278971212,0.0461165048543689,12087,lowH,NA,NA,NA,FALSE,FALSE
snp_6070,0.228730188839686,0.0105127146110891,0.0012060525823604,0.114723230581017,0.0180286758265069,0.00206854945681125,0.114736627177573,0.131713554987212,12091,goodH,0.619605068186003,0.169698893670701,0.0848494468353505,FALSE,FALSE
snp_6072,0.0737828768780948,-0.00503605596191896,-0.000185866395677191,0.0369071346868766,0.00306835091284619,0.000113258296293856,0.0369117807939373,0.0383631713554987,12095,lowH,NA,NA,NA,FALSE,FALSE
snp_6074,0.032695364368365,-0.000726578835788686,-1.18913168546971e-05,0.0163661756563406,0.00695480800152884,0.000113837191163009,0.0163681285145449,0.0166240409207161,12099,lowH,NA,NA,NA,FALSE,FALSE
snp_6076,0.123561822996588,0.0021926665893748,0.000135678410104742,0.0618782676592105,0.00937865447562292,0.000580401567424069,0.0618853769410797,0.0661577608142494,12103,goodH,0.847246047458463,0.779108692733876,0.389554346366938,FALSE,FALSE
snp_6078,0.0464852607709751,0.00766966713908579,0.000178726320137286,0.023303008709005,0.0150300349944652,0.000350287825554721,0.0233058556206765,0.0238095238095238,12107,lowH,NA,NA,NA,FALSE,FALSE
snp_6080,0.0271218750000002,-0.00299685186179531,-4.06783030523933e-05,0.0135736782891979,0.00595086566232797,8.07847927918402e-05,0.0135753010361584,0.01375,12111,lowH,NA,NA,NA,FALSE,FALSE
snp_6082,0.0240928019036288,-0.00152311929613063,-1.83653379972499e-05,0.0120577147462485,0.00583179941104229,7.03251718350345e-05,0.0120589147325397,0.0121951219512195,12115,lowH,NA,NA,NA,FALSE,FALSE
snp_6084,0.0652521504469556,0.00818800835694147,0.000267863538643115,0.0327141261911429,0.0157008605003359,0.000513691516045774,0.0327174116370746,0.0337662337662338,12119,lowH,NA,NA,NA,FALSE,FALSE
snp_6086,0.0842750096758436,-0.00450433782415905,-0.000189950811938172,0.042170640692039,0.00517197850409644,0.000218135678850529,0.0421764473069166,0.044080604534005,12123,lowH,NA,NA,NA,FALSE,FALSE
snp_6088,0.151716747923263,0.00541425995391072,0.000411641934604469,0.0760292150928474,0.0131811115407692,0.00100227038741756,0.0760383814610427,0.917302798982188,12127,goodH,0.797483515033524,0.413341483669614,0.206670741834807,FALSE,FALSE
snp_6090,0.155951155397575,0.00357270807473648,0.000279117998318851,0.0781250503763698,0.0113211708877986,0.000884573425063939,0.0781344468545465,0.914758269720102,12131,goodH,0.821364305356277,0.568691625242384,0.284345812621192,FALSE,FALSE
snp_6092,0.081343081346027,0.0120185648434708,0.000490419953385622,0.0408052009347895,0.0189201326210212,0.000772113109489157,0.0408090749126833,0.0424757281553398,12135,lowH,NA,NA,NA,FALSE,FALSE
snp_6094,0.0183952606434998,4.1131383893361e-05,3.78812440587684e-07,0.00920981510298339,0.00809070827815473,7.45256924047034e-05,0.00921126925388301,0.00928381962864721,12139,lowH,NA,NA,NA,FALSE,FALSE
snp_6096,0.0830713296398891,0.014792303109667,0.000616832183233031,0.0416995364859662,0.0222711051836213,0.000928831116668024,0.0417056589248705,0.043421052631579,12143,lowH,NA,NA,NA,FALSE,FALSE
snp_6098,0.0305270115978609,0.00132098180460003,2.01931853896224e-05,0.0152864977544005,0.00903739493902792,0.000138163387906669,0.0152879661494057,0.0155038759689922,12147,lowH,NA,NA,NA,FALSE,FALSE
snp_6100,0.00515460475799401,0.00319774228141247,8.25681481973778e-06,0.00258207638174352,0.0109903326156248,2.83806311826754e-05,0.00258232686627946,0.00258397932816537,12151,lowH,NA,NA,NA,FALSE,FALSE
snp_6102,0.197530864197531,0.00890077535706596,0.000881785786111873,0.0990684238999313,0.0179066238514174,0.00177417990516878,0.0990795316800242,0.111111111111111,12155,goodH,0.619605068186003,0.173689302431228,0.0868446512156141,FALSE,FALSE
snp_6104,0.20355,-0.000641163640447242,-6.53282101428552e-05,0.10189007301987,0.00693445954421642,0.000706631494351585,0.101901451705914,0.115,12159,goodH,0.849781367212677,0.882599260705393,0.558700369647304,FALSE,FALSE
snp_6106,0.0398837156601854,-0.000885759858451238,-1.7682925496711e-05,0.019963566115572,0.00676011923365583,0.00013497632104564,0.0199665592248208,0.0203562340966921,12163,lowH,NA,NA,NA,FALSE,FALSE
snp_6108,0.139086333289242,-0.0057069634319419,-0.000397003041057109,0.0695646723150671,0.00237241672654852,0.00016505524990499,0.069572621056807,0.924802110817942,12167,goodH,0.856951771465273,0.165038207844558,0.917480896077721,FALSE,FALSE
snp_6110,0.0313551278354478,-0.00221158766430317,-3.47005936091105e-05,0.0156903541149222,0.00517385812414071,8.11888813477228e-05,0.0156921352305552,0.0159313725490196,12171,lowH,NA,NA,NA,FALSE,FALSE
snp_6112,0.0289792387543251,-0.0023710037603785,-3.43819938809827e-05,0.0145010288281846,0.00503231035313098,7.29824330858224e-05,0.0145027687015397,0.0147058823529412,12175,lowH,NA,NA,NA,FALSE,FALSE
snp_6114,0.0627359282591526,-0.000963733195682068,-3.02617507763025e-05,0.0314005483176131,0.00638508527672084,0.000200514497576143,0.0314035739361526,0.0324189526184539,12179,lowH,NA,NA,NA,FALSE,FALSE
snp_6116,0.0663422877454694,-0.00126876423897783,-4.21328029724015e-05,0.0332077478841504,0.00682365535984529,0.000226625007213017,0.0332116725218307,0.0343511450381679,12183,lowH,NA,NA,NA,FALSE,FALSE
snp_6118,0.0325317742426303,-0.00138877207083366,-2.26123902117202e-05,0.0162822904396013,0.00625581382351859,0.000101870288958423,0.0162840985733053,0.0165394402035623,12187,lowH,NA,NA,NA,FALSE,FALSE
snp_6120,0.0285283933518006,0.000529518140416938,7.56367699457964e-06,0.0142840753078338,0.00842611240342053,0.000120373184767419,0.014285732138887,0.0144736842105263,12191,lowH,NA,NA,NA,FALSE,FALSE
snp_6122,0.259551526476604,-0.000311597514294567,-4.0488113085185e-05,0.129937214604702,0.00760972447812794,0.000988914899964904,0.129954100546908,0.846733668341708,12195,goodH,0.849781367212677,0.983769829249374,0.508115085375313,FALSE,FALSE
snp_6124,0.0298438934802572,0.00127872352333693,1.91091143791209e-05,0.0149438983723816,0.00882789359955462,0.000131936193428536,0.0149453764865486,0.0151515151515152,12199,lowH,NA,NA,NA,FALSE,FALSE
snp_6126,0.162550547323317,0.00273463341508501,0.000222657638078332,0.0814213842521229,0.0106837669826698,0.000869986203753851,0.0814306606616428,0.089238845144357,12203,goodH,0.839234216016959,0.63202925342069,0.316014626710345,FALSE,FALSE
snp_6128,0.0850442696198022,-0.00577024612097564,-0.000245440430860066,0.0425355220062202,0.00240862427880965,0.00010246387006261,0.0425404123690259,0.0445026178010471,12207,lowH,NA,NA,NA,FALSE,FALSE
snp_6130,0.0918751838055094,0.000190085855394562,8.74324761024452e-06,0.0459963083107689,0.00775097283476341,0.000356553861491242,0.0460011754772361,0.0482673267326733,12211,lowH,NA,NA,NA,FALSE,FALSE
snp_6132,0.0407009762017205,0.0030495332165182,6.21675046668209e-05,0.0203859083515085,0.0103043984774467,0.000210087296913949,0.0203881184693864,0.0207823960880196,12215,lowH,NA,NA,NA,FALSE,FALSE
snp_6134,0.00752812339396858,0.0437611260703426,0.000166344005457253,0.00380118201688568,0.0558599909749265,0.000212367872849317,0.00380178852776116,0.00377833753148615,12219,lowH,NA,NA,NA,FALSE,FALSE
snp_6136,0.0739644970414202,0.0129046452562851,0.000478905027584728,0.037111057148315,0.0199868897774072,0.000741811127331833,0.0371148855871694,0.0384615384615385,12223,lowH,NA,NA,NA,FALSE,FALSE
snp_6138,0.29104173043567,-0.00142000560968574,-0.000206848348642629,0.145667275700697,0.00624870924818134,0.000910335874448868,0.145683826578076,0.176767676767677,12227,goodH,0.852801777383794,0.774891943718504,0.612554028140748,FALSE,FALSE
snp_6140,0.105709499782986,-0.00247055404237848,-0.000130709551833422,0.0529069794027191,0.0061875328910097,0.000327399430221641,0.0529127579584009,0.0559895833333333,12231,goodH,0.852801777383794,0.76507837923369,0.617460810383155,FALSE,FALSE
snp_6142,0.278327492402706,0.00174927763703254,0.00024380655189177,0.139375560934604,0.00909724339489527,0.00126806831558936,0.139390391192667,0.832920792079208,12235,goodH,0.849781367212677,0.813950882789051,0.406975441394525,FALSE,FALSE
snp_6144,0.034814933504246,0.00969359149938898,0.000169241836783279,0.0174591467769141,0.0171378574334035,0.000299246071377733,0.0174611133591572,0.0177215189873418,12239,lowH,NA,NA,NA,FALSE,FALSE
snp_6146,0.148619464864731,-0.0033155882218264,-0.000246554966830172,0.0743623605630848,0.00468777718202456,0.000348644357281566,0.0743730650463624,0.0808457711442786,12243,goodH,0.852801777383794,0.518553583300816,0.740723208349592,FALSE,FALSE
snp_6148,0.188674888706907,-0.00377496715147715,-0.000356331892715283,0.0943933757346337,0.00394359662051035,0.00037229140979299,0.0944040290167433,0.89454094292804,12247,goodH,0.852938297158161,0.396673078332876,0.801663460833562,FALSE,FALSE
snp_6150,0.193589939802061,-0.00362109279849227,-0.000350761521525379,0.0968662061550663,0.00479340422803039,0.000464375093378748,0.0968779329444451,0.108585858585859,12251,goodH,0.852801777383794,0.536053049242133,0.731973475378934,FALSE,FALSE
snp_6152,0.106926000418758,-0.00147969745534456,-7.91822502386094e-05,0.0535124595589514,0.00575698729149327,0.000308102851441286,0.0535180704491999,0.0566750629722922,12255,goodH,0.852801777383794,0.695251006862728,0.652374496568636,FALSE,FALSE
snp_6154,0.0770685705152112,-0.00662557112968088,-0.000255331133215581,0.0385372261829266,0.00103482209973951,3.98834952841043e-05,0.0385414027146734,0.0401459854014599,12259,lowH,NA,NA,NA,FALSE,FALSE
snp_6156,0.0317377731529656,0.0014135988211887,2.24696587917841e-05,0.015895357618429,0.0100129900622538,0.000159179930794761,0.0158973423328188,0.0161290322580645,12263,lowH,NA,NA,NA,FALSE,FALSE
snp_6158,0.148283038501561,-0.00383861966077065,-0.000284825584599052,0.0742000015031106,0.00513731186512254,0.000381238224345098,0.0742096711965926,0.0806451612903226,12267,goodH,0.852801777383794,0.593087067831244,0.703456466084378,FALSE,FALSE
snp_6160,0.0483963327155514,-0.00438846141590387,-0.00010623904675295,0.024208722986133,0.00304251083227721,7.36632482346432e-05,0.0242113347479881,0.0248138957816377,12271,lowH,NA,NA,NA,FALSE,FALSE
snp_6162,0.11881822232123,-0.00113445165341668,-6.74686130752876e-05,0.0594724445701054,0.00658468265777124,0.000391651398214789,0.0594791607386822,0.0634328358208955,12275,goodH,0.849781367212677,0.828220033905243,0.585889983047379,FALSE,FALSE
snp_6164,0.121928166351607,-0.00330927044395931,-0.000201891357519542,0.0610078145435562,0.00463660137639089,0.000282899772240455,0.0610144692793633,0.0652173913043478,12279,goodH,0.852801777383794,0.510084014534928,0.744957992732536,FALSE,FALSE
snp_6166,0.0309202050382391,0.00621476477581615,9.63096091468348e-05,0.0154969033617507,0.0139585946517621,0.000216335704629543,0.0154983871963238,0.0157068062827225,12283,lowH,NA,NA,NA,FALSE,FALSE
snp_6168,0.126860557550506,-0.00180570561486967,-0.000114658161034933,0.0634977042164252,0.00658582049803801,0.000418227868448404,0.0635042920730984,0.0680628272251309,12287,goodH,0.849781367212677,0.828398902604854,0.585800548697573,FALSE,FALSE
snp_6170,0.0334523450563307,0.00811493022770841,0.000136127748949914,0.0167749746615326,0.0170624772190331,0.000286254290190822,0.0167768306158678,0.0170157068062827,12291,lowH,NA,NA,NA,FALSE,FALSE
snp_6172,0.407358036938296,-0.000845176996724808,-0.000172372457769561,0.203948354531099,0.00808213999394937,0.00164851744293331,0.203970414292187,0.715223097112861,12295,goodH,0.849781367212677,0.948775980712412,0.474387990356206,FALSE,FALSE
snp_6174,0.189561004358433,-0.00213483293907808,-0.000202557701708135,0.0948822261453433,0.00667083369404967,0.000633011909553591,0.0948924735027096,0.106020942408377,12299,goodH,0.849781367212677,0.841727773186242,0.579136113406879,FALSE,FALSE
snp_6176,0.0334523450563307,0.00826031911710601,0.000138570076170087,0.0167753901762859,0.0172048291680895,0.000288649388738533,0.0167772307366994,0.0170157068062827,12303,lowH,NA,NA,NA,FALSE,FALSE
snp_6178,0.0562188365650969,0.0072996432877119,0.000205716318167147,0.0281816946471133,0.0149730255125881,0.00042201166776412,0.0281847958790511,0.0289473684210526,12307,lowH,NA,NA,NA,FALSE,FALSE
snp_6180,0.449000849757408,0.0069738988619146,0.00156964996002148,0.225074953207817,0.0149213464989825,0.00335881068107037,0.225101044419779,0.340314136125654,12311,goodH,0.706888224458564,0.302845797215405,0.151422898607703,FALSE,FALSE
snp_6182,0.26851950260389,0.0113865830477659,0.00153344361627328,0.134671095783572,0.0175885529322905,0.00236888302681876,0.134683224705187,0.15979381443299,12315,goodH,0.627541199194784,0.184502816050447,0.0922514080252234,FALSE,FALSE
snp_6184,0.250117300308615,0.00888871554321576,0.00111454183793211,0.125388402015269,0.0152501960549235,0.00191236625889902,0.125399454014339,0.853470437017995,12319,goodH,0.69397382268159,0.285222562730408,0.142611281365204,FALSE,FALSE
snp_6186,0.0400834636089509,0.0028339820819596,5.68976144524813e-05,0.0200769139701612,0.0104213218872458,0.000209250126515547,0.0200790387994482,0.020460358056266,12323,lowH,NA,NA,NA,FALSE,FALSE
snp_6190,0.0522189173111243,0.0031371936059007,8.20530427819432e-05,0.0261549184046566,0.0103142979372692,0.00026979540623564,0.0261574183600781,0.0268292682926829,12330,lowH,NA,NA,NA,FALSE,FALSE
snp_6192,0.0867768595041321,0.0102149895436415,0.000444530765988987,0.04351749593965,0.0171997687950483,0.00074856128491513,0.043521589960595,0.0454545454545455,12334,lowH,NA,NA,NA,FALSE,FALSE
snp_6194,0.00247218409959804,0.0106971076571004,1.32639203767889e-05,0.00123995390174322,0.0180739986629089,2.24131176225992e-05,0.00124007520641212,0.00123762376237624,12338,lowH,NA,NA,NA,FALSE,FALSE
snp_6196,0.031971875,0.00682791263112323,0.000109437926604674,0.0160280209365642,0.0154058289751894,0.000246953634438132,0.0160298828992483,0.01625,12342,lowH,NA,NA,NA,FALSE,FALSE
snp_6198,0.0343875,0.00438343304402844,7.55187274562981e-05,0.0172282151222037,0.0118009381527935,0.000203329998538351,0.0172299859473645,0.0175,12346,lowH,NA,NA,NA,FALSE,FALSE
snp_6200,0.448190279934002,-0.00146144245588946,-0.000327888190634433,0.224359289216676,0.00731474704615153,0.0016413568206265,0.224390099926977,0.339050131926121,12350,goodH,0.849781367212677,0.940231580529481,0.52988420973526,FALSE,FALSE
snp_6202,0.435617268050209,-0.00316314780183112,-0.000689551779507531,0.217995434518854,0.00552403808165165,0.00120437877210494,0.218025066862834,0.320580474934037,12354,goodH,0.852801777383794,0.65701466610488,0.67149266694756,FALSE,FALSE
snp_6204,0.0745147527191874,0.0143781909456038,0.000537727737560449,0.0373988452090257,0.0217323616899397,0.000812854313895853,0.0374029443045824,0.0387596899224806,12358,lowH,NA,NA,NA,FALSE,FALSE
snp_6206,0.0750029744199883,-0.0024836692000073,-9.32395066738455e-05,0.037541032708209,0.006599768430662,0.000247791450236495,0.0375454764572157,0.0390243902439024,12362,lowH,NA,NA,NA,FALSE,FALSE
snp_6208,0.085972140823225,-0.00316339347094818,-0.000136063818320386,0.0430119805107906,0.00394480356695486,0.000169691220720117,0.0430163930446625,0.0450121654501217,12366,lowH,NA,NA,NA,FALSE,FALSE
snp_6210,0.24181207545264,-0.00338712255619134,-0.000409781229833529,0.120982108865381,0.00420078838515058,0.000508287648847981,0.120998156118678,0.14070351758794,12370,goodH,0.852801777383794,0.4383905972613,0.78080470136935,FALSE,FALSE
snp_6212,0.355647137447093,0.00768568328051741,0.00137031574346961,0.178294589232326,0.0154188839342293,0.00274940168668933,0.178313923265598,0.23134328358209,12374,goodH,0.691368050344157,0.276547220137663,0.138273610068831,FALSE,FALSE
snp_6214,0.0241509794896013,-0.00164187889825214,-1.98496619988224e-05,0.0120896017483101,0.00724178158564138,8.75611296526751e-05,0.0120911033586385,0.0122249388753056,12378,lowH,NA,NA,NA,FALSE,FALSE
snp_6216,0.098592,0.00147110201242565,7.26507079983608e-05,0.0493852277984241,0.0108639844811708,0.000536581141813796,0.0493908236654593,0.948,12382,lowH,NA,NA,NA,FALSE,FALSE
snp_6218,0.233799023153602,0.00717212996259179,0.000840568264050548,0.117199251607927,0.0149030616588059,0.00174683908530527,0.117213437433046,0.135170603674541,12386,goodH,0.707502978720257,0.30385391086091,0.151926955430455,FALSE,FALSE
snp_6220,0.250535399344923,-0.00621441501825101,-0.000778636162929513,0.125295166261466,0.0019236029504611,0.000241048594045353,0.125310992056636,0.146825396825397,12390,goodH,0.863777453037652,0.111509715832421,0.94424514208379,FALSE,FALSE
snp_6222,0.00745331185751352,-0.00378834712451668,-1.41260142907892e-05,0.00372880673985001,0.00383209088454396,1.42906498937945e-05,0.0037292043232673,0.00374064837905237,12394,lowH,NA,NA,NA,FALSE,FALSE
snp_6224,0.0808083295876458,0.00180547817283308,7.30645320807225e-05,0.0404682444684849,0.00947909286218738,0.000383646945626439,0.0404729599344709,0.0421836228287841,12398,lowH,NA,NA,NA,FALSE,FALSE
snp_6226,0.262187871581451,0.00344894325481493,0.000453056428951655,0.131360940287771,0.0120670334764039,0.00158533812123334,0.131377618561624,0.155172413793103,12402,goodH,0.810648381061125,0.501315805954485,0.250657902977243,FALSE,FALSE
snp_6228,0.0550456211021866,0.00184994548859372,5.09990420886696e-05,0.0275678620819459,0.00978473270175846,0.000269775693270213,0.02757108461652,0.0283251231527094,12406,lowH,NA,NA,NA,FALSE,FALSE
snp_6230,0.0388197235565142,0.00592371618286906,0.000115239305863057,0.0194538871049089,0.0132382332198628,0.000257563704540698,0.0194560482704177,0.0198019801980198,12410,lowH,NA,NA,NA,FALSE,FALSE
snp_6232,0.0292618370747966,0.00849826618736753,0.000124703357059978,0.0146739763512406,0.0170888136866216,0.000250793567053743,0.0146758910040715,0.0148514851485149,12414,lowH,NA,NA,NA,FALSE,FALSE
snp_6234,0.0425330812854443,-0.00441072320107953,-9.38456564804641e-05,0.0212767050214113,0.00326571154045587,6.94907525265884e-05,0.0212789009885692,0.0217391304347826,12418,lowH,NA,NA,NA,FALSE,FALSE
snp_6236,0.0517513219035413,-0.00142456170458583,-3.69023225004493e-05,0.0259043342114676,0.00684407421467661,0.000177310567045988,0.025907166036534,0.0265822784810127,12422,lowH,NA,NA,NA,FALSE,FALSE
snp_6238,0.243345617689473,0.000298195189255447,3.6329293147864e-05,0.121830580964681,0.00785007084573799,0.000956474957990073,0.121842844069282,0.141772151898734,12426,goodH,0.849781367212677,0.981553112451044,0.490776556225522,FALSE,FALSE
snp_6240,0.392088784177568,0.0132322581455723,0.0026030737092084,0.196721805195391,0.0195377942430701,0.00384396420373401,0.196745044804504,0.267716535433071,12430,goodH,0.563541756517976,0.126945195678786,0.0634725978393931,FALSE,FALSE
snp_6242,0.0352531229454307,-0.00313836107318221,-5.53679930718124e-05,0.0176423272468361,0.00571272288346735,0.000100798508583626,0.0176445647092977,0.0179487179487179,12434,lowH,NA,NA,NA,FALSE,FALSE
snp_6244,0.0730652139080274,-0.000430514982362779,-1.57485705370736e-05,0.0365807722895991,0.0080607479258059,0.00029490641828545,0.0365854907013441,0.0379746835443038,12438,lowH,NA,NA,NA,FALSE,FALSE
snp_6246,0.0772486615110055,0.00465297502365524,0.000180076319361687,0.0387013294604415,0.0117083504663304,0.000453173680521408,0.0387051687447003,0.0402439024390244,12442,lowH,NA,NA,NA,FALSE,FALSE
snp_6248,0.0358303585699824,0.0156414255929552,0.000281377430371845,0.0179892445672328,0.0237061872977665,0.000426505172036224,0.0179913018773966,0.0182481751824818,12446,lowH,NA,NA,NA,FALSE,FALSE
snp_6250,0.0633866292770291,0.0157159876477957,0.000500060132117627,0.0318185623025585,0.0226435206059653,0.000720552015609165,0.031821554083747,0.0327669902912621,12450,lowH,NA,NA,NA,FALSE,FALSE
snp_6252,0.0387258039932936,0.000866794273407774,1.68065873096062e-05,0.0193893612650804,0.00823259366540694,0.000159642467618654,0.0193915154940132,0.0197530864197531,12454,lowH,NA,NA,NA,FALSE,FALSE
snp_6254,0.0509978171777539,0.0048048311061937,0.000122772013025089,0.0255517853409725,0.0121459357715374,0.000310387089804023,0.025554810731947,0.0261845386533666,12458,lowH,NA,NA,NA,FALSE,FALSE
snp_6256,0.41880151481399,0.0037726220489522,0.00079157977541589,0.209822178088511,0.011872286880903,0.00249140086777351,0.209850123465347,0.298507462686567,12462,goodH,0.811598925536587,0.518226786709419,0.259113393354709,FALSE,FALSE
snp_6258,0.0486315383610798,0.00550091945873372,0.000134053430750069,0.0243692771282508,0.0128437347472683,0.000313030045627767,0.0243721979461111,0.0249376558603491,12466,lowH,NA,NA,NA,FALSE,FALSE
snp_6260,0.0314309171803031,-0.00219747330830606,-3.45625519381249e-05,0.0157283147911215,0.00521871375741324,8.20919933317521e-05,0.0157303115571609,0.015970515970516,12470,lowH,NA,NA,NA,FALSE,FALSE
snp_6262,0.0354315017536402,-0.00442347001264899,-7.84182768798993e-05,0.0177277740451864,0.00448253821847043,7.94748650235479e-05,0.0177298800701954,0.0180412371134021,12474,lowH,NA,NA,NA,FALSE,FALSE
snp_6264,0.26851950260389,-0.00150912465507136,-0.000202818153219973,0.134394566107186,0.0062218926567757,0.000836274797702536,0.134408425833548,0.15979381443299,12478,goodH,0.852801777383794,0.770593845179965,0.614703077410018,FALSE,FALSE
snp_6266,0.0790732277606547,0.0086341198785293,0.000342420265450463,0.0396589658549876,0.018058254535838,0.000716261745848768,0.0396639522622349,0.0412371134020619,12482,lowH,NA,NA,NA,FALSE,FALSE
snp_6268,0.0227529908883382,0.00206218863555166,2.34987578940716e-05,0.0113950574108297,0.00973497883514596,0.000110942795785561,0.0113963058024356,0.0115089514066496,12486,lowH,NA,NA,NA,FALSE,FALSE
snp_6270,0.49991696779679,0.0695933337897846,0.0176341764447108,0.25338887339378,0.0765585196071903,0.0194009264494077,0.253413030306109,0.493556701030928,12490,goodH,7.5371040253458e-05,4.76027622653419e-07,2.38013811326709e-07,TRUE,TRUE
snp_6272,0.120045366080974,0.00384085216089101,0.000231009919252434,0.0601454858389663,0.0119868454364567,0.000721093547433263,0.0601570739571009,0.0641361256544503,12494,goodH,0.811598925536587,0.50822175303627,0.254110876518135,FALSE,FALSE
snp_6274,0.188690185546875,-0.00504578002979866,-0.000476184386422756,0.0943727993710731,0.00225257260593899,0.00021260501745079,0.0943832029610274,0.10546875,12498,goodH,0.856951771465273,0.15000155035076,0.92499922482462,FALSE,FALSE
snp_6276,0.101325471670189,0.00368518374619707,0.000187048421479906,0.0507568779095292,0.0109785764378211,0.000557292651181969,0.0507618318584637,0.0535279805352798,12502,goodH,0.834442802798143,0.602058720255028,0.301029360127514,FALSE,FALSE
snp_6278,0.0950000000000001,-0.00219483344196812,-0.00010434460685719,0.0475410137562071,0.00546137391878427,0.000259669748804627,0.047546597736423,0.05,12506,lowH,NA,NA,NA,FALSE,FALSE
snp_6280,0.0697041685064148,-0.00525063183878616,-0.000183062370233443,0.0348648269111482,0.00267904909583889,9.34151231362041e-05,0.0348687611889222,0.0361596009975062,12510,lowH,NA,NA,NA,FALSE,FALSE
snp_6282,0.262996491324251,-0.00265199423038844,-0.000349023812211331,0.131608058649588,0.00532840074532322,0.000701345501242997,0.131624015303011,0.155759162303665,12514,goodH,0.852801777383794,0.62472721997889,0.687636390010555,FALSE,FALSE
snp_6284,0.0559332255146514,0.00505344249696158,0.000141634439371953,0.0280273179040055,0.0127271246655623,0.000356748714973166,0.0280305822680024,0.0287958115183246,12518,lowH,NA,NA,NA,FALSE,FALSE
snp_6286,0.0757693478106043,0.000641050813121826,2.43184830862508e-05,0.0379353439516335,0.00808210479571297,0.000306634538543747,0.0379399359813295,0.039440203562341,12522,lowH,NA,NA,NA,FALSE,FALSE
snp_6288,0.00254129194750363,0.0142930132160669,1.82309113574659e-05,0.00127551210384192,0.021848067384226,2.78709001678026e-05,0.001275668903691,0.00127226463104326,12526,lowH,NA,NA,NA,FALSE,FALSE
snp_6290,0.0025542742394411,-0.00077902551280201,-9.96058122964324e-07,0.00127859499669233,0.00703031384575136,8.99006305854981e-06,0.00127875700228985,0.00127877237851662,12530,lowH,NA,NA,NA,FALSE,FALSE
snp_6292,0.0277372596987198,-0.00483232542283549,-6.70447309908962e-05,0.0138742168882236,0.00293375514196523,4.07086836098049e-05,0.0138759649800001,0.0140664961636829,12534,lowH,NA,NA,NA,FALSE,FALSE
snp_6294,0.00734384149617573,0.0127509998495975,4.70225207879014e-05,0.0036877516541878,0.025019857213925,9.2283138284512e-05,0.00368839588073872,0.00368550368550369,12538,lowH,NA,NA,NA,FALSE,FALSE
snp_6296,0.0361758899842439,-0.0026841721802279,-4.86030455694481e-05,0.0181072756537256,0.00672951070270417,0.000121869434170296,0.0181097021097424,0.0184275184275184,12542,lowH,NA,NA,NA,FALSE,FALSE
snp_6298,0.0584264769923066,0.00779848672538029,0.000228399463456732,0.0292876645815659,0.0148043746248202,0.000433627491717835,0.029290497079886,0.0301204819277108,12546,lowH,NA,NA,NA,FALSE,FALSE
snp_6300,0.0099997474811242,0.00716282950195587,3.59261763706834e-05,0.00501564030818735,0.0185118663544233,9.28637733639456e-05,0.00501644575355074,0.0050251256281407,12550,lowH,NA,NA,NA,FALSE,FALSE
snp_6302,0.0512465373961217,0.00806365220290628,0.000207164160680467,0.0256911081315984,0.015379354575562,0.000395153184455627,0.0256937430315528,0.973684210526316,12554,lowH,NA,NA,NA,FALSE,FALSE
snp_6304,0.0792865622703374,0.0158634524228587,0.000631400826228688,0.0398022327925832,0.0229476245835476,0.000913457318644231,0.0398061819130133,0.0413533834586466,12558,lowH,NA,NA,NA,FALSE,FALSE
snp_6306,0.0529242395769014,-0.00146220837806597,-3.87319173287697e-05,0.0264886441014648,0.00624382356819584,0.000165410493284869,0.0264918589512075,0.0272020725388601,12562,lowH,NA,NA,NA,FALSE,FALSE
snp_6308,0.0852997448979591,-0.00507132464115379,-0.000216376665626557,0.0426666957722762,0.00288661489976066,0.000123177653915604,0.0426720079376772,0.0446428571428571,12566,lowH,NA,NA,NA,FALSE,FALSE
snp_6310,0.441026425874911,-0.00493958414190693,-0.00108972889961709,0.220611466129698,0.00310991054991874,0.00068615580051975,0.220635220693945,0.671717171717172,12570,goodH,0.856150345910198,0.267208631114622,0.866395684442689,FALSE,FALSE
snp_6312,0.0415397279935834,-0.0055906189365471,-0.000116153911649596,0.0207765746454784,0.0023851007107963,4.95591445392646e-05,0.0207786381157543,0.0212201591511936,12574,lowH,NA,NA,NA,FALSE,FALSE
snp_6314,0.0501459775086506,0.00337999266545968,8.48986776221669e-05,0.0251180064648515,0.0106087512303508,0.000266499291451728,0.0251207032444398,0.0257352941176471,12578,lowH,NA,NA,NA,FALSE,FALSE
snp_6316,0.00730806248169236,0.0113912563221363,4.17931849233852e-05,0.00366888284676463,0.0236258208401001,8.66959760297947e-05,0.00366954344640783,0.00366748166259169,12582,lowH,NA,NA,NA,FALSE,FALSE
snp_6318,0.00729030339083869,0.0110009786463894,4.02601964219952e-05,0.00365969226157973,0.0232100652429273,8.4956843240794e-05,0.00366034486984833,0.00365853658536585,12586,lowH,NA,NA,NA,FALSE,FALSE
snp_6322,0.00758522507665749,-0.0019323618267246,-7.3417192935541e-06,0.00379935020037033,0.0109698202568807,4.16860935584163e-05,0.0038000707926157,0.00380710659898477,12593,lowH,NA,NA,NA,FALSE,FALSE
snp_6324,0.289541939321832,-0.00077778316726607,-0.000112723423384942,0.144929111517248,0.0067086492017234,0.000972382465988895,0.144944598644254,0.175609756097561,12597,goodH,0.849781367212677,0.847634017998711,0.576182991000644,FALSE,FALSE
snp_6326,0.0673336938885882,0.00252960415671422,8.53088542505581e-05,0.0337241912036421,0.0101102231511755,0.00034100540277773,0.0337287711338084,0.0348837209302326,12601,lowH,NA,NA,NA,FALSE,FALSE
snp_6328,0.0880125123599977,0.0134627564504999,0.000594567106887438,0.0441638463173239,0.0205114698931633,0.000905960392271089,0.0441684772953816,0.0461346633416459,12605,lowH,NA,NA,NA,FALSE,FALSE
snp_6330,0.111117774803666,0.00489753612187906,0.000272689343296769,0.0556788835264669,0.012694402913733,0.000706887819019881,0.0556849994303522,0.0590452261306533,12609,goodH,0.80505961765128,0.449985954708242,0.224992977354121,FALSE,FALSE
snp_6332,0.0223573899648999,0.0102456024220495,0.000114947576439627,0.0112192111019503,0.0210959785718276,0.000236716420303088,0.0112209262773526,0.0113065326633166,12613,lowH,NA,NA,NA,FALSE,FALSE
snp_6334,0.122691562085501,-0.00355097676277802,-0.000217980151022827,0.061385969434589,0.00428324219051563,0.00026295960080477,0.0613926528336502,0.0656565656565657,12617,goodH,0.852801777383794,0.451875545390464,0.774062227304768,FALSE,FALSE
snp_6336,0.171236140567532,0.000459157444760125,3.93749986655206e-05,0.0857548954391691,0.00967442794688979,0.000829742828773855,0.0857666038063375,0.094559585492228,12621,goodH,0.843330227695123,0.743689221186262,0.371844610593131,FALSE,FALSE
snp_6338,0.0700403891935351,0.00841894714215243,0.000295631979833354,0.0351150773180613,0.0156610940020208,0.000550003330232852,0.0351190874763847,0.0363408521303258,12625,lowH,NA,NA,NA,FALSE,FALSE
snp_6340,0.049554725653548,-0.00647916567814818,-0.000160561712766286,0.0247812327608477,0.00151444408146941,3.75340818208391e-05,0.0247840658365022,0.0254237288135593,12629,lowH,NA,NA,NA,FALSE,FALSE
snp_6342,0.0311299364791826,0.00467430837823547,7.29304713951807e-05,0.0156024090611479,0.0142093824808808,0.000221729158632819,0.0156044190471446,0.0158150851581509,12633,lowH,NA,NA,NA,FALSE,FALSE
snp_6344,0.0358303585699824,0.000443719997868832,7.95945872279562e-06,0.0179380211868398,0.00770768183513171,0.000138274127909497,0.0179397814890648,0.0182481751824818,12637,lowH,NA,NA,NA,FALSE,FALSE
snp_6346,0.00485434019452891,0.0216624046325845,5.29081356814428e-05,0.00244239439613545,0.036132202495801,8.8266255624651e-05,0.00244286950497713,0.0024330900243309,12641,lowH,NA,NA,NA,FALSE,FALSE
snp_6348,0.00258731778034305,0.0124244351920067,1.61293551142136e-05,0.0012981962451372,0.0201360745641516,2.61436610239201e-05,0.00129834943452503,0.00129533678756477,12645,lowH,NA,NA,NA,FALSE,FALSE
snp_6350,0.0426397107166339,-0.000369691892419515,-7.89116792425608e-06,0.0213452555656845,0.00727489461849384,0.000155301475753604,0.0213475911195751,0.0217948717948718,12649,lowH,NA,NA,NA,FALSE,FALSE
snp_6352,0.068540802391198,0.000523686889823086,1.79723030300629e-05,0.0343187950268038,0.00853624674185923,0.000292986972251692,0.0343226925265609,0.0355329949238579,12653,lowH,NA,NA,NA,FALSE,FALSE
snp_6354,0.0650889956777363,-0.0057271912661173,-0.000186433430073304,0.0325523317470232,0.00197796728830037,6.43947409920739e-05,0.0325560191884706,0.0336787564766839,12657,lowH,NA,NA,NA,FALSE,FALSE
snp_6356,0.0668343195266272,-0.00226779093685061,-7.58467389749982e-05,0.0334452077316836,0.00529545241174267,0.000177126234010522,0.0334487443637004,0.0346153846153846,12661,lowH,NA,NA,NA,FALSE,FALSE
snp_6358,0.0277372596987198,0.00310534023395488,4.31448345987219e-05,0.0138937544192295,0.0107395616440366,0.000149228614231576,0.0138952239558528,0.0140664961636829,12665,lowH,NA,NA,NA,FALSE,FALSE
snp_6360,0.0572353714661407,-0.0025257831760572,-7.23396938125894e-05,0.0286405003003913,0.00509718160647737,0.000146003322175945,0.0286439317740627,0.0294871794871795,12669,lowH,NA,NA,NA,FALSE,FALSE
snp_6362,0.00511505588428673,0.00502739416985973,1.28856939224033e-05,0.00256309600700413,0.0127593249335764,3.27073495317379e-05,0.00256340752367454,0.00256410256410256,12673,lowH,NA,NA,NA,FALSE,FALSE
snp_6364,0.0342194500136135,0.0104354488094455,0.000179094467665871,0.0171621241152336,0.0177274848942349,0.000304270461583185,0.0171637693332423,0.0174129353233831,12677,lowH,NA,NA,NA,FALSE,FALSE
snp_6366,0.031971875,0.0105424594506844,0.00016905223179528,0.0160353694112909,0.0178813352215215,0.000286762251858772,0.016036959673662,0.01625,12681,lowH,NA,NA,NA,FALSE,FALSE
snp_6368,0.0296962197924293,-0.000283337590096182,-4.21203556229636e-06,0.0148657845253309,0.00725091271935016,0.000107801207975269,0.0148672604605466,0.0150753768844221,12685,lowH,NA,NA,NA,FALSE,FALSE
snp_6370,0.00493824134888743,-0.000179408171174094,-4.44065596620644e-07,0.00247516929532564,0.0148802065759937,3.68387122238741e-05,0.00247568553808293,0.00247524752475248,12689,lowH,NA,NA,NA,FALSE,FALSE
snp_6372,0.0936688587444492,-0.00386582192039209,-0.000181177005252694,0.0468663608887391,0.00448836945677929,0.000210378994605502,0.0468720315097374,0.0492610837438424,12693,lowH,NA,NA,NA,FALSE,FALSE
snp_6374,0.0541393805439441,0.00130250553579063,3.53081242616593e-05,0.0271078496723831,0.00845469461303346,0.000229212797837235,0.0271107128439492,0.0278450363196126,12697,lowH,NA,NA,NA,FALSE,FALSE
snp_6376,0.0855753390123646,-0.00557316132089642,-0.000238519527219044,0.0427978867801155,0.00195480466860386,8.36708087133606e-05,0.0428026442013355,0.0447941888619855,12701,lowH,NA,NA,NA,FALSE,FALSE
snp_6378,0.0227529908883382,-0.000389831066410797,-4.44150122216065e-06,0.0113933998720366,0.0090829427451508,0.000103501227378946,0.011395120533398,0.0115089514066496,12705,lowH,NA,NA,NA,FALSE,FALSE
snp_6380,0.0549560206448543,-0.00106929646041962,-2.9413327930278e-05,0.0275071778678997,0.00655822377775438,0.000180419102545205,0.0275103608323323,0.0282776349614396,12709,lowH,NA,NA,NA,FALSE,FALSE
snp_6382,0.0378169586508152,-0.0035478772254192,-6.71510048508016e-05,0.0189270937476895,0.00631870696891759,0.000119612660267333,0.018929926780229,0.019280205655527,12713,lowH,NA,NA,NA,FALSE,FALSE
snp_6384,0.175884286653517,-0.000717480436152988,-6.31870865062206e-05,0.0880680271158602,0.00877509353570586,0.000772917356132425,0.0880808111033145,0.0974358974358974,12717,goodH,0.849781367212677,0.855199689532439,0.427599844766219,FALSE,FALSE
snp_6386,0.0937991111111112,0.000106385429419615,4.99660676591938e-06,0.0469670216417638,0.00874983652807796,0.000411011709134331,0.0469736443435722,0.0493333333333333,12721,lowH,NA,NA,NA,FALSE,FALSE
snp_6388,0.348044049967127,0.00580320955470988,0.00101222581634708,0.174425170555069,0.0135718828266666,0.00236753280900679,0.174443947036956,0.224358974358974,12725,goodH,0.784876600415121,0.385828813046169,0.192914406523085,FALSE,FALSE
snp_6390,0.055577213435311,-0.000436736932518225,-1.21527660274795e-05,0.0278262842517272,0.00828898259916954,0.000230682196540473,0.0278299771751945,0.0286069651741294,12729,lowH,NA,NA,NA,FALSE,FALSE
snp_6392,0.0324505913576747,-0.00480809035803891,-7.80442525481746e-05,0.0162318606216891,0.00285908506522182,4.64131261117367e-05,0.0162335590067992,0.016497461928934,12733,lowH,NA,NA,NA,FALSE,FALSE
snp_6394,0.0716709049375344,0.00219862467629943,7.89136539649062e-05,0.0358922806678073,0.00944240788547622,0.000338946469688823,0.0358961902302665,0.0372208436724566,12737,lowH,NA,NA,NA,FALSE,FALSE
snp_6396,0.0229268519502603,-0.00316119202778802,-3.62642556776553e-05,0.0114717028762819,0.00463548854642225,5.31823389178248e-05,0.0114728659957259,0.0115979381443299,12741,lowH,NA,NA,NA,FALSE,FALSE
snp_6398,0.0671664098203848,0.00893033087445249,0.000300753176079526,0.0336777192589703,0.0163613879917876,0.000551066572937081,0.0336809183434609,0.0347938144329897,12745,lowH,NA,NA,NA,FALSE,FALSE
snp_6400,0.0360888840830451,0.00161042834637099,2.91074070029149e-05,0.0180743260440657,0.00992278933694348,0.000179367893539468,0.0180763581135059,0.0183823529411765,12749,lowH,NA,NA,NA,FALSE,FALSE
snp_6402,0.10057652554431,0.00277907406169746,0.000140060987026808,0.0503984362839393,0.0130542507534143,0.000658025644491725,0.0504070020502417,0.0531088082901554,12753,goodH,0.797483515033524,0.422634107368449,0.211317053684224,FALSE,FALSE
snp_6404,0.315017536401318,-0.000241648205965244,-3.81093419327675e-05,0.157705875698695,0.00764097390996924,0.00120517576017781,0.157725412280941,0.804123711340206,12757,goodH,0.849781367212677,0.988319709262384,0.505840145368808,FALSE,FALSE
snp_6406,0.0710687670363679,0.00994597116551807,0.000354481616197983,0.0356407242991961,0.0172664664906978,0.000615456714570737,0.0356446245039372,0.0368956743002544,12761,lowH,NA,NA,NA,FALSE,FALSE
snp_6408,0.0472947469804248,-0.00209989106479165,-4.97072803608548e-05,0.0236713614312115,0.00634600558418681,0.000150236440726192,0.0236741740506116,0.024234693877551,12765,lowH,NA,NA,NA,FALSE,FALSE
snp_6410,0.499593948830841,0.0018025563515172,0.000451080308969572,0.250244775199344,0.0107340438515107,0.00268650196660048,0.250278646497461,0.485751295336788,12769,goodH,0.83860437086585,0.62683486683856,0.31341743341928,FALSE,FALSE
snp_6412,0.190897966318979,0.000205747033597626,1.9663780243262e-05,0.0955726063186792,0.00785166965189832,0.000750483867915222,0.0955827105810261,0.106870229007634,12773,goodH,0.849781367212677,0.981324902745639,0.490662451372819,FALSE,FALSE
snp_6414,0.170957413577676,0.00698869185110324,0.00059887710432309,0.0856923036646052,0.0145513205479164,0.0012470749014076,0.085701836977687,0.0943877551020408,12777,goodH,0.72572731084281,0.323843202007819,0.161921601003909,FALSE,FALSE
snp_6416,0.10594543940025,0.00399530190327472,0.000212059402613194,0.0530771910977192,0.0116269028080088,0.000617192620671431,0.0530831495595113,0.0561224489795918,12781,goodH,0.821364305356277,0.540214684440345,0.270107342220173,FALSE,FALSE
snp_6418,0.0898472375299399,0.0204234731426267,0.000921933637606571,0.0451408842741034,0.0273413126129333,0.00123434866864097,0.0451459184171387,0.0471464019851117,12785,lowH,NA,NA,NA,FALSE,FALSE
snp_6420,0.078908091367591,-0.00384433213887766,-0.000151751660343616,0.0394741283691266,0.00350113439610027,0.000138221387715288,0.039479029388088,0.0411471321695761,12789,lowH,NA,NA,NA,FALSE,FALSE
snp_6422,0.098498903693709,-0.00686385966959751,-0.000338119014817927,0.0492607703382365,0.0019619827522316,9.66603204683249e-05,0.049266651482222,0.051948051948052,12793,lowH,NA,NA,NA,FALSE,FALSE
snp_6424,0.351239669421488,0.00173586521777719,0.000305331406941305,0.17589580332296,0.00939888548001746,0.00165339589966462,0.17591403823143,0.227272727272727,12797,goodH,0.847246047458463,0.776646758062674,0.388323379031337,FALSE,FALSE
snp_6426,0.0430413495854283,-0.00392247055176811,-8.44687767492012e-05,0.0215345853166764,0.00425342114197432,9.16058510511203e-05,0.0215369811719606,0.0220048899755501,12801,lowH,NA,NA,NA,FALSE,FALSE
snp_6428,0.122804628547136,0.00513901401599549,0.00031630266630402,0.0615492904513412,0.0140369661027076,0.000864097409957382,0.0615587017618218,0.0657216494845361,12805,goodH,0.762206970516408,0.355193297845748,0.177596648922874,FALSE,FALSE
snp_6430,0.00249687499999984,0.0144646702301674,1.81277171205367e-05,0.00125324095413733,0.0218906561724188,2.74377324870969e-05,0.00125339927094864,0.00125,12809,lowH,NA,NA,NA,FALSE,FALSE
snp_6432,0.0467264599366228,-0.00208486194330033,-4.87545533142266e-05,0.023385027229692,0.00584993091823252,0.000136816046662113,0.0233876345848286,0.023936170212766,12813,lowH,NA,NA,NA,FALSE,FALSE
snp_6434,0.0248099795459711,0.000822435685345163,1.02164712313745e-05,0.0124222129625696,0.00836516989255344,0.000103924690125015,0.0124235002348879,0.0125628140703518,12817,lowH,NA,NA,NA,FALSE,FALSE
snp_6436,0.0645984462307618,-0.00493460679472018,-0.000159436797986491,0.0323099295686702,0.00240583659400915,7.77398588517112e-05,0.0323130253506385,0.0334158415841584,12821,lowH,NA,NA,NA,FALSE,FALSE
snp_6438,0.0243865264441396,0.00299016456380977,3.65237051048285e-05,0.0122146137195518,0.0103784076281671,0.000126781641447013,0.0122159049816973,0.0123456790123457,12825,lowH,NA,NA,NA,FALSE,FALSE
snp_6440,0.0434567901234568,0.00302751943604021,6.58979268925071e-05,0.0217663101045842,0.01033844757879,0.000225053395970571,0.0217685870393426,0.0222222222222222,12829,lowH,NA,NA,NA,FALSE,FALSE
snp_6442,0.0359161213563355,-0.00629795068262383,-0.000113109340750361,0.0179597056963992,0.00107528165711844,1.93136686727197e-05,0.017961497385231,0.0182926829268293,12833,lowH,NA,NA,NA,FALSE,FALSE
snp_6444,0.021762782384132,-0.00222600887878054,-2.42419365883071e-05,0.0108903144185064,0.00516508993354572,5.62550511823276e-05,0.0108913981955992,0.0110024449877751,12837,lowH,NA,NA,NA,FALSE,FALSE
snp_6446,0.041218836565097,-0.000883004154479762,-1.82219118640639e-05,0.0206362696841439,0.00800514388051899,0.000165218290211453,0.0206390156975844,0.0210526315789474,12841,lowH,NA,NA,NA,FALSE,FALSE
snp_6448,0.0853400981472701,-0.0048059510086968,-0.000205153821851041,0.0426874559228334,0.0029100113901506,0.000124234983490273,0.0426922670855401,0.0446650124069479,12845,lowH,NA,NA,NA,FALSE,FALSE
snp_6450,0.0269227690583649,-0.00259281411968482,-3.4937722577122e-05,0.0134748273360101,0.00628758368690811,8.47345279814713e-05,0.0134764851174711,0.0136476426799007,12849,lowH,NA,NA,NA,FALSE,FALSE
snp_6452,0.0385950771901542,0.000452449693074217,8.74311486266522e-06,0.0193239491516929,0.00826868770782373,0.00015979924568386,0.0193258291194937,0.0196850393700787,12853,lowH,NA,NA,NA,FALSE,FALSE
snp_6454,0.0277372596987198,-0.00364584809716798,-5.0594144664464e-05,0.0138771949121425,0.00409429715266152,5.68239905447937e-05,0.0138788144646157,0.0140664961636829,12857,lowH,NA,NA,NA,FALSE,FALSE
snp_6456,0.0991221105789255,0.00399884353445904,0.000198580146389563,0.0496593939418603,0.0116931826054432,0.000580744318111152,0.0496652055908899,0.0522959183673469,12861,lowH,NA,NA,NA,FALSE,FALSE
snp_6458,0.0570934256055364,0.012144035672542,0.000347851409684233,0.0286438066441729,0.0195336505219928,0.000559580335152224,0.0286469922517655,0.0294117647058824,12865,lowH,NA,NA,NA,FALSE,FALSE
snp_6460,0.0351646051504111,0.00764748441689108,0.000134836334079255,0.0176314624167707,0.0163161959869417,0.000287713067277232,0.0176335873574635,0.0179028132992327,12869,lowH,NA,NA,NA,FALSE,FALSE
snp_6462,0.171348957686043,-0.00538461450823391,-0.000461486586270334,0.0857046656849156,0.00259821335553894,0.000222703716126932,0.0857141757247021,0.0946291560102302,12873,goodH,0.856951771465273,0.194675616419424,0.902662191790288,FALSE,FALSE
snp_6464,0.135154139494116,0.00600615871398006,0.000406808125282994,0.0677318307183756,0.0133933496530383,0.000907249255343458,0.0677387866998343,0.0728900255754476,12877,goodH,0.792578900211824,0.398192967966139,0.19909648398307,FALSE,FALSE
snp_6466,0.287557221567391,-0.00452711649220147,-0.000651225259352969,0.14384990102967,0.00344002826242418,0.000494907880340672,0.143867387877771,0.174083769633508,12881,goodH,0.852938297158161,0.317144276714459,0.84142786164277,FALSE,FALSE
snp_6468,0.0365408555907649,0.02080200404541,0.000381974698461857,0.0183623990086734,0.0284608114624177,0.000522674761490006,0.018364717470554,0.0186170212765957,12885,lowH,NA,NA,NA,FALSE,FALSE
snp_6470,0.128418549346017,0.00423061682215117,0.000272186096694005,0.0643372132566723,0.0117102686171508,0.000753496620346346,0.0643449475823963,0.0689655172413793,12889,goodH,0.820419030315133,0.532658768241795,0.266329384120897,FALSE,FALSE
snp_6472,0.0451601636267842,-0.00441840405280272,-9.98089047772675e-05,0.0225893566057988,0.00287856319395001,6.50315967736548e-05,0.0225916863351599,0.0231143552311436,12893,lowH,NA,NA,NA,FALSE,FALSE
snp_6474,0.0576654714927656,0.00409650710665979,0.000118347588746245,0.0288898775627277,0.0116745723630156,0.000337314930188199,0.0288931294183242,0.0297157622739018,12897,lowH,NA,NA,NA,FALSE,FALSE
snp_6476,0.0897658055030455,0.0181407872575365,0.000817770186616005,0.0450790902845886,0.0248945498907221,0.00112233343950246,0.0450834999800796,0.0471014492753623,12901,lowH,NA,NA,NA,FALSE,FALSE
snp_6478,0.119650630335237,-0.00687988835382247,-0.000411638404288331,0.0598321343484629,0.00129127276164044,7.72686157748213e-05,0.0598391122853539,0.0639097744360902,12905,goodH,0.867587336536095,0.0511248671915531,0.974437566404224,FALSE,FALSE
snp_6480,0.430751482134273,-0.00494313251390153,-0.00106499795398037,0.215450010895982,0.00247209139830427,0.000532661779002016,0.215470099271975,0.313924050632911,12909,goodH,0.856951771465273,0.177919073935802,0.911040463032099,FALSE,FALSE
snp_6482,0.026791647614693,-0.00647120976269019,-8.6694204987894e-05,0.0133969084865291,0.001033787153387,1.38509811310446e-05,0.0133982910173187,0.0135802469135802,12913,lowH,NA,NA,NA,FALSE,FALSE
snp_6484,0.0197024826118164,-0.000417486452401017,-4.11882757895064e-06,0.00986577541681351,0.00900369287536308,8.88404689721595e-05,0.00986711454977044,0.00995024875621891,12917,lowH,NA,NA,NA,FALSE,FALSE
snp_6486,0.0667459228776102,-0.00116550574262215,-3.89347923158966e-05,0.0334059206163164,0.00610286117960156,0.00020389248528654,0.0334093270821951,0.0345679012345679,12921,lowH,NA,NA,NA,FALSE,FALSE
snp_6488,0.0490012877579016,0.00174685015017233,4.2867373657733e-05,0.0245398116452657,0.00956377557366747,0.000234716889323904,0.024542283276718,0.0251322751322751,12925,lowH,NA,NA,NA,FALSE,FALSE
snp_6490,0.0283812121378253,0.00258021400922409,3.66875588061028e-05,0.0142188045933195,0.0118530379994965,0.000168555302893899,0.0142204304838184,0.0143979057591623,12929,lowH,NA,NA,NA,FALSE,FALSE
snp_6492,0.0383546248527926,0.00365163666987154,7.01578301933996e-05,0.0192127083102897,0.0109000034176949,0.000209439657931146,0.0192146414918683,0.019559902200489,12933,lowH,NA,NA,NA,FALSE,FALSE
snp_6494,0.021762782384132,-0.00260073227097154,-2.83209008540704e-05,0.0108895872021039,0.00479857909320612,5.22599123691928e-05,0.010890705634754,0.0110024449877751,12937,lowH,NA,NA,NA,FALSE,FALSE
snp_6496,0.11826965493579,-0.00205862519845558,-0.000121858615800607,0.0591941728353597,0.0062534096260765,0.000370204895470462,0.0592004870313822,0.0631188118811881,12941,goodH,0.852801777383794,0.77564471183056,0.61217764408472,FALSE,FALSE
snp_6498,0.0322094550438108,0.00644218245637058,0.00010399674415953,0.0161430920132803,0.0139002021841006,0.000224416416830374,0.0161448311224615,0.0163727959697733,12945,lowH,NA,NA,NA,FALSE,FALSE
snp_6500,0.107179752066116,-0.00266346468796277,-0.000142837309635884,0.053628384968429,0.00460727684189522,0.000247106937223632,0.0536340544975768,0.0568181818181818,12949,goodH,0.852801777383794,0.505234090620181,0.74738295468991,FALSE,FALSE
snp_6502,0.0229268519502603,0.00263157786653825,3.0219519727759e-05,0.0114834222129675,0.010363306758201,0.000119020365095415,0.0114847864559474,0.0115979381443299,12953,lowH,NA,NA,NA,FALSE,FALSE
snp_6504,0.0751788906092143,-0.00429215399791818,-0.00016143122756929,0.037610772504339,0.00390316200485049,0.000146821279886363,0.0376159840928732,0.039119804400978,12957,lowH,NA,NA,NA,FALSE,FALSE
snp_6506,0.0522189173111243,-0.00161042285896391,-4.20899379295396e-05,0.0261359541037681,0.00635302634286691,0.000166064809623145,0.0261394807231674,0.0268292682926829,12961,lowH,NA,NA,NA,FALSE,FALSE
snp_6508,0.085092813809089,0.00827292388343257,0.000352928093239306,0.042660623766415,0.015552969051319,0.000663571565584319,0.0426652662520437,0.044529262086514,12965,lowH,NA,NA,NA,FALSE,FALSE
snp_6510,0.0897156990333379,-0.00014631026721244,-6.57284773445588e-06,0.0449240361574367,0.00902645057990066,0.000405575278345927,0.0449318671559592,0.0470737913486005,12969,lowH,NA,NA,NA,FALSE,FALSE
snp_6512,0.0876197417742608,-0.00252265549007804,-0.000110610141835599,0.0438467092596054,0.00538470606529891,0.000236132980121006,0.0438525292295408,0.954081632653061,12973,lowH,NA,NA,NA,FALSE,FALSE
snp_6514,0.179183152852978,-0.00299868442148134,-0.000268935847154194,0.0896846114341503,0.00663647249817396,0.000595285723815409,0.0896991171106643,0.0994897959183673,12977,goodH,0.849781367212677,0.836348848187839,0.581825575906081,FALSE,FALSE
snp_6516,0.12163877030404,-0.00683247332054058,-0.000415645601566223,0.0608338418705069,0.00214970461190815,0.000130794507129794,0.0608430136890744,0.0650510204081633,12981,goodH,0.858915156776973,0.13751029162046,0.93124485418977,FALSE,FALSE
snp_6518,0.0299930428508852,0.00644562851393317,9.69155513248967e-05,0.0150358574211032,0.0152975507091783,0.000230046384121897,0.0150381187482433,0.0152284263959391,12985,lowH,NA,NA,NA,FALSE,FALSE
snp_6520,0.0757116163944769,0.0155881457632109,0.000592432931323556,0.0380053497268251,0.0225734733364461,0.000858000003032933,0.0380092150749192,0.0394088669950739,12989,lowH,NA,NA,NA,FALSE,FALSE
snp_6522,0.116920032759249,0.00318115376229254,0.000186335194478969,0.0585747211240376,0.0116445017965715,0.000682153911657652,0.0585816313634386,0.0623471882640587,12993,goodH,0.821364305356277,0.538612188831226,0.269306094415613,FALSE,FALSE
snp_6524,0.0519723819398623,0.0119274654311756,0.000310970354108325,0.0260717883361474,0.0189571505846587,0.000494295692855245,0.0260743665377254,0.0266990291262136,12997,lowH,NA,NA,NA,FALSE,FALSE
snp_6526,0.0206695798594305,-0.00105111273299645,-1.08750608378526e-05,0.0103462364182866,0.00685323134387726,7.09143538245829e-05,0.0103475791588356,0.010443864229765,13001,lowH,NA,NA,NA,FALSE,FALSE
snp_6528,0.103732897085069,0.0161272942737574,0.000839833671182555,0.052075298988569,0.0229173225674069,0.00119355195867072,0.0520807766771233,0.0548780487804878,13005,goodH,0.530595716350412,0.0651574751862785,0.0325787375931392,FALSE,FALSE
snp_6530,0.245393062494109,-0.00176045939759013,-0.000216205873583863,0.122812189749916,0.00588584632003865,0.000722932976143665,0.122825662926741,0.856796116504854,13009,goodH,0.852801777383794,0.716277595240339,0.641861202379831,FALSE,FALSE
snp_6532,0.0287708455431828,0.00568854615265993,8.20128068898441e-05,0.01441718229736,0.0129143843941248,0.000186208166725223,0.0144186637970862,0.0145985401459854,13013,lowH,NA,NA,NA,FALSE,FALSE
snp_6534,0.233462040934824,0.0145596441169792,0.00170617817541722,0.117185431299622,0.0223714823298949,0.00262189311877805,0.117198005930722,0.134939759036145,13017,goodH,0.530595716350412,0.0726706307028002,0.0363353153514001,FALSE,FALSE
snp_6536,0.0425330812854443,0.00905759040899482,0.00019315989534205,0.0213257485291263,0.0161284011546902,0.000343983846554163,0.0213278330105356,0.0217391304347826,13021,lowH,NA,NA,NA,FALSE,FALSE
snp_6538,0.113145868674124,-0.00269722482816883,-0.000152717669409966,0.0566202964673312,0.00531909609855975,0.000301202569869061,0.0566266456345125,0.0601965601965602,13025,goodH,0.852801777383794,0.623188532389709,0.688405733805146,FALSE,FALSE
snp_6540,0.0246875,-0.000289159341965948,-3.57354445716827e-06,0.0123583918571412,0.00723577978069604,8.94321984608173e-05,0.0123597181190352,0.0125,13029,lowH,NA,NA,NA,FALSE,FALSE
snp_6542,0.0478904179102484,0.0196066321484937,0.000471706279637102,0.0240585061250992,0.0269966119993699,0.000649564692196367,0.024060970769648,0.975452196382429,13033,lowH,NA,NA,NA,FALSE,FALSE
snp_6544,0.244396283708323,0.00364464330600691,0.00044623580023315,0.122436069257501,0.0114996155807661,0.00140813703533954,0.122450791980799,0.857493857493858,13037,goodH,0.821364305356277,0.551923500834322,0.275961750417161,FALSE,FALSE
snp_6546,0.0392962355764097,-0.000414229668721365,-8.14824605408218e-06,0.0196708412490926,0.00709072800550877,0.000139498131263522,0.0196733157942522,0.0200501253132832,13041,lowH,NA,NA,NA,FALSE,FALSE
snp_6548,0.00485434019452891,0.0244191253746302,5.96721707842215e-05,0.00244366535937511,0.0388706367028217,9.50075284761439e-05,0.00244419789679563,0.0024330900243309,13045,lowH,NA,NA,NA,FALSE,FALSE
snp_6550,0.021658053172785,0.00107598048837616,1.166809853553e-05,0.0108441543890254,0.00839847845818719,9.10844490033158e-05,0.0108453512688983,0.0109489051094891,13049,lowH,NA,NA,NA,FALSE,FALSE
snp_6552,0.128046875,-0.00363973262368266,-0.00023319187937651,0.0640684092724834,0.00468583214683581,0.000300258568164612,0.0640779607027466,0.06875,13053,goodH,0.852801777383794,0.518231559919128,0.740884220040436,FALSE,FALSE
snp_6554,0.046146753793223,0.00632081050323032,0.000146184718724638,0.0231275274982422,0.0136457709047628,0.000315631126972757,0.023130325811244,0.0236318407960199,13057,lowH,NA,NA,NA,FALSE,FALSE
snp_6556,0.480975461057766,-0.00464545628901076,-0.0011177232923146,0.240605706474664,0.0033485482645264,0.000805763767402022,0.240630776010626,0.597530864197531,13061,goodH,0.852938297158161,0.303101703548501,0.848449148225749,FALSE,FALSE
snp_6558,0.0362633162658641,-0.00526361827416786,-9.54655328286122e-05,0.0181368647679347,0.0021632867143048,3.92390472385829e-05,0.018138625351468,0.0184729064039409,13065,lowH,NA,NA,NA,FALSE,FALSE
snp_6560,0.0244461327320851,0.00892596615827759,0.000109408455439462,0.0122573235770114,0.0162474941691455,0.000199171116272276,0.0122585744114627,0.0123762376237624,13069,lowH,NA,NA,NA,FALSE,FALSE
snp_6562,0.062669467636715,0.00753734823370111,0.000236789660697303,0.0314155129039369,0.0150460088878016,0.000472722839537516,0.0314184873252846,0.0323834196891192,13073,lowH,NA,NA,NA,FALSE,FALSE
snp_6564,0.0406948895260584,-0.00597691295623253,-0.00012164274397114,0.0203521023079808,0.00184201604584872,3.74925461079478e-05,0.0203540822526727,0.0207792207792208,13077,lowH,NA,NA,NA,FALSE,FALSE
snp_6566,0.480312088841017,-0.00336312083510649,-0.000808259691385669,0.240330256037344,0.00467346567237298,0.00112329312202003,0.240355487932722,0.400783289817232,13081,goodH,0.852801777383794,0.516184358876729,0.741907820561636,FALSE,FALSE
snp_6568,0.0399833402748855,-0.00411606137017147,-8.23567125573501e-05,0.0200086211430611,0.00554598186759785,0.000110983890163026,0.0200115854708153,0.0204081632653061,13085,lowH,NA,NA,NA,FALSE,FALSE
snp_6570,0.261033814035818,-0.00875065014599785,-0.00114218576434501,0.130525817543671,0.00123331971433945,0.000161004706617883,0.130545798259711,0.845663265306122,13089,goodH,0.868371627825925,0.0466208750905266,0.976689562454737,FALSE,FALSE
snp_6572,0.00262811634349025,-0.0019431166981426,-2.55583331147443e-06,0.00131532671914019,0.00613903656521387,8.0761348230484e-06,0.00131553782702825,0.00131578947368421,13093,lowH,NA,NA,NA,FALSE,FALSE
snp_6574,0.0310803324099724,0.00380303795264421,5.92171561344262e-05,0.0155710137189804,0.0116740898451083,0.000181804473126137,0.0155733316719604,0.0157894736842105,13097,lowH,NA,NA,NA,FALSE,FALSE
snp_6576,0.0512465373961217,-0.00276987751632679,-7.10289516740859e-05,0.0256433547170993,0.0051098208715933,0.000131052474156179,0.0256471757913727,0.0263157894736842,13101,lowH,NA,NA,NA,FALSE,FALSE
snp_6578,0.0613195396857442,-0.00170462654086392,-5.23260891340854e-05,0.0306965120392682,0.00753029923720238,0.000231195993780152,0.0307020991460685,0.0316622691292876,13105,lowH,NA,NA,NA,FALSE,FALSE
snp_6580,0.041596875,-0.0031934403274504,-6.64626164610536e-05,0.0208122305871037,0.00429963310505071,8.94942059576838e-05,0.0208143820114689,0.02125,13109,lowH,NA,NA,NA,FALSE,FALSE
snp_6582,0.0783007080383175,-0.00557258020315069,-0.000218257898510912,0.0391663987873178,0.00295702807059761,0.000115829698121002,0.0391709836212657,0.0408163265306122,13113,lowH,NA,NA,NA,FALSE,FALSE
snp_6584,0.0381716897247826,-0.00692592927324986,-0.000132204177899035,0.0190882945353845,0.00137846960260886,2.63157314183897e-05,0.0190905416910066,0.0194647201946472,13117,lowH,NA,NA,NA,FALSE,FALSE
snp_6586,0.0335633551457466,-0.00434897228407843,-7.304029091359e-05,0.0167948393649208,0.00518119894099999,8.70301289572219e-05,0.016797295365081,0.0170731707317073,13121,lowH,NA,NA,NA,FALSE,FALSE
snp_6588,0.0669052053720225,0.0190595252890874,0.000640502768342146,0.0336053893592444,0.026064309467595,0.000875985532745278,0.0336086223129896,0.0346534653465347,13125,lowH,NA,NA,NA,FALSE,FALSE
snp_6590,0.0350765306122449,-0.00858619326990274,-0.000150632970423833,0.0175436268074523,0.00254651946366822,4.46817486784219e-05,0.0175462034812248,0.0178571428571429,13129,lowH,NA,NA,NA,FALSE,FALSE
snp_6592,0.0430413495854283,-0.00474047677157551,-0.000102055029937131,0.021528431601873,0.00260677429543667,5.6125674579919e-05,0.021530699715035,0.0220048899755501,13133,lowH,NA,NA,NA,FALSE,FALSE
snp_6594,0.118786436644854,-0.00388427823650617,-0.000230827607258423,0.0594261258343964,0.00370689902186204,0.00022031046813837,0.0594325518011289,0.936585365853659,13137,goodH,0.852938297158161,0.35887174409889,0.820564127950555,FALSE,FALSE
snp_6596,0.185153214029356,-0.00107188506066423,-9.93453446166916e-05,0.0926828335074744,0.00708404309618977,0.000656651665041995,0.0926944763217466,0.103233830845771,13141,goodH,0.849781367212677,0.905462583573762,0.547268708213119,FALSE,FALSE
snp_6598,0.0768,0.00868143277734706,0.000334336575846652,0.038511681702939,0.0168582053629903,0.000649319135745082,0.0385165040859311,0.04,13145,lowH,NA,NA,NA,FALSE,FALSE
snp_6600,0.0269227690583649,0.00336311365388689,4.53544593633771e-05,0.0134858538934475,0.0107631584365887,0.000145164358747114,0.0134871524564422,0.0136476426799007,13149,lowH,NA,NA,NA,FALSE,FALSE
snp_6602,0.0291198524594141,0.0107453550222093,0.00015693789233905,0.0146051844740987,0.0179813283217089,0.00026264554316282,0.0146065706862005,0.0147783251231527,13153,lowH,NA,NA,NA,FALSE,FALSE
snp_6604,0.0787202049454221,0.00889817457149099,0.00035119969037957,0.0394687345767282,0.0160221036822609,0.000632431313090747,0.0394724266945641,0.041044776119403,13157,lowH,NA,NA,NA,FALSE,FALSE
snp_6606,0.0481633897271758,0.00375208372875911,9.0525475540698e-05,0.024126720533136,0.0110329465110224,0.0002662163782275,0.0241292186055228,0.0246913580246914,13161,lowH,NA,NA,NA,FALSE,FALSE
snp_6608,0.0644444444444445,-0.00356968339793373,-0.000115098976072437,0.0322434690255894,0.00431916364460637,0.00013928044121787,0.0322470859356763,0.0333333333333333,13165,lowH,NA,NA,NA,FALSE,FALSE
snp_6610,0.0310555895937412,-0.00706107798081924,-0.000109637966843967,0.0155270862525224,0.000306393544594281,4.75787556909588e-06,0.015528641686613,0.0157766990291262,13169,lowH,NA,NA,NA,FALSE,FALSE
snp_6612,0.0246875,-0.00281292481397736,-3.47478373981051e-05,0.0123529207838915,0.00473915444819849,5.85482335777654e-05,0.012354151825548,0.0125,13173,lowH,NA,NA,NA,FALSE,FALSE
snp_6614,0.0902730704411043,0.0109048498142058,0.000493736836428016,0.0452768121377356,0.0179660379790678,0.000813520164310309,0.0452809999209699,0.0473815461346633,13177,lowH,NA,NA,NA,FALSE,FALSE
snp_6616,0.0582,-0.00302177978624108,-8.79937311723443e-05,0.029119835791146,0.00439945171826001,0.000128124513489561,0.0291228365929731,0.03,13181,lowH,NA,NA,NA,FALSE,FALSE
snp_6618,0.0827716592532162,-0.00650614599359969,-0.000269303454184212,0.0413921628025462,0.00145824792184015,6.03664504891888e-05,0.041396561987219,0.0432569974554707,13185,lowH,NA,NA,NA,FALSE,FALSE
snp_6620,0.0318154253607583,0.00208150172661837,3.3171168576453e-05,0.0159361715401232,0.0106883000292119,0.000170351138352545,0.0159380947285315,0.0161691542288557,13189,lowH,NA,NA,NA,FALSE,FALSE
snp_6622,0.0508743595455559,0.0211888951154888,0.000541663206385707,0.0255635418191181,0.0282695577070321,0.000722741786401012,0.0255660804421156,0.0261194029850746,13193,lowH,NA,NA,NA,FALSE,FALSE
snp_6624,0.0423214135410392,0.00644535752221001,0.000136714567984007,0.0212113241993021,0.0139422886740665,0.000295767959633898,0.0212137308693116,0.0216284987277354,13197,lowH,NA,NA,NA,FALSE,FALSE
snp_6626,0.00264900196300544,0.012993053630076,1.72716466414786e-05,0.00132929849542825,0.0208679551080389,2.77427426570509e-05,0.0013294423202187,0.0013262599469496,13201,lowH,NA,NA,NA,FALSE,FALSE
snp_6628,0.407701194414283,-0.00524717072191191,-0.00107008369937809,0.203935369380964,0.00302208042852495,0.000616387132197679,0.20396119387813,0.714824120603015,13205,goodH,0.856150345910198,0.254297037284119,0.87285148135794,FALSE,FALSE
snp_6630,0.417679751103314,0.00837503150441063,0.00175393849272021,0.209424703870847,0.0162588683099396,0.0034053993625253,0.209448732692143,0.702879581151832,13209,goodH,0.646477598563843,0.236814951894965,0.118407475947483,FALSE,FALSE
snp_6632,0.0839145258035311,0.00309928364742918,0.000130286494723221,0.0420376156378241,0.0113331514491813,0.000476490977428723,0.0420439962851768,0.0438829787234043,13213,lowH,NA,NA,NA,FALSE,FALSE
snp_6634,0.0105260211080318,-0.00216345278582169,-1.13969330936683e-05,0.00526793705338004,0.00589223421465317,3.10436530881285e-05,0.00526857079287976,0.00529100529100529,13217,lowH,NA,NA,NA,FALSE,FALSE
snp_6636,0.0209400632681056,-0.00561864105677178,-5.88460353544672e-05,0.010473357304707,0.0024448332784107,2.56086956818876e-05,0.010474618415917,0.0105820105820106,13221,lowH,NA,NA,NA,FALSE,FALSE
snp_6638,0.114348707347848,-0.00606516902046693,-0.000346881454724024,0.0571923805508918,0.00248683104984919,0.000142246433962696,0.0571998785246478,0.060880829015544,13225,goodH,0.856951771465273,0.179851547537483,0.910074226231258,FALSE,FALSE
snp_6640,0.0672260587609217,-0.00333236600095683,-0.000112100034999352,0.0336397727522021,0.00514754592144195,0.0001731843676293,0.0336440646226984,0.0348258706467662,13229,lowH,NA,NA,NA,FALSE,FALSE
snp_6642,0.257958594784858,-0.00245771332219246,-0.000317288320819588,0.129098995376948,0.0058751813111129,0.00075857589485409,0.129115316563804,0.15211970074813,13233,goodH,0.852801777383794,0.71454112200003,0.642729438999985,FALSE,FALSE
snp_6644,0.129899689678547,-0.00340887647190299,-0.000221559981687717,0.0649950162506275,0.00454873548468386,0.000295680829310344,0.0650028629507994,0.930174563591022,13237,goodH,0.852801777383794,0.495560301826065,0.752219849086968,FALSE,FALSE
snp_6646,0.0642789440923495,0.0103950691517642,0.000335131006081803,0.0322394205549778,0.0180520271943677,0.000582041956355308,0.0322424706149848,0.0332446808510638,13241,lowH,NA,NA,NA,FALSE,FALSE
snp_6648,0.00242423885380338,0.01154744742574,1.40425828512388e-05,0.00121607679459419,0.0187801628861482,2.28405514259201e-05,0.0012162062472188,0.00121359223300971,13245,lowH,NA,NA,NA,FALSE,FALSE
snp_6650,0.046146753793223,0.00595905798002408,0.000137807844351984,0.023125776727453,0.0132726164436515,0.000306971641792457,0.0231281935325787,0.0236318407960199,13249,lowH,NA,NA,NA,FALSE,FALSE
snp_6652,0.0633866292770291,0.00785103956335789,0.000249463498127309,0.0317745817116496,0.0148888478081035,0.00047313398100952,0.0317777431207276,0.0327669902912621,13253,lowH,NA,NA,NA,FALSE,FALSE
snp_6654,0.109824578687142,-0.001511984629982,-8.31149818774352e-05,0.0549707849070032,0.00664475773809482,0.000365317015628797,0.0549782294596553,0.0583126550868486,13257,goodH,0.849781367212677,0.837646879145251,0.581176560427374,FALSE,FALSE
snp_6656,0.0483963327155514,-0.00301675497914168,-7.30490964548279e-05,0.0242144612207159,0.00441081856719546,0.000106818766026569,0.0242174472604724,0.0248138957816377,13261,lowH,NA,NA,NA,FALSE,FALSE
snp_6658,0.0343032692582759,-0.00549998413470395,-9.43568328438364e-05,0.0171558372775043,0.0020595014175256,3.53369657629376e-05,0.0171580196363222,0.0174563591022444,13265,lowH,NA,NA,NA,FALSE,FALSE
snp_6660,0.22708286923591,-0.000582597332888744,-6.62230321677488e-05,0.113668615404381,0.00686917693812495,0.000780897806059727,0.113681422547966,0.869402985074627,13269,goodH,0.849781367212677,0.872545222309945,0.563727388845028,FALSE,FALSE
snp_6662,0.11881822232123,-0.00141746361775422,-8.42957602861336e-05,0.0594694348625957,0.00630943061938593,0.000375262109882846,0.0594763826596081,0.0634328358208955,13273,goodH,0.852604308687684,0.784602567491724,0.607698716254138,FALSE,FALSE
snp_6664,0.12063923372464,0.0104542173915206,0.000632479868668433,0.0604999728799822,0.0172184390191704,0.00104181831212618,0.0605059675250614,0.0644768856447689,13277,goodH,0.637735236730722,0.197871827639495,0.0989359138197476,FALSE,FALSE
snp_6666,0.0387258039932936,-0.000799935098278291,-1.55056571349165e-05,0.019383643958478,0.00658395143899244,0.000127634563563562,0.0193857085287211,0.0197530864197531,13281,lowH,NA,NA,NA,FALSE,FALSE
snp_6668,0.0291198524594141,0.00442215357736693,6.45284221842477e-05,0.0145920807713489,0.0130227213187156,0.000190052441605083,0.0145939114378458,0.0147783251231527,13285,lowH,NA,NA,NA,FALSE,FALSE
snp_6670,0.0534874999999999,0.00539396685706977,0.000144567150279396,0.0268016385918121,0.0127091525538546,0.000340657689028336,0.026804123058938,0.0275,13289,lowH,NA,NA,NA,FALSE,FALSE
snp_6672,0.0482795804332909,0.00761072012536203,0.000184193625510915,0.0242018655891848,0.0148739020038419,0.000360019811108932,0.0242047991855762,0.0247524752475248,13293,lowH,NA,NA,NA,FALSE,FALSE
snp_6674,0.0244461327320851,0.00178663544452548,2.18718952930851e-05,0.0122419463691397,0.00922740513373232,0.000112975424701285,0.0122434663986178,0.0123762376237624,13297,lowH,NA,NA,NA,FALSE,FALSE
snp_6676,0.0436675307402914,0.0018112225433292,3.96065145303091e-05,0.0218672822266823,0.00917184797011149,0.00020058399377368,0.0218695288482024,0.0223325062034739,13301,lowH,NA,NA,NA,FALSE,FALSE
snp_6678,0.396284677972748,-0.00384450411369506,-0.000762197623792982,0.198256420399668,0.00385456902027041,0.000764281017850487,0.198279240514642,0.272277227722772,13305,goodH,0.852938297158161,0.38237940525113,0.808810297374435,FALSE,FALSE
snp_6680,0.0967890646271132,0.0108261696167136,0.000525622829805634,0.0485511356661335,0.0186348488489862,0.000904852328712165,0.0485569985592554,0.0509950248756219,13309,lowH,NA,NA,NA,FALSE,FALSE
snp_6682,0.0323698125300431,-0.00221103757568258,-3.58232170837531e-05,0.016201993795919,0.00661005490339206,0.00010710951757085,0.0162040284288539,0.0164556962025316,13313,lowH,NA,NA,NA,FALSE,FALSE
snp_6684,0.161512578112482,-0.00574264244621618,-0.000463907987927244,0.0807830179698742,0.00251116852480991,0.000202883607349793,0.0807925096803892,0.0886075949367089,13317,goodH,0.856951771465273,0.183057576766118,0.908471211616941,FALSE,FALSE
snp_6686,0.110052285376961,0.0015230066368578,8.39508809571612e-05,0.0551218090095556,0.0104325957178536,0.000575145892291679,0.0551297019309791,0.0584415584415584,13321,goodH,0.843088341465937,0.6584963677555,0.32924818387775,FALSE,FALSE
snp_6688,0.127835447904652,0.00740086057801888,0.000474225824036873,0.0640771190103702,0.0145026668661345,0.000929382091677369,0.0640835303090076,0.0686274509803922,13325,goodH,0.72572731084281,0.326699052732207,0.163349526366103,FALSE,FALSE
snp_6690,0.19537191932886,0.000900482197354773,8.81030335261153e-05,0.0978398393493218,0.00949935012205419,0.000929539726624111,0.0978529809598283,0.109725685785536,13329,goodH,0.847246047458463,0.764506440353772,0.382253220176886,FALSE,FALSE
snp_6692,0.487327046360239,0.00205713503947433,0.000502075507148685,0.244065410152647,0.00984127873894149,0.0024021953859137,0.244093826588645,0.579601990049751,13333,goodH,0.843330227695123,0.724251267592158,0.362125633796079,FALSE,FALSE
snp_6694,0.0249959942316935,-0.000889596161260571,-1.11303478401984e-05,0.0125116860041601,0.00674129992172782,8.43544878104191e-05,0.0125130892839431,0.0126582278481013,13337,lowH,NA,NA,NA,FALSE,FALSE
snp_6696,0.0382629387269482,0.0024202708766864,4.63786885288835e-05,0.0191626024077027,0.00967509728819219,0.000185420010695678,0.0191646662738959,0.0195121951219512,13341,lowH,NA,NA,NA,FALSE,FALSE
snp_6698,0.0378169586508152,0.00450289345165441,8.53190396630298e-05,0.0189476034863056,0.0121371300951974,0.000229999089742236,0.0189500390898211,0.019280205655527,13345,lowH,NA,NA,NA,FALSE,FALSE
snp_6700,0.0748861528082307,-0.00602851316736486,-0.000225764283145703,0.0374494136245518,0.00167783185471583,6.28422979805319e-05,0.0374544670873324,0.038961038961039,13349,lowH,NA,NA,NA,FALSE,FALSE
snp_6702,0.0257025824652779,0.00264328504714988,3.4029509530415e-05,0.0128739462159434,0.0104618730661865,0.000134704173824876,0.0128757224421168,0.986979166666667,13353,lowH,NA,NA,NA,FALSE,FALSE
snp_6704,0.2742919921875,-0.00543757386923176,-0.000745963335106214,0.137186795627221,0.0024020801134738,0.000329579255586241,0.137205771671627,0.1640625,13357,goodH,0.856951771465273,0.168836956227841,0.91558152188608,FALSE,FALSE
snp_6706,0.0446417068205829,0.00701640806818502,0.000157001100303367,0.0223762784002356,0.0144690772974318,0.00032379826713888,0.0223786396660106,0.0228426395939086,13361,lowH,NA,NA,NA,FALSE,FALSE
snp_6708,0.0225817465020999,-0.000613573938034731,-6.9357471375097e-06,0.0113038489863582,0.00703842924192415,7.95699606455293e-05,0.0113050736052831,0.0114213197969543,13365,lowH,NA,NA,NA,FALSE,FALSE
snp_6710,0.252334561768947,-0.00628770104237645,-0.000793539240080679,0.126204988871538,0.0023343451770022,0.000294640369004218,0.126219709024609,0.148101265822785,13369,goodH,0.856951771465273,0.160206774563069,0.919896612718466,FALSE,FALSE
snp_6712,0.0126098327707491,-0.003560190975951,-2.24724674383467e-05,0.00631215223850285,0.00728241222108098,4.59747510691977e-05,0.00631312121224214,0.00634517766497462,13373,lowH,NA,NA,NA,FALSE,FALSE
snp_6714,0.112174366770595,0.00618268963241954,0.000347741726329168,0.0562444093110787,0.0164781859653478,0.000926940948030047,0.0562526087507036,0.0596446700507614,13377,goodH,0.643540974224351,0.227338772550415,0.113669386275207,FALSE,FALSE
snp_6716,0.1638,0.00826223762356457,0.000678599841463314,0.0821326948438147,0.0164275651456892,0.00134942941019368,0.0821442129875098,0.09,13381,goodH,0.643540974224351,0.229494531836158,0.114747265918079,FALSE,FALSE
snp_6718,0.0739644970414202,-0.00286269398272924,-0.000105941162261283,0.0370075051334271,0.00445208501543183,0.000164780496961059,0.0370119834616581,0.961538461538462,13385,lowH,NA,NA,NA,FALSE,FALSE
snp_6720,0.0531005055138571,0.00269924974371325,7.178696947705e-05,0.0265951565409044,0.0100272863595774,0.000266709582859465,0.0265983809871674,0.0272952853598015,13389,lowH,NA,NA,NA,FALSE,FALSE
snp_6722,0.0363511659807956,0.0127395664087735,0.000232353915251296,0.0182387616497903,0.0199488332546006,0.000363880703762951,0.018240701053483,0.0185185185185185,13393,lowH,NA,NA,NA,FALSE,FALSE
snp_6724,0.0871848803536047,-0.00271671756010417,-0.000118519123683138,0.0436258540172256,0.00491680500586819,0.00021452465787257,0.0436309061710879,0.045679012345679,13397,lowH,NA,NA,NA,FALSE,FALSE
snp_6726,0.128103916463705,0.0110449037561299,0.000709712947330741,0.0642570513062962,0.0183646672825033,0.00118020072501934,0.0642647485448192,0.0687830687830688,13401,goodH,0.607204093372364,0.159151388683914,0.0795756943419571,FALSE,FALSE
snp_6728,0.0557117182107076,-0.00162234128403555,-4.52436538917197e-05,0.027887876821563,0.00713853285260562,0.000199104465565334,0.0278915107174521,0.0286783042394015,13405,lowH,NA,NA,NA,FALSE,FALSE
snp_6730,0.0628267836060044,-0.00110455218702158,-3.47345412206308e-05,0.0314467180715945,0.00658092376817138,0.000206975328170718,0.0314508016597539,0.0324675324675325,13409,lowH,NA,NA,NA,FALSE,FALSE
snp_6732,0.0255059458232343,0.014736259581143,0.000188668226947649,0.0128029929107027,0.0223149426139215,0.000285734870762477,0.0128046428667138,0.0129198966408269,13413,lowH,NA,NA,NA,FALSE,FALSE
snp_6734,0.0225252363403299,0.00242158527528568,2.73194801881313e-05,0.0112816511014291,0.0100405284794258,0.000113289226381595,0.0112831935703123,0.0113924050632911,13417,lowH,NA,NA,NA,FALSE,FALSE
snp_6736,0.432376958168633,0.00221341663572157,0.00047929825853613,0.216542268093995,0.00973721862611652,0.00210880751071041,0.216571856059009,0.683879093198992,13421,goodH,0.843330227695123,0.736328278004407,0.368164139002203,FALSE,FALSE
snp_6740,0.0251215611625843,-0.00427084099684412,-5.36861229208199e-05,0.0125703867131768,0.00500850344246684,6.29669120990478e-05,0.012572001361755,0.0127226463104326,13428,lowH,NA,NA,NA,FALSE,FALSE
snp_6742,0.0923743990951078,-0.00307129728302428,-0.000141959646889359,0.0462213956538822,0.00476298681841226,0.000220176033736345,0.0462264629591691,0.0485436893203883,13432,lowH,NA,NA,NA,FALSE,FALSE
snp_6744,0.0472947469804248,0.00361273527443648,8.55926583276428e-05,0.023691926428513,0.0111373011403565,0.000263891370793305,0.0236943733017224,0.024234693877551,13436,lowH,NA,NA,NA,FALSE,FALSE
snp_6746,0.0495956594086073,-0.00781647501980572,-0.000193830932797283,0.024797742243933,0.000637475591640511,1.58098072698042e-05,0.0248006472359491,0.0254452926208651,13440,lowH,NA,NA,NA,FALSE,FALSE
snp_6748,0.0892159479725303,-0.006208317224653,-0.000276980041138282,0.0446143505744849,0.00143224979308238,6.39061499445797e-05,0.0446194164266875,0.0467980295566502,13444,lowH,NA,NA,NA,FALSE,FALSE
snp_6750,0.026726564585406,-0.00116821950159153,-1.56270335098925e-05,0.0133767956181204,0.00624912662182336,8.36021074901043e-05,0.0133782066758172,0.0135467980295567,13448,lowH,NA,NA,NA,FALSE,FALSE
snp_6752,0.102935427014901,-0.00161162180564069,-8.30322129285496e-05,0.0515209043697078,0.00645543268183404,0.000332633292119584,0.0515276525236849,0.0544303797468354,13452,goodH,0.849781367212677,0.807823207821431,0.596088396089284,FALSE,FALSE
snp_6754,0.0273919753086418,-0.00420796644035822,-5.76609900996863e-05,0.0137028160554383,0.00345157862083372,4.73021799333314e-05,0.0137045060042427,0.0138888888888889,13456,lowH,NA,NA,NA,FALSE,FALSE
snp_6756,0.0447526367927278,-0.000208401737587639,-4.66889735451182e-06,0.0224033513758417,0.0073964631638049,0.000165728530961204,0.0224064566118855,0.0229007633587786,13460,lowH,NA,NA,NA,FALSE,FALSE
snp_6758,0.0503441967296303,0.00742244347634511,0.000187347504107696,0.025240677777441,0.0158097804178478,0.000399106695477786,0.0252442908711896,0.0258397932816537,13464,lowH,NA,NA,NA,FALSE,FALSE
snp_6760,0.166764157158778,-0.00529956259329594,-0.00044198342202837,0.0833999814602601,0.00180289059458243,0.000150377414477651,0.083409062607307,0.0918114143920596,13468,goodH,0.864453405348127,0.0985084050788681,0.950745797460566,FALSE,FALSE
snp_6762,0.114288513759413,0.00518420842269047,0.000296907874253386,0.0572715928923433,0.0130384266969104,0.00074682891654654,0.0572790670153101,0.0608465608465608,13472,goodH,0.797483515033524,0.423805874619666,0.211902937309833,FALSE,FALSE
snp_6764,0.0344721452754695,0.00437227866060756,7.55123101029957e-05,0.0172706993228338,0.011815169355381,0.000204078696423424,0.0172726001875276,0.0175438596491228,13476,lowH,NA,NA,NA,FALSE,FALSE
snp_6766,0.499812392638756,-0.00249832607880058,-0.000624784068797847,0.250081073923625,0.00445837846240164,0.00111506100640186,0.250104609961982,0.509685230024213,13480,goodH,0.852801777383794,0.480654460220652,0.759672769889674,FALSE,FALSE
snp_6768,0.494613042781605,-0.00131554432929139,-0.000325678403194163,0.247561709584949,0.00639698665664954,0.00158383091316528,0.247590154267231,0.551898734177215,13484,goodH,0.849781367212677,0.798550041248372,0.600724979375814,FALSE,FALSE
snp_6770,0.0371613865932048,-0.00568085208378306,-0.000105577251466881,0.0185847562847603,0.00197761424644545,3.67586785670312e-05,0.0185873856001498,0.0189393939393939,13488,lowH,NA,NA,NA,FALSE,FALSE
snp_6772,0.0445313251081558,0.00728798631123092,0.000162709655995571,0.0223257356760992,0.0156276477544251,0.000348952028211997,0.0223291459914808,0.0227848101265823,13492,lowH,NA,NA,NA,FALSE,FALSE
snp_6774,0.0537486427110425,0.00572200424289764,0.000154120685045926,0.0269347379875201,0.0130992239497423,0.000352868014618462,0.0269380854905838,0.0276381909547739,13496,lowH,NA,NA,NA,FALSE,FALSE
snp_6776,0.0204059942608141,-0.00572047171022864,-5.83805680517236e-05,0.010205551396633,0.00216431451861942,2.20911874444721e-05,0.0102070134698185,0.0103092783505155,13500,lowH,NA,NA,NA,FALSE,FALSE
snp_6778,0.00253485016362198,0.0118386531824144,1.50550308286634e-05,0.0012716844219262,0.0193895128096713,2.46598827892125e-05,0.00127181549280146,0.00126903553299492,13504,lowH,NA,NA,NA,FALSE,FALSE
snp_6780,0.213970986111469,-0.00415786490989299,-0.000445073615127933,0.107043789246002,0.00365757292904263,0.000391562224277279,0.107055206245681,0.878172588832487,13508,goodH,0.852938297158161,0.351081270416067,0.824459364791966,FALSE,FALSE
snp_6782,0.0299182823265502,-0.00291682453310442,-4.36745573629632e-05,0.0149733235123608,0.00602695723676137,9.02554060116698e-05,0.0149752856152949,0.0151898734177215,13512,lowH,NA,NA,NA,FALSE,FALSE
snp_6784,0.0527912985998438,-0.00499892006436964,-0.000132016437470429,0.0264089914962614,0.00349385303542195,9.22799694109284e-05,0.0264120924593452,0.0271317829457364,13516,lowH,NA,NA,NA,FALSE,FALSE
snp_6786,0.0739644970414202,0.0112326794913543,0.000416730622076057,0.0370998409058864,0.018333381730988,0.000680232751748896,0.0371035066923378,0.0384615384615385,13520,lowH,NA,NA,NA,FALSE,FALSE
snp_6788,0.00243604997025582,0.000462135824830321,5.63626130521016e-07,0.00121961142209211,0.00787358972569181,9.60369316283855e-06,0.00121973502524539,0.00121951219512195,13524,lowH,NA,NA,NA,FALSE,FALSE
snp_6790,0.00243604997025582,0.000462135824830321,5.63626130521016e-07,0.00121961142209211,0.00787358972569181,9.60369316283855e-06,0.00121973502524539,0.00121951219512195,13528,lowH,NA,NA,NA,FALSE,FALSE
snp_6792,0.0522189173111243,-0.00289062621657213,-7.55239729619575e-05,0.0261272012718124,0.00437098953618545,0.000114213062761129,0.026129795510973,0.0268292682926829,13532,lowH,NA,NA,NA,FALSE,FALSE
snp_6794,0.0835839044151174,0.0157073330831964,0.000659061256611117,0.0419588260540663,0.0229473967655882,0.000962935126211316,0.0419627174292523,0.0437017994858612,13536,lowH,NA,NA,NA,FALSE,FALSE
snp_6796,0.0464852607709751,0.00468668168945006,0.000109162435673207,0.0232920524384955,0.0124904184510048,0.000290962228465699,0.0232948343249695,0.0238095238095238,13540,lowH,NA,NA,NA,FALSE,FALSE
snp_6798,0.0235260770975056,0.000954638946756396,1.12460901638374e-05,0.011780464438465,0.0089298169669385,0.000105211992814218,0.0117820995887992,0.0119047619047619,13544,lowH,NA,NA,NA,FALSE,FALSE
snp_6800,0.0157470395565633,0.0028551879341416,2.25214649580712e-05,0.00788790982504702,0.0108348577406266,8.54762505148167e-05,0.00788900533454289,0.00793650793650794,13548,lowH,NA,NA,NA,FALSE,FALSE
snp_6802,0.109784826438294,0.00695592967071598,0.000382834472163236,0.0550371395753101,0.0153819738898393,0.00084668645935192,0.0550440707685252,0.0582901554404145,13552,goodH,0.69397382268159,0.278424737343802,0.139212368671901,FALSE,FALSE
snp_6804,0.0405916937367445,0.0073767265197468,0.000150128057991965,0.0203515824519299,0.0160076121628468,0.000325822264260568,0.0203542077947635,0.0207253886010363,13556,lowH,NA,NA,NA,FALSE,FALSE
snp_6806,0.0623571846104793,0.0124400512549618,0.000389197738127823,0.0312858629077261,0.019845675832412,0.000620949926675092,0.0312889282238984,0.0322164948453608,13560,lowH,NA,NA,NA,FALSE,FALSE
snp_6808,0.0670652488470467,0.0115575036919122,0.000388812248822363,0.0336415422557423,0.0186882705435161,0.000628767345421028,0.033645025844255,0.0347394540942928,13564,lowH,NA,NA,NA,FALSE,FALSE
snp_6810,0.029049375486722,-4.83619096368821e-05,-7.03287787165733e-07,0.0145421839717716,0.00732047480764087,0.000106466244413402,0.0145436255449272,0.0147420147420147,13568,lowH,NA,NA,NA,FALSE,FALSE
snp_6812,0.0170511141027112,0.00600633785190189,5.13422954880515e-05,0.00854801990064446,0.0154886890864113,0.000132414513417421,0.00854911043011334,0.0085995085995086,13572,lowH,NA,NA,NA,FALSE,FALSE
snp_6814,0.031971875,-0.000694591921654849,-1.11160335218045e-05,0.0160036896129181,0.00679656922203873,0.000108780716671036,0.0160052392784143,0.01625,13576,lowH,NA,NA,NA,FALSE,FALSE
snp_6816,0.414697542533081,-0.0020766850946328,-0.000430909110076354,0.207498532728935,0.00456657856927343,0.000947645798169198,0.207517681737812,0.706521739130435,13580,goodH,0.852801777383794,0.498507575262874,0.750746212368563,FALSE,FALSE
snp_6818,0.0379904906518769,-0.000138289141183719,-2.62989701276191e-06,0.0190173790237663,0.00709223022759641,0.000134889139752132,0.0190192838392735,0.0193704600484262,13584,lowH,NA,NA,NA,FALSE,FALSE
snp_6820,0.0410943453741808,-0.00179406268101606,-3.689589350221e-05,0.0205655543101282,0.00559026340641152,0.000114978701490828,0.0205676715267044,0.0209876543209877,13588,lowH,NA,NA,NA,FALSE,FALSE
snp_6822,0.0386323375961561,-0.00217798674874318,-4.21050819157598e-05,0.0193321111526766,0.00520431573997174,0.000100620854024213,0.0193341178843925,0.0197044334975369,13592,lowH,NA,NA,NA,FALSE,FALSE
snp_6824,0.0622022059066489,-0.00502992175215422,-0.000156525846097253,0.0311189425621215,0.00390373752087657,0.000121494977285435,0.0311227321600644,0.967866323907455,13596,lowH,NA,NA,NA,FALSE,FALSE
snp_6826,0.0534627614374605,-0.00330918415653147,-8.8519555248206e-05,0.0267496612642398,0.00451121301019256,0.000120689356213292,0.0267531938617415,0.0274869109947644,13600,lowH,NA,NA,NA,FALSE,FALSE
snp_6828,0.0244461327320851,0.00340918226232517,4.17468613858126e-05,0.0122454178666704,0.0108109915928858,0.000132399299620086,0.0122467304208443,0.0123762376237624,13604,lowH,NA,NA,NA,FALSE,FALSE
snp_6830,0.0328606075825564,-0.00452452482331208,-7.43741863913683e-05,0.0164380104642512,0.00323838755721686,5.32384388398621e-05,0.0164397984797151,0.0167095115681234,13608,lowH,NA,NA,NA,FALSE,FALSE
snp_6832,0.0645984462307618,0.00585406835620426,0.000189540792518044,0.0323776186038491,0.0142133584633563,0.000460252220931902,0.0323816656083421,0.0334158415841584,13612,lowH,NA,NA,NA,FALSE,FALSE
snp_6834,0.364176839696271,-0.000834693744849907,-0.000152147569774041,0.182279513549487,0.0064863530151857,0.00118247765454807,0.18230238961396,0.239401496259352,13616,goodH,0.849781367212677,0.812716718616186,0.593641640691907,FALSE,FALSE
snp_6836,0.00520829782737642,0.0230977576908144,6.0553241683868e-05,0.00262160693234517,0.0386023853519234,0.000101221404953101,0.00262215415006879,0.00261096605744125,13620,lowH,NA,NA,NA,FALSE,FALSE
snp_6838,0.00493824134888743,0.0290185311647829,7.22018080354527e-05,0.00248812759079541,0.0436705298846525,0.000108684151205531,0.00248872984808291,0.00247524752475248,13624,lowH,NA,NA,NA,FALSE,FALSE
snp_6840,0.0896358200176455,-0.001994850221809,-8.94847499854282e-05,0.0448578790563436,0.00563602088881509,0.000252851794545287,0.0448635304115146,0.047029702970297,13628,lowH,NA,NA,NA,FALSE,FALSE
snp_6842,0.0436675307402914,0.0014661497608299,3.20587891901714e-05,0.0218659717081186,0.00883703232291912,0.00019325123123559,0.0218683404308013,0.0223325062034739,13632,lowH,NA,NA,NA,FALSE,FALSE
snp_6844,0.0243865264441396,-0.00308948979374093,-3.76964981748218e-05,0.0122015286314239,0.00437808775617154,5.3424831119149e-05,0.0122027775811115,0.0123456790123457,13636,lowH,NA,NA,NA,FALSE,FALSE
snp_6846,0.0292618370747966,0.00511506305906433,7.49972580653425e-05,0.014662039783154,0.0124730502026197,0.000182899647227825,0.0146635862324526,0.0148514851485149,13640,lowH,NA,NA,NA,FALSE,FALSE
snp_6848,0.077977504913975,-0.00368151531042158,-0.000143635988978168,0.039015453384525,0.00451180820272444,0.000176052265484974,0.0390203345476133,0.0406403940886699,13644,lowH,NA,NA,NA,FALSE,FALSE
snp_6850,0.0692058376629743,-0.000869302157753985,-3.01170162844419e-05,0.0346450494983876,0.00749120198023709,0.00025956649421928,0.0346495121749561,0.0358910891089109,13648,lowH,NA,NA,NA,FALSE,FALSE
snp_6852,0.0387258039932936,-0.00152974882626926,-2.96482526147719e-05,0.0193811246040161,0.00587052285386012,0.000113790194893977,0.0193833152049063,0.0197530864197531,13652,lowH,NA,NA,NA,FALSE,FALSE
snp_6854,0.034988896010981,-0.0021214544915751,-3.71460068998143e-05,0.017509688304572,0.00554987462500966,9.71899643496098e-05,0.0175121008881242,0.0178117048346056,13656,lowH,NA,NA,NA,FALSE,FALSE
snp_6856,0.00242423885380338,-0.000973471294992328,-1.18119210103258e-06,0.00121338154202266,0.00644212607150172,7.81770986187063e-06,0.00121352947382606,0.00121359223300971,13660,lowH,NA,NA,NA,FALSE,FALSE
snp_6858,0.0857732821189556,-0.00185338945012428,-7.95569715735307e-05,0.0429251237877695,0.00565411629718044,0.00024273359800446,0.0429304218814008,0.0449029126213592,13663,lowH,NA,NA,NA,FALSE,FALSE
snp_6860,0.0241509794896013,0.00253950886917511,3.07167721300733e-05,0.0120955561537577,0.00987035021940804,0.000119400830876584,0.0120969193820303,0.0122249388753056,13667,lowH,NA,NA,NA,FALSE,FALSE
snp_6862,0.0547836168781237,0.00979247134978819,0.000269019052393288,0.0274720285394664,0.0169117735306907,0.000464648710888982,0.0274748659592537,0.0281862745098039,13671,lowH,NA,NA,NA,FALSE,FALSE
snp_6864,0.0682073257830833,0.0193340634948235,0.000662648636073631,0.0342736350406136,0.0282046368189664,0.000966826556597312,0.0342789933018092,0.0353535353535354,13675,lowH,NA,NA,NA,FALSE,FALSE
snp_6866,0.0705508366493215,0.00473478289418628,0.000167412339056754,0.0353579758139102,0.0137490425511325,0.000486215527143574,0.0353635917072295,0.0366161616161616,13679,lowH,NA,NA,NA,FALSE,FALSE
snp_6868,0.2410181359045,-0.00532812718338264,-0.000642307687436982,0.120550367010797,0.00266525402809908,0.000321342594562298,0.120567342239977,0.140151515151515,13683,goodH,0.856951771465273,0.203779566405812,0.898110216797094,FALSE,FALSE
snp_6870,0.0824499451219929,-0.00335582798861629,-0.000138447029667874,0.041255699081573,0.00478022904142035,0.000197231785699753,0.041259902818621,0.0430809399477807,13687,lowH,NA,NA,NA,FALSE,FALSE
snp_6872,0.444160636193253,-0.00435849473040683,-0.000968547710426392,0.222220690934732,0.00424659106762101,0.000943802503201904,0.222249443888797,0.667091836734694,13691,goodH,0.852801777383794,0.445875726513155,0.777062136743422,FALSE,FALSE
snp_6874,0.0734396612390498,0.00660681060630439,0.000243271758518459,0.0368213610189344,0.0162255784259838,0.00059752560114273,0.0368261509978495,0.0381773399014778,13695,lowH,NA,NA,NA,FALSE,FALSE
snp_6876,0.0218685292395366,-0.00243164309656412,-2.66091998554208e-05,0.0109428887376685,0.00500214338790778,5.47435905557254e-05,0.0109440266522673,0.0110565110565111,13699,lowH,NA,NA,NA,FALSE,FALSE
snp_6878,0.0457030017714577,0.00110418629973722,2.52676337412917e-05,0.0228834878202211,0.00841075570293033,0.0001924868726428,0.0228857999734479,0.0233990147783251,13703,lowH,NA,NA,NA,FALSE,FALSE
snp_6880,0.0697041685064148,0.00790247018225493,0.000276136314023801,0.0349430377660732,0.0151151830637149,0.000528229469259839,0.0349469448721327,0.0361596009975062,13707,lowH,NA,NA,NA,FALSE,FALSE
snp_6882,0.103705822724983,-0.00126596620137677,-6.57183939079438e-05,0.0519116496447324,0.0070145839220075,0.000364185360658882,0.0519183125767859,0.0548628428927681,13711,goodH,0.849781367212677,0.894876487320758,0.552561756339621,FALSE,FALSE
snp_6884,0.0391042344264028,0.00539178968525722,0.000105667951401887,0.0195979364126192,0.0137375329621553,0.000269262128842995,0.0196004719031262,0.0199501246882793,13715,lowH,NA,NA,NA,FALSE,FALSE
snp_6886,0.268398843337418,0.0064298446557703,0.000864840301646966,0.134504074040239,0.0132282996867464,0.00177943223170205,0.134517078826456,0.15970515970516,13719,goodH,0.797483515033524,0.409930618647962,0.204965309323981,FALSE,FALSE
snp_6888,0.0291198524594141,0.000561830330193719,8.19267591412787e-06,0.0145821175430366,0.00921200571736132,0.000134346906736388,0.0145838931127878,0.0147783251231527,13723,lowH,NA,NA,NA,FALSE,FALSE
snp_6890,0.0448641191170345,0.011111781725935,0.000250059391742381,0.022503987021158,0.0185366930029394,0.00041719061159814,0.0225062049380645,0.0229591836734694,13727,lowH,NA,NA,NA,FALSE,FALSE
snp_6892,0.145655456059975,-0.00525784668273164,-0.000383028108743573,0.072848854646438,0.00218749882134162,0.000159372529148031,0.0728560525807673,0.0790816326530612,13731,goodH,0.858069551463098,0.142053613305694,0.928973193347153,FALSE,FALSE
snp_6894,0.0474778150733182,0.0132659157995032,0.000316109502161279,0.0238286980664476,0.0218219905186959,0.000520050055681534,0.0238314674014721,0.024330900243309,13735,lowH,NA,NA,NA,FALSE,FALSE
snp_6896,0.0606937142354633,-0.00629174730243685,-0.000190949133737959,0.0303491422269935,0.00122886409979082,3.73005645027949e-05,0.0303536937153135,0.031328320802005,13739,lowH,NA,NA,NA,FALSE,FALSE
snp_6898,0.0410943453741808,0.000587696306512623,1.20913842947334e-05,0.0205742050115704,0.00795147293798684,0.000163614022417397,0.0205765678501851,0.0209876543209877,13743,lowH,NA,NA,NA,FALSE,FALSE
snp_6900,0.13145746579417,0.0154997498125061,0.00102271329906563,0.0659825681986456,0.0221488345495189,0.0014615647519102,0.0659883367064993,0.0707317073170732,13747,goodH,0.530595716350412,0.0759675197724379,0.0379837598862189,FALSE,FALSE
snp_6902,0.0313551278354478,-0.00391499908244781,-6.14214092901637e-05,0.0156887416820953,0.00464177561142574,7.28317585775011e-05,0.0156904953350665,0.0159313725490196,13751,lowH,NA,NA,NA,FALSE,FALSE
snp_6904,0.027460342893767,0.00265094847116282,3.64606165396879e-05,0.0137538005496179,0.0102226828883081,0.000140616520546351,0.0137553440797012,0.0139240506329114,13755,lowH,NA,NA,NA,FALSE,FALSE
snp_6906,0.214158239143367,-0.00424923474934334,-0.000455257128842601,0.107138615703205,0.00372436302448549,0.000399065876263748,0.107150101544915,0.121951219512195,13759,goodH,0.852938297158161,0.361637716129688,0.819181141935156,FALSE,FALSE
snp_6908,0.0682302201070792,0.00131277126048325,4.48484696884987e-05,0.0341632019518689,0.00845361164409544,0.000288831732092875,0.0341666667754502,0.0353658536585366,13763,lowH,NA,NA,NA,FALSE,FALSE
snp_6910,0.0813874999999999,-0.00318428196370775,-0.000129702238073496,0.0407320204528849,0.00601820404016334,0.000245167879374921,0.0407377147299689,0.0425,13767,lowH,NA,NA,NA,FALSE,FALSE
snp_6912,0.0235260770975056,0.00808117859973087,9.53479678951126e-05,0.0117987700331593,0.0177320535594394,0.000209245053507466,0.0118003846991584,0.0119047619047619,13771,lowH,NA,NA,NA,FALSE,FALSE
snp_6914,0.0248099795459711,-0.00978093575004291,-0.000121368424844029,0.0124086721297088,0.00254239359355425,3.15525685861643e-05,0.0124105758707699,0.0125628140703518,13775,lowH,NA,NA,NA,FALSE,FALSE
snp_6916,0.0250586204230978,0.000856684176787585,1.07487606042452e-05,0.0125469349096083,0.0084719998212024,0.000106308477861457,0.0125482153098498,0.0126903553299492,13779,lowH,NA,NA,NA,FALSE,FALSE
snp_6918,0.225860963813298,-0.000302295951810674,-3.41844502943618e-05,0.113082726016031,0.00821602561246509,0.000929200377129803,0.113096090611019,0.129770992366412,13783,goodH,0.849781367212677,0.930189148171594,0.465094574085797,FALSE,FALSE
snp_6920,0.0917404557991002,-0.00431172931596424,-0.000197868923468891,0.0458908500439205,0.00309939290823362,0.000142248456566248,0.0458955869029581,0.0481927710843374,13786,lowH,NA,NA,NA,FALSE,FALSE
snp_6922,0.0378169586508152,-0.000439077257435383,-8.3135708221125e-06,0.0189341868232289,0.00834275787980814,0.000157988321016934,0.0189371816002609,0.019280205655527,13790,lowH,NA,NA,NA,FALSE,FALSE
snp_6924,0.0450887573964498,0.00848688652735109,0.000191861536599924,0.022606822417338,0.0160080451796231,0.00036193493898184,0.0226095650606079,0.0230769230769231,13794,lowH,NA,NA,NA,FALSE,FALSE
snp_6926,0.00519476996527768,0.0246985232475656,6.46020111297627e-05,0.00261562241929303,0.0401658533833526,0.000105083689122303,0.00261624440340802,0.00260416666666667,13798,lowH,NA,NA,NA,FALSE,FALSE
snp_6928,0.0932333717800846,0.00318145213542815,0.000148574628860665,0.0467002559008075,0.0106140525260093,0.000495731934675005,0.046705246036821,0.0490196078431373,13802,lowH,NA,NA,NA,FALSE,FALSE
snp_6930,0.381763795001275,-0.000594213687358686,-0.000113562827936531,0.191114459919838,0.00747637831693197,0.00142902791411049,0.191139058716989,0.256857855361596,13806,goodH,0.849781367212677,0.964218971936785,0.517890514031607,FALSE,FALSE
snp_6932,0.0209950115739925,-0.00626942170538079,-6.58257061530391e-05,0.0104994861163261,0.00185213485470316,1.94493483316715e-05,0.0105010433134949,0.0106100795755968,13810,lowH,NA,NA,NA,FALSE,FALSE
snp_6934,0.100472106325943,-0.00141081077258363,-7.09495200036736e-05,0.050289891020426,0.00669923739043444,0.000336953818707948,0.050297339692585,0.0530503978779841,13814,goodH,0.849781367212677,0.846165351499887,0.576917324250057,FALSE,FALSE
snp_6936,0.0365408555907649,-5.62144232309936e-05,-1.02839457081542e-06,0.0182941407508459,0.00793367562350347,0.000145161882957423,0.0182969269032606,0.0186170212765957,13818,lowH,NA,NA,NA,FALSE,FALSE
snp_6938,0.0681827526657712,0.00473312716872142,0.000161698068291122,0.0341630517260753,0.0123518042023076,0.000422022428478465,0.0341668651450628,0.0353403141361257,13822,lowH,NA,NA,NA,FALSE,FALSE
snp_6940,0.336734693877551,-0.00123093317238603,-0.000207498847200001,0.168570359345981,0.00743461421058174,0.00125340919962936,0.168591020882479,0.214285714285714,13826,goodH,0.849781367212677,0.958050905443372,0.520974547278314,FALSE,FALSE
snp_6942,0.151408066199131,-0.00587163269555663,-0.000444670131192314,0.0757319393511822,0.00274619680816662,0.000208000089069825,0.0757411444260935,0.082512315270936,13830,goodH,0.856951771465273,0.214943971590158,0.892528014204921,FALSE,FALSE
snp_6944,0.0709934862269015,0.0144649077067022,0.000515420352216063,0.0356324673939846,0.0219772090375872,0.000783181596543334,0.0356360807782222,0.0368550368550369,13834,lowH,NA,NA,NA,FALSE,FALSE
snp_6946,0.0781099262539739,0.00324060674236988,0.000126799092603418,0.0391281950214943,0.0111166090685271,0.000435018835872206,0.0391323319179961,0.0407124681933842,13838,lowH,NA,NA,NA,FALSE,FALSE
snp_6948,0.0304495695610585,-0.005964895336478,-9.08339126764447e-05,0.0152280815592781,0.00185487089554223,2.82493884205767e-05,0.0152298407875545,0.0154639175257732,13842,lowH,NA,NA,NA,FALSE,FALSE
snp_6950,0.00514135402274407,0.00422217579414353,1.08759583465326e-05,0.00257591319660786,0.0119981385310488,3.09097143516053e-05,0.00257620915708025,0.00257731958762887,13846,lowH,NA,NA,NA,FALSE,FALSE
snp_6952,0.034988896010981,0.00658660359491535,0.000115528825759716,0.0175399694387105,0.0152284486712769,0.000267138983559274,0.0175421009274003,0.0178117048346056,13850,lowH,NA,NA,NA,FALSE,FALSE
snp_6954,0.0557117182107076,0.00198947459660912,5.55051866483435e-05,0.0278994196472511,0.00933153392174464,0.000260370500210488,0.0279022186913734,0.0286783042394015,13854,lowH,NA,NA,NA,FALSE,FALSE
snp_6956,0.115836000609663,-0.0018325209706899,-0.00010622970449309,0.057969161713384,0.0055508307539386,0.000321813778706989,0.0579757865034248,0.0617283950617284,13858,goodH,0.852801777383794,0.661425296511171,0.669287351744415,FALSE,FALSE
snp_6958,0.157902758725804,-0.00510755461224621,-0.000403412583458508,0.0789835085642079,0.00296045163453369,0.000233856055812844,0.0789933715129514,0.0864197530864197,13862,goodH,0.856150345910198,0.245342396329311,0.877328801835345,FALSE,FALSE
snp_6960,0.0255059458232343,0.000391709531637173,5.00350756661813e-06,0.0127735149709165,0.00976940762129549,0.000124808894438204,0.0127754823297723,0.0129198966408269,13866,lowH,NA,NA,NA,FALSE,FALSE
snp_6962,0.0381050497999946,-0.00473017592365376,-9.01611275596136e-05,0.0190608402340287,0.00307915732876305,5.86980569087982e-05,0.0190630262248984,0.0194300518134715,13870,lowH,NA,NA,NA,FALSE,FALSE
snp_6964,0.191907836451985,-0.00173891907665786,-0.00016705384617112,0.0960676367368352,0.00736277089077871,0.000707418548999734,0.0960804783272177,0.107512953367876,13874,goodH,0.849781367212677,0.947391322710437,0.526304338644782,FALSE,FALSE
snp_6966,0.0332811143663194,0.00427878362800592,7.13613456424101e-05,0.0166779514568881,0.0132623863509698,0.000221219649063489,0.0166802295762793,0.0169270833333333,13878,lowH,NA,NA,NA,FALSE,FALSE
snp_6968,0.0332811143663194,0.0153484293961549,0.000256431501067785,0.0167073447353529,0.0229310237929996,0.000383160696600686,0.0167092712501418,0.0169270833333333,13882,lowH,NA,NA,NA,FALSE,FALSE
snp_6970,0.177508121023383,-0.00593260451878197,-0.000526721376038163,0.0887841713316,0.00256422154451997,0.000227689134626177,0.0887946422230069,0.0984455958549223,13886,goodH,0.856951771465273,0.190110911786574,0.904944544106713,FALSE,FALSE
snp_6972,0.0770859620392494,-0.00165759836656801,-6.39830689958345e-05,0.0385998624795396,0.00910477874561061,0.000351495711702249,0.0386056291452117,0.0401554404145078,13890,lowH,NA,NA,NA,FALSE,FALSE
snp_6974,0.335085559834781,0.00125516198528005,0.000210597780989256,0.167785340425417,0.00869062136056391,0.00145832372227133,0.167804310160016,0.212846347607053,13894,goodH,0.849781367212677,0.866254901700845,0.433127450850422,FALSE,FALSE
snp_6976,0.470888715625851,0.00466124752837117,0.00109974859919873,0.235934391491762,0.0122031746114241,0.00287950305458592,0.235963439537302,0.379353233830846,13898,goodH,0.810648381061125,0.489772879216173,0.244886439608087,FALSE,FALSE
snp_6978,0.0276675083298625,0.0016650305172885,2.3069490077142e-05,0.0138552956462988,0.0093166270793375,0.000129100370201212,0.013856985913661,0.014030612244898,13902,lowH,NA,NA,NA,FALSE,FALSE
snp_6980,0.0150367309458219,0.0194944156819924,0.000147383791567941,0.00756030824273866,0.0320023885088929,0.00024199347204806,0.00756173158702871,0.00757575757575758,13906,lowH,NA,NA,NA,FALSE,FALSE
snp_6982,0.0981755688195083,-0.000342193016505974,-1.68187671144592e-05,0.0491499425855922,0.00773430619836702,0.000380186900321555,0.0491559152909961,0.0517676767676768,13910,lowH,NA,NA,NA,FALSE,FALSE
snp_6984,0.432034996428936,-0.000961749923682363,-0.000207977779789454,0.216249333291492,0.00662593786744557,0.00143302504937543,0.216275050874857,0.684343434343434,13914,goodH,0.849781367212677,0.834697448348373,0.582651275825814,FALSE,FALSE
snp_6986,0.168185603807258,0.00515129409573386,0.000434117094773674,0.0842734052270858,0.0126095546279976,0.00106275735783009,0.0842819107560227,0.0926829268292683,13918,goodH,0.810648381061125,0.456653315657842,0.228326657828921,FALSE,FALSE
snp_6988,0.42,-0.00630477576509221,-0.00132402997479231,0.210004292638463,0.000640859384475762,0.000134595815307815,0.210023943735985,0.3,13922,goodH,0.871346796510036,0.0120525437933625,0.993973728103319,FALSE,FALSE
snp_6990,0.125175452651819,-0.00201178204724162,-0.000126022981805814,0.0626424626756191,0.00548451506896026,0.000343599085274296,0.0626489454316394,0.0670886075949367,13926,goodH,0.852801777383794,0.650502998735444,0.674748500632278,FALSE,FALSE
snp_6992,0.358561010188389,-0.00287369172220052,-0.000515547834566888,0.179402623664903,0.00439378751851046,0.00078833911112921,0.179421309703312,0.23406862745098,13930,goodH,0.852801777383794,0.470021526453468,0.764989236773266,FALSE,FALSE
snp_6994,0.0280198171851318,-0.00124078014095654,-1.74015398408272e-05,0.014024676303581,0.00656318790432048,9.20592120066069e-05,0.0140266000834755,0.0142118863049096,13934,lowH,NA,NA,NA,FALSE,FALSE
snp_6996,0.0935998281833068,-0.00173540452537355,-8.13089405727185e-05,0.0468530186385313,0.00712102396379842,0.000333695672161071,0.0468606304174091,0.0492227979274611,13938,lowH,NA,NA,NA,FALSE,FALSE
snp_6998,0.033111627157776,-0.000413691079751739,-6.85722471606794e-06,0.016575713259718,0.00738310057034185,0.000122397661283618,0.0165780839794182,0.016839378238342,13942,lowH,NA,NA,NA,FALSE,FALSE
snp_7000,0.0635356172411956,0.00241787369723062,7.6933773682006e-05,0.0318187727382634,0.00954186181654969,0.000303639706966954,0.0318218512073097,0.0328467153284672,13946,lowH,NA,NA,NA,FALSE,FALSE
snp_7002,0.101558596073766,0.00135510823474252,6.89072268804492e-05,0.0508499801815036,0.00834216753499873,0.000424239244747767,0.0508547979848059,0.0536585365853659,13950,goodH,0.849781367212677,0.912897066149588,0.456448533074794,FALSE,FALSE
snp_7004,0.103732897085069,-0.0021487137835231,-0.000111545125103343,0.0519125096877494,0.00557349907644585,0.000289364621078184,0.0519179454610599,0.0548780487804878,13954,goodH,0.852801777383794,0.665154574004552,0.667422712997724,FALSE,FALSE
snp_7006,0.0816357190072712,0.0175432300794466,0.000719211766439899,0.0409965418673109,0.0248297459647055,0.00101805533159186,0.0410014396860519,0.0426356589147287,13958,lowH,NA,NA,NA,FALSE,FALSE
snp_7008,0.0563941179471483,-0.00652865564944132,-0.000184100160445824,0.0281987855281628,0.00104803283509472,2.9557043398285e-05,0.0282024020703643,0.029040404040404,13962,lowH,NA,NA,NA,FALSE,FALSE
snp_7010,0.1677327351386,-0.0033169310993267,-0.00027836292507612,0.083921829166914,0.00437864180138012,0.000367511847088136,0.083932841223116,0.0924050632911392,13966,goodH,0.852801777383794,0.467531288121373,0.766234355939313,FALSE,FALSE
snp_7012,0.0599426081411414,0.00496797689895797,0.000149212895887375,0.0300349415712204,0.0124887769657058,0.000375135971066204,0.0300378469482102,0.0309278350515464,13970,lowH,NA,NA,NA,FALSE,FALSE
snp_7014,0.0822975085874349,0.00882216072924243,0.000364022209119696,0.0412622508580112,0.015871193545123,0.000654959738970345,0.0412672013045677,0.042997542997543,13974,lowH,NA,NA,NA,FALSE,FALSE
snp_7016,0.0240349038899841,0.0244422744295869,0.000295369268475544,0.0120843610248482,0.0314403530692872,0.00037997761257888,0.012085666205513,0.0121654501216545,13978,lowH,NA,NA,NA,FALSE,FALSE
snp_7018,0.0387258039932936,0.0100246114877196,0.000194687468176433,0.0194209489729283,0.0172671142085122,0.000335381378759197,0.0194231285384018,0.0197530864197531,13982,lowH,NA,NA,NA,FALSE,FALSE
snp_7020,0.0435619056955201,0.00283393755434696,6.18318473069454e-05,0.0218183520706383,0.0101759548734149,0.000222048257638829,0.0218208768023274,0.0222772277227723,13986,lowH,NA,NA,NA,FALSE,FALSE
snp_7022,0.154787743004504,-0.000959930154969398,-7.4372966301157e-05,0.0774774767894732,0.00665179671572241,0.000515420679153894,0.0774859336779832,0.0845410628019324,13990,goodH,0.849781367212677,0.838749135930727,0.580625432034637,FALSE,FALSE
snp_7024,0.471796875,0.0044668825137779,0.00105603256091821,0.236413775750969,0.0128897064026243,0.00304765059412714,0.236440652636328,0.38125,13994,goodH,0.800792999760211,0.434957039869755,0.217478519934878,FALSE,FALSE
snp_7026,0.0558468750000001,-0.00530062544775771,-0.000148053666639637,0.0279313579310281,0.00215952618821848,6.03245716511135e-05,0.0279341699953539,0.02875,13998,lowH,NA,NA,NA,FALSE,FALSE
snp_7028,0.0299182823265502,-0.00078900486978391,-1.18159314678484e-05,0.0149757395934508,0.0068227582356912,0.000102187521032459,0.0149774501019097,0.0151898734177215,14002,lowH,NA,NA,NA,FALSE,FALSE
snp_7030,0.0887999807766244,0.00800415778333082,0.000356308266113562,0.0445153975919362,0.0150132452220679,0.000668397252736341,0.0445205045844364,0.0465686274509804,14006,lowH,NA,NA,NA,FALSE,FALSE
snp_7032,0.0644444444444445,0.0023466121402419,7.57418606581409e-05,0.0322771110569355,0.0101487004318947,0.000327605541420469,0.0322805411016853,0.0333333333333333,14010,lowH,NA,NA,NA,FALSE,FALSE
snp_7034,0.0220290902852662,-0.000856431974035592,-9.44335846090094e-06,0.0110263964298331,0.00660617219971846,7.28495853502376e-05,0.0110275032420957,0.0111386138613861,14014,lowH,NA,NA,NA,FALSE,FALSE
snp_7036,0.0670652488470467,0.00169814047232048,5.70284894655424e-05,0.0335829045918764,0.00896458070291264,0.000301088227570603,0.0335864261306475,0.0347394540942928,14018,lowH,NA,NA,NA,FALSE,FALSE
snp_7038,0.0645984462307618,0.0102838988076819,0.000333163053739242,0.0323965705973668,0.0174195615348953,0.000564389353726776,0.0323997451139155,0.0334158415841584,14022,lowH,NA,NA,NA,FALSE,FALSE
snp_7040,0.0558468750000001,-0.00248823787999399,-6.95339989114471e-05,0.0279450769038269,0.0049441858334467,0.000138181083746565,0.0279481978229438,0.02875,14026,lowH,NA,NA,NA,FALSE,FALSE
snp_7042,0.0886435948587156,-0.00552246923575356,-0.000244891713501077,0.0443446043873996,0.00356063358043631,0.000157913459728637,0.044349820379239,0.0464824120603015,14030,lowH,NA,NA,NA,FALSE,FALSE
snp_7044,0.0302958579881656,-0.00253327060688681,-3.84053029036312e-05,0.0151603633655342,0.00518307114963618,7.8585049431394e-05,0.0151618697028518,0.0153846153846154,14034,lowH,NA,NA,NA,FALSE,FALSE
snp_7046,0.0502659237302971,0.00110681796955932,2.78564485447484e-05,0.0251680486863069,0.00839141332459999,0.000211219897031676,0.0251709561740297,0.0257985257985258,14038,lowH,NA,NA,NA,FALSE,FALSE
snp_7048,0.164314985883062,-0.00235473255148116,-0.000193639824961335,0.0822343177952559,0.00587432694779264,0.000483124863233582,0.0822434412533205,0.0903141361256544,14042,goodH,0.852801777383794,0.714401984174767,0.642799007912616,FALSE,FALSE
snp_7050,0.00491397510252622,0.00318543541148135,7.84061133720557e-06,0.00246139391461068,0.010623557973335,2.61514308477177e-05,0.00246164523348557,0.00246305418719212,14046,lowH,NA,NA,NA,FALSE,FALSE
snp_7052,0.00488994617454819,0.000270667671307032,6.63432941285543e-07,0.00245109782812952,0.0151906031563018,3.72418978121641e-05,0.00245164049307116,0.00245098039215686,14050,lowH,NA,NA,NA,FALSE,FALSE
snp_7054,0.0890074796708704,-0.00247163793346926,-0.000110085267741079,0.0445393988538445,0.00509980459533703,0.00022716783322098,0.0445444190996434,0.0466830466830467,14054,lowH,NA,NA,NA,FALSE,FALSE
snp_7056,0.445566749980675,-0.00268447706301842,-0.000598512232237814,0.222953006558695,0.00490675572837625,0.00109411123556047,0.222980579455609,0.33502538071066,14058,goodH,0.852801777383794,0.554849645199044,0.722575177400478,FALSE,FALSE
snp_7058,0.0661798809554484,0.00513659779864512,0.000170332864021525,0.0331606387532334,0.0125251482510901,0.000415386458939771,0.0331641949949469,0.0342639593908629,14062,lowH,NA,NA,NA,FALSE,FALSE
snp_7060,0.00498749999999992,-0.00241709029043163,-6.03256074057008e-06,0.00249579453628637,0.0052269490565442,1.30469700854642e-05,0.002496096660657,0.0025,14066,lowH,NA,NA,NA,FALSE,FALSE
snp_7062,0.0616950211457132,0.00975663584980133,0.000301844670171118,0.0309373717352856,0.0168435252040845,0.000521146005235919,0.0309404355039373,0.0318627450980392,14070,lowH,NA,NA,NA,FALSE,FALSE
snp_7064,0.0051281712386253,0.0265448745691687,6.85607486578429e-05,0.0025828243595272,0.0417765088203027,0.000107925809055989,0.00258340900433353,0.0025706940874036,14074,lowH,NA,NA,NA,FALSE,FALSE
snp_7066,0.0310555895937412,0.00295689650672847,4.5993081270098e-05,0.0155545116866417,0.0101952906447695,0.000158599416380538,0.0155561446854782,0.0157766990291262,14078,lowH,NA,NA,NA,FALSE,FALSE
snp_7068,0.0363511659807956,-0.00342732122278546,-6.23419287214022e-05,0.0181896952952474,0.00502387746842918,9.13939515771326e-05,0.0181919149404949,0.0185185185185185,14082,lowH,NA,NA,NA,FALSE,FALSE
snp_7070,0.0644444444444445,0.00263466098379235,8.50437113480691e-05,0.032278806218801,0.0104391862841096,0.000337002446725181,0.0322824440098519,0.0333333333333333,14086,lowH,NA,NA,NA,FALSE,FALSE
snp_7072,0.0370695835897696,0.00878946898319038,0.000163366973205846,0.0185866715632401,0.0161984764967802,0.000301109174971409,0.0185887342572779,0.0188916876574307,14090,lowH,NA,NA,NA,FALSE,FALSE
snp_7074,0.0272562561551475,0.00126341892536377,1.72472729618263e-05,0.0136512700701079,0.0102093892178908,0.00013938980881097,0.013653099694417,0.0138190954773869,14094,lowH,NA,NA,NA,FALSE,FALSE
snp_7076,0.494846556211188,-0.00551145605195962,-0.00136413402529605,0.247508827510478,0.00257484463004026,0.000637369253772151,0.247536976148416,0.550761421319797,14098,goodH,0.856951771465273,0.191533694872192,0.904233152563904,FALSE,FALSE
snp_7078,0.0848868819088355,0.00509244525393653,0.000216597377116014,0.0425330791624282,0.0123919414194291,0.000527120769113075,0.0425373838748633,0.0444162436548223,14102,lowH,NA,NA,NA,FALSE,FALSE
snp_7080,0.0427349420303516,0.000997036747009095,2.13332464754271e-05,0.021396650163018,0.00821318015575046,0.000175752540310157,0.0213988414934626,0.0218446601941748,14106,lowH,NA,NA,NA,FALSE,FALSE
snp_7082,0.0351646051504111,-0.0053313346974964,-9.37844629850178e-05,0.0175911790023348,0.00352691826320557,6.20503849124114e-05,0.017593371970014,0.0179028132992327,14110,lowH,NA,NA,NA,FALSE,FALSE
snp_7084,0.212638602993762,-0.00552319766742193,-0.000587437290599581,0.106358187045256,0.00271206275407359,0.00028848444913925,0.106370860595294,0.120947630922693,14114,goodH,0.856951771465273,0.210213377431745,0.894893311284128,FALSE,FALSE
snp_7086,0.187124081087102,0.00603192903051198,0.000565734762268554,0.0937900229606208,0.0142578465398241,0.00133740682520996,0.0938014602327499,0.104477611940299,14118,goodH,0.742203913403795,0.341413800165745,0.170706900082873,FALSE,FALSE
snp_7088,0.0821048394848134,-0.00141654696593404,-5.82063345934866e-05,0.0410902963285136,0.00573932587115636,0.000235855395793385,0.0410946165260808,0.0428921568627451,14122,lowH,NA,NA,NA,FALSE,FALSE
snp_7090,0.0545240928019037,0.000247981382715105,6.76880183302148e-06,0.0272956048511024,0.00745851048389473,0.000203604858620783,0.027298327066836,0.0280487804878049,14126,lowH,NA,NA,NA,FALSE,FALSE
snp_7094,0.176855055747789,-0.00148222918049601,-0.000131196968400257,0.0885132812972644,0.00601891561747972,0.000532809345010436,0.0885224812693981,0.0980392156862745,14132,goodH,0.852801777383794,0.737881797141532,0.631059101429234,FALSE,FALSE
snp_7096,0.169793302355392,0.000394993282564769,3.35804756042241e-05,0.0850153080735438,0.00847441862972482,0.000720551882770672,0.0850267038075354,0.0936708860759494,14136,goodH,0.849781367212677,0.894998908911845,0.447499454455923,FALSE,FALSE
snp_7098,0.0497188671386921,-0.00338836627554821,-8.42877603849646e-05,0.0248756343117975,0.0042168674859033,0.000104907317530517,0.0248780209198452,0.0255102040816327,14140,lowH,NA,NA,NA,FALSE,FALSE
snp_7100,0.310650887573964,-0.00151785497017565,-0.000235994805741059,0.155479153396157,0.00611805248682647,0.000951318795499425,0.155493729017171,0.192307692307692,14144,goodH,0.852801777383794,0.753897337426367,0.623051331286817,FALSE,FALSE
snp_7102,0.0223573899648999,0.00585721872188026,6.56250747434792e-05,0.0112041359320132,0.0133350653635854,0.000149422625878628,0.0112052413546216,0.0113065326633166,14148,lowH,NA,NA,NA,FALSE,FALSE
snp_7104,0.427665932783026,-0.00371941746465295,-0.000795851193743172,0.213971999999046,0.0042654875099896,0.000912795600087307,0.213995609634204,0.690176322418136,14152,goodH,0.852801777383794,0.448967990746389,0.775516004626806,FALSE,FALSE
snp_7106,0.051121875,0.00748213869179878,0.000191736371611106,0.0256258777749294,0.0147868658465925,0.000378964733185064,0.0256284690154536,0.02625,14156,lowH,NA,NA,NA,FALSE,FALSE
snp_7108,0.0768,0.0140750240290572,0.000542479781128068,0.0385420145648167,0.0211818126737832,0.000816474495689569,0.0385460162576229,0.04,14160,lowH,NA,NA,NA,FALSE,FALSE
snp_7110,0.0418013434004192,-0.00388621670217342,-8.12683140264168e-05,0.02091193576029,0.00367291969420961,7.68173588417153e-05,0.0209145217530398,0.021356783919598,14164,lowH,NA,NA,NA,FALSE,FALSE
snp_7112,0.0531005055138571,0.0133655192268678,0.000356125881809011,0.0266451213577333,0.0205270812241741,0.000547001309939303,0.0266477880593719,0.0272952853598015,14168,lowH,NA,NA,NA,FALSE,FALSE
snp_7114,0.0384467512495195,-0.000935906898238852,-1.80099881862573e-05,0.0192433544620172,0.00638827174008052,0.000122943747153868,0.0192452281549812,0.0196078431372549,14172,lowH,NA,NA,NA,FALSE,FALSE
snp_7116,0.0287020454331228,-0.00712115963603283,-0.000102189907346566,0.0143501778600059,0.000261631190684864,3.75485060183899e-06,0.0143516932824792,0.0145631067961165,14176,lowH,NA,NA,NA,FALSE,FALSE
snp_7118,0.0239772834385898,-0.00305148370816628,-3.66073771033881e-05,0.0119965828444113,0.00429456631016062,5.15255344387496e-05,0.0119978434881408,0.0121359223300971,14180,lowH,NA,NA,NA,FALSE,FALSE
snp_7120,0.161512578112482,-0.00343448079151846,-0.000277528007246251,0.0808063937732927,0.00405737796003536,0.000327895687928219,0.0808146766601359,0.0886075949367089,14184,goodH,0.852938297158161,0.415057501147557,0.792471249426221,FALSE,FALSE
snp_7122,0.0656973903774529,0.0107726164702432,0.000354968454323642,0.0329509971235082,0.0180176688444035,0.00059375632796266,0.0329541148241876,0.0340050377833753,14188,lowH,NA,NA,NA,FALSE,FALSE
snp_7124,0.0384467512495195,-0.00381483947236255,-7.33841785944103e-05,0.0192365050026504,0.00451696398967801,8.69017590089293e-05,0.0192389753842435,0.0196078431372549,14192,lowH,NA,NA,NA,FALSE,FALSE
snp_7126,0.0251848188254893,-0.00138401402285884,-1.74457751761634e-05,0.0126052011670569,0.00632141071024908,7.96924520024481e-05,0.0126067511913505,0.0127551020408163,14196,lowH,NA,NA,NA,FALSE,FALSE
snp_7128,0.00752812339396858,0.015479026944306,5.85476256750655e-05,0.0037823841179243,0.0280351174449012,0.000106060625513497,0.00378313469604483,0.00377833753148615,14200,lowH,NA,NA,NA,FALSE,FALSE
snp_7130,0.105182702676208,0.00179837850804088,9.47255978846703e-05,0.0526727813200252,0.00924797062462878,0.000487178970909403,0.052679554324272,0.0556930693069307,14204,goodH,0.849781367212677,0.795150524298765,0.397575262149383,FALSE,FALSE
snp_7132,0.0737887216939517,-0.00578699236827177,-0.000213558246474987,0.0369031498375319,0.0020635558594623,7.61620289106302e-05,0.0369081498624786,0.0383663366336634,14208,lowH,NA,NA,NA,FALSE,FALSE
snp_7134,0.034053034016273,0.00137182726149766,2.33916531904544e-05,0.0170514567299947,0.00878413414311177,0.000149801446669308,0.0170536383243621,0.0173267326732673,14212,lowH,NA,NA,NA,FALSE,FALSE
snp_7136,0.153790825297032,0.000739056527793666,5.69070088687234e-05,0.0769995348510215,0.00816519497090174,0.000628782010422389,0.077007592918868,0.0839416058394161,14216,goodH,0.849781367212677,0.937217642490925,0.468608821245463,FALSE,FALSE
snp_7138,0.0351646051504111,0.0078670584608659,0.000138686426836132,0.0176287525415017,0.0153957626190003,0.000271434571998528,0.0176304726641825,0.0179028132992327,14220,lowH,NA,NA,NA,FALSE,FALSE
snp_7140,0.0386323375961561,0.00487886956775192,9.44363474088914e-05,0.0193561943186782,0.0121645135700971,0.000235482887081307,0.0193581835989047,0.0197044334975369,14224,lowH,NA,NA,NA,FALSE,FALSE
snp_7142,0.12564095680421,0.00791119600182971,0.000498396315925075,0.0629988583028161,0.0164469959689732,0.00103629582442234,0.0630082129513061,0.0673575129533679,14228,goodH,0.643540974224351,0.228664831458146,0.114332415729073,FALSE,FALSE
snp_7144,0.128712086572169,-0.00052366165356216,-3.37378105588811e-05,0.0644267349525839,0.00677384548836911,0.000436478208429288,0.0644358081652045,0.0691358024691358,14232,goodH,0.849781367212677,0.857783174595193,0.571108412702404,FALSE,FALSE
snp_7146,0.11288626970396,0.0141922871923575,0.00080402026998922,0.0566519165721351,0.0210100619663675,0.00119039943749723,0.0566585400558457,0.0600490196078431,14236,goodH,0.530595716350412,0.0951878826624812,0.0475939413312406,FALSE,FALSE
snp_7148,0.00727263040119364,0.0423953300277397,0.000155638305614232,0.00367111909524933,0.0541091995570931,0.000198673465404327,0.00367171325819924,0.00364963503649635,14240,lowH,NA,NA,NA,FALSE,FALSE
snp_7150,0.13415212898885,0.00347980898726256,0.000233830810397966,0.0671964499355787,0.0105954557677032,0.000712052257898103,0.0672035515516532,0.0723039215686275,14244,goodH,0.840267703072198,0.641236566949161,0.32061828347458,FALSE,FALSE
snp_7152,0.0728514067176136,0.0114713963488747,0.000419227866574832,0.0365454957552711,0.0189485101037506,0.00069255713026838,0.0365494240167885,0.0378590078328982,14248,lowH,NA,NA,NA,FALSE,FALSE
snp_7154,0.0505987518974531,0.00960924692150094,0.000243832841243038,0.0253748127439056,0.0171870355911111,0.00043617076815411,0.0253778940435598,0.025974025974026,14252,lowH,NA,NA,NA,FALSE,FALSE
snp_7156,0.107326067456572,0.0111045332762252,0.000597751852998197,0.0538295341307122,0.0178845753655209,0.000962808426000619,0.0538345700875173,0.0569007263922518,14256,goodH,0.619605068186003,0.174419424067217,0.0872097120336083,FALSE,FALSE
snp_7158,0.157979535304426,-0.00723697829836465,-0.000571818404080792,0.0790134197597369,0.00244062409258399,0.000192868299003383,0.0790241723784612,0.0864661654135338,14260,goodH,0.856951771465273,0.173817051763697,0.913091474118152,FALSE,FALSE
snp_7160,0.0355755093467758,0.010266618948335,0.000183170407442599,0.0178413563768534,0.0173576927253855,0.000309717877243707,0.0178432630502064,0.0181159420289855,14264,lowH,NA,NA,NA,FALSE,FALSE
snp_7162,0.0379125039855459,-0.000943271187546715,-1.79036868839631e-05,0.018980423785155,0.00783970913903902,0.000148820332078768,0.0189828894719696,0.0193298969072165,14268,lowH,NA,NA,NA,FALSE,FALSE
snp_7166,0.12887573964497,-0.00653637381652672,-0.000421375449971966,0.0644662410381963,0.00328390327982436,0.000211732393911139,0.064475831310861,0.0692307692307692,14275,goodH,0.855165957122858,0.293268784521118,0.853365607739441,FALSE,FALSE
snp_7168,0.0268570483285953,0.00179457235977085,2.41411739372878e-05,0.0134523268487042,0.0106124517600769,0.000142782603043824,0.0134542522568591,0.0136138613861386,14279,lowH,NA,NA,NA,FALSE,FALSE
snp_7170,0.0622855602391923,-0.0014271252667836,-4.4491181701135e-05,0.0311753864476155,0.0064752117002614,0.000201888496474867,0.0311786711879578,0.0321782178217822,14283,lowH,NA,NA,NA,FALSE,FALSE
snp_7172,0.359307763663068,0.00729446575222372,0.00131408182168827,0.180147781389977,0.0160463843196799,0.00289108698405025,0.180170618280936,0.765228426395939,14287,goodH,0.662954508104518,0.246339938274626,0.123169969137313,FALSE,FALSE
snp_7174,0.0800544784489665,9.95713462362042e-05,3.99047371563154e-06,0.0400765266963981,0.00747976963354592,0.000299795840062745,0.0400808921598595,0.0417721518987342,14291,lowH,NA,NA,NA,FALSE,FALSE
snp_7176,0.0271888995672138,-0.000223302956525804,-3.03932060448792e-06,0.013610749502713,0.00732039554791673,9.96478641053455e-05,0.01361236062356,0.0137844611528822,14295,lowH,NA,NA,NA,FALSE,FALSE
snp_7178,0.00498749999999992,0.0239213836594777,6.00572316765915e-05,0.00251060860573576,0.038768762618135,9.73540686128383e-05,0.00251114717206111,0.0025,14299,lowH,NA,NA,NA,FALSE,FALSE
snp_7180,0.285663359083209,0.00265910122811624,0.000380491997596432,0.143090452357837,0.0107617880461845,0.001540119414719,0.143109993256653,0.172634271099744,14303,goodH,0.83860437086585,0.623983164275379,0.31199158213769,FALSE,FALSE
snp_7182,0.0844779869401082,0.00718926373608049,0.000304423353284533,0.0423441626931468,0.0144401581378072,0.000611527533376359,0.0423490883922704,0.0441919191919192,14307,lowH,NA,NA,NA,FALSE,FALSE
snp_7184,0.0431444636678202,0.00441498663312306,9.54434953280961e-05,0.0216180711878127,0.012508326178571,0.000270439180070565,0.0216207329589691,0.0220588235294118,14311,lowH,NA,NA,NA,FALSE,FALSE
snp_7186,0.061163434903047,0.00168879373931966,5.17335200907639e-05,0.0306334153699581,0.0101243169639414,0.000310184055606884,0.0306375291006425,0.0315789473684211,14315,lowH,NA,NA,NA,FALSE,FALSE
snp_7188,0.0234647489226614,-0.00408437354997896,-4.79614790022121e-05,0.0117426769161354,0.00574051502724356,6.74194648641667e-05,0.0117444975832665,0.0118733509234828,14318,lowH,NA,NA,NA,FALSE,FALSE
snp_7190,0.0250586204230978,-0.00210786705398227,-2.64333905504104e-05,0.012540349971537,0.00556710392047678,6.9821837615769e-05,0.0125418599352802,0.0126903553299492,14322,lowH,NA,NA,NA,FALSE,FALSE
snp_7192,0.351630886426593,0.000974314968060281,0.000171552570058343,0.176075063693088,0.0088853632763887,0.00156465110119053,0.17609309293502,0.227631578947368,14326,goodH,0.849781367212677,0.8409174162372,0.4204587081186,FALSE,FALSE
snp_7194,0.499779555114666,-0.00408448040400199,-0.00102127757883942,0.250038555170633,0.00393782555324159,0.000984710439684092,0.250064515649629,0.489501312335958,14330,goodH,0.852938297158161,0.395743975501659,0.802128012249171,FALSE,FALSE
snp_7196,0.041218836565097,0.00581996925332135,0.000120223224279227,0.0206570205178692,0.0135647904837899,0.000280234622474009,0.0206589716817884,0.0210526315789474,14334,lowH,NA,NA,NA,FALSE,FALSE
snp_7198,0.0464852607709751,-0.00164025322529502,-3.81749523100375e-05,0.0232738163359937,0.0083027283600257,0.00019326415107515,0.0232771858472017,0.0238095238095238,14338,lowH,NA,NA,NA,FALSE,FALSE
snp_7200,0.0280198171851318,-0.00108383412062205,-1.52008293829079e-05,0.0140250515218912,0.00672974967622642,9.43991599961084e-05,0.0140271428415211,0.0142118863049096,14342,lowH,NA,NA,NA,FALSE,FALSE
snp_7202,0.0481633897271758,-0.00708333673038856,-0.000170572134101534,0.0240807603244039,0.000340516463857378,8.20071013813732e-06,0.0240831531175894,0.0246913580246914,14346,lowH,NA,NA,NA,FALSE,FALSE
snp_7204,0.117997256515775,0.00171544450750342,0.000101361522451452,0.0590876137398163,0.0090180225661235,0.000532905522363684,0.0590933897599194,0.062962962962963,14350,goodH,0.849781367212677,0.823959988205119,0.411979994102559,FALSE,FALSE
snp_7206,0.433719317665935,0.00090156392496825,0.000195798225910243,0.217176198478813,0.00879487477899846,0.00191026351552682,0.217201900371383,0.317955112219451,14354,goodH,0.849781367212677,0.852625146748964,0.426312573374482,FALSE,FALSE
snp_7208,0.0391042344264028,-0.00332550107271334,-6.50618912088014e-05,0.0195645377301641,0.00416990104981316,8.15913448538429e-05,0.0195667340493604,0.0199501246882793,14358,lowH,NA,NA,NA,FALSE,FALSE
snp_7210,0.134917135578511,0.00383068143722982,0.000258956249333999,0.0676005701798228,0.0124595577912523,0.00084237174389046,0.067608478406985,0.927248677248677,14362,goodH,0.810648381061125,0.46864766969464,0.23432383484732,FALSE,FALSE
snp_7212,0.0375331892961266,-0.00185199798904659,-3.47878264315054e-05,0.01878394395526,0.00580706930926919,0.000109092801084485,0.0187862061350554,0.0191326530612245,14366,lowH,NA,NA,NA,FALSE,FALSE
snp_7214,0.118599309603456,-0.0053036775840913,-0.00031462141928412,0.0593213698034446,0.00283444928945695,0.00016816862721064,0.0593302649076003,0.0633074935400517,14370,goodH,0.856303354098092,0.22732166837413,0.886339165812935,FALSE,FALSE
snp_7216,0.06189454543076,0.0100330698745641,0.000311441142050372,0.031041460484586,0.0174507495604251,0.000541767512035967,0.031045515274862,0.0319693094629156,14374,lowH,NA,NA,NA,FALSE,FALSE
snp_7218,0.0768893156753701,-0.00168463633959675,-6.48313656374625e-05,0.0384838935939024,0.00636418801978247,0.000244948384133952,0.0384885524080297,0.0400485436893204,14378,lowH,NA,NA,NA,FALSE,FALSE
snp_7220,0.0196540832096743,0.0105049216615613,0.000103552593585522,0.00985753125265395,0.0178535951865896,0.000176012491796387,0.00985865815578679,0.00992555831265509,14382,lowH,NA,NA,NA,FALSE,FALSE
snp_7226,0.0623571846104793,-0.000232529913674589,-7.25871023579791e-06,0.0312162427667522,0.00737588698343524,0.000230275456352754,0.0312200358912638,0.0322164948453608,14391,lowH,NA,NA,NA,FALSE,FALSE
snp_7232,0.0642852937905953,-0.0051224833284503,-0.00016470490495881,0.0321533315772914,0.00247814615121872,7.96894915204498e-05,0.0321568973973789,0.0332480818414322,14401,lowH,NA,NA,NA,FALSE,FALSE
snp_7234,0.0670652488470467,0.00795263015873983,0.000267369300911007,0.0336202357678072,0.0151382602913259,0.000509007526108676,0.0336239116195098,0.0347394540942928,14405,lowH,NA,NA,NA,FALSE,FALSE
snp_7236,0.104938271604938,0.00911044976022161,0.000479493195915432,0.0526311223414033,0.0179372237026571,0.000944175858305031,0.0526377924452806,0.0555555555555556,14409,goodH,0.619605068186003,0.172680725962107,0.0863403629810537,FALSE,FALSE
snp_7238,0.0541393805439441,0.00332343654595908,9.01329351120193e-05,0.0271204019892032,0.0110979657490762,0.000301013083437376,0.0271232665736451,0.0278450363196126,14413,lowH,NA,NA,NA,FALSE,FALSE
snp_7240,0.022246875,-0.00129048344994065,-1.43691228684154e-05,0.0111346820209714,0.00625817875924348,6.96903321172785e-05,0.0111358807087995,0.01125,14417,lowH,NA,NA,NA,FALSE,FALSE
snp_7242,0.0228106508875738,-0.00220049179791507,-2.51193750531322e-05,0.011415345913551,0.00556617135890665,6.35476602630699e-05,0.0114167631870307,0.0115384615384615,14421,lowH,NA,NA,NA,FALSE,FALSE
snp_7244,0.0432480727321023,0.000218408520803147,4.72874186181971e-06,0.0216509037487679,0.00754031531387482,0.000163272973484299,0.0216533349983207,0.0221130221130221,14425,lowH,NA,NA,NA,FALSE,FALSE
snp_7246,0.0580593404269873,-0.00169297975452632,-4.92019011419113e-05,0.0290623092274824,0.00701540177363046,0.000203912515789424,0.0290664059406963,0.029925187032419,14429,lowH,NA,NA,NA,FALSE,FALSE
snp_7248,0.0973649584487535,-0.0035385794458013,-0.00017243484167014,0.0487299619271634,0.00627831451183483,0.000305989287515808,0.0487374894868692,0.0513157894736842,14433,lowH,NA,NA,NA,FALSE,FALSE
snp_7250,0.10140306122449,0.00103052272224575,5.23251485189256e-05,0.0507753467142353,0.00876752537086932,0.000445235512262875,0.0507823466062841,0.0535714285714286,14437,goodH,0.849781367212677,0.856186129156002,0.428093064578001,FALSE,FALSE
snp_7252,0.17195,0.0174531375839116,0.0015072932346848,0.0863623074898712,0.0257926375016477,0.00222777361953709,0.0863724626608957,0.095,14441,goodH,0.526636164901687,0.0363889256549008,0.0181944628274504,FALSE,FALSE
snp_7254,0.1513875,0.0171828291885372,0.00130618998833839,0.0760171665565858,0.024380861182299,0.00185355789250972,0.0760251198122334,0.9175,14445,goodH,0.530595716350412,0.0485128892189264,0.0242564446094632,FALSE,FALSE
snp_7256,0.0639693361562717,0.007507162855755,0.000240731422082068,0.0320668975360676,0.0149018224019469,0.000477911767717068,0.0320706927532992,0.0330788804071247,14449,lowH,NA,NA,NA,FALSE,FALSE
snp_7258,0.03076171875,0.00322544203092957,4.96971207909869e-05,0.0154078480761486,0.0103858972915785,0.000160040024847173,0.0154093594760409,0.015625,14453,lowH,NA,NA,NA,FALSE,FALSE
snp_7260,0.0331659166787632,-0.00433355335224275,-7.18935824942722e-05,0.0165899843963072,0.00293613813491771,4.871532401896e-05,0.0165916321986416,0.0168674698795181,14457,lowH,NA,NA,NA,FALSE,FALSE
snp_7262,0.370747568587603,-0.00390755091534177,-0.00072469883365035,0.185461136489623,0.00318959050009326,0.000591602439984799,0.185479120271866,0.24578313253012,14461,goodH,0.856150345910198,0.279066554268897,0.860466722865551,FALSE,FALSE
snp_7264,0.040995292290519,0.0121993670280132,0.000250902524890018,0.0205668477974205,0.0193810356767066,0.000398649656643032,0.0205690585009425,0.020935960591133,14465,lowH,NA,NA,NA,FALSE,FALSE
snp_7268,0.350979257514071,0.176786271301355,0.0320670263383719,0.181388668375213,0.183499561926598,0.0332877066667752,0.181404829075781,0.227034120734908,14472,goodH,0,0,0,TRUE,TRUE
snp_7270,0.0630398050263503,0.00203534407709575,6.4261245609747e-05,0.0315726693746258,0.00999440741926543,0.000315586539446458,0.0315763132527624,0.0325814536340852,14476,lowH,NA,NA,NA,FALSE,FALSE
snp_7272,0.101325471670189,0.0203402948997671,0.00103559251539869,0.0509133481349154,0.0281273842723388,0.00143222601651006,0.050919275061014,0.94647201946472,14480,goodH,0.420173391784782,0.0224863264018147,0.0112431632009073,FALSE,FALSE
snp_7274,0.0520953581851871,0.00768255294670359,0.000200622992507599,0.026114104764313,0.0147927157439733,0.000386339581103486,0.0261168799421354,0.0267639902676399,14484,lowH,NA,NA,NA,FALSE,FALSE
snp_7276,0.0304495695610585,8.73008877196836e-05,1.33084794878595e-06,0.0152443804816648,0.00781309276027754,0.000119118547321585,0.0152460172912825,0.0154639175257732,14488,lowH,NA,NA,NA,FALSE,FALSE
snp_7278,0.157403797225765,0.00780244111162144,0.000615681549929657,0.0789088364938279,0.0152947515031266,0.00120701690744725,0.0789170655829554,0.0861182519280206,14492,goodH,0.69397382268159,0.282907511222991,0.141453755611496,FALSE,FALSE
snp_7280,0.0425330812854443,0.00296687463365547,6.32269683153972e-05,0.0213109673048421,0.012424175969185,0.00026480947949806,0.0213140477207383,0.0217391304347826,14496,lowH,NA,NA,NA,FALSE,FALSE
snp_7282,0.0025542742394411,0.0142442291109731,1.82614328484893e-05,0.00128202324648243,0.0218376961035515,2.79998674417235e-05,0.00128218046944841,0.00127877237851662,14500,lowH,NA,NA,NA,FALSE,FALSE
snp_7284,0.130771645920684,0.00751506248053557,0.000492767938709611,0.0655707041672517,0.0164527425389589,0.00107897362328007,0.0655801682136058,0.0703324808184143,14504,goodH,0.643540974224351,0.22841998021983,0.114209990109915,FALSE,FALSE
snp_7286,0.0385393210946037,-0.00331017778182913,-6.38257952230403e-05,0.0192816819608316,0.00406674156451587,7.84215077894243e-05,0.0192836221690817,0.0196560196560197,14508,lowH,NA,NA,NA,FALSE,FALSE
snp_7288,0.0744968749999999,0.00308540143973086,0.000115127385164704,0.0373135837956784,0.0103553885156314,0.000386437648058023,0.037317542212414,0.03875,14512,lowH,NA,NA,NA,FALSE,FALSE
snp_7290,0.00749053083837414,0.00297818731372906,1.11833692535435e-05,0.00375509263705125,0.0156634646095064,5.88298074287456e-05,0.0037558617391098,0.0037593984962406,14516,lowH,NA,NA,NA,FALSE,FALSE
snp_7292,0.0224130601678838,0.00493570007434605,5.54452786861076e-05,0.0112335186196365,0.0141810091581505,0.000159324780114509,0.0112350805459382,0.0113350125944584,14520,lowH,NA,NA,NA,FALSE,FALSE
snp_7294,0.0425330812854443,-0.00172569425713185,-3.67513810357925e-05,0.0212965772377745,0.00871727180918837,0.000185674089962491,0.021299564132758,0.0217391304347826,14524,lowH,NA,NA,NA,FALSE,FALSE
snp_7298,0.00723754023298495,0.0424618789599167,0.000155129312998235,0.00365337843727251,0.0541149487317863,0.000197733575230091,0.00365395477338677,0.0036319612590799,14530,lowH,NA,NA,NA,FALSE,FALSE
snp_7300,0.0394901306397477,0.00317960329662838,6.28942196346521e-05,0.0197805240991367,0.0106437470316335,0.000210559559110415,0.0197824655626093,0.0201511335012594,14534,lowH,NA,NA,NA,FALSE,FALSE
snp_7302,0.0973044049967127,0.00629498665354948,0.000307043138948483,0.0487758204817407,0.0148416175316214,0.000724010013655442,0.0487824195787874,0.0512820512820513,14538,lowH,NA,NA,NA,FALSE,FALSE
snp_7304,0.0450887573964498,0.00665990416674036,0.000150531975185502,0.0226027239156473,0.0150924761794415,0.000341176609668126,0.0226057411396061,0.0230769230769231,14542,lowH,NA,NA,NA,FALSE,FALSE
snp_7306,0.0224690082644627,-0.00313942988547583,-3.52944652741233e-05,0.0112423167777719,0.0045150373488286,5.07652366244587e-05,0.0112435917363185,0.0113636363636364,14546,lowH,NA,NA,NA,FALSE,FALSE
snp_7308,0.0685523596693579,0.00603788956359295,0.000207420799361759,0.03435319529732,0.0131417946954909,0.000451505464702341,0.0343564539824426,0.0355392156862745,14550,lowH,NA,NA,NA,FALSE,FALSE
snp_7310,0.0452676977989293,0.012239623077389,0.000277958627676985,0.022709737540078,0.0193222550963632,0.000438845047537641,0.0227118959639571,0.0231707317073171,14554,lowH,NA,NA,NA,FALSE,FALSE
snp_7312,0.0101263200150212,0.00782998060848096,3.98002566359401e-05,0.00508305941305025,0.0231734838454141,0.000117815814414301,0.00508407864782992,0.00508905852417303,14558,lowH,NA,NA,NA,FALSE,FALSE
snp_7314,0.0633035004522902,0.00169065672351496,5.35961375032574e-05,0.0317013718739002,0.00937912951882955,0.000297365667255275,0.031705039007968,0.0327225130890052,14562,lowH,NA,NA,NA,FALSE,FALSE
snp_7316,0.0259022740267703,0.00738890761015443,9.59436012823055e-05,0.0129848153941527,0.0151661249183218,0.000196950043522594,0.0129861810174506,0.0131233595800525,14566,lowH,NA,NA,NA,FALSE,FALSE
snp_7318,0.0385950771901542,0.00179191607404652,3.46350642328688e-05,0.019328508033669,0.00959699628995121,0.000185515197028563,0.0193305479572616,0.0196850393700787,14570,lowH,NA,NA,NA,FALSE,FALSE
snp_7320,0.134455988264342,0.00468383130557351,0.000315558796469463,0.0673719388855797,0.012608075552453,0.000849521736040142,0.0673791755534699,0.0724815724815725,14574,goodH,0.810648381061125,0.456770290112702,0.228385145056351,FALSE,FALSE
snp_7322,0.104938271604938,0.0147826030647125,0.000778558561998334,0.0526672169028759,0.0216558896878014,0.00114066165865113,0.0526721217689643,0.0555555555555556,14578,goodH,0.530595716350412,0.0837828737950863,0.0418914368975432,FALSE,FALSE
snp_7324,0.0575034293552812,-0.00572614160681058,-0.000164703240671022,0.0287633893781332,0.00292913941710266,8.42616422813086e-05,0.0287666888743232,0.0296296296296296,14582,lowH,NA,NA,NA,FALSE,FALSE
snp_7326,0.00729030339083869,-0.00254195300333827,-9.28051485468739e-06,0.0036509388027629,0.0098540091090524,3.59825144387018e-05,0.00365156090688473,0.00365853658536585,14586,lowH,NA,NA,NA,FALSE,FALSE
snp_7328,0.0617418523531861,0.0128418060290192,0.000397875661030672,0.0309828430776462,0.0208228158492538,0.000645227718059314,0.0309865737050369,0.0318877551020408,14590,lowH,NA,NA,NA,FALSE,FALSE
snp_7330,0.408002077562327,0.000774415140633396,0.000158195429723095,0.204277294467289,0.00816295713514253,0.00166768080635522,0.204298611244159,0.285526315789474,14594,goodH,0.849781367212677,0.937527867608347,0.468763933804174,FALSE,FALSE
snp_7332,0.0202510449303706,0.0124783198943506,0.0001267885805427,0.0101607092634404,0.0200100993578517,0.000203338189170687,0.0101617780868689,0.010230179028133,14598,lowH,NA,NA,NA,FALSE,FALSE
snp_7334,0.077977504913975,0.0027126866774559,0.000105940387534625,0.0390536763479007,0.00987290532453901,0.000385616614917605,0.0390580687489384,0.0406403940886699,14602,lowH,NA,NA,NA,FALSE,FALSE
snp_7336,0.0669052053720225,-0.00662562734453008,-0.000221687605655439,0.0334591117380692,0.00187685321726016,6.2806946638036e-05,0.0334639630102358,0.0346534653465347,14606,lowH,NA,NA,NA,FALSE,FALSE
snp_7338,0.0865564444444444,0.00776248389996875,0.000336830900347294,0.0433921544556956,0.0153718103830576,0.000667077895512017,0.0433961829406414,0.0453333333333333,14610,lowH,NA,NA,NA,FALSE,FALSE
snp_7340,0.0264058346801168,0.00564057049729654,7.46524764004322e-05,0.0132349159426714,0.014234898263704,0.00018841997206554,0.0132364818191902,0.01338199513382,14614,lowH,NA,NA,NA,FALSE,FALSE
snp_7342,0.159838030795461,-0.00112908450110862,-9.03302375868622e-05,0.0800030799272947,0.0064864479269859,0.000518990211082961,0.0800114665106274,0.0875912408759124,14618,goodH,0.849781367212677,0.81273172617679,0.593634136911605,FALSE,FALSE
snp_7344,0.0335633551457466,-0.00139213018151272,-2.33846197527784e-05,0.016797724855996,0.00592289525112631,9.95009293289052e-05,0.0167993734668841,0.0170731707317073,14621,lowH,NA,NA,NA,FALSE,FALSE
snp_7346,0.0240928019036288,0.00223721259246355,2.69935186049642e-05,0.0120656922350145,0.00954010727972064,0.000115119277400944,0.0120668745146769,0.0121951219512195,14625,lowH,NA,NA,NA,FALSE,FALSE
snp_7348,0.0836718749999998,-0.00224600985702568,-9.40457951233011e-05,0.0418723875272048,0.00552031243845935,0.000231176821452614,0.0418774886439458,0.04375,14629,lowH,NA,NA,NA,FALSE,FALSE
snp_7350,0.0658059092711978,0.000166925043421789,5.49944563682783e-06,0.0329455995583105,0.00785784903009091,0.000258908332336601,0.032949008226696,0.0340632603406326,14633,lowH,NA,NA,NA,FALSE,FALSE
snp_7352,0.234720317024844,-0.00586883128040012,-0.0006888563552457,0.11737538912496,0.0013556122720974,0.000159133662574979,0.117388773951396,0.864197530864197,14637,goodH,0.867587336536095,0.0563425669048326,0.971828716547584,FALSE,FALSE
snp_7354,0.132955342173449,-0.00136479784623985,-9.08310229235823e-05,0.0665527302624566,0.007005813928399,0.000466317654716312,0.0665615243970484,0.0716049382716049,14641,goodH,0.849781367212677,0.89353609106567,0.553231954467165,FALSE,FALSE
snp_7356,0.0297698735478304,-0.000628292902135164,-9.36268145676863e-06,0.0149017781753556,0.00694947951700092,0.000103572000522813,0.0149035622408036,0.0151133501259446,14645,lowH,NA,NA,NA,FALSE,FALSE
snp_7358,0.021762782384132,0.00110692300135002,1.20618039489808e-05,0.0108966964588052,0.00845052607876474,9.2091738590677e-05,0.0108977521319168,0.0110024449877751,14649,lowH,NA,NA,NA,FALSE,FALSE
snp_7360,0.0430413495854283,0.00627890944359299,0.000135437605721557,0.0215702435173288,0.0134675244878604,0.000290525334085763,0.0215722892761503,0.0220048899755501,14653,lowH,NA,NA,NA,FALSE,FALSE
snp_7362,0.108283511374404,0.00657624533376592,0.000356922975480765,0.0542745833474512,0.014332439989903,0.000777971272385669,0.0542804486140349,0.0574412532637076,14657,goodH,0.739089018920395,0.336868994939506,0.168434497469753,FALSE,FALSE
snp_7364,0.0231033901163771,-0.00432853339237337,-5.0028036806599e-05,0.0115577338261374,0.00355495757247719,4.10918658409203e-05,0.0115590312973233,0.0116883116883117,14661,lowH,NA,NA,NA,FALSE,FALSE
snp_7366,0.4296875,0.0111259978536517,0.00239796276508919,0.215527883128446,0.0183693608767307,0.00395950910651305,0.215549639047526,0.6875,14665,goodH,0.607204093372364,0.159008483038667,0.0795042415193334,FALSE,FALSE
snp_7368,0.095697373955892,0.0165241838767093,0.000793941314157154,0.0480472330785552,0.0237405615150901,0.00114078305664188,0.0480520671727487,0.0503875968992248,14669,lowH,NA,NA,NA,FALSE,FALSE
snp_7370,0.113931844917165,-6.013659414474e-05,-3.43022987371754e-06,0.0570406409358914,0.00798811689140302,0.000455704239774574,0.0570477680747277,0.0606435643564356,14673,goodH,0.849781367212677,0.961970808764718,0.480985404382359,FALSE,FALSE
snp_7372,0.263246250367611,-0.000284871048973312,-3.75421427809183e-05,0.131786444836082,0.00757891913492877,0.00099892074572936,0.131802533837003,0.155940594059406,14677,goodH,0.849781367212677,0.979272711920682,0.510363644039659,FALSE,FALSE
snp_7374,0.0268570483285953,0.00174297531606067,2.34414795551362e-05,0.0134491173449988,0.00916605949628061,0.000123289616612059,0.0134506672864264,0.0136138613861386,14681,lowH,NA,NA,NA,FALSE,FALSE
snp_7376,0.105182702676208,-0.00129920089923038,-6.83907264817205e-05,0.0526406089483418,0.0058251994056693,0.000306675959177519,0.0526464311039808,0.944306930693069,14685,goodH,0.852801777383794,0.706393775239806,0.646803112380097,FALSE,FALSE
snp_7378,0.131688263376527,0.0128622658091921,0.000849866482724286,0.0660743989691867,0.0200667013736913,0.00132603595218136,0.0660814115627332,0.0708661417322835,14689,goodH,0.550507687705534,0.114529688813598,0.0572648444067988,FALSE,FALSE
snp_7380,0.137571458482701,0.0148962988566908,0.00102854635501872,0.0690471079369319,0.0217476514617969,0.0015017590277622,0.069053848430497,0.0743073047858942,14693,goodH,0.530595716350412,0.082272188438,0.041136094219,FALSE,FALSE
snp_7382,0.00507610926584179,0.0345876276715242,8.84402745115054e-05,0.00255699163155725,0.0418391323495105,0.000106994455582392,0.00255728189314718,0.00254452926208651,14697,lowH,NA,NA,NA,FALSE,FALSE
snp_7384,0.0375331892961266,-0.0041573034387664,-7.80586697663478e-05,0.0187762743124448,0.00353246118850575,6.63343363976627e-05,0.0187785039545537,0.0191326530612245,14701,lowH,NA,NA,NA,FALSE,FALSE
snp_7386,0.0388197235565142,0.000831521301438642,1.61617066937741e-05,0.0194363110912639,0.00821032056196467,0.00015959525702073,0.019438370988835,0.0198019801980198,14705,lowH,NA,NA,NA,FALSE,FALSE
snp_7388,0.00493824134888743,0.025629030641227,6.37280316928558e-05,0.00248655645954641,0.0403169642098826,0.000100273084144052,0.00248711891158394,0.00247524752475248,14709,lowH,NA,NA,NA,FALSE,FALSE
snp_7390,0.0503864447086801,0.0262307002904147,0.000664701932155691,0.0253406094689202,0.0331732111285453,0.000840710291078118,0.0253430482753204,0.0258620689655172,14713,lowH,NA,NA,NA,FALSE,FALSE
snp_7392,0.066429619255172,-0.00513918648939409,-0.000170745617614855,0.0332242501740748,0.00214398491533692,7.12392022562811e-05,0.0332274736387714,0.0343980343980344,14717,lowH,NA,NA,NA,FALSE,FALSE
snp_7394,0.00784301568603141,0.0474453657382016,0.00018803801729322,0.00396325361534346,0.0600063266468281,0.000237862641324999,0.00396395937923276,0.00393700787401575,14721,lowH,NA,NA,NA,FALSE,FALSE
snp_7396,0.034814933504246,0.00408721763181585,7.12883073003608e-05,0.0174417693703012,0.0116080913726752,0.0002024881519485,0.0174437076214912,0.0177215189873418,14725,lowH,NA,NA,NA,FALSE,FALSE
snp_7398,0.154172243125174,-0.00226414162757712,-0.000174728132824145,0.0771719095201318,0.0069646501802132,0.000537546731356681,0.0771821581052082,0.0841708542713568,14729,goodH,0.849781367212677,0.887233454537427,0.556383272731287,FALSE,FALSE
snp_7400,0.0672816891642012,0.00438095828886792,0.00014771542265873,0.0337176053545355,0.013472261514421,0.00045431218228261,0.0337220430138106,0.0348557692307692,14733,lowH,NA,NA,NA,FALSE,FALSE
snp_7402,0.029049375486722,0.0068223168247014,9.93320069288036e-05,0.0145598642632888,0.0141048318660836,0.000205386162752942,0.0145614045387392,0.0147420147420147,14737,lowH,NA,NA,NA,FALSE,FALSE
snp_7404,0.378052387880398,0.00254364942817416,0.000481570626212757,0.189322719113235,0.00931010889483291,0.00176278837130295,0.189341326854007,0.746928746928747,14741,goodH,0.847246047458463,0.787492905164024,0.393746452582012,FALSE,FALSE
snp_7406,0.351967993079585,-0.000249799843281115,-4.4014193108145e-05,0.176197841159624,0.00740973196384357,0.0013057231122911,0.176217320499917,0.227941176470588,14745,goodH,0.849781367212677,0.954366070633849,0.522816964683075,FALSE,FALSE
snp_7408,0.021762782384132,-0.00628809379235617,-6.84299251671385e-05,0.0108824593631733,0.00116943315987747,1.27277255367376e-05,0.0108836708017336,0.0110024449877751,14749,lowH,NA,NA,NA,FALSE,FALSE
snp_7410,0.0837021297553631,-0.00223626398076019,-9.36876753046791e-05,0.0418947298309706,0.00653009749987778,0.000273610019776651,0.0418998368373171,0.0437665782493369,14753,lowH,NA,NA,NA,FALSE,FALSE
snp_7412,0.115430810146129,-0.00234584061855364,-0.000135512792735034,0.0577672633269463,0.00568930509125443,0.000328696172376701,0.0577743972426388,0.0614973262032086,14757,goodH,0.852801777383794,0.684169297319581,0.65791535134021,FALSE,FALSE
snp_7414,0.0695866338757185,0.00825935560713931,0.000288192731340777,0.034892883300928,0.0166125435196978,0.000579733972803225,0.0348973636767798,0.036096256684492,14761,lowH,NA,NA,NA,FALSE,FALSE
snp_7416,0.30368718153335,0.0043529107819619,0.000662342711066204,0.15216087446839,0.0122809346426948,0.00186892256665271,0.152180808792467,0.186700767263427,14765,goodH,0.810648381061125,0.483281676575994,0.241640838287997,FALSE,FALSE
snp_7418,0.0748278781205414,0.00661839362503282,0.000248199911851457,0.0375015337426726,0.0136418345357499,0.000511640918916341,0.0375052869594284,0.0389294403892944,14769,lowH,NA,NA,NA,FALSE,FALSE
snp_7420,0.410103686082276,0.00790794934408487,0.00162579087639774,0.205589439898705,0.015199118858072,0.00312512364371616,0.205612159026999,0.287990196078431,14772,goodH,0.69397382268159,0.287897559248946,0.143948779624473,FALSE,FALSE
snp_7422,0.0478181468665899,0.00291028254250558,6.97014539190149e-05,0.0239500642638656,0.0101572930480785,0.000243294539253971,0.0239526946896541,0.0245098039215686,14776,lowH,NA,NA,NA,FALSE,FALSE
snp_7424,0.207612456747405,-0.000850222844067065,-8.83774990834553e-05,0.103946276791034,0.00828054842511873,0.000860848335056001,0.103960304421945,0.117647058823529,14780,goodH,0.849781367212677,0.921317294326987,0.460658647163494,FALSE,FALSE
snp_7426,0.076984441052506,0.000170083896420384,6.55552036893173e-06,0.0385428632980568,0.00798240147531691,0.00030769902655154,0.0385471749952698,0.0401002506265664,14784,lowH,NA,NA,NA,FALSE,FALSE
snp_7428,0.00745331185751352,0.0439803057759739,0.000165526543096518,0.00376365148390904,0.0559697042545643,0.000210686918859981,0.00376430287895973,0.00374064837905237,14788,lowH,NA,NA,NA,FALSE,FALSE
snp_7430,0.0814346636199383,0.0114804216855933,0.000468980967201294,0.0408505000987737,0.0188234236687095,0.000769029077571077,0.0408548992524378,0.0425257731958763,14792,lowH,NA,NA,NA,FALSE,FALSE
snp_7432,0.0641269262807165,0.00875133134919046,0.000281377539212357,0.0321525409089196,0.0161282459384027,0.000518615939160316,0.0321557558795312,0.0331632653061225,14796,lowH,NA,NA,NA,FALSE,FALSE
snp_7434,0.0569521813827571,-0.00201359003334146,-5.73965243763073e-05,0.0285045731384856,0.0062429809232144,0.000177973419251753,0.0285077627884401,0.0293367346938776,14800,lowH,NA,NA,NA,FALSE,FALSE
snp_7436,0.0594972560357401,-0.00452238419879496,-0.000134609201660952,0.0297650964057455,0.00375734989235317,0.000111851015088889,0.0297685917716965,0.030690537084399,14804,lowH,NA,NA,NA,FALSE,FALSE
snp_7438,0.0831758034026464,-0.00364616665968747,-0.000151736362475352,0.0416153118158231,0.0043230214528371,0.000179924219945571,0.041620015516576,0.0434782608695652,14808,lowH,NA,NA,NA,FALSE,FALSE
snp_7440,0.0376273048972731,0.000777737016834995,1.46550265816115e-05,0.0188431645458387,0.00946407067393307,0.00017835501312673,0.0188454861836539,0.0191815856777494,14812,lowH,NA,NA,NA,FALSE,FALSE
snp_7442,0.0436675307402914,-0.000488822288162582,-1.06878931962208e-05,0.0218645783038968,0.00863133316954289,0.000188746798685992,0.0218676298294239,0.0223325062034739,14816,lowH,NA,NA,NA,FALSE,FALSE
snp_7444,0.126004382761139,-0.0039567601689928,-0.000249408132107911,0.0630334216519872,0.00332392984736955,0.000209538484434229,0.0630393823142962,0.0675675675675676,14820,goodH,0.853019753765932,0.299347985649818,0.850326007175091,FALSE,FALSE
snp_7446,0.0641142905388767,-0.00327001063389746,-0.000104901692981061,0.0320799241120605,0.00457386176711916,0.000146744073139032,0.0320831893508357,0.0331564986737401,14824,lowH,NA,NA,NA,FALSE,FALSE
snp_7448,0.0384467512495195,0.000874099884945941,1.6825964730523e-05,0.0192494759698586,0.00817354571057018,0.000157351739961106,0.0192513439739642,0.0196078431372549,14828,lowH,NA,NA,NA,FALSE,FALSE
snp_7450,0.0241509794896013,-0.00437558869446548,-5.28606704577147e-05,0.0120808133827972,0.00303467920745302,3.66650198062543e-05,0.0120820084430034,0.0122249388753056,14832,lowH,NA,NA,NA,FALSE,FALSE
snp_7452,0.028909439804879,-0.000590667451504023,-8.54911845999406e-06,0.0144736576194022,0.00801399250959625,0.000116005981882961,0.0144754292874682,0.0146699266503667,14836,lowH,NA,NA,NA,FALSE,FALSE
snp_7454,0.034053034016273,0.000375841265839528,6.40980162416552e-06,0.017054544582399,0.0099718220231429,0.000170088731512137,0.0170569361464124,0.0173267326732673,14840,lowH,NA,NA,NA,FALSE,FALSE
snp_7456,0.0918751838055094,0.0118334097035614,0.000545379628561872,0.0460881218705487,0.0188326638541917,0.000868050896292114,0.0460928365213139,0.0482673267326733,14844,lowH,NA,NA,NA,FALSE,FALSE
snp_7458,0.233200515199005,-0.00639618891680674,-0.000745934887947528,0.116621772378783,0.00166241175237178,0.000193895088769681,0.116634815949207,0.134760705289673,14848,goodH,0.865706142206329,0.0842083917174149,0.957895804141293,FALSE,FALSE
snp_7460,0.0229853975121688,0.003501337723248,4.03164743671822e-05,0.0115145917228981,0.0112475170141877,0.000129526914736538,0.0115160452367534,0.0116279069767442,14852,lowH,NA,NA,NA,FALSE,FALSE
snp_7462,0.0724119851069847,-0.00199639982808844,-7.23466070850295e-05,0.0362385360222665,0.00562726536023423,0.000203945020519926,0.0362422966510747,0.037621359223301,14856,lowH,NA,NA,NA,FALSE,FALSE
snp_7464,0.065064893875038,-0.00371504561679746,-0.000120937965449996,0.0325535613622558,0.0042450242452509,0.000138205326123136,0.0325570169069712,0.0336658354114713,14860,lowH,NA,NA,NA,FALSE,FALSE
snp_7466,0.495270551800051,-0.00468706733049845,-0.00116109450275964,0.247723026124347,0.00253390865030218,0.000627767961558422,0.247746879700481,0.548628428927681,14864,goodH,0.856951771465273,0.186070109541755,0.906964945229122,FALSE,FALSE
snp_7468,0.0885287309416094,0.0063730384305911,0.000282867092641378,0.0443849657776412,0.0159249079116803,0.000706940121128125,0.044392101043775,0.0464190981432361,14868,lowH,NA,NA,NA,FALSE,FALSE
snp_7470,0.071949064725263,-0.00523090310669897,-0.000188308629272088,0.0359992577631441,0.0046445599033781,0.000167224735348285,0.0360044307377022,0.0373711340206186,14872,lowH,NA,NA,NA,FALSE,FALSE
snp_7472,0.0281632653061223,0.00701055135697268,9.89705215847042e-05,0.0141173663161697,0.0147278430584868,0.000207945210805118,0.0141191897536749,0.0142857142857143,14876,lowH,NA,NA,NA,FALSE,FALSE
snp_7474,0.114905463324653,-0.00122448375798316,-7.04328930717261e-05,0.0575204796409349,0.00730985651390599,0.00042052620838393,0.0575286543017551,0.0611979166666667,14880,goodH,0.849781367212677,0.939500934776454,0.530249532611773,FALSE,FALSE
snp_7476,0.0229268519502603,0.00314243363495503,3.60997480300239e-05,0.0114878314782742,0.012641862519924,0.000145250456904452,0.011489640602841,0.0115979381443299,14884,lowH,NA,NA,NA,FALSE,FALSE
snp_7478,0.358416875384117,0.00861517401286128,0.00154843600705751,0.179733572966246,0.0169774409911412,0.00305182111089007,0.179757427075287,0.233933161953728,14888,goodH,0.637735236730722,0.207053558021406,0.103526779010703,FALSE,FALSE
snp_7480,0.0275981068184321,-0.00101899156739196,-1.40795439274293e-05,0.013817134879207,0.00809018323640469,0.000111800334853781,0.0138192586727449,0.0139949109414758,14892,lowH,NA,NA,NA,FALSE,FALSE
snp_7482,0.0566717771650904,0.010993108996611,0.000312497214554047,0.0284266456968983,0.0183570662337664,0.000521894158768722,0.0284301506636576,0.0291878172588832,14896,lowH,NA,NA,NA,FALSE,FALSE
snp_7484,0.0205106177347043,0.0131103533547161,0.000134934101661827,0.0102921788613186,0.0207241668916807,0.000213318358555815,0.0102932175595173,0.0103626943005181,14900,lowH,NA,NA,NA,FALSE,FALSE
snp_7486,0.104938271604938,0.00358897906438832,0.000188695113591468,0.0525762647834302,0.0120998311846082,0.000636235323324486,0.0525821652895305,0.944444444444444,14904,goodH,0.810648381061125,0.498514149009529,0.249257074504765,FALSE,FALSE
snp_7488,0.499531445231154,0.00123051912706486,0.000307861630174033,0.250188415119049,0.0101791936947546,0.00254707186085083,0.250223341575999,0.51530612244898,14908,goodH,0.843330227695123,0.686079119903868,0.343039559951934,FALSE,FALSE
snp_7490,0.0276675083298625,-0.000346832408140086,-4.80374665978968e-06,0.0138503396656331,0.00733081624849984,0.000101546455536805,0.0138519984807402,0.985969387755102,14912,lowH,NA,NA,NA,FALSE,FALSE
snp_7492,0.00501249968435125,0.00399474351011807,1.0031490502206e-05,0.0025111726139107,0.0115784084961837,2.90786290196819e-05,0.00251145302303562,0.00251256281407035,14916,lowH,NA,NA,NA,FALSE,FALSE
snp_7494,0.0246267125204445,-0.00187265743835285,-2.30795181422362e-05,0.012324474124075,0.00565816934005671,6.9741615480731e-05,0.0123258268336013,0.0124688279301746,14920,lowH,NA,NA,NA,FALSE,FALSE
snp_7496,0.0326133642232402,-0.000602614988478747,-9.83796095145548e-06,0.0163254501456902,0.00704510510300196,0.000115026735573702,0.0163271851721116,0.0165816326530612,14924,lowH,NA,NA,NA,FALSE,FALSE
snp_7498,0.0775431078461382,-0.00190029033068469,-7.37416646315331e-05,0.0388054727431905,0.00550673139795433,0.000213715929170839,0.0388099425459959,0.0404040404040404,14928,lowH,NA,NA,NA,FALSE,FALSE
snp_7500,0.0705508366493215,-0.00312695000283483,-0.000110387498609762,0.0353019710931378,0.00487998305387328,0.000172294470885761,0.0353063666376895,0.0366161616161616,14932,lowH,NA,NA,NA,FALSE,FALSE
snp_7502,0.137335574728056,0.0067153863097192,0.000462292161918678,0.0688407398468798,0.0146695244398849,0.00100998722263814,0.0688493500097446,0.0741687979539642,14936,goodH,0.723913365344623,0.316997852614066,0.158498926307033,FALSE,FALSE
snp_7504,0.077977504913975,0.0129209768025791,0.000505528718189824,0.0391246517901741,0.0199402973693536,0.000780242664618815,0.039128938258362,0.0406403940886699,14940,lowH,NA,NA,NA,FALSE,FALSE
snp_7506,0.13265306122449,-0.00410560261270663,-0.000272471916512855,0.0663658766363721,0.00400352947083027,0.000265731363788553,0.0663742744307673,0.0714285714285714,14944,goodH,0.852938297158161,0.406341499383383,0.796829250308309,FALSE,FALSE
snp_7508,0.026726564585406,-0.00294117425652792,-3.93310488784782e-05,0.0133725666852902,0.00451094232692553,6.03298918134484e-05,0.0133741217335773,0.0135467980295567,14948,lowH,NA,NA,NA,FALSE,FALSE
snp_7512,0.103732897085069,0.00228581979033472,0.000118742053786554,0.0519472507363171,0.00926319455169624,0.00048124925194777,0.0519528386521521,0.0548780487804878,14955,goodH,0.849612074345768,0.793269378889153,0.396634689444576,FALSE,FALSE
snp_7514,0.0912608392171601,0.00928042332401921,0.000424705276491594,0.0457635672062921,0.0166844803179403,0.000763652985218055,0.0457702589871452,0.0479274611398964,14959,lowH,NA,NA,NA,FALSE,FALSE
snp_7516,0.0413252483622364,0.00209170279639113,4.33211875719231e-05,0.0207109669914227,0.0140236240851026,0.000290492183184462,0.0207144873123813,0.0211081794195251,14963,lowH,NA,NA,NA,FALSE,FALSE
snp_7518,0.100436179981634,-0.00535827334041032,-0.000269149743740556,0.0502306856409729,0.0019780727237791,9.93700680153186e-05,0.0502358011516748,0.053030303030303,14967,goodH,0.863048395077945,0.117582317713003,0.941208841143499,FALSE,FALSE
snp_7520,0.0289792387543251,0.000571213749281669,8.28752711092354e-06,0.014508626799242,0.00793000101608337,0.000115066671125185,0.0145102971477319,0.0147058823529412,14971,lowH,NA,NA,NA,FALSE,FALSE
snp_7522,0.0562563051602383,-0.000578062235065134,-1.62817636900362e-05,0.0281661085993649,0.00824059605776016,0.000232132812053957,0.0281694200791893,0.0289672544080605,14975,lowH,NA,NA,NA,FALSE,FALSE
snp_7524,0.0297698735478304,0.000774343078783148,1.1544410906489e-05,0.014908651246203,0.00960895147126828,0.000143273379716301,0.0149104072535596,0.0151133501259446,14979,lowH,NA,NA,NA,FALSE,FALSE
snp_7526,0.0540123456790125,-0.00253965607346861,-6.86482134753868e-05,0.0270305157428771,0.00568200051855683,0.000153604257778398,0.0270334818303417,0.0277777777777778,14983,lowH,NA,NA,NA,FALSE,FALSE
snp_7528,0.0516241965105602,-0.000417571842655894,-1.07908856403078e-05,0.0258419858285326,0.00706635022777483,0.000182626762604265,0.0258445670986469,0.0265151515151515,14987,lowH,NA,NA,NA,FALSE,FALSE
snp_7530,0.0433521803489529,0.0214040059254781,0.000466282685079962,0.0217848325544017,0.0284496269739853,0.00061983578867273,0.0217871323669557,0.0221674876847291,14991,lowH,NA,NA,NA,FALSE,FALSE
snp_7532,0.215097440852107,-0.00224369817299254,-0.000241523440894488,0.107645245604651,0.00564914590796263,0.000608171407976306,0.107657231355818,0.122572815533981,14995,goodH,0.852801777383794,0.677582712099345,0.661208643950328,FALSE,FALSE
snp_7534,0.0216060656046755,0.00794499456497628,8.60539197408324e-05,0.010831211907958,0.0151496985958145,0.000164106275688338,0.0108323129104151,0.0109223300970874,14999,lowH,NA,NA,NA,FALSE,FALSE
snp_7536,0.00481924899064157,0.00345374712350538,8.33737061546448e-06,0.00241400725569117,0.0107492111153796,2.5951388473619e-05,0.00241425981823806,0.00241545893719807,15003,lowH,NA,NA,NA,FALSE,FALSE
snp_7538,0.0536177536573264,0.00613378206601063,0.000164820316512826,0.026870911737499,0.0134800724770053,0.000362264077981458,0.0268740452693721,0.0275689223057644,15007,lowH,NA,NA,NA,FALSE,FALSE
snp_7540,0.0908082806774229,0.00219816978182761,9.99741326833237e-05,0.0454806237033259,0.0100446466578894,0.000456887274405148,0.0454856492185608,0.0476772616136919,15011,lowH,NA,NA,NA,FALSE,FALSE
snp_7542,0.0690471674047133,-0.00563581475798552,-0.000194615308579922,0.0345318852618723,0.00194715221312981,6.72460361059428e-05,0.0345355826075113,0.0358056265984655,15015,lowH,NA,NA,NA,FALSE,FALSE
snp_7544,0.0588386040154587,0.0125653340588428,0.000370918887971424,0.0295192221897509,0.0195539950831749,0.000577273190568925,0.0295220075546422,0.0303398058252427,15019,lowH,NA,NA,NA,FALSE,FALSE
snp_7546,0.0365408555907649,-0.00579852744066932,-0.000106012685659452,0.0182826910356425,0.00459937524109985,8.41017321819814e-05,0.0182854687372432,0.0186170212765957,15023,lowH,NA,NA,NA,FALSE,FALSE
snp_7548,0.129360499702558,-0.0011893273856958,-7.70003984586126e-05,0.0647428112601348,0.00598241402293682,0.000387357514304891,0.0647493658612972,0.0695121951219512,15027,goodH,0.852801777383794,0.731967433227254,0.634016283386373,FALSE,FALSE
snp_7550,0.18,0.000809637866822848,7.29716931149767e-05,0.0901288046238866,0.00862818695279884,0.000777735983428681,0.0901389814202387,0.1,15031,goodH,0.849781367212677,0.874489417166668,0.437244708583334,FALSE,FALSE
snp_7552,0.065064893875038,-0.00308476550078373,-0.000100430921720807,0.0325570685017359,0.00487568965383951,0.000158756465406488,0.0325608225046626,0.0336658354114713,15035,lowH,NA,NA,NA,FALSE,FALSE
snp_7554,0.0627359282591526,-0.00700965996656518,-0.000219893916194159,0.0313701259751562,0.00103754991306862,3.25518651337032e-05,0.0313737823344121,0.0324189526184539,15039,lowH,NA,NA,NA,FALSE,FALSE
snp_7556,0.0246875,-0.00291331095268871,-3.59870184802198e-05,0.012352618400383,0.00466166136389761,5.75907101263627e-05,0.0123541170477066,0.0125,15043,lowH,NA,NA,NA,FALSE,FALSE
snp_7558,0.117736925835206,0.00667653444726691,0.00039409558373456,0.0590269677850439,0.0157032817766099,0.000927056675864154,0.0590358556289176,0.0628140703517588,15047,goodH,0.684641040426375,0.262461775810756,0.131230887905378,FALSE,FALSE
snp_7560,0.0245060310697067,0.00676444332618791,8.30859059697656e-05,0.0122827410864847,0.0141375266577479,0.000173666057023366,0.0122840480677849,0.0124069478908189,15051,lowH,NA,NA,NA,FALSE,FALSE
snp_7562,0.0433521803489529,-0.00205694849463631,-4.46241483220198e-05,0.0216943440433154,0.00531047806375812,0.000115219965105588,0.0216967217870493,0.0221674876847291,15055,lowH,NA,NA,NA,FALSE,FALSE
snp_7564,0.0225252363403299,-0.0031259763245108,-3.52312592336727e-05,0.0112704817875376,0.00455560709186502,5.13501445658028e-05,0.0112718554366769,0.988607594936709,15059,lowH,NA,NA,NA,FALSE,FALSE
snp_7566,0.0421118410511137,0.00351207658810182,7.40878451159168e-05,0.0210951678465415,0.0110116955596997,0.000232319548265583,0.0210975273522652,0.0215189873417722,15063,lowH,NA,NA,NA,FALSE,FALSE
snp_7568,0.0367968750000001,-0.00208351614551043,-3.83664814133665e-05,0.0184142952268638,0.00541410781031635,9.9707314438443e-05,0.0184162040970915,0.01875,15067,lowH,NA,NA,NA,FALSE,FALSE
snp_7570,0.0633035004522902,0.0148301431234502,0.000471222341279465,0.0317746320690826,0.0223137957197252,0.000709083327578505,0.0317777995498848,0.0327225130890052,15071,lowH,NA,NA,NA,FALSE,FALSE
snp_7572,0.10140306122449,-0.00113615294195038,-5.76698675413069e-05,0.0507588946980218,0.00702025944026095,0.000356391124833234,0.0507660903227227,0.946428571428571,15075,goodH,0.849781367212677,0.895743477750358,0.552128261124821,FALSE,FALSE
snp_7574,0.0242094386774316,0.00907561620769093,0.000110166948126864,0.012138784365243,0.0163210594879552,0.000198137217852811,0.0121399727756053,0.0122549019607843,15079,lowH,NA,NA,NA,FALSE,FALSE
snp_7576,0.029405212742259,0.00291060220883646,4.28679672456103e-05,0.0147282122976012,0.0103316162399435,0.000152181869509173,0.0147297253377276,0.0149253731343284,15083,lowH,NA,NA,NA,FALSE,FALSE
snp_7578,0.026988812158115,-0.0031097720767314,-4.19931227697175e-05,0.0135036014645341,0.00440451887403973,5.94830539126669e-05,0.0135050060208075,0.013681592039801,15087,lowH,NA,NA,NA,FALSE,FALSE
snp_7580,0.0292618370747966,0.000804032427993996,1.17797750288737e-05,0.0146508705603621,0.00821644496949667,0.00012039024467193,0.0146523520961773,0.0148514851485149,15091,lowH,NA,NA,NA,FALSE,FALSE
snp_7582,0.0243865264441396,-0.00338834127586543,-4.13408136576021e-05,0.01220090017262,0.0040804947862137,4.97906649746121e-05,0.0122021145922877,0.0123456790123457,15095,lowH,NA,NA,NA,FALSE,FALSE
snp_7584,0.0367968750000001,-0.00469982590365817,-8.65172782851403e-05,0.0184086134377442,0.00390829708296219,7.19577544338013e-05,0.0184115365097227,0.01875,15099,lowH,NA,NA,NA,FALSE,FALSE
snp_7586,0.0509978171777539,0.00388411435069052,9.92787533528679e-05,0.0255602035339712,0.0142248919305759,0.00036365778321885,0.0255648889983608,0.0261845386533666,15103,lowH,NA,NA,NA,FALSE,FALSE
snp_7588,0.0902730704411043,0.0204345885188829,0.00092696753325234,0.0453626718441509,0.0282341191937262,0.00128095221062118,0.045368945347012,0.0473815461346633,15107,lowH,NA,NA,NA,FALSE,FALSE
snp_7590,0.236213133090443,0.00168166175942729,0.000198981930176135,0.118324585226878,0.0110664452287689,0.00130958948376473,0.118338767028842,0.136828644501279,15111,goodH,0.834442802798143,0.593352083092837,0.296676041546418,FALSE,FALSE
snp_7592,0.0298438934802572,-0.00369788745060726,-5.52230319811979e-05,0.0149336702965714,0.00529516365660809,7.90913908262381e-05,0.0149365337797513,0.0151515151515152,15115,lowH,NA,NA,NA,FALSE,FALSE
snp_7594,0.0264058346801168,-0.00209805833055851,-2.77235425520483e-05,0.0132139045651167,0.00524345650027735,6.92938101819943e-05,0.01321529227492,0.01338199513382,15119,lowH,NA,NA,NA,FALSE,FALSE
snp_7596,0.0709934862269015,-0.00108034038069305,-3.83899728166589e-05,0.035535071633656,0.00664298792192621,0.000236082943746057,0.0355386682198877,0.0368550368550369,15123,lowH,NA,NA,NA,FALSE,FALSE
snp_7598,0.0338064220128103,-0.00502266637979529,-8.49270283688325e-05,0.0169087536274496,0.00239279085176972,4.04630424999093e-05,0.0169103966901172,0.0171990171990172,15127,lowH,NA,NA,NA,FALSE,FALSE
snp_7600,0.0530578512396693,0.00771506406975551,0.000205236785911142,0.0266020844487486,0.016068479306457,0.000427505899024938,0.0266052493749765,0.0272727272727273,15131,lowH,NA,NA,NA,FALSE,FALSE
snp_7602,0.035702479338843,-4.68920060541662e-05,-8.38619037487477e-07,0.0178840512073373,0.0111693790948843,0.000199785655496204,0.0178869079291712,0.0181818181818182,15135,lowH,NA,NA,NA,FALSE,FALSE
snp_7604,0.0378169586508152,0.00972806286593048,0.000184491105609099,0.0189648348444809,0.0172635204287376,0.00032743368478499,0.018966796844051,0.019280205655527,15139,lowH,NA,NA,NA,FALSE,FALSE
snp_7606,0.10057652554431,0.00971855027036891,0.000490394743571162,0.0504596601271218,0.0198588021915172,0.0010022055510809,0.0504665659799461,0.0531088082901554,15143,goodH,0.554550441637249,0.119266396572221,0.0596331982861106,FALSE,FALSE
snp_7608,0.0746999919460927,-0.00353561846316902,-0.000132197222663865,0.0373901268027022,0.00681708044179041,0.000254927110894986,0.0373953502634675,0.038860103626943,15147,lowH,NA,NA,NA,FALSE,FALSE
snp_7610,0.18119291601693,0.00103411856661524,9.38212635377669e-05,0.0907258283204918,0.00859167089937787,0.000779577721213487,0.0907364504929928,0.100746268656716,15151,goodH,0.849781367212677,0.879330473871582,0.439665236935791,FALSE,FALSE
snp_7612,0.0596449704142012,0.00317556340807724,9.48740700861645e-05,0.0298762952882145,0.0106909576490501,0.000319439089806758,0.0298793709874195,0.0307692307692308,15155,lowH,NA,NA,NA,FALSE,FALSE
snp_7614,0.0283081894347907,-0.00377509656115416,-5.34664145238042e-05,0.0141629263404743,0.0041187055825647,5.83394214301052e-05,0.0141645039346992,0.0143603133159269,15159,lowH,NA,NA,NA,FALSE,FALSE
snp_7616,0.0746999919460927,0.00837649759469761,0.000313714511933221,0.0374517521657029,0.0158269001482969,0.000592805880847569,0.0374555898687058,0.038860103626943,15163,lowH,NA,NA,NA,FALSE,FALSE
snp_7618,0.0229853975121688,0.000598034466307769,6.88255823015857e-06,0.0115086313881725,0.0083792925966139,9.64457559283e-05,0.0115100117123579,0.0116279069767442,15167,lowH,NA,NA,NA,FALSE,FALSE
snp_7620,0.0572353714661407,-0.0028036103592867,-8.03021487032983e-05,0.0286424069012675,0.00552055521960823,0.0001581421780714,0.0286460639882201,0.0294871794871795,15171,lowH,NA,NA,NA,FALSE,FALSE
snp_7622,0.0853400981472701,0.0120214150500153,0.000514693619970158,0.0428147283683964,0.0195036300345492,0.000835134000423951,0.0428194135627355,0.0446650124069479,15175,lowH,NA,NA,NA,FALSE,FALSE
snp_7624,0.135996014950125,-0.000566361184837054,-3.85588324068719e-05,0.0680817002280365,0.00752371450411938,0.000512283715633503,0.0680892018633904,0.926616915422886,15179,goodH,0.849781367212677,0.971184305850467,0.514407847074767,FALSE,FALSE
snp_7626,0.0659130207149303,0.00571254237958693,0.000188714955397819,0.0330351956901306,0.0139856359693513,0.000462075472700061,0.0330392892902885,0.0341207349081365,15183,lowH,NA,NA,NA,FALSE,FALSE
snp_7628,0.0802609577588334,0.00635123907192899,0.000255483943339435,0.0402258426184294,0.013884710313999,0.000558582913110938,0.0402300732589109,0.0418848167539267,15187,lowH,NA,NA,NA,FALSE,FALSE
snp_7630,0.0568233194527068,0.00442802549589422,0.000126054942721199,0.0284675286621725,0.0115704130386207,0.000329413034520846,0.0284702917191723,0.0292682926829268,15191,lowH,NA,NA,NA,FALSE,FALSE
snp_7632,0.212311124330756,-0.00257131215395049,-0.000273200005282178,0.106249256770494,0.00557579763122987,0.000592489938199809,0.106261019030047,0.120731707317073,15195,goodH,0.852801777383794,0.665532594624987,0.667233702687506,FALSE,FALSE
snp_7634,0.212311124330756,-0.00257131215395049,-0.000273200005282178,0.106249256770494,0.00557579763122987,0.000592489938199809,0.106261019030047,0.120731707317073,15199,goodH,0.852801777383794,0.665532594624987,0.667233702687506,FALSE,FALSE
snp_7636,0.241151100535396,0.00172331069656029,0.000208131638924876,0.12077429760072,0.0098661436820936,0.00119170842443421,0.120787661606538,0.140243902439024,15203,goodH,0.843330227695123,0.721387984072161,0.360693992036081,FALSE,FALSE
snp_7638,0.0312046400951815,0.000898711471337337,1.40464305306203e-05,0.0156295217971552,0.0105106396964597,0.000164297729572308,0.015631563284169,0.0158536585365854,15206,lowH,NA,NA,NA,FALSE,FALSE
snp_7640,0.4968,-0.00382782193334377,-0.0009513980601213,0.248548150015487,0.00394191925928474,0.0009798602743618,0.248574415128836,0.54,15210,goodH,0.852938297158161,0.396402999429052,0.801798500285474,FALSE,FALSE
snp_7642,0.0531005055138571,0.015459097685043,0.00041206148091752,0.0266549503284527,0.0225910754699143,0.000602223632149956,0.0266575902042365,0.0272952853598015,15214,lowH,NA,NA,NA,FALSE,FALSE
snp_7644,0.0700403891935351,-0.00398703466372499,-0.000139696624844245,0.0350377251833896,0.00342700615677839,0.00012008834734211,0.0350417658586877,0.0363408521303258,15218,lowH,NA,NA,NA,FALSE,FALSE
snp_7646,0.00250312498037064,0.0135461424236642,1.70160453352042e-05,0.0012561543207665,0.0209927529262677,2.63731925855597e-05,0.00125629986110872,0.0012531328320802,15222,lowH,NA,NA,NA,FALSE,FALSE
snp_7648,0.473991997537704,0.00385290450617823,0.000914890691694722,0.23745480590751,0.0114097017555974,0.00270960701627553,0.237482720785953,0.385964912280702,15226,goodH,0.821364305356277,0.560320695216837,0.280160347608419,FALSE,FALSE
snp_7650,0.0403868636411946,0.00231759457459986,4.68939403923361e-05,0.0202338842635721,0.0119672976441095,0.000242176981375822,0.0202365637237263,0.0206185567010309,15230,lowH,NA,NA,NA,FALSE,FALSE
snp_7652,0.0570934256055364,0.00261089109646359,7.46593571708156e-05,0.0285953547706147,0.0101280801412418,0.000289646378434589,0.0285983497756048,0.0294117647058824,15234,lowH,NA,NA,NA,FALSE,FALSE
snp_7654,0.0352531229454307,-0.000549892799179464,-9.70400935607265e-06,0.0176470929798549,0.00712668569154605,0.000125778875020168,0.0176489998947718,0.0179487179487179,15238,lowH,NA,NA,NA,FALSE,FALSE
snp_7656,0.0910368634363588,-7.65740776443051e-05,-3.49054196865767e-06,0.0455838591340481,0.00874128783294603,0.000398511454350305,0.045589558651565,0.0478036175710594,15242,lowH,NA,NA,NA,FALSE,FALSE
snp_7658,0.00241254171625949,0.0115847748462901,1.40199518354987e-05,0.00121020494757292,0.0187788280809251,2.27285641229615e-05,0.00121032920824534,0.00120772946859903,15246,lowH,NA,NA,NA,FALSE,FALSE
snp_7660,0.00722012182314646,0.0103376039934753,3.74630077135556e-05,0.0036239546162922,0.022434376113935,8.13151983902829e-05,0.0036245803305301,0.0036231884057971,15250,lowH,NA,NA,NA,FALSE,FALSE
snp_7662,0.038914099588077,-0.0011162255171649,-2.17406405735857e-05,0.0194769249038535,0.00630579073285502,0.00012283029710082,0.0194789681904345,0.0198511166253102,15254,lowH,NA,NA,NA,FALSE,FALSE
snp_7664,0.0602553154624885,0.00378645902027451,0.000114314692759094,0.0301903948113523,0.0123188483989988,0.000371956052253891,0.0301940603704582,0.0310945273631841,15258,lowH,NA,NA,NA,FALSE,FALSE
snp_7666,0.0849382716049383,0.012522848967082,0.000533639911814163,0.0426132993551954,0.0195220205402283,0.000831978812372442,0.0426174540006254,0.0444444444444444,15262,lowH,NA,NA,NA,FALSE,FALSE
snp_7668,0.0647651185035605,0.000302325323737603,9.80380586172858e-06,0.0324280008717946,0.0084977702289542,0.000275596402977721,0.0324316138883927,0.0335051546391753,15266,lowH,NA,NA,NA,FALSE,FALSE
snp_7670,0.0617418523531861,0.00950274873945879,0.000294210656714669,0.0309605846456828,0.0168717907788443,0.000522408652937564,0.0309634383086718,0.0318877551020408,15270,lowH,NA,NA,NA,FALSE,FALSE
snp_7672,0.03076171875,-0.00145957327302262,-2.24725215390524e-05,0.0153966381506248,0.0063782589639419,9.82154473446502e-05,0.015398472827756,0.015625,15274,lowH,NA,NA,NA,FALSE,FALSE
snp_7674,0.173735874515095,-0.00555075923119868,-0.000482363783786777,0.0869005056237344,0.00279270709396723,0.00024271819692537,0.0869114406769284,0.0961038961038961,15278,goodH,0.856862765477514,0.221441225812953,0.889279387093523,FALSE,FALSE
snp_7676,0.0680112346529052,0.00678147234200019,0.000231197102487199,0.0340924641180513,0.0149473491273849,0.000509646196834435,0.0340960923901026,0.0352480417754569,15282,lowH,NA,NA,NA,FALSE,FALSE
snp_7678,0.00520829782737642,0.0216830735797344,5.68298708342472e-05,0.00262093243493681,0.037203999679691,9.75288994982649e-05,0.00262146275502481,0.00261096605744125,15286,lowH,NA,NA,NA,FALSE,FALSE
snp_7680,0.180834963766881,-0.0042620142961079,-0.000385695130916514,0.0904959730587327,0.00560966132722269,0.000507717064753354,0.090507614477454,0.100522193211488,15290,goodH,0.852801777383794,0.671099058894249,0.664450470552875,FALSE,FALSE
snp_7682,0.050855892398203,0.00586755488518162,0.000149584105695717,0.0254934310156158,0.0151446629834716,0.000386136864168442,0.0254965636798825,0.0261096605744125,15294,lowH,NA,NA,NA,FALSE,FALSE
snp_7684,0.00508902540608069,0.0039756011286618,1.01359879920927e-05,0.00254954852462891,0.0116735242286188,2.9765532935105e-05,0.00254983262570628,0.00255102040816327,15298,lowH,NA,NA,NA,FALSE,FALSE
snp_7686,0.0427349420303516,-0.00123501612380434,-2.6414815987678e-05,0.0213882357311335,0.00600712401630294,0.000128494450446799,0.0213903442143151,0.0218446601941748,15302,lowH,NA,NA,NA,FALSE,FALSE
snp_7688,0.0475907198096372,0.00831451417296527,0.000198399770554386,0.0238618596862201,0.0162127142140196,0.000386911488730842,0.0238646955484029,0.024390243902439,15306,lowH,NA,NA,NA,FALSE,FALSE
snp_7690,0.00241837614103391,0.0108977213106953,1.32187364261807e-05,0.00121298169124654,0.0181145425677857,2.19747853719261e-05,0.00121310186496265,0.00121065375302663,15310,lowH,NA,NA,NA,FALSE,FALSE
snp_7692,0.259551526476604,-0.00409907819409595,-0.000532228140208715,0.129840933743421,0.00341548431175693,0.000443517775550359,0.12985501763942,0.153266331658291,15314,goodH,0.852938297158161,0.313362481996287,0.843318759001856,FALSE,FALSE
snp_7694,0.0287708455431828,0.00466315366415219,6.72175556332213e-05,0.0144146130439478,0.0119084112372401,0.000171673763108243,0.0144161769095933,0.985401459854015,15318,lowH,NA,NA,NA,FALSE,FALSE
snp_7696,0.0480113560095572,0.00651265386324461,0.00015676137236048,0.0240702754441154,0.0157997723176373,0.000380350489188866,0.0240731626723684,0.0246113989637306,15322,lowH,NA,NA,NA,FALSE,FALSE
snp_7698,0.0248716761098666,0.000392656854407981,4.88944399069781e-06,0.0124522058785138,0.00797057550592664,9.92626031499955e-05,0.012453630616282,0.0125944584382872,15326,lowH,NA,NA,NA,FALSE,FALSE
snp_7700,0.343313974192128,0.00721898341898046,0.00124244233121548,0.172107658254041,0.0153203390896923,0.00263704474606878,0.172127048274214,0.220101781170483,15330,goodH,0.69397382268159,0.281585713195197,0.140792856597599,FALSE,FALSE
snp_7702,0.0470606044989565,0.0132549989551877,0.00031301172813625,0.02361461733754,0.0206065976001447,0.00048666635792967,0.0236170166163798,0.0241116751269036,15334,lowH,NA,NA,NA,FALSE,FALSE
snp_7704,0.0217102914931588,-0.00167365925791674,-1.81844167223524e-05,0.0108650650580974,0.00569479254523274,6.18805972728448e-05,0.0108661723462862,0.0109756097560976,15338,lowH,NA,NA,NA,FALSE,FALSE
snp_7706,0.0400834636089509,-0.00594727683738959,-0.000119238012769168,0.0200491781414206,0.00275758959105006,5.52940342632955e-05,0.020051582165365,0.020460358056266,15342,lowH,NA,NA,NA,FALSE,FALSE
snp_7708,0.181223318408996,0.00856638931144124,0.000778574148440779,0.0908870844103382,0.0177378682661118,0.00161233754254792,0.0908980447006866,0.100765306122449,15346,goodH,0.625388273971262,0.179350799067214,0.0896753995336071,FALSE,FALSE
snp_7710,0.0318934583740151,-0.000610737417590497,-9.75018068191274e-06,0.0159646034467308,0.00688003413562091,0.000109849745209199,0.0159664535151736,0.0162094763092269,15350,lowH,NA,NA,NA,FALSE,FALSE
snp_7712,0.0478181468665899,-0.00581051889606793,-0.000138982798822783,0.0239191716452097,0.00308140095150115,7.3714035925862e-05,0.0239222474082612,0.0245098039215686,15354,lowH,NA,NA,NA,FALSE,FALSE
snp_7714,0.0289792387543251,-0.00687335745246558,-9.96332419307875e-05,0.0144955711411528,0.00310436630708938,4.5006055737999e-05,0.0144976627388397,0.0147058823529412,15358,lowH,NA,NA,NA,FALSE,FALSE
snp_7716,0.0533578771276297,-0.000346603585320833,-9.25768182019088e-06,0.0267097116483129,0.00704336496581307,0.000188146260778671,0.02671255311799,0.027431421446384,15362,lowH,NA,NA,NA,FALSE,FALSE
snp_7718,0.424435530634083,0.0016143975276661,0.000343154693435623,0.212558981016103,0.00962966677532438,0.00204711755886904,0.212584464928184,0.305623471882641,15366,goodH,0.843330227695123,0.748970409653415,0.374485204826707,FALSE,FALSE
snp_7720,0.0231033901163771,-0.00368888205370851,-4.26398286039377e-05,0.0115590110996015,0.00419110923102237,4.84507923835989e-05,0.011560374524474,0.0116883116883117,15370,lowH,NA,NA,NA,FALSE,FALSE
snp_7722,0.0257025824652779,-0.00317068281632169,-4.07769662451853e-05,0.0128606261197992,0.00471229507532537,6.06102658433005e-05,0.0128621541890849,0.0130208333333333,15374,lowH,NA,NA,NA,FALSE,FALSE
snp_7724,0.0931889346228632,0.00559516823821434,0.000261307923254198,0.0467024246866244,0.0135967881235909,0.000635072014791766,0.0467075024644898,0.0489949748743719,15378,lowH,NA,NA,NA,FALSE,FALSE
snp_7726,0.0296229295042116,0.00371807715179512,5.51744048630532e-05,0.0148394997227033,0.0111817153801759,0.000165948031222177,0.0148410172840194,0.0150375939849624,15382,lowH,NA,NA,NA,FALSE,FALSE
snp_7728,0.4118,0.0122949743659667,0.0025407965741389,0.206653263236725,0.0211498296855838,0.00437120955925966,0.206678239221907,0.29,15386,goodH,0.530595716350412,0.0926008839402936,0.0463004419701468,FALSE,FALSE
snp_7730,0.0456603137122618,-0.00609091858401203,-0.000139083100303617,0.0228345032666656,0.001731514517378,3.95430385608252e-05,0.0228372549949535,0.0233766233766234,15390,lowH,NA,NA,NA,FALSE,FALSE
snp_7732,0.0199480994105665,0.00437542109420182,4.37291615128636e-05,0.00999427496722824,0.0119195576842579,0.000119141208347275,0.00999543871536642,0.0100755667506297,15394,lowH,NA,NA,NA,FALSE,FALSE
snp_7734,0.134836396293211,-0.00300100739335566,-0.000202492340528642,0.0674747889581903,0.00539020585592265,0.000363749798780496,0.0674834706694579,0.0727040816326531,15398,goodH,0.852801777383794,0.63494137225316,0.68252931387342,FALSE,FALSE
snp_7736,0.107130010669105,-0.00159702701822578,-8.56347033150358e-05,0.0536213240839044,0.0065387657104542,0.000350659341060331,0.0536277573762423,0.94320987654321,15402,goodH,0.849781367212677,0.820991672813755,0.589504163593123,FALSE,FALSE
snp_7738,0.0250586204230978,0.00970380188251146,0.000121943651449037,0.0125665850277517,0.0172018735587156,0.000216192259293579,0.0125679484014136,0.0126903553299492,15406,lowH,NA,NA,NA,FALSE,FALSE
snp_7740,0.127964570829206,0.00353457007934197,0.000226569445491114,0.0641009911828638,0.0109699201975913,0.000703254324998442,0.0641075151260315,0.0687022900763359,15410,goodH,0.834442802798143,0.602922028342245,0.301461014171122,FALSE,FALSE
snp_7742,0.0372536452491588,-0.00573665349403367,-0.000106916757233835,0.018637478687711,0.00401369433871699,7.48162215688296e-05,0.0186402389557012,0.0189873417721519,15414,lowH,NA,NA,NA,FALSE,FALSE
snp_7744,0.0323698125300431,0.0107549699567666,0.000174618365253398,0.0162360625790066,0.0181953447885108,0.000295454320157977,0.016237907200557,0.0164556962025316,15418,lowH,NA,NA,NA,FALSE,FALSE
snp_7746,0.0351646051504111,-0.00391204425973124,-6.88217636173361e-05,0.0175922763261539,0.00379651184607839,6.67967492576237e-05,0.01759424228496,0.0179028132992327,15422,lowH,NA,NA,NA,FALSE,FALSE
snp_7748,0.169272179015051,0.0111319138206265,0.00094539617317072,0.0849266521825728,0.0198450019246344,0.00168558251130715,0.0849373821029853,0.0933503836317136,15426,goodH,0.554550441637249,0.119587283351176,0.059793641675588,FALSE,FALSE
snp_7750,0.0831758034026464,0.0112589748472671,0.000469744383187183,0.0417217721470623,0.0185394292729635,0.000773579500175696,0.0417261766144995,0.0434782608695652,15430,lowH,NA,NA,NA,FALSE,FALSE
snp_7752,0.0105817111815303,0.034934991086714,0.000186351723833215,0.00533424277597959,0.0465115201867392,0.00024814397597704,0.00533510783953665,0.00531914893617021,15434,lowH,NA,NA,NA,FALSE,FALSE
snp_7754,0.00756609517705509,0.000431407136079507,1.63422207835936e-06,0.00378812018088217,0.00811922822587851,3.07602768620221e-05,0.00378857152505943,0.00379746835443038,15438,lowH,NA,NA,NA,FALSE,FALSE
snp_7756,0.0798611111111109,0.00811258065123602,0.000324799535288405,0.0400365246586386,0.0153668529089627,0.000615304048727695,0.0400409929328352,0.0416666666666667,15442,lowH,NA,NA,NA,FALSE,FALSE
snp_7758,0.0218685292395366,-0.00181117258977492,-1.98216083475569e-05,0.0109440748272478,0.00561886946950552,6.15000105555366e-05,0.0109452641477626,0.0110565110565111,15446,lowH,NA,NA,NA,FALSE,FALSE
snp_7760,0.122021281758839,-0.00296027438514112,-0.000180756741374792,0.0610608064854014,0.00528057414852209,0.000322476690162738,0.061068490109734,0.0652709359605911,15450,goodH,0.852801777383794,0.616815796132137,0.691592101933932,FALSE,FALSE
snp_7762,0.0219217889296028,-0.000105563821402877,-1.15878568461502e-06,0.0109771100478884,0.00900930176697796,9.89098622546548e-05,0.0109786379469707,0.0110837438423645,15454,lowH,NA,NA,NA,FALSE,FALSE
snp_7764,0.0967890646271132,0.0174907033109958,0.000850084236372154,0.0486020614069723,0.0244251060176489,0.00118723243282748,0.048607053413386,0.0509950248756219,15458,lowH,NA,NA,NA,FALSE,FALSE
snp_7766,0.0625850845276108,-0.00167506404114485,-5.24646367914197e-05,0.0313209737077048,0.00567827980265756,0.000177868579009285,0.0313243773098393,0.0323383084577114,15462,lowH,NA,NA,NA,FALSE,FALSE
snp_7768,0.0221374470928937,-0.00378790416788926,-4.19507403236404e-05,0.0110749212398942,0.00376765791905114,4.17313983977572e-05,0.0110762174524238,0.0111940298507463,15466,lowH,NA,NA,NA,FALSE,FALSE
snp_7770,0.0302195825511347,0.00114162688805339,1.72750068408273e-05,0.0151319200884303,0.00880271187701208,0.000133217272388437,0.0151336626995969,0.0153452685421995,15470,lowH,NA,NA,NA,FALSE,FALSE
snp_7772,0.0337250096116879,0.00181254027398432,3.06106105172324e-05,0.0168882374403434,0.00911800319818239,0.000154001942454034,0.0168898758979085,0.017156862745098,15474,lowH,NA,NA,NA,FALSE,FALSE
snp_7774,0.00754706152433426,0.0624706015469383,0.000238920416922876,0.00382452563296287,0.074380489901016,0.000284533385589609,0.00382537660034587,0.00378787878787879,15478,lowH,NA,NA,NA,FALSE,FALSE
snp_7776,0.0393929446226104,0.00381244757060001,7.52352453490816e-05,0.0197341062285719,0.0112646668222452,0.000222323302523911,0.019736340722024,0.0201005025125628,15482,lowH,NA,NA,NA,FALSE,FALSE
snp_7778,0.0620479947403025,-0.00331471007114151,-0.000102925254749291,0.0310510580232574,0.00556972705252239,0.000172966527674644,0.0310547583469665,0.032051282051282,15486,lowH,NA,NA,NA,FALSE,FALSE
snp_7780,0.0940857790718648,-0.000217266383470938,-1.02341737334495e-05,0.0471042669830165,0.00795939214250512,0.000374968433341646,0.0471101846256854,0.049492385786802,15490,lowH,NA,NA,NA,FALSE,FALSE
snp_7782,0.143840634218771,-0.00381441465244929,-0.000274494391870004,0.0719623892210428,0.0039434591179564,0.000283816527010108,0.0719714642704826,0.0780051150895141,15494,goodH,0.852938297158161,0.396650937395685,0.801674531302158,FALSE,FALSE
snp_7784,0.179590662018171,-0.00159109291715398,-0.000143010714258083,0.0898820632762853,0.0060423905775821,0.000543169926063567,0.0898932167805874,0.0997442455242967,15498,goodH,0.852801777383794,0.741680554299742,0.629159722850129,FALSE,FALSE
snp_7786,0.42061577705672,0.0052021594652618,0.00109650031033746,0.210777912068922,0.0130622949776804,0.00275361967204492,0.210806728584068,0.300771208226221,15502,goodH,0.797483515033524,0.422039514566609,0.211019757283305,FALSE,FALSE
snp_7788,0.03076171875,0.00117904791070022,1.81634584757366e-05,0.0154051911808653,0.00950900872662188,0.000146504813546605,0.015406949110946,0.015625,15506,lowH,NA,NA,NA,FALSE,FALSE
snp_7790,0.046921227810651,-0.00195868161265631,-4.59900100419132e-05,0.0234800846369017,0.00520726029641296,0.000122278914335839,0.0234823894668893,0.0240384615384615,15509,lowH,NA,NA,NA,FALSE,FALSE
snp_7792,0.114406452111623,0.00221869353272199,0.000127146128798203,0.0573067559457905,0.0107994646155698,0.000618964042778314,0.0573143266644849,0.0609137055837563,15513,goodH,0.838009823512923,0.620127269399563,0.310063634699781,FALSE,FALSE
snp_7794,0.0501459775086506,0.00958816356939966,0.000241100236351095,0.0251456115246677,0.0167303633424759,0.000420739154708905,0.0251482377337682,0.0257352941176471,15517,lowH,NA,NA,NA,FALSE,FALSE
snp_7796,0.0614387126697415,0.00365692967107913,0.00011256108009556,0.0307802146116592,0.0117199779942368,0.000360783811949789,0.0307836595023643,0.0317258883248731,15520,lowH,NA,NA,NA,FALSE,FALSE
snp_7798,0.0497188671386921,0.00563074928461301,0.000140290426496228,0.0249150547120959,0.0131144586068031,0.000326780444384671,0.0249175703078703,0.0255102040816327,15524,lowH,NA,NA,NA,FALSE,FALSE
snp_7800,0.499925639500297,0.00238346956609107,0.000596807362852149,0.250394371022292,0.0102842611287487,0.00257540251220031,0.250421734722489,0.49390243902439,15528,goodH,0.843330227695123,0.674534641552454,0.337267320776227,FALSE,FALSE
snp_7802,0.0695610585609523,0.0123649905110366,0.000431602798354285,0.0349052268150995,0.0203705501143871,0.000711150941080628,0.0349107381532306,0.0360824742268041,15532,lowH,NA,NA,NA,FALSE,FALSE
snp_7804,0.120562759060474,0.00189016178443714,0.000114142855931797,0.0603878762503849,0.0105641824639105,0.000638057661471227,0.060398205317919,0.0644329896907216,15536,goodH,0.8403572663235,0.644522666969236,0.322261333484618,FALSE,FALSE
snp_7806,0.0337250096116879,0.00225266688550359,3.80465061913296e-05,0.0168895394326464,0.00955105624099089,0.00016132840636495,0.0168911586629096,0.017156862745098,15540,lowH,NA,NA,NA,FALSE,FALSE
snp_7808,0.023587726642698,0.0123682337427359,0.00014637934663875,0.0118351051317025,0.0201655957593637,0.000238687450739532,0.0118363699038596,0.0119363395225464,15544,lowH,NA,NA,NA,FALSE,FALSE
snp_7810,0.0313236566780881,0.00133870808879578,2.09989912947987e-05,0.0156860121116382,0.00926636429945259,0.000145368093075752,0.0156877161719553,0.0159151193633952,15548,lowH,NA,NA,NA,FALSE,FALSE
snp_7812,0.0899332309454395,0.00502731644815413,0.000226556490785199,0.0450650944935809,0.0128085353688926,0.00057729585727554,0.0450711842259176,0.0471938775510204,15552,lowH,NA,NA,NA,FALSE,FALSE
snp_7814,0.220165092094994,-0.0024651279171459,-0.000271620795247899,0.110185274102278,0.00589798466799132,0.000649951128554623,0.110198850139768,0.125944584382872,15556,goodH,0.852801777383794,0.718253088465281,0.640873455767359,FALSE,FALSE
snp_7816,0.0343032692582759,0.0117250921166799,0.000201771500310933,0.0172085215453358,0.0190346918925356,0.000327596132584579,0.0172104772924139,0.0174563591022444,15560,lowH,NA,NA,NA,FALSE,FALSE
snp_7818,0.0218155276816607,-0.00243564861811736,-2.6588307977685e-05,0.0109163151777765,0.00498412656711808,5.44141579780049e-05,0.0109174912083881,0.0110294117647059,15564,lowH,NA,NA,NA,FALSE,FALSE
snp_7820,0.13585153915737,-0.00547740526655701,-0.000372245562912744,0.0679602010071331,0.00346108694904343,0.000235240567185662,0.0679672515163703,0.0732984293193717,15568,goodH,0.852938297158161,0.320397094404464,0.839801452797768,FALSE,FALSE
snp_7822,0.0681827526657712,-0.00132069166651474,-4.50752920784582e-05,0.0341300647390397,0.00697210654302317,0.000237981157452636,0.0341333219715035,0.0353403141361257,15572,lowH,NA,NA,NA,FALSE,FALSE
snp_7824,0.0025157192799905,-0.000115734818897535,-1.45758777436483e-07,0.00125942027494362,0.0075413018816357,9.49861366294405e-06,0.00125954560791085,0.00125944584382872,15576,lowH,NA,NA,NA,FALSE,FALSE
snp_7826,0.112441647404645,-0.00330606944746735,-0.000185993743657715,0.056258268803215,0.00435840516312387,0.000245224708778347,0.0562647802579656,0.0597964376590331,15580,goodH,0.852801777383794,0.464205933248805,0.767897033375597,FALSE,FALSE
snp_7828,0.0371613865932048,0.00141098220980349,2.62561516875749e-05,0.0186084214989725,0.00894699474033619,0.000166508999761516,0.0186106066443557,0.0189393939393939,15584,lowH,NA,NA,NA,FALSE,FALSE
snp_7830,0.0393929446226104,-0.00445381307080927,-8.77773448508699e-05,0.0197083585357839,0.00409325120839278,8.06818943654233e-05,0.019710955975532,0.0201005025125628,15588,lowH,NA,NA,NA,FALSE,FALSE
snp_7832,0.00961516021377395,0.0309536511019392,0.000149902544958658,0.00484280657118562,0.041531670565773,0.000201160938455289,0.00484355518848475,0.00483091787439614,15592,lowH,NA,NA,NA,FALSE,FALSE
snp_7834,0.0846819419964751,0.0143257471749356,0.000608834804367652,0.0424993403089559,0.0214761456164661,0.000912811134011943,0.0425034897003154,0.0443037974683544,15596,lowH,NA,NA,NA,FALSE,FALSE
snp_7836,0.0362633162658641,-0.00178817809587419,-3.24516796968507e-05,0.0181479013593363,0.00559760309467451,0.000101595222162468,0.0181497724015346,0.0184729064039409,15599,lowH,NA,NA,NA,FALSE,FALSE
snp_7838,0.234232813220413,-0.00418018028945188,-0.000489843567446121,0.117182402080163,0.00378156887906969,0.000443182573337998,0.117195425367216,0.135467980295567,15603,goodH,0.852938297158161,0.370725260105667,0.814637369947167,FALSE,FALSE
snp_7840,0.132019977431912,-0.00493418918335678,-0.000325858144482567,0.0660408696086685,0.00335217405790467,0.00022141093877212,0.0660499529402468,0.0710594315245478,15607,goodH,0.852938297158161,0.3036554786133,0.84817226069335,FALSE,FALSE
snp_7842,0.0376273048972731,-0.00561066936394536,-0.000105584711392371,0.0188185588106239,0.00211987297649773,3.98977445207995e-05,0.0188208184939057,0.0191815856777494,15611,lowH,NA,NA,NA,FALSE,FALSE
snp_7844,0.0449761579267534,0.000472768303044007,1.064740380572e-05,0.0225213994617759,0.0089711410986907,0.000202069325584449,0.0225243726925597,0.976982097186701,15615,lowH,NA,NA,NA,FALSE,FALSE
snp_7846,0.0277372596987198,-0.00358071329307436,-4.96907615774912e-05,0.0138773360250877,0.00416205382689382,5.77651661539308e-05,0.0138790050673231,0.0140664961636829,15619,lowH,NA,NA,NA,FALSE,FALSE
snp_7848,0.49985063252553,-0.00360022183062313,-0.00090045149003946,0.250110002217172,0.00480541323296793,0.00120202556836093,0.250139896422296,0.508641975308642,15623,goodH,0.852801777383794,0.538043806821639,0.730978096589181,FALSE,FALSE
snp_7850,0.376234560337222,-0.00408281594301793,-0.000768428784622461,0.188210488875101,0.00336588950028391,0.000633562576687752,0.1882303553442,0.251237623762376,15627,goodH,0.852938297158161,0.305752399636287,0.847123800181856,FALSE,FALSE
snp_7852,0.0531005055138571,-0.00448573088089012,-0.000119146416485869,0.0265612047734407,0.00293344325268256,7.79246921148846e-05,0.0265642405196093,0.0272952853598015,15631,lowH,NA,NA,NA,FALSE,FALSE
snp_7854,0.116372861109914,0.00171758171374081,0.000100097143621642,0.0582779513899431,0.00940758840591035,0.000548319935138255,0.058284855956684,0.0620347394540943,15635,goodH,0.847246047458463,0.775589460972997,0.387794730486499,FALSE,FALSE
snp_7856,0.178807824689519,0.00549275038972516,0.000492130470223806,0.0895963652643664,0.0125726453588075,0.00112658620287522,0.0896061386226898,0.0992555831265509,15639,goodH,0.810648381061125,0.459580030690322,0.229790015345161,FALSE,FALSE
snp_7858,0.40997727958426,8.7287137478464e-05,1.7916915353335e-05,0.205264095844082,0.00816851701507939,0.00167691201156956,0.20528965153331,0.712158808933002,15643,goodH,0.849781367212677,0.936757239699005,0.468378619849502,FALSE,FALSE
snp_7860,0.192159469659837,0.00161895265848413,0.000155782882974717,0.0962244832536247,0.0090139015408801,0.000867456653891466,0.0962354259093416,0.107673267326733,15647,goodH,0.849781367212677,0.824483062413846,0.412241531206923,FALSE,FALSE
snp_7862,0.0853400981472701,-0.00521334649431365,-0.000222511651019417,0.04268115523534,0.00207435416763065,8.85457622391814e-05,0.0426859422662231,0.0446650124069479,15651,lowH,NA,NA,NA,FALSE,FALSE
snp_7864,0.0534627614374605,0.00909668416383233,0.000243888631455904,0.0268107177366435,0.0168000134356028,0.000450507862018654,0.0268159227220575,0.0274869109947644,15655,lowH,NA,NA,NA,FALSE,FALSE
snp_7866,0.00520829782737642,-0.000923680192341324,-2.41128447059307e-06,0.00261051876026594,0.0151550516504917,3.95785535341269e-05,0.002611574968327,0.00261096605744125,15659,lowH,NA,NA,NA,FALSE,FALSE
snp_7868,0.0401840894148586,0.00886078340074708,0.000178535693149288,0.0201489738632179,0.0163906701241101,0.000330293059209485,0.020151284645991,0.0205128205128205,15663,lowH,NA,NA,NA,FALSE,FALSE
snp_7870,0.0471773854152504,0.00708826026359008,0.000167619768036773,0.0236475188274021,0.0145438810900476,0.000343961563367929,0.0236499158125889,0.0241730279898219,15667,lowH,NA,NA,NA,FALSE,FALSE
snp_7872,0.0316604989706892,-0.00508966826097217,-8.05960822506919e-05,0.0158352328910524,0.00241152692169245,3.81916424457804e-05,0.015837120499147,0.0160891089108911,15671,lowH,NA,NA,NA,FALSE,FALSE
snp_7874,0.00493824134888743,0.00434597008122723,1.07523170080623e-05,0.00247408905425002,0.0118210935906827,2.92499129291449e-05,0.00247438299212854,0.00247524752475248,15675,lowH,NA,NA,NA,FALSE,FALSE
snp_7876,0.00490193119185744,0.00428989004610224,1.05352526786498e-05,0.00245583279884343,0.0116955821351348,2.87253422006096e-05,0.00245608485911237,0.00245700245700246,15679,lowH,NA,NA,NA,FALSE,FALSE
snp_7878,0.0546535470256635,0.00755357075187068,0.00020695753149423,0.0273986354656142,0.015340812406214,0.000420360417202002,0.0274014443349643,0.0281173594132029,15683,lowH,NA,NA,NA,FALSE,FALSE
snp_7880,0.029405212742259,-0.000302618401043979,-4.45450416155632e-06,0.0147198721101859,0.00717160822576093,0.000105576980436025,0.0147215209075121,0.0149253731343284,15687,lowH,NA,NA,NA,FALSE,FALSE
snp_7882,0.0302958579881656,-0.00487479687744874,-7.39374959385538e-05,0.0151672977966724,0.00815467087165368,0.000123705607619214,0.0151699080890224,0.0153846153846154,15691,lowH,NA,NA,NA,FALSE,FALSE
snp_7884,0.0318154253607583,0.00127096545115171,2.02474998358861e-05,0.0159308026961224,0.00871137281598738,0.000138794329671414,0.0159325438829451,0.0161691542288557,15695,lowH,NA,NA,NA,FALSE,FALSE
snp_7886,0.148619464864731,-0.00388731141074424,-0.000289018983797189,0.0743493261173679,0.00359013312200609,0.000266953295265165,0.0743574921021306,0.0808457711442786,15699,goodH,0.852938297158161,0.340484501499597,0.829757749250202,FALSE,FALSE
snp_7888,0.0584264769923066,-0.00294525776492566,-8.60965429457486e-05,0.0292322607450699,0.00420436129340666,0.000122915052763418,0.0292351308999478,0.0301204819277108,15703,lowH,NA,NA,NA,FALSE,FALSE
snp_7890,0.0601105850045256,-0.00117349477580354,-3.53084943076318e-05,0.0300883267958774,0.00678641437952685,0.000204215332103857,0.0300917864255284,0.0310173697270471,15707,lowH,NA,NA,NA,FALSE,FALSE
snp_7892,0.326905826967386,0.00266865820318593,0.000436939537033486,0.163730048498475,0.0100677089887978,0.00164856505470718,0.163747785771471,0.205811138014528,15711,goodH,0.843330227695123,0.698496576317214,0.349248288158607,FALSE,FALSE
snp_7894,0.0921621162110347,0.00346290349504913,0.000159855970711834,0.0461624099373195,0.0104211217198274,0.00048111310294834,0.0461671128965864,0.0484261501210654,15715,lowH,NA,NA,NA,FALSE,FALSE
snp_7896,0.221569531072448,0.017138116032921,0.00190640579980816,0.111237769434289,0.0234345092772793,0.00260700892409939,0.111246576288542,0.126884422110553,15719,goodH,0.530595716350412,0.058730086685139,0.0293650433425695,FALSE,FALSE
snp_7898,0.0105537926812966,0.00918510880039154,4.86445980729288e-05,0.00529602850984794,0.0211487848408065,0.00011202519689726,0.0052970039527334,0.00530503978779841,15723,lowH,NA,NA,NA,FALSE,FALSE
snp_7900,0.00527700792251062,0.00432330059574574,1.14308927711672e-05,0.00264401989128758,0.0123072910012809,3.25446941118583e-05,0.00264434261840978,0.00264550264550265,15727,lowH,NA,NA,NA,FALSE,FALSE
snp_7902,0.0488753211130526,-0.00631499295982953,-0.00015437259467829,0.0244454104161753,0.00247951380597641,6.06203605846813e-05,0.0244484868116351,0.025065963060686,15731,lowH,NA,NA,NA,FALSE,FALSE
snp_7904,0.0451601636267842,0.004339906486759,9.81871561641332e-05,0.0226242561824088,0.0115149303900352,0.000260542360423289,0.0226264815850523,0.0231143552311436,15735,lowH,NA,NA,NA,FALSE,FALSE
snp_7906,0.0635356172411956,0.00420934788366539,0.000133991099127433,0.0318317950501057,0.0118762233051493,0.000378081241014094,0.0318351407934681,0.0328467153284672,15739,lowH,NA,NA,NA,FALSE,FALSE
snp_7908,0.499577883437201,-0.00673043762083383,-0.00168120946925359,0.249791999267546,0.000638690328469669,0.000159555936015928,0.249817366732687,0.51452784503632,15743,goodH,0.871346796510036,0.0119666382603979,0.994016680869801,FALSE,FALSE
snp_7910,0.034053034016273,0.00686332732814427,0.000117143059633252,0.0170679692272415,0.0141791100009135,0.000242034279240306,0.01706977936025,0.0173267326732673,15747,lowH,NA,NA,NA,FALSE,FALSE
